v 2261.58 -2821.09 384.58
v 2261.58 -2792.42 384.832
l 1 2
v 3293.48 -2792.42 572.047
v 3250.49 -2792.42 569.56
l 3 4
v -3413.87 -2706.43 310.265
v -3413.87 -2677.77 310.353
l 5 6
v 369.767 -2706.43 427.551
v 369.767 -2677.77 419.666
l 7 8
v 1057.7 -2706.43 457.099
v 1057.7 -2677.77 453.091
l 9 10
v 369.767 -2591.78 412.6
v 369.767 -2563.11 410.245
l 11 12
v 1057.7 -2591.78 448.506
v 1057.7 -2563.11 446.977
l 13 14
v 1745.63 -2591.78 427.58
v 1745.63 -2563.11 418.878
l 15 16
v -4101.8 -2448.46 582.755
v -4144.79 -2448.46 599.009
l 17 18
v -3929.82 -2448.46 509.467
v -3972.81 -2448.46 527.789
l 19 20
v -3757.83 -2448.46 488.118
v -3800.83 -2448.46 493.455
l 21 22
v -1006.1 -2448.46 310
v -1049.1 -2448.46 310
l 23 24
v 369.767 -2477.12 385.986
v 369.768 -2448.46 377.9
l 25 26
v 1057.7 -2477.12 433.65
v 1057.7 -2448.46 429.208
l 27 28
v 2433.57 -2477.12 368.156
v 2433.57 -2448.46 365.995
l 29 30
v 3809.43 -2448.46 650.823
v 3766.44 -2448.46 642.244
l 31 32
v 1917.62 -2362.46 403.849
v 1917.62 -2333.8 396.734
l 33 34
v 3293.48 -2333.8 491.81
v 3250.49 -2333.8 488.834
l 35 36
v 3465.47 -2333.8 513.89
v 3422.47 -2333.8 508.37
l 37 38
v 3637.45 -2333.8 550.767
v 3594.45 -2333.8 541.547
l 39 40
v -490.15 -2219.14 310
v -533.145 -2219.14 310
l 41 42
v -318.166 -2219.14 310
v -361.162 -2219.14 310
l 43 44
v -146.183 -2219.14 316.648
v -189.178 -2219.14 314.986
l 45 46
v 25.8007 -2219.14 321.546
v -17.1952 -2219.14 320.321
l 47 48
v 1917.62 -2247.81 385.966
v 1917.62 -2219.14 382.377
l 49 50
v 2605.55 -2247.81 404.065
v 2605.55 -2219.14 398.869
l 51 52
v 4497.37 -2247.81 894.547
v 4497.37 -2219.14 896.804
l 53 54
v 2605.55 -2133.15 378.02
v 2605.55 -2104.49 371.07
l 55 56
v 2605.55 -2018.5 361.516
v 2605.55 -1989.83 358.331
l 57 58
v -3757.83 -1903.84 543.135
v -3757.83 -1875.18 544.448
l 59 60
v 2949.52 -1875.18 453.763
v 2906.52 -1875.18 446.313
l 61 62
v 4153.4 -1875.18 754.735
v 4110.4 -1875.18 742.75
l 63 64
v 4325.38 -1875.18 835.944
v 4282.39 -1875.18 815.642
l 65 66
v -3069.9 -1674.53 561.51
v -3069.9 -1645.87 566.279
l 67 68
v 2777.53 -1674.53 352.047
v 2777.53 -1645.87 345.207
l 69 70
v 3293.48 -1674.53 479.654
v 3293.48 -1645.87 471.622
l 71 72
v 4497.37 -1645.87 937.484
v 4454.37 -1645.87 907.585
l 73 74
v 3293.48 -1559.88 472.874
v 3293.48 -1531.21 473.291
l 75 76
v 4153.4 -1531.21 679.66
v 4110.4 -1531.21 653.173
l 77 78
v -490.149 -1416.56 344.718
v -533.145 -1416.56 341.366
l 79 80
v -318.166 -1416.56 339.218
v -361.162 -1416.56 340.593
l 81 82
v -4617.75 -1301.9 427.033
v -4660.75 -1301.9 424.202
l 83 84
v 4497.37 -1301.9 894.911
v 4454.37 -1301.9 870.319
l 85 86
v -3585.85 -1187.24 488.921
v -3628.84 -1187.24 481.574
l 87 88
v -490.149 -1187.24 369.374
v -533.145 -1187.24 366.849
l 89 90
v -318.166 -1187.24 373.09
v -361.162 -1187.24 372.161
l 91 92
v -146.183 -1187.25 358.766
v -189.178 -1187.25 362.347
l 93 94
v 2949.52 -1215.91 328.98
v 2949.52 -1187.24 323.926
l 95 96
v 4153.4 -1187.24 627.143
v 4110.4 -1187.24 619.633
l 97 98
v 4325.38 -1187.24 737.989
v 4282.39 -1187.24 710.277
l 99 100
v -2381.97 -1072.59 533.438
v -2424.96 -1072.59 559.494
l 101 102
v 2949.52 -1101.25 316.669
v 2949.52 -1072.59 314.25
l 103 104
v -834.116 -957.934 428.814
v -877.112 -957.934 427.219
l 105 106
v 25.8006 -986.597 448.29
v 25.8007 -957.934 454.023
l 107 108
v 1401.67 -957.934 464.414
v 1358.67 -957.934 464.342
l 109 110
v 4669.35 -957.934 851.995
v 4626.35 -957.934 841.486
l 111 112
v 25.8007 -871.942 487.936
v 25.8007 -843.278 499.241
l 113 114
v 4325.38 -728.622 598.603
v 4282.39 -728.622 591.799
l 115 116
v 4841.33 -728.623 863.686
v 4798.34 -728.623 853.266
l 117 118
v 5013.32 -728.623 991.663
v 4970.32 -728.623 959.669
l 119 120
v -2381.97 -613.967 531.896
v -2424.96 -613.967 532.94
l 121 122
v -146.183 -527.975 593.614
v -146.183 -499.311 586.11
l 123 124
v 1745.63 -499.311 538.933
v 1702.64 -499.311 539.303
l 125 126
v 3809.43 -499.311 507.467
v 3766.44 -499.311 502.778
l 127 128
v -490.149 -384.656 593.484
v -533.145 -384.656 584.642
l 129 130
v 197.784 -384.656 572.682
v 154.788 -384.656 578.827
l 131 132
v -2725.93 -298.664 332.398
v -2725.93 -270 328.235
l 133 134
v -2209.98 -298.664 466.125
v -2209.98 -270 448.833
l 135 136
v 3981.42 -270 498.388
v 3938.42 -270 496.67
l 137 138
v -2725.93 -184.008 317.559
v -2725.93 -155.345 314
l 139 140
v -2209.98 -184.009 452.744
v -2209.98 -155.345 454.047
l 141 142
v 1917.62 -69.3533 545.154
v 1917.62 -40.6895 544.716
l 143 144
v 5185.3 -69.3533 873.179
v 5185.3 -40.6896 861.488
l 145 146
v 5185.3 -40.6896 861.488
v 5142.3 -40.6895 863.907
l 147 148
v -4101.8 45.3024 398.019
v -4101.8 73.9663 396.661
l 149 150
v -2553.95 45.3023 320.078
v -2553.95 73.9661 314
l 151 152
v -834.116 45.3023 441.348
v -834.116 73.9662 437.93
l 153 154
v 1745.63 73.9664 545.319
v 1702.64 73.9663 550.355
l 155 156
v 3809.43 45.3026 455.973
v 3809.43 73.9666 454.492
l 157 158
v 4841.33 73.9663 721.155
v 4798.34 73.9663 703.728
l 159 160
v 5013.32 73.9663 803.623
v 4970.32 73.9663 783.006
l 161 162
v -3413.87 159.958 373.154
v -3413.87 188.622 373.641
l 163 164
v -1694.03 188.622 467.905
v -1737.03 188.622 470.361
l 165 166
v 3809.43 159.958 453.645
v 3809.43 188.622 453.362
l 167 168
v 4497.37 188.622 560.66
v 4454.37 188.622 554.712
l 169 170
v 4669.35 188.622 627.804
v 4626.35 188.622 611.018
l 171 172
v 713.734 274.613 421.144
v 713.734 303.277 418.921
l 173 174
v 3809.43 303.277 464.042
v 3766.44 303.277 468.507
l 175 176
v 4153.4 303.277 510.805
v 4110.4 303.277 504.218
l 177 178
v 4325.38 303.277 520.521
v 4282.39 303.277 518.092
l 179 180
v -2381.97 389.269 332.224
v -2381.97 417.933 320.335
l 181 182
v 885.717 417.933 344.184
v 842.721 417.933 352.911
l 183 184
v 1057.7 417.933 401.475
v 1014.7 417.933 387.152
l 185 186
v 3981.42 389.269 478.158
v 3981.42 417.933 476.059
l 187 188
v -2381.97 503.925 315.584
v -2381.97 532.589 314
l 189 190
v 541.751 532.589 323.637
v 498.755 532.589 328.758
l 191 192
v 885.717 503.925 334.099
v 885.717 532.589 330.738
l 193 194
v 1401.67 532.589 323.781
v 1358.67 532.589 324.075
l 195 196
v 1573.65 532.589 321.571
v 1530.65 532.589 322.124
l 197 198
v 1745.63 532.588 349.788
v 1702.64 532.589 342.734
l 199 200
v 3981.42 503.925 497.085
v 3981.42 532.589 504.094
l 201 202
v 1057.7 647.244 323.766
v 1014.7 647.244 324.039
l 203 204
v -662.133 733.236 401.715
v -662.133 761.899 398.746
l 205 206
v -3241.88 876.555 426.375
v -3284.88 876.555 434.01
l 207 208
v 5185.3 991.211 839.346
v 5142.3 991.211 821.515
l 209 210
v -1006.1 1105.87 312.92
v -1049.1 1105.87 315.907
l 211 212
v 4325.38 1077.2 556.257
v 4325.38 1105.87 551.207
l 213 214
v 5013.32 1105.87 687.002
v 4970.32 1105.87 676.878
l 215 216
v 4325.38 1191.86 544.517
v 4325.38 1220.52 542.287
l 217 218
v -1522.05 1335.18 314.298
v -1565.04 1335.18 322.169
l 219 220
v -1350.07 1335.18 314.029
v -1393.06 1335.18 314.096
l 221 222
v -1178.08 1335.18 313.945
v -1221.08 1335.18 313.966
l 223 224
v -3757.83 1650.48 512.672
v -3757.83 1679.14 510.867
l 225 226
v 4325.38 1650.48 499.315
v 4325.38 1679.14 493.759
l 227 228
v 5185.3 1679.14 642.369
v 5142.3 1679.14 632.522
l 229 230
v -3585.85 1793.8 524.922
v -3628.84 1793.8 523.023
l 231 232
v 3465.47 1793.8 423.203
v 3422.47 1793.8 420.842
l 233 234
v 197.784 1879.79 421.465
v 197.784 1908.46 418.053
l 235 236
v 4497.37 1879.79 477.877
v 4497.37 1908.46 472.366
l 237 238
v 4841.33 1908.46 534.433
v 4798.34 1908.46 537.987
l 239 240
v 369.767 1994.45 442.677
v 369.767 2023.11 437.326
l 241 242
v 4497.37 1994.45 471.403
v 4497.37 2023.11 471.082
l 243 244
v 4497.37 2109.1 469.774
v 4497.37 2137.77 469.338
l 245 246
v 1401.67 2223.76 393.341
v 1401.67 2252.42 386.283
l 247 248
v 4669.35 2223.76 486.726
v 4669.35 2252.42 475.895
l 249 250
v 4669.35 2338.41 469.921
v 4669.35 2367.08 467.93
l 251 252
v 1057.7 2481.73 396.935
v 1014.7 2481.73 413.156
l 253 254
v 1229.68 2481.73 398.535
v 1186.69 2481.73 398.135
l 255 256
v 4669.35 2453.07 459.331
v 4669.35 2481.73 456.465
l 257 258
v 885.717 2567.72 424.781
v 885.717 2596.39 412.436
l 259 260
v 885.717 2596.39 412.436
v 842.721 2596.39 432.398
l 261 262
v 4669.35 2567.72 450.911
v 4669.35 2596.39 449.059
l 263 264
v -3929.82 3055.01 558.913
v -3972.81 3055.01 563.776
l 265 266
v 5185.3 3055.01 504.3
v 5142.3 3055.01 504.907
l 267 268
v 369.767 3169.67 482.852
v 326.771 3169.67 483.904
l 269 270
v 4497.37 3141 442.756
v 4497.37 3169.67 439.708
l 271 272
v 5013.32 3169.67 502.598
v 4970.32 3169.67 498.981
l 273 274
v -662.133 3513.63 527.889
v -705.129 3513.63 526.568
l 275 276
v -1178.08 3628.29 488.709
v -1221.08 3628.29 498.201
l 277 278
v -1178.08 3628.29 488.709
v -1135.09 3628.29 489.358
l 279 280
v -748.124 3513.63 525.246
v -705.129 3513.63 526.568
l 281 282
v 5013.32 3169.67 502.598
v 5056.31 3169.67 505.299
l 283 284
v 4497.37 3198.33 439.598
v 4497.37 3169.67 439.708
l 285 286
v 369.767 3169.67 482.852
v 412.763 3169.67 479.127
l 287 288
v 197.784 3169.67 487.059
v 240.78 3169.67 486.007
l 289 290
v 240.78 3169.67 486.007
v 283.776 3169.67 484.955
l 291 292
v 283.776 3169.67 484.955
v 326.771 3169.67 483.904
l 293 294
v 5185.3 3055.01 504.3
v 5228.3 3055.01 507.76
l 295 296
v 5228.3 3055.01 507.76
v 5271.29 3055.01 511.22
l 297 298
v 5271.29 3055.01 511.22
v 5314.29 3055.01 514.681
l 299 300
v 5013.32 3055.01 506.728
v 5056.31 3055.01 506.121
l 301 302
v 5056.31 3055.01 506.121
v 5099.31 3055.01 505.514
l 303 304
v 5099.31 3055.01 505.514
v 5142.3 3055.01 504.907
l 305 306
v -3929.82 3055.01 558.913
v -3886.82 3055.01 569.743
l 307 308
v 1057.7 2940.35 440.635
v 1100.7 2940.35 425.716
l 309 310
v 4669.35 2625.05 451.945
v 4669.35 2596.39 449.059
l 311 312
v 4669.35 2653.72 454.831
v 4669.35 2625.05 451.945
l 313 314
v 885.717 2596.39 412.436
v 928.713 2596.39 420.46
l 315 316
v 885.717 2625.05 420.689
v 885.717 2596.39 412.436
l 317 318
v 885.717 2653.72 428.943
v 885.717 2625.05 420.689
l 319 320
v 928.713 2596.39 420.46
v 971.709 2596.39 428.484
l 321 322
v 4669.35 2510.4 454.614
v 4669.35 2481.73 456.465
l 323 324
v 4669.35 2539.06 452.762
v 4669.35 2510.4 454.614
l 325 326
v 4669.35 2567.72 450.911
v 4669.35 2539.06 452.762
l 327 328
v 1229.68 2481.73 398.535
v 1272.68 2481.73 390.831
l 329 330
v 1057.7 2481.73 396.935
v 1100.7 2481.73 397.335
l 331 332
v 1100.7 2481.73 397.335
v 1143.69 2481.73 397.735
l 333 334
v 1143.69 2481.73 397.735
v 1186.69 2481.73 398.135
l 335 336
v 4669.35 2395.74 465.064
v 4669.35 2367.08 467.93
l 337 338
v 4669.35 2424.4 462.197
v 4669.35 2395.74 465.064
l 339 340
v 4669.35 2453.07 459.331
v 4669.35 2424.4 462.197
l 341 342
v 5185.3 2281.09 633.111
v 5185.3 2252.42 640.127
l 343 344
v 5185.3 2309.75 626.095
v 5185.3 2281.09 633.111
l 345 346
v 5185.3 2338.41 619.078
v 5185.3 2309.75 626.095
l 347 348
v 4669.35 2281.09 473.903
v 4669.35 2252.42 475.895
l 349 350
v 4669.35 2309.75 471.912
v 4669.35 2281.09 473.903
l 351 352
v 4669.35 2338.41 469.921
v 4669.35 2309.75 471.912
l 353 354
v 1401.67 2281.09 385.459
v 1401.67 2252.42 386.283
l 355 356
v 1401.67 2309.75 384.634
v 1401.67 2281.09 385.459
l 357 358
v 1401.67 2338.41 383.809
v 1401.67 2309.75 384.634
l 359 360
v 4497.37 2166.43 471.098
v 4497.37 2137.77 469.338
l 361 362
v 4497.37 2195.09 472.857
v 4497.37 2166.43 471.098
l 363 364
v 4497.37 2223.76 474.616
v 4497.37 2195.09 472.857
l 365 366
v 1401.67 2166.43 407.458
v 1401.67 2137.77 414.516
l 367 368
v 1401.67 2195.09 400.4
v 1401.67 2166.43 407.458
l 369 370
v 1401.67 2223.76 393.341
v 1401.67 2195.09 400.4
l 371 372
v 4497.37 2051.77 470.646
v 4497.37 2023.11 471.082
l 373 374
v 4497.37 2080.44 470.21
v 4497.37 2051.77 470.646
l 375 376
v 4497.37 2109.1 469.774
v 4497.37 2080.44 470.21
l 377 378
v 369.767 2051.77 441.019
v 369.767 2023.11 437.326
l 379 380
v 4841.33 1908.46 534.433
v 4884.33 1908.46 547.329
l 381 382
v 4497.37 1937.12 472.045
v 4497.37 1908.46 472.366
l 383 384
v 4497.37 1965.78 471.724
v 4497.37 1937.12 472.045
l 385 386
v 4497.37 1994.45 471.403
v 4497.37 1965.78 471.724
l 387 388
v 4497.37 1822.46 488.899
v 4497.37 1793.8 494.41
l 389 390
v 4497.37 1851.13 483.388
v 4497.37 1822.46 488.899
l 391 392
v 4497.37 1879.79 477.877
v 4497.37 1851.13 483.388
l 393 394
v 3293.48 1793.8 413.762
v 3336.48 1793.8 416.122
l 395 396
v 3336.48 1793.8 416.122
v 3379.48 1793.8 418.482
l 397 398
v 3379.48 1793.8 418.482
v 3422.47 1793.8 420.842
l 399 400
v -3585.85 1793.8 524.922
v -3542.85 1793.8 527.116
l 401 402
v -3542.85 1793.8 527.116
v -3499.86 1793.8 529.31
l 403 404
v 4325.38 1707.81 499.616
v 4325.38 1679.14 493.759
l 405 406
v -3757.83 1707.81 512.481
v -3757.83 1679.14 510.867
l 407 408
v 4325.38 1621.82 504.87
v 4325.38 1593.15 510.425
l 409 410
v 4325.38 1650.48 499.315
v 4325.38 1621.82 504.87
l 411 412
v -3757.83 1621.82 514.477
v -3757.83 1593.15 516.282
l 413 414
v -3757.83 1650.48 512.672
v -3757.83 1621.82 514.477
l 415 416
v -1178.08 1335.18 313.945
v -1135.09 1335.18 316.789
l 417 418
v -1350.07 1335.18 314.029
v -1307.07 1335.18 314.008
l 419 420
v -1307.07 1335.18 314.008
v -1264.07 1335.18 313.987
l 421 422
v -1264.07 1335.18 313.987
v -1221.08 1335.18 313.966
l 423 424
v -1522.05 1335.18 314.298
v -1479.05 1335.18 314.231
l 425 426
v -1479.05 1335.18 314.231
v -1436.06 1335.18 314.163
l 427 428
v -1436.06 1335.18 314.163
v -1393.06 1335.18 314.096
l 429 430
v 4325.38 1249.19 541.604
v 4325.38 1220.52 542.287
l 431 432
v 4325.38 1277.85 540.922
v 4325.38 1249.19 541.604
l 433 434
v 4325.38 1306.51 540.24
v 4325.38 1277.85 540.922
l 435 436
v 5013.32 1105.87 687.002
v 5056.31 1105.87 728.462
l 437 438
v 4927.33 1105.87 666.753
v 4970.32 1105.87 676.878
l 439 440
v 4325.38 1134.53 548.977
v 4325.38 1105.87 551.207
l 441 442
v 4325.38 1163.19 546.747
v 4325.38 1134.53 548.977
l 443 444
v 4325.38 1191.86 544.517
v 4325.38 1163.19 546.747
l 445 446
v -1006.1 1105.87 312.92
v -963.103 1105.87 314.709
l 447 448
v -963.103 1105.87 314.709
v -920.108 1105.87 316.498
l 449 450
v -920.108 1105.87 316.498
v -877.112 1105.87 318.287
l 451 452
v -1092.09 1105.87 318.894
v -1049.1 1105.87 315.907
l 453 454
v 5185.3 991.211 839.346
v 5228.3 991.211 849.479
l 455 456
v 5228.3 991.211 849.479
v 5271.29 991.211 859.611
l 457 458
v 5271.29 991.211 859.611
v 5314.29 991.211 869.743
l 459 460
v 4325.38 1019.87 566.357
v 4325.38 991.211 571.407
l 461 462
v 4325.38 1048.54 561.307
v 4325.38 1019.87 566.357
l 463 464
v 4325.38 1077.2 556.257
v 4325.38 1048.54 561.307
l 465 466
v -3241.88 876.555 426.375
v -3198.89 876.555 430.777
l 467 468
v -3413.87 876.555 456.914
v -3370.87 876.555 449.279
l 469 470
v -3370.87 876.555 449.279
v -3327.87 876.555 441.644
l 471 472
v -3327.87 876.555 441.644
v -3284.88 876.555 434.01
l 473 474
v 4325.38 761.9 564.536
v 4368.38 761.9 575.413
l 475 476
v -662.133 790.563 401.406
v -662.133 761.899 398.746
l 477 478
v 1057.7 647.244 323.766
v 1100.7 647.244 323.942
l 479 480
v 1100.7 647.244 323.942
v 1143.69 647.244 324.118
l 481 482
v 1143.69 647.244 324.118
v 1186.69 647.244 324.294
l 483 484
v 971.709 647.244 324.311
v 1014.7 647.244 324.039
l 485 486
v 3981.42 561.252 507.15
v 3981.42 532.589 504.094
l 487 488
v 1573.65 532.589 321.571
v 1616.65 532.589 328.625
l 489 490
v 1616.65 532.589 328.625
v 1659.64 532.589 335.68
l 491 492
v 1659.64 532.589 335.68
v 1702.64 532.589 342.734
l 493 494
v 1401.67 532.589 323.781
v 1444.66 532.589 323.228
l 495 496
v 1444.66 532.589 323.228
v 1487.66 532.589 322.676
l 497 498
v 1487.66 532.589 322.676
v 1530.65 532.589 322.124
l 499 500
v 1229.68 561.252 324.834
v 1229.68 532.588 324.956
l 501 502
v 541.751 532.589 323.637
v 584.746 532.589 324.978
l 503 504
v 584.746 532.589 324.978
v 627.742 532.589 326.319
l 505 506
v 455.759 532.589 333.879
v 498.755 532.589 328.758
l 507 508
v -2381.97 561.253 313.5
v -2381.97 532.589 314
l 509 510
v 3981.42 446.597 483.068
v 3981.42 417.933 476.059
l 511 512
v 3981.42 475.261 490.076
v 3981.42 446.597 483.068
l 513 514
v 3981.42 503.925 497.085
v 3981.42 475.261 490.076
l 515 516
v 2433.57 417.933 476.411
v 2476.56 417.933 476.193
l 517 518
v 2476.56 417.933 476.193
v 2519.56 417.933 475.974
l 519 520
v 1057.7 417.933 401.475
v 1100.7 417.933 392.392
l 521 522
v 1100.7 417.933 392.392
v 1143.69 417.933 383.308
l 523 524
v 885.717 417.933 344.184
v 928.713 417.933 358.507
l 525 526
v 885.717 446.597 340.823
v 885.717 417.933 344.184
l 527 528
v 885.717 475.261 337.461
v 885.717 446.597 340.823
l 529 530
v 885.717 503.925 334.099
v 885.717 475.261 337.461
l 531 532
v 928.713 417.933 358.507
v 971.709 417.933 372.83
l 533 534
v 971.709 417.933 372.83
v 1014.7 417.933 387.152
l 535 536
v 799.726 417.933 361.638
v 842.721 417.933 352.911
l 537 538
v -2381.97 446.597 318.751
v -2381.97 417.933 320.335
l 539 540
v -2381.97 475.261 317.167
v -2381.97 446.597 318.751
l 541 542
v -2381.97 503.925 315.584
v -2381.97 475.261 317.167
l 543 544
v 4325.38 303.277 520.521
v 4368.38 303.277 537.888
l 545 546
v 4153.4 303.277 510.805
v 4196.4 303.277 513.234
l 547 548
v 4196.4 303.277 513.234
v 4239.39 303.277 515.663
l 549 550
v 4239.39 303.277 515.663
v 4282.39 303.277 518.092
l 551 552
v 3981.42 389.269 478.158
v 3981.42 360.605 480.258
l 553 554
v 4067.41 303.277 497.631
v 4110.4 303.277 504.218
l 555 556
v 3680.45 303.277 477.438
v 3723.44 303.277 472.972
l 557 558
v 3723.44 303.277 472.972
v 3766.44 303.277 468.507
l 559 560
v 713.734 331.941 408.963
v 713.734 303.277 418.921
l 561 562
v -2381.97 389.269 332.224
v -2381.97 360.605 344.113
l 563 564
v 4497.37 188.622 560.66
v 4540.36 188.622 577.446
l 565 566
v 4540.36 188.622 577.446
v 4583.36 188.622 594.232
l 567 568
v 4583.36 188.622 594.232
v 4626.35 188.622 611.018
l 569 570
v 3809.43 217.286 456.032
v 3809.43 188.622 453.362
l 571 572
v 713.734 245.95 423.366
v 713.734 217.286 425.589
l 573 574
v 713.734 274.613 421.144
v 713.734 245.95 423.366
l 575 576
v 541.751 188.622 432.232
v 584.747 188.622 431.127
l 577 578
v -3413.87 217.286 381.319
v -3413.87 188.622 373.641
l 579 580
v -3413.87 245.95 388.997
v -3413.87 217.286 381.319
l 581 582
v 5013.32 73.9663 803.623
v 5056.31 73.9664 829.635
l 583 584
v 5056.31 73.9664 829.635
v 5099.31 73.9664 855.646
l 585 586
v 4841.33 73.9663 721.155
v 4884.33 73.9663 741.772
l 587 588
v 4884.33 73.9663 741.772
v 4927.33 73.9663 762.389
l 589 590
v 4927.33 73.9663 762.389
v 4970.32 73.9663 783.006
l 591 592
v 4669.35 73.9663 651.445
v 4712.35 73.9663 668.873
l 593 594
v 4712.35 73.9663 668.873
v 4755.34 73.9663 686.3
l 595 596
v 4755.34 73.9663 686.3
v 4798.34 73.9663 703.728
l 597 598
v 3809.43 102.63 454.21
v 3809.43 73.9666 454.492
l 599 600
v 3809.43 131.294 453.927
v 3809.43 102.63 454.21
l 601 602
v 3809.43 159.958 453.645
v 3809.43 131.294 453.927
l 603 604
v 1745.63 73.9664 545.319
v 1788.63 73.9664 536.525
l 605 606
v 1788.63 73.9664 536.525
v 1831.63 73.9663 527.731
l 607 608
v -834.116 102.63 443.13
v -834.116 73.9662 437.93
l 609 610
v -2553.95 102.63 314
v -2553.95 73.9661 314
l 611 612
v -3413.87 102.63 372.18
v -3413.87 73.9665 371.692
l 613 614
v -3413.87 131.294 372.667
v -3413.87 102.63 372.18
l 615 616
v -3413.87 159.958 373.154
v -3413.87 131.294 372.667
l 617 618
v -4101.8 102.63 399.751
v -4101.8 73.9663 396.661
l 619 620
v 5185.3 -40.6896 861.488
v 5228.3 -40.6895 887.549
l 621 622
v 5185.3 -12.0255 873.034
v 5185.3 -40.6896 861.488
l 623 624
v 5099.31 -40.6895 866.326
v 5142.3 -40.6895 863.907
l 625 626
v 3809.43 16.6387 457.454
v 3809.43 -12.0253 458.935
l 627 628
v 3809.43 45.3026 455.973
v 3809.43 16.6387 457.454
l 629 630
v 1917.62 -12.0255 536.072
v 1917.62 -40.6895 544.716
l 631 632
v 1917.62 16.6384 527.429
v 1917.62 -12.0255 536.072
l 633 634
v 1917.62 45.3023 518.786
v 1917.62 16.6384 527.429
l 635 636
v -834.116 45.3023 441.348
v -834.116 16.6384 444.766
l 637 638
v -2381.97 -40.6893 436.499
v -2338.97 -40.6893 441.509
l 639 640
v -4101.8 45.3024 398.019
v -4101.8 16.6385 399.376
l 641 642
v 5185.3 -155.344 908.251
v 5228.3 -155.345 902.718
l 643 644
v 5228.3 -155.345 902.718
v 5271.29 -155.345 897.185
l 645 646
v 5271.29 -155.345 897.185
v 5314.29 -155.345 891.653
l 647 648
v 1917.62 -98.0172 545.591
v 1917.62 -126.681 546.029
l 649 650
v 1917.62 -69.3533 545.154
v 1917.62 -98.0172 545.591
l 651 652
v 1745.63 -155.345 602.367
v 1788.63 -155.345 588.392
l 653 654
v -2209.98 -126.681 454.67
v -2209.98 -155.345 454.047
l 655 656
v -2725.93 -126.681 314
v -2725.93 -155.345 314
l 657 658
v 3981.42 -270 498.388
v 4024.41 -270 514.759
l 659 660
v 3895.43 -270 494.952
v 3938.42 -270 496.67
l 661 662
v -2209.98 -270 448.833
v -2166.99 -270 460.208
l 663 664
v -2209.98 -241.336 450.136
v -2209.98 -270 448.833
l 665 666
v -2209.98 -212.673 451.44
v -2209.98 -241.336 450.136
l 667 668
v -2209.98 -184.009 452.744
v -2209.98 -212.673 451.44
l 669 670
v -2166.99 -270 460.208
v -2123.99 -270 471.583
l 671 672
v -2725.93 -241.336 324.677
v -2725.93 -270 328.235
l 673 674
v -2725.93 -212.672 321.118
v -2725.93 -241.336 324.677
l 675 676
v -2725.93 -184.008 317.559
v -2725.93 -212.672 321.118
l 677 678
v 197.784 -384.656 572.682
v 240.78 -384.656 568.739
l 679 680
v 240.78 -384.656 568.739
v 283.776 -384.656 564.796
l 681 682
v 111.792 -384.656 584.972
v 154.788 -384.656 578.827
l 683 684
v -490.149 -384.656 593.484
v -447.154 -384.656 597.161
l 685 686
v -447.154 -384.656 597.161
v -404.158 -384.656 600.837
l 687 688
v -2725.93 -298.664 332.398
v -2725.93 -327.328 336.561
l 689 690
v 3809.43 -499.311 507.467
v 3852.43 -499.311 510.573
l 691 692
v 3852.43 -499.311 510.573
v 3895.43 -499.311 513.679
l 693 694
v 1745.63 -499.311 538.933
v 1788.63 -499.311 536.208
l 695 696
v 1573.65 -499.312 540.413
v 1616.65 -499.311 540.043
l 697 698
v 1616.65 -499.311 540.043
v 1659.64 -499.311 539.673
l 699 700
v 1659.64 -499.311 539.673
v 1702.64 -499.311 539.303
l 701 702
v -146.183 -470.648 595.084
v -146.183 -499.311 586.11
l 703 704
v -2897.92 -470.647 314
v -2897.92 -499.311 314
l 705 706
v -2381.97 -613.967 531.896
v -2338.97 -613.967 530.175
l 707 708
v 4841.33 -728.623 863.686
v 4884.33 -728.623 895.68
l 709 710
v 4884.33 -728.623 895.68
v 4927.33 -728.623 927.675
l 711 712
v 4927.33 -728.623 927.675
v 4970.32 -728.623 959.669
l 713 714
v 4669.35 -728.623 822.008
v 4712.35 -728.623 832.427
l 715 716
v 4712.35 -728.623 832.427
v 4755.34 -728.623 842.847
l 717 718
v 4755.34 -728.623 842.847
v 4798.34 -728.623 853.266
l 719 720
v 4325.38 -728.622 598.603
v 4368.38 -728.622 628.529
l 721 722
v 4368.38 -728.622 628.529
v 4411.38 -728.622 658.455
l 723 724
v 4411.38 -728.622 658.455
v 4454.37 -728.623 688.381
l 725 726
v 4196.4 -728.622 578.189
v 4239.39 -728.622 584.994
l 727 728
v 4239.39 -728.622 584.994
v 4282.39 -728.622 591.799
l 729 730
v 4669.35 -957.934 851.995
v 4712.35 -957.934 874.567
l 731 732
v 4712.35 -957.934 874.567
v 4755.34 -957.934 897.14
l 733 734
v 4540.36 -957.934 820.467
v 4583.36 -957.934 830.976
l 735 736
v 4583.36 -957.934 830.976
v 4626.35 -957.934 841.486
l 737 738
v 1401.67 -957.934 464.414
v 1444.66 -957.934 456.275
l 739 740
v 885.717 -957.934 435.578
v 928.713 -957.934 433.69
l 741 742
v 25.8007 -929.27 465.327
v 25.8007 -957.934 454.023
l 743 744
v 25.8007 -900.606 476.632
v 25.8007 -929.27 465.327
l 745 746
v 25.8007 -871.942 487.936
v 25.8007 -900.606 476.632
l 747 748
v -834.116 -957.934 428.814
v -791.12 -957.934 452.064
l 749 750
v -963.103 -957.934 424.03
v -920.108 -957.934 425.625
l 751 752
v -920.108 -957.934 425.625
v -877.112 -957.934 427.219
l 753 754
v -2381.97 -1072.59 533.438
v -2338.97 -1072.59 528.303
l 755 756
v 4153.4 -1187.24 627.143
v 4196.4 -1187.24 654.854
l 757 758
v 4196.4 -1187.24 654.854
v 4239.39 -1187.24 682.566
l 759 760
v 4239.39 -1187.24 682.566
v 4282.39 -1187.24 710.277
l 761 762
v 4067.41 -1187.24 612.123
v 4110.4 -1187.24 619.633
l 763 764
v 2949.52 -1158.58 321.507
v 2949.52 -1187.24 323.926
l 765 766
v 2949.52 -1129.92 319.088
v 2949.52 -1158.58 321.507
l 767 768
v 2949.52 -1101.25 316.669
v 2949.52 -1129.92 319.088
l 769 770
v -318.166 -1187.24 373.09
v -275.17 -1187.24 369.509
l 771 772
v -275.17 -1187.24 369.509
v -232.174 -1187.24 365.928
l 773 774
v -232.174 -1187.24 365.928
v -189.178 -1187.25 362.347
l 775 776
v -490.149 -1187.24 369.374
v -447.154 -1187.24 370.303
l 777 778
v -447.154 -1187.24 370.303
v -404.158 -1187.24 371.232
l 779 780
v -404.158 -1187.24 371.232
v -361.162 -1187.24 372.161
l 781 782
v -576.141 -1187.24 364.324
v -533.145 -1187.24 366.849
l 783 784
v -3671.84 -1187.24 474.227
v -3628.84 -1187.24 481.574
l 785 786
v 4497.37 -1301.9 894.911
v 4540.36 -1301.9 929.025
l 787 788
v 4411.38 -1301.9 845.727
v 4454.37 -1301.9 870.319
l 789 790
v 2949.52 -1273.24 339.088
v 2949.52 -1301.9 344.142
l 791 792
v 2949.52 -1244.57 334.034
v 2949.52 -1273.24 339.088
l 793 794
v 2949.52 -1215.91 328.98
v 2949.52 -1244.57 334.034
l 795 796
v -490.149 -1416.56 344.718
v -447.154 -1416.56 343.343
l 797 798
v -447.154 -1416.56 343.343
v -404.158 -1416.56 341.968
l 799 800
v -404.158 -1416.56 341.968
v -361.162 -1416.56 340.593
l 801 802
v -576.141 -1416.56 338.015
v -533.145 -1416.56 341.366
l 803 804
v 4153.4 -1531.21 679.66
v 4196.4 -1531.21 715.875
l 805 806
v 4196.4 -1531.21 715.875
v 4239.39 -1531.21 752.089
l 807 808
v 4067.41 -1531.21 626.685
v 4110.4 -1531.21 653.173
l 809 810
v 3637.45 -1502.55 485.147
v 3637.45 -1531.21 484.195
l 811 812
v 3293.48 -1502.55 478.647
v 3293.48 -1531.21 473.291
l 813 814
v -4918.72 -1531.21 507.745
v -4875.72 -1531.21 515.793
l 815 816
v -4875.72 -1531.21 515.793
v -4832.73 -1531.21 523.841
l 817 818
v 4497.37 -1645.87 937.484
v 4540.36 -1645.87 944.022
l 819 820
v 4540.36 -1645.87 944.022
v 4583.36 -1645.87 950.561
l 821 822
v 4583.36 -1645.87 950.561
v 4626.35 -1645.87 957.099
l 823 824
v 4325.38 -1645.87 817.889
v 4368.38 -1645.87 847.787
l 825 826
v 4368.38 -1645.87 847.787
v 4411.38 -1645.87 877.686
l 827 828
v 4411.38 -1645.87 877.686
v 4454.37 -1645.87 907.585
l 829 830
v 3293.48 -1617.2 472.04
v 3293.48 -1645.87 471.622
l 831 832
v 3293.48 -1588.54 472.457
v 3293.48 -1617.2 472.04
l 833 834
v 3293.48 -1559.88 472.874
v 3293.48 -1588.54 472.457
l 835 836
v 2777.53 -1617.2 342.541
v 2777.53 -1645.87 345.207
l 837 838
v 2777.53 -1588.54 339.875
v 2777.53 -1617.2 342.541
l 839 840
v -3069.9 -1731.86 551.973
v -3069.9 -1760.52 547.204
l 841 842
v -3069.9 -1703.19 556.741
v -3069.9 -1731.86 551.973
l 843 844
v -3069.9 -1674.53 561.51
v -3069.9 -1703.19 556.741
l 845 846
v 4325.38 -1875.18 835.944
v 4368.38 -1875.18 866.873
l 847 848
v 4368.38 -1875.18 866.873
v 4411.38 -1875.18 897.801
l 849 850
v 4411.38 -1875.18 897.801
v 4454.37 -1875.18 928.73
l 851 852
v 4153.4 -1875.18 754.735
v 4196.4 -1875.18 775.037
l 853 854
v 4196.4 -1875.18 775.037
v 4239.39 -1875.18 795.339
l 855 856
v 4239.39 -1875.18 795.339
v 4282.39 -1875.18 815.642
l 857 858
v 2949.52 -1875.18 453.763
v 2992.51 -1875.18 459.826
l 859 860
v 2992.51 -1875.18 459.826
v 3035.51 -1875.18 465.889
l 861 862
v 2605.55 -1961.17 362.417
v 2605.55 -1989.83 358.331
l 863 864
v -3757.83 -1932.51 541.822
v -3757.83 -1961.17 540.509
l 865 866
v -3757.83 -1903.84 543.135
v -3757.83 -1932.51 541.822
l 867 868
v 2605.55 -2075.82 367.885
v 2605.55 -2104.49 371.07
l 869 870
v 2605.55 -2047.16 364.701
v 2605.55 -2075.82 367.885
l 871 872
v 2605.55 -2018.5 361.516
v 2605.55 -2047.16 364.701
l 873 874
v 1229.68 -2104.49 318.504
v 1272.68 -2104.49 324.973
l 875 876
v 4497.37 -2190.48 912.852
v 4497.37 -2219.14 896.804
l 877 878
v 2605.55 -2190.48 391.919
v 2605.55 -2219.14 398.869
l 879 880
v 2605.55 -2161.82 384.969
v 2605.55 -2190.48 391.919
l 881 882
v 2605.55 -2133.15 378.02
v 2605.55 -2161.82 384.969
l 883 884
v 1917.62 -2190.48 380.933
v 1917.62 -2219.14 382.377
l 885 886
v 25.8007 -2219.14 321.546
v 68.7965 -2219.14 322.638
l 887 888
v 68.7965 -2219.14 322.638
v 111.792 -2219.14 323.731
l 889 890
v -146.183 -2219.14 316.648
v -103.187 -2219.14 317.872
l 891 892
v -103.187 -2219.14 317.872
v -60.191 -2219.14 319.097
l 893 894
v -60.191 -2219.14 319.097
v -17.1952 -2219.14 320.321
l 895 896
v -232.174 -2219.14 313.324
v -189.178 -2219.14 314.986
l 897 898
v -490.15 -2219.14 310
v -447.154 -2219.14 310
l 899 900
v -447.154 -2219.14 310
v -404.158 -2219.14 310
l 901 902
v -404.158 -2219.14 310
v -361.162 -2219.14 310
l 903 904
v -576.141 -2219.14 310
v -533.145 -2219.14 310
l 905 906
v 4497.37 -2276.47 892.29
v 4497.37 -2305.14 890.033
l 907 908
v 4497.37 -2247.81 894.547
v 4497.37 -2276.47 892.29
l 909 910
v 4153.4 -2333.8 928.123
v 4196.4 -2333.8 941.676
l 911 912
v 3637.45 -2333.8 550.767
v 3680.45 -2333.8 578.553
l 913 914
v 3680.45 -2333.8 578.553
v 3723.44 -2333.8 606.34
l 915 916
v 3465.47 -2333.8 513.89
v 3508.46 -2333.8 523.109
l 917 918
v 3508.46 -2333.8 523.109
v 3551.46 -2333.8 532.328
l 919 920
v 3551.46 -2333.8 532.328
v 3594.45 -2333.8 541.547
l 921 922
v 3293.48 -2333.8 491.81
v 3336.48 -2333.8 497.33
l 923 924
v 3336.48 -2333.8 497.33
v 3379.48 -2333.8 502.85
l 925 926
v 3379.48 -2333.8 502.85
v 3422.47 -2333.8 508.37
l 927 928
v 3164.5 -2333.8 482.881
v 3207.49 -2333.8 485.857
l 929 930
v 3207.49 -2333.8 485.857
v 3250.49 -2333.8 488.834
l 931 932
v 1917.62 -2305.14 393.145
v 1917.62 -2333.8 396.734
l 933 934
v 1917.62 -2276.47 389.555
v 1917.62 -2305.14 393.145
l 935 936
v 1917.62 -2247.81 385.966
v 1917.62 -2276.47 389.555
l 937 938
v 5271.29 -2448.46 908.362
v 5314.29 -2448.46 916.496
l 939 940
v 2433.57 -2419.79 374.189
v 2433.57 -2448.46 365.995
l 941 942
v 2433.57 -2391.13 382.384
v 2433.57 -2419.79 374.189
l 943 944
v 1057.7 -2419.79 423.221
v 1057.7 -2448.46 429.208
l 945 946
v 1057.7 -2391.13 417.233
v 1057.7 -2419.79 423.221
l 947 948
v 369.767 -2419.79 377.612
v 369.768 -2448.46 377.9
l 949 950
v -3757.83 -2448.46 488.118
v -3714.84 -2448.46 484.587
l 951 952
v -3929.82 -2448.46 509.467
v -3886.82 -2448.46 504.13
l 953 954
v -3886.82 -2448.46 504.13
v -3843.82 -2448.46 498.792
l 955 956
v -3843.82 -2448.46 498.792
v -3800.83 -2448.46 493.455
l 957 958
v -4101.8 -2448.46 582.755
v -4058.8 -2448.46 564.433
l 959 960
v -4058.8 -2448.46 564.433
v -4015.81 -2448.46 546.111
l 961 962
v -4015.81 -2448.46 546.111
v -3972.81 -2448.46 527.789
l 963 964
v 4024.41 -2563.11 833.092
v 4067.41 -2563.11 857.284
l 965 966
v 2433.57 -2534.45 372.478
v 2433.57 -2563.11 374.639
l 967 968
v 2433.57 -2505.78 370.317
v 2433.57 -2534.45 372.478
l 969 970
v 2433.57 -2477.12 368.156
v 2433.57 -2505.78 370.317
l 971 972
v 1745.63 -2534.45 419.497
v 1745.63 -2563.11 418.878
l 973 974
v 1745.63 -2505.78 420.117
v 1745.63 -2534.45 419.497
l 975 976
v 1745.63 -2477.12 420.736
v 1745.63 -2505.78 420.117
l 977 978
v 1057.7 -2534.45 442.535
v 1057.7 -2563.11 446.977
l 979 980
v 1057.7 -2505.78 438.093
v 1057.7 -2534.45 442.535
l 981 982
v 1057.7 -2477.12 433.65
v 1057.7 -2505.78 438.093
l 983 984
v 369.767 -2534.45 402.159
v 369.767 -2563.11 410.245
l 985 986
v 369.767 -2505.78 394.072
v 369.767 -2534.45 402.159
l 987 988
v 369.767 -2477.12 385.986
v 369.767 -2505.78 394.072
l 989 990
v 1057.7 -2649.1 451.563
v 1057.7 -2677.77 453.091
l 991 992
v 1057.7 -2620.44 450.034
v 1057.7 -2649.1 451.563
l 993 994
v 1057.7 -2591.78 448.506
v 1057.7 -2620.44 450.034
l 995 996
v 369.767 -2649.1 417.311
v 369.767 -2677.77 419.666
l 997 998
v 369.767 -2620.44 414.956
v 369.767 -2649.1 417.311
l 999 1000
v 369.767 -2591.78 412.6
v 369.767 -2620.44 414.956
l 1001 1002
v -3413.87 -2649.1 330.663
v -3413.87 -2677.77 310.353
l 1003 1004
v 3293.48 -2792.42 572.047
v 3336.48 -2792.42 589.159
l 1005 1006
v 2261.58 -2763.76 390.342
v 2261.58 -2792.42 384.832
l 1007 1008
v 1057.7 -2735.09 461.107
v 1057.7 -2763.76 465.115
l 1009 1010
v 1057.7 -2706.43 457.099
v 1057.7 -2735.09 461.107
l 1011 1012
v 369.767 -2763.76 443.32
v 369.767 -2792.42 451.204
l 1013 1014
v 369.767 -2735.09 435.435
v 369.767 -2763.76 443.32
l 1015 1016
v 369.767 -2706.43 427.551
v 369.767 -2735.09 435.435
l 1017 1018
v -3413.87 -2763.76 310.088
v -3413.87 -2792.42 310
l 1019 1020
v -3413.87 -2735.09 310.176
v -3413.87 -2763.76 310.088
l 1021 1022
v -3413.87 -2706.43 310.265
v -3413.87 -2735.09 310.176
l 1023 1024
v 2777.53 -2849.75 434.14
v 2777.53 -2878.41 434.174
l 1025 1026
v 2261.58 -2849.75 384.328
v 2261.58 -2878.41 384.076
l 1027 1028
v 2261.58 -2821.09 384.58
v 2261.58 -2849.75 384.328
l 1029 1030
v -2177.06 -715.848 564.616
v -2243.66 -623.414 531.088
l 1031 1032
v -1988.04 -701.681 537.021
v -1931.71 -687.374 529.75
l 1033 1034
v -3855.04 1876.41 526.514
v -3843.69 1851.74 525.397
l 1035 1036
v -3728.98 2114.52 526.864
v -3754.69 2102.18 527.772
l 1037 1038
v -3696.79 1787.79 520.962
v -3689.58 1660.39 549.671
l 1039 1040
v -1065.73 3387.74 612.164
v -1098.47 3512.28 557.378
l 1041 1042
v -1341.89 3568.26 543.302
v -1465.84 3597.83 598.923
l 1043 1044
v -577.239 3565.35 556.57
v -1156.28 3564.64 535.429
l 1045 1046
v -494.568 3693.49 551.659
v -552.025 3595.91 561.397
l 1047 1048
v -125.415 -2475.47 518.094
v -26.5746 -2642.35 544.083
l 1049 1050
v -44.3969 -2729.84 539.523
v -60.605 -2822.2 527.395
l 1051 1052
v -161.06 -2814.1 560.325
v -319.846 -2712.02 583.392
l 1053 1054
v 1621.72 -2118.63 366.855
v 944.532 -2226.08 359.527
l 1055 1056
v 2914.44 -1339.82 351.666
v 2760.35 -1647.18 344.866
l 1057 1058
v 3266.78 -463.574 354.223
v 3357.57 -230.352 369.343
l 1059 1060
v 3266.78 -463.574 354.223
v 3175.99 -709.283 358.011
l 1061 1062
v 3015.21 -1067.51 349.165
v 2914.44 -1339.82 351.666
l 1063 1064
v 2188.12 -1934.54 353.06
v 2397.18 -1828.76 340.164
l 1065 1066
v 2760.35 -1647.18 344.866
v 2397.18 -1828.76 340.164
l 1067 1068
v 416.677 -2472.46 401.654
v 697.614 -2401.24 456.096
l 1069 1070
v 344.887 -2712.46 433.954
v 416.677 -2472.46 401.654
l 1071 1072
v 343.485 -2719.76 435.503
v 485.829 -2616.41 491.785
l 1073 1074
v 232.083 -2905.69 469.752
v 256.433 -2792.96 452.082
l 1075 1076
v 2608.7 -2205.38 397.054
v 2622.55 -2258.8 414.401
l 1077 1078
v -860.157 -562.575 599.096
v -773.039 -557.085 604.021
l 1079 1080
v -933.728 -621.443 630.183
v -773.039 -557.085 604.021
l 1081 1082
v -884.525 -638.22 629.396
v -694.981 -535.88 608.048
l 1083 1084
v -591.488 -484.716 617.287
v -545.591 -720.199 650.846
l 1085 1086
v -1060.33 -795.677 539.236
v -978.623 -804.059 549.17
l 1087 1088
v -1230.62 -798.441 526.497
v -1060.33 -795.677 539.236
l 1089 1090
v -3439.57 -1259.88 644.225
v -3306.48 -1233.7 662.493
l 1091 1092
v -3148.66 -1295.98 695.875
v -3403.3 -1131.28 545.574
l 1093 1094
v -2844.07 -1178.55 730.996
v -3021.12 -1306.48 695.567
l 1095 1096
v -2766.38 -1127.42 709.208
v -3119.56 -1041.74 592.17
l 1097 1098
v -4050.01 -1481.03 716.89
v -4312.32 -1537.93 717.88
l 1099 1100
v -3677.42 -1405.05 668.394
v -3982.87 -1448.06 710.551
l 1101 1102
v 1102.48 -2625.21 465.036
v 1107.26 -2629.69 466.941
l 1103 1104
v 1099.5 -2618.65 463.557
v 1102.48 -2625.21 465.036
l 1105 1106
v 1107.26 -2629.69 466.941
v 1113.83 -2631.19 469.203
l 1107 1108
v 1142.49 -2546.69 468.977
v 1107.26 -2629.69 466.941
l 1109 1110
v -1095.8 2746.42 646.979
v -1197.14 2649.52 652.984
l 1111 1112
v 1147.79 1775.54 532.336
v 1194.07 1939.19 511.666
l 1113 1114
v 1194.07 1939.19 511.666
v 1347.81 1850.06 521.31
l 1115 1116
v 2463.6 2364.11 363.513
v 2834.68 2166.58 425.512
l 1117 1118
v 2742.5 2124.54 373.892
v 2766.58 2080.08 364.7
l 1119 1120
v 3725.83 -447.053 505.874
v 3794.21 -457.803 519.721
l 1121 1122
v 3820.78 -505.281 510.807
v 3747.03 -500.508 500.97
l 1123 1124
v -4481.58 -2719.02 670.565
v -4491.89 -2700.9 673.749
l 1125 1126
v -4469.85 -2738.81 667.41
v -4481.58 -2719.02 670.565
l 1127 1128
v 4644.87 3635.43 438.037
v 4659.78 3693.49 430.009
l 1129 1130
v -2967.57 758.191 430.556
v -2796.43 639.932 415.515
l 1131 1132
v 509.206 2432.55 535.158
v 493.777 1784.49 477.037
l 1133 1134
v 505.221 2456.3 539.475
v 509.206 2432.55 535.158
l 1135 1136
v 505.221 2456.3 539.475
v 427.954 1804.91 464.561
l 1137 1138
v -1158.04 533.474 425.867
v -1181.22 415.755 442.449
l 1139 1140
v -1225.81 415.665 440.716
v -1194.05 409.855 442.662
l 1141 1142
v -1239.63 418.314 439.933
v -1225.81 415.665 440.716
l 1143 1144
v -2878.51 327.613 386.443
v -2886.42 291.484 388.842
l 1145 1146
v 699.64 100.536 475.869
v 676.508 117.212 466.473
l 1147 1148
v 714.29 89.9778 482.232
v 699.64 100.536 475.869
l 1149 1150
v 714.835 1375.6 369.212
v 759.942 1366.79 370.812
l 1151 1152
v 691.881 1379.59 369.772
v 714.835 1375.6 369.212
l 1153 1154
v 557.908 1528.28 421.629
v 837.621 1528.08 428.916
l 1155 1156
v -2446.1 27.9077 393.759
v -2369.96 213.453 386.057
l 1157 1158
v -3364.76 -450.022 335.791
v -3934.89 -606.048 335.976
l 1159 1160
v -2732.85 380.38 351.833
v -3021.41 -264.445 329.848
l 1161 1162
v -2873.85 245.858 377.064
v -2814.27 390.913 368.885
l 1163 1164
v -2873.85 245.858 377.064
v -2782.98 431.266 368.459
l 1165 1166
v 4412.98 3641.31 474.333
v 4393.63 3588.15 483.285
l 1167 1168
v 4350.69 3540.44 500.787
v 4297.95 3510.3 515.19
l 1169 1170
v 2297.62 3405.5 390.78
v 2307.47 3593.26 380.125
l 1171 1172
v 430.258 1091.19 326.114
v 467.15 1332.13 349.062
l 1173 1174
v 531.503 1324.04 344.333
v 890.319 1242.08 339.117
l 1175 1176
v 1059.34 1206.84 347.137
v 1214.83 1199.23 370.065
l 1177 1178
v 1463.75 849.1 332.893
v 1454.61 844.172 333.021
l 1179 1180
v 2101.18 1557.03 356.66
v 1970.03 1812.38 386.548
l 1181 1182
v 1962.99 1832.78 385.78
v 1867.74 2067.38 381.406
l 1183 1184
v 2155.13 1466.79 368.094
v 1836.81 2145.98 374.292
l 1185 1186
v 2155.13 1466.79 368.094
v 1849.94 2323.48 335.666
l 1187 1188
v 2064.23 1892.16 339.933
v 2093.96 1828.1 333.999
l 1189 1190
v 2093.96 1828.1 333.999
v 2130.86 1745.41 335.196
l 1191 1192
v 2329.6 1473.6 327.896
v 1925.82 1109.79 331.818
l 1193 1194
v 1699.79 1334.4 429.227
v 1654.64 1070.2 332.108
l 1195 1196
v 1653.36 1065.35 331.799
v 1596.92 864.778 330.231
l 1197 1198
v 1336.47 2283.32 414.084
v 1424.99 2207.66 406.692
l 1199 1200
v 1424.99 2207.66 406.692
v 1419.35 2146.96 418.692
l 1201 1202
v 1419.35 2146.96 418.692
v 1414.29 2082.52 446.909
l 1203 1204
v -4737.07 383.887 528.37
v -4705.95 302.119 522.42
l 1205 1206
v -4823.04 585.231 569.934
v -4737.07 383.887 528.37
l 1207 1208
v -4790.76 329.354 527.759
v -4823.04 585.231 569.934
l 1209 1210
v -3248.06 -935.983 420.557
v -3471.08 -985.725 413.882
l 1211 1212
v -2775.93 -508.647 404.698
v -2834.58 -603.591 406.347
l 1213 1214
v -2931.86 -705.879 414.484
v -2862.23 -605.932 389.01
l 1215 1216
v -4778.04 1541.91 622.435
v -4809.57 1534.84 615.527
l 1217 1218
v -4810.98 1541.18 615.48
v -4809.57 1534.84 615.527
l 1219 1220
v -4824.87 1538.09 609.805
v -4810.98 1541.18 615.48
l 1221 1222
v -4825.69 1541.84 609.747
v -4778.04 1541.91 622.435
l 1223 1224
v -1297.5 -427.434 526.096
v -1373.91 -391.077 506.462
l 1225 1226
v -1297.5 -427.434 526.096
v -1431.1 -81.9236 476.864
l 1227 1228
v -1232.57 -537.364 569.569
v -1271.02 -461.412 544.221
l 1229 1230
v -1202.14 -367.03 513.563
v -1232.29 -574.131 570.247
l 1231 1232
v -1212.96 -300.291 503.17
v -1232.29 -574.131 570.247
l 1233 1234
v 339.143 2200.51 464.503
v 324.483 2251.47 477.876
l 1235 1236
v 381.89 2204.07 472.953
v 399.412 2158.94 472.37
l 1237 1238
v 405.657 2052.45 463.953
v 375.756 1826.54 451.963
l 1239 1240
v 309.276 1589.26 401.77
v 357.121 2070.11 443.002
l 1241 1242
v 316.857 1574.51 399.857
v 357.121 2070.11 443.002
l 1243 1244
v 279.487 2381.61 507.445
v 175.314 2426.99 517.501
l 1245 1246
v 225.998 2479.51 508.62
v 279.487 2381.61 507.445
l 1247 1248
v -1786.05 -1088.97 412.703
v -1786.05 -1088.97 445.723
l 1249 1250
v 887.77 -622.044 511.772
v 887.77 -622.044 562.627
l 1251 1252
v 899.192 -616.209 512.225
v 899.192 -616.209 562.627
l 1253 1254
v 941.671 -615.415 511.563
v 941.671 -615.415 562.627
l 1255 1256
v 1012.31 -600.276 511.968
v 1012.31 -600.276 562.627
l 1257 1258
v -3565.68 1957.13 529.253
v -3565.68 1957.13 553.181
l 1259 1260
v -3554.51 1941.67 530.103
v -3554.51 1941.67 553.181
l 1261 1262
v -3601.92 1889.05 525.019
v -3601.92 1889.05 553.181
l 1263 1264
v -3502.39 1874.46 531.923
v -3502.39 1874.46 553.744
l 1265 1266
v -3527.35 1856.12 529.747
v -3527.35 1856.12 553.744
l 1267 1268
v -3457.9 1988.46 545.617
v -3457.9 1988.46 572.432
l 1269 1270
v -3589.3 2005.99 526.423
v -3589.3 2005.99 547.991
l 1271 1272
v -1507.25 479.798 490.952
v -1507.25 479.798 519.199
l 1273 1274
v -1475.4 351.968 465.74
v -1475.4 351.968 519.199
l 1275 1276
v -1463.11 359.391 462.855
v -1463.11 359.391 519.199
l 1277 1278
v -1442.1 478.467 470.283
v -1442.1 478.467 519.199
l 1279 1280
v -1453.12 494.592 477.524
v -1453.12 494.592 519.199
l 1281 1282
v -3811.89 1701.37 521.328
v -3811.89 1701.37 553.634
l 1283 1284
v -3826.78 1732.59 524.296
v -3826.78 1732.59 553.634
l 1285 1286
v -3600.7 1808.17 524.524
v -3600.7 1808.17 563.372
l 1287 1288
v -3520.57 1733.47 556.961
v -3520.57 1733.47 612.087
l 1289 1290
v -3513.59 1724.74 559.847
v -3513.59 1724.74 612.087
l 1291 1292
v -3620.61 1707.3 577.289
v -3620.61 1707.3 622.671
l 1293 1294
v 4331.46 -1740.15 882.279
v 4331.46 -1740.15 915.452
l 1295 1296
v 4337.09 -1742.33 887.527
v 4337.09 -1742.33 915.452
l 1297 1298
v 4338.65 -1739.83 886.99
v 4338.65 -1739.83 915.452
l 1299 1300
v 4333.34 -1736.08 880.965
v 4333.34 -1736.08 915.452
l 1301 1302
v 847.016 -71.6854 549.311
v 847.016 -71.6854 573.097
l 1303 1304
v -1126.98 403.519 448.742
v -1126.98 403.519 496.324
l 1305 1306
v -1129.57 392.27 450.591
v -1129.57 392.27 496.324
l 1307 1308
v -1139.76 347.988 457.371
v -1139.76 347.988 496.324
l 1309 1310
v -1142.32 336.892 458.967
v -1142.32 336.892 496.324
l 1311 1312
v -3230.85 2512.49 580.198
v -3230.85 2512.49 601.613
l 1313 1314
v -3252.3 2562.54 580.539
v -3252.3 2562.54 601.613
l 1315 1316
v -3264.42 2562.54 579.327
v -3264.42 2562.54 601.613
l 1317 1318
v -3359.7 2512.19 564.909
v -3359.7 2512.19 601.613
l 1319 1320
v -3356.89 2454.85 562.254
v -3356.89 2454.85 601.613
l 1321 1322
v -3396.62 2481.2 557.602
v -3396.62 2481.2 601.613
l 1323 1324
v -3470.45 2383.34 551.287
v -3470.45 2383.34 601.613
l 1325 1326
v -3458.82 2369.27 551.748
v -3458.82 2369.27 601.613
l 1327 1328
v -3307.87 2419.77 567.52
v -3307.87 2419.77 601.613
l 1329 1330
v -3296.58 2431.8 568.93
v -3296.58 2431.8 601.613
l 1331 1332
v 1518.74 -156.458 565.265
v 1526.78 -195.184 565.705
l 1333 1334
v 1542.48 -180.338 569.247
v 1542.48 -180.338 596.997
l 1335 1336
v 1531.15 -140.026 565.931
v 1522.53 -151.441 565.589
l 1337 1338
v 1522.53 -151.441 565.589
v 1518.74 -156.458 565.265
l 1339 1340
v 1788.77 -292.971 633.839
v 1788.77 -292.971 669.715
l 1341 1342
v 1816.81 -132.654 581.245
v 1816.81 -132.654 609.91
l 1343 1344
v 1827.8 -147.064 576.328
v 1827.8 -147.064 609.91
l 1345 1346
v 1849.03 -167.528 573.11
v 1849.03 -167.528 609.91
l 1347 1348
v 1879.17 13.3821 541.347
v 1879.17 13.3821 601.097
l 1349 1350
v 1431.3 -213.728 544.433
v 1438.45 -203.95 546.676
l 1351 1352
v 1438.45 -203.95 546.676
v 1432.27 -181.055 547.078
l 1353 1354
v 1432.27 -181.055 547.078
v 1414.58 -171.342 544.242
l 1355 1356
v 1252.78 -18.8814 550.679
v 1252.78 -18.8814 577.999
l 1357 1358
v 1233.96 -13.8775 553.731
v 1233.96 -13.8775 577.999
l 1359 1360
v 1475.44 209.524 533.279
v 1475.44 209.524 582.738
l 1361 1362
v 1500.72 140.133 547.912
v 1500.72 140.133 582.738
l 1363 1364
v 1250.43 -372.61 522.683
v 1250.43 -372.61 546.512
l 1365 1366
v 2545.81 -1915.55 366.331
v 2545.81 -1915.55 397.655
l 1367 1368
v 2522.29 -1918.83 364.635
v 2522.29 -1918.83 397.655
l 1369 1370
v 2514.73 -1947.45 366.908
v 2514.73 -1947.45 397.655
l 1371 1372
v 3223.01 1767.01 401.766
v 3223.01 1767.01 439.799
l 1373 1374
v 3240.01 1737.93 412.742
v 3240.01 1737.93 439.799
l 1375 1376
v 3201.92 1839.36 411.899
v 3201.92 1839.36 450.093
l 1377 1378
v -1282.89 -263.434 491.742
v -1296.99 -281.594 492.275
l 1379 1380
v -1249.01 -256.472 494.911
v -1274.19 -245.056 492.758
l 1381 1382
v -1849.3 3419.88 658.023
v -1849.3 3419.88 670.264
l 1383 1384
v -1851.68 3425.26 657.54
v -1851.68 3425.26 670.264
l 1385 1386
v 760.744 -206.663 566.812
v 763.404 -218.437 570.417
l 1387 1388
v 763.404 -218.437 570.417
v 768.302 -228.266 573.325
l 1389 1390
v 768.302 -228.266 573.325
v 775.549 -237.314 574.924
l 1391 1392
v 775.549 -237.314 574.924
v 784.755 -240.232 574.095
l 1393 1394
v 784.755 -240.232 574.095
v 794.318 -240.129 572.414
l 1395 1396
v 794.318 -240.129 572.414
v 803.557 -235.253 569.769
l 1397 1398
v 803.557 -235.253 569.769
v 809.902 -224.017 566.112
l 1399 1400
v 810.826 -211.974 562.918
v 808.032 -198.409 560.119
l 1401 1402
v 787.817 -188.055 558.836
v 787.817 -188.055 861.724
l 1403 1404
v 772.866 -192.458 561.173
v 772.866 -192.458 861.724
l 1405 1406
v 2624.52 573.252 475.161
v 2627.39 584.31 470.349
l 1407 1408
v 2548.77 596.11 479.789
v 2558.19 593.806 480.105
l 1409 1410
v 2585.29 598.925 477.669
v 2588.05 610.252 474.452
l 1411 1412
v 1370.02 1483.87 491.378
v 1370.02 1483.87 654.306
l 1413 1414
v 1862.67 1401.8 413.448
v 1862.67 1401.8 483.295
l 1415 1416
v 1907.46 1392.84 409.195
v 1907.46 1392.84 483.295
l 1417 1418
v 2005.38 1389.79 397.605
v 2005.38 1389.79 483.295
l 1419 1420
v 2037.63 1400.26 394.786
v 2037.63 1400.26 483.295
l 1421 1422
v 2054.35 1411.6 394.081
v 2054.35 1411.6 483.295
l 1423 1424
v 2069.58 1424.15 393.857
v 2069.58 1424.15 483.295
l 1425 1426
v 2075.87 1462.97 391.773
v 2075.87 1462.97 483.295
l 1427 1428
v 2065.72 1474.01 389.913
v 2065.72 1474.01 483.295
l 1429 1430
v 2050.49 1485.06 389.119
v 2050.49 1485.06 483.295
l 1431 1432
v 2008.99 1494.89 394.008
v 2008.99 1494.89 483.295
l 1433 1434
v 1927.47 1491.98 408.448
v 1927.47 1491.98 483.295
l 1435 1436
v 1864.48 1479.72 415.359
v 1864.48 1479.72 483.295
l 1437 1438
v 1822.38 1467.46 418.365
v 1822.38 1467.46 483.295
l 1439 1440
v 1812.52 1457.9 418.501
v 1812.52 1457.9 483.295
l 1441 1442
v 1811.91 1425.35 417.984
v 1811.91 1425.35 483.295
l 1443 1444
v 1819.97 1411.32 417.289
v 1819.97 1411.32 483.295
l 1445 1446
v 4161.62 -692.263 565.933
v 4161.62 -692.263 591.483
l 1447 1448
v 1488.42 1808.08 489.419
v 1488.42 1808.08 517.477
l 1449 1450
v -3160.4 -1477.27 660.041
v -3160.4 -1477.27 682.898
l 1451 1452
v -3144.21 -1481.05 657.033
v -3144.21 -1481.05 682.898
l 1453 1454
v -3144.88 -1480.75 657.187
v -3144.88 -1480.75 682.898
l 1455 1456
v -3160.52 -1475.8 660.397
v -3160.52 -1475.8 682.898
l 1457 1458
v -3180.7 -1415.26 677.33
v -3180.7 -1415.26 703.942
l 1459 1460
v -3142.62 -1415.63 680.509
v -3142.62 -1415.63 703.942
l 1461 1462
v -3105.84 -1397.72 685.829
v -3105.84 -1397.72 712.015
l 1463 1464
v -3104.05 -1387.72 687.217
v -3104.05 -1387.72 712.015
l 1465 1466
v -3098.49 -1423.4 681.018
v -3098.49 -1423.4 709.051
l 1467 1468
v -3034.03 -1373.66 683.474
v -3034.03 -1373.66 711.883
l 1469 1470
v -3009.95 -1363.11 680.488
v -3009.95 -1363.11 711.883
l 1471 1472
v -3033.16 -1368.07 684.44
v -3033.16 -1368.07 711.883
l 1473 1474
v -2895.97 -1292.07 692.968
v -2895.97 -1292.07 717.768
l 1475 1476
v -2875.95 -1289.83 690.341
v -2875.95 -1289.83 717.768
l 1477 1478
v -2867.88 -1288.2 689.773
v -2867.88 -1288.2 717.768
l 1479 1480
v -2847.53 -1285.45 687.489
v -2847.53 -1285.45 717.768
l 1481 1482
v -3244.05 -1340.95 683.271
v -3244.05 -1340.95 708.062
l 1483 1484
v -3236.93 -1340.83 683.837
v -3236.93 -1340.83 708.062
l 1485 1486
v -3177.43 -1344.58 687.353
v -3177.43 -1344.58 715.109
l 1487 1488
v -3172.94 -1354.74 686.314
v -3172.94 -1354.74 715.109
l 1489 1490
v -3150.86 -1312.04 693.583
v -3150.86 -1312.04 715.109
l 1491 1492
v -1643.76 223.717 485.312
v -1643.76 223.717 510.993
l 1493 1494
v -3266.44 -1309.99 687.528
v -3263.86 -1289.19 688.013
l 1495 1496
v -3321.91 -1664.62 646.855
v -3321.91 -1664.62 680.969
l 1497 1498
v -3323.49 -1688.36 642.871
v -3323.49 -1688.36 680.969
l 1499 1500
v -3300.48 -1688.15 653.958
v -3300.48 -1688.15 680.969
l 1501 1502
v -3301.93 -1663.82 656.369
v -3301.93 -1663.82 680.969
l 1503 1504
v -3264.77 -1668.04 673.479
v -3264.77 -1668.04 704.781
l 1505 1506
v -3264.99 -1689.88 670.927
v -3264.99 -1689.88 704.781
l 1507 1508
v -3244.78 -1688.62 680.992
v -3244.78 -1688.62 704.781
l 1509 1510
v -3243.06 -1666.76 683.972
v -3243.06 -1666.76 704.781
l 1511 1512
v -3202.69 -1668.32 656.626
v -3202.69 -1668.32 685.504
l 1513 1514
v -3203.32 -1689.17 654.744
v -3203.32 -1689.17 685.504
l 1515 1516
v -3184.03 -1690.29 640.849
v -3184.03 -1690.29 685.504
l 1517 1518
v -3183.8 -1666.75 643.51
v -3183.8 -1666.75 685.504
l 1519 1520
v -3270.4 -1581.02 663.09
v -3270.4 -1581.02 699.524
l 1521 1522
v -3236.24 -1608.31 676.31
v -3236.24 -1608.31 699.524
l 1523 1524
v -3230.88 -1562.3 665.717
v -3230.88 -1562.3 699.524
l 1525 1526
v -3367.37 -1254.65 656.431
v -3367.37 -1254.65 684.503
l 1527 1528
v -3366.23 -1260.64 660.983
v -3366.23 -1260.64 684.503
l 1529 1530
v -3447.53 -1310.98 680.969
v -3447.53 -1310.98 704.565
l 1531 1532
v -3438.71 -1308.13 683.195
v -3438.71 -1308.13 704.565
l 1533 1534
v -4214.01 -1681.62 770.005
v -4214.01 -1681.62 795.664
l 1535 1536
v -4204.43 -1661.44 771.842
v -4204.43 -1661.44 795.664
l 1537 1538
v -4946.77 1839.04 535.801
v -4946.77 1839.04 584.86
l 1539 1540
v -4883.89 1843.86 558.34
v -4883.89 1843.86 584.86
l 1541 1542
v -4909.37 1871.32 542.165
v -4909.37 1871.32 584.86
l 1543 1544
v 1554.38 -458.353 549.309
v 1554.38 -458.353 578.638
l 1545 1546
v 1551.99 -448.205 551.523
v 1551.99 -448.205 578.638
l 1547 1548
v 1547.07 -425.835 556.658
v 1547.07 -425.835 578.638
l 1549 1550
v 1520.79 -456.293 542.638
v 1520.79 -456.293 578.638
l 1551 1552
v 1778.82 -714.53 475.312
v 1778.82 -714.53 518.161
l 1553 1554
v 1795.85 -706.762 478.471
v 1795.85 -706.762 518.161
l 1555 1556
v 1784.36 -684.956 489.572
v 1784.36 -684.956 518.161
l 1557 1558
v 1768.2 -691.648 487.413
v 1768.2 -691.648 518.161
l 1559 1560
v -3073.65 2621.86 595.133
v -3073.65 2621.86 621.781
l 1561 1562
v -3049.88 2629.25 598.647
v -3049.88 2629.25 621.781
l 1563 1564
v -2652.28 1999.67 579.309
v -2652.28 1999.67 604.179
l 1565 1566
v -2613.64 1994.92 581.751
v -2613.64 1994.92 604.179
l 1567 1568
v -1521.29 1717.55 562.647
v -1521.29 1717.55 587.965
l 1569 1570
v 2089.86 -845.035 401.181
v 2089.86 -845.035 509.892
l 1571 1572
v 2187.61 -594.85 429.18
v 2187.61 -594.85 471.908
l 1573 1574
v 2189.72 -685.275 402.249
v 2189.72 -685.275 429.076
l 1575 1576
v 2242.87 -627.662 397.126
v 2242.87 -627.662 439.25
l 1577 1578
v 2260.94 -591.894 408.136
v 2260.94 -591.894 439.25
l 1579 1580
v 2206.34 263.021 505.294
v 2206.34 263.021 528.451
l 1581 1582
v -582.615 -716.168 678.76
v -582.615 -716.168 658.51
l 1583 1584
v -598.768 -728.3 662.706
v -598.768 -728.3 678.76
l 1585 1586
v -605.002 -760.331 650.99
v -605.002 -760.331 678.76
l 1587 1588
v -594.371 -750.733 652.593
v -594.371 -750.733 678.76
l 1589 1590
v 884.987 -1179.46 420.037
v 884.987 -1179.46 425.535
l 1591 1592
v 975.412 -1203.72 424.652
v 975.412 -1203.72 520.115
l 1593 1594
v 990.218 -1223.95 420.911
v 990.218 -1223.95 520.115
l 1595 1596
v 372.305 -495.734 579.309
v 372.305 -495.734 610.427
l 1597 1598
v -314.48 -127.509 556.398
v -314.48 -127.509 580.35
l 1599 1600
v -308.458 -127.33 556.104
v -308.458 -127.33 580.35
l 1601 1602
v -296.068 -144.338 561.141
v -296.068 -144.338 580.35
l 1603 1604
v -292.406 -115.671 552.262
v -292.406 -115.671 580.35
l 1605 1606
v -316.25 -110.54 550.799
v -316.25 -110.54 580.35
l 1607 1608
v -29.2908 -339.72 600.141
v -29.2908 -339.72 635.172
l 1609 1610
v 89.9991 -235.509 573.029
v 89.9991 -235.509 582.743
l 1611 1612
v -284.424 -734.89 580.302
v -284.424 -734.89 613.324
l 1613 1614
v -285.916 -753.101 576.836
v -285.916 -753.101 613.324
l 1615 1616
v -287.118 -758.475 575.955
v -287.118 -758.475 613.324
l 1617 1618
v -274.127 -746.088 577.427
v -274.127 -746.088 613.324
l 1619 1620
v -266.067 -739.971 578.451
v -266.067 -739.971 613.324
l 1621 1622
v -265.021 -730.411 580.303
v -265.021 -730.411 613.324
l 1623 1624
v -790.26 -1012.65 426.764
v -790.26 -1012.65 479.783
l 1625 1626
v -791.072 -1015.03 425.313
v -791.072 -1015.03 479.783
l 1627 1628
v -785.083 -1016.92 426.121
v -785.083 -1016.92 479.783
l 1629 1630
v -780.731 -1018.42 426.657
v -780.731 -1018.42 479.783
l 1631 1632
v -777.336 -1017.15 428.216
v -777.336 -1017.15 479.783
l 1633 1634
v -775.911 -1012.98 431.016
v -775.911 -1012.98 479.783
l 1635 1636
v -777.725 -1009.63 432.717
v -777.725 -1009.63 479.783
l 1637 1638
v -783.569 -1007.62 431.882
v -783.569 -1007.62 479.783
l 1639 1640
v -779.484 -995.643 439.184
v -779.484 -995.643 479.783
l 1641 1642
v -807.225 -996.155 429.337
v -807.225 -996.155 452.988
l 1643 1644
v -810.041 -1001.86 426.087
v -810.041 -1001.86 452.988
l 1645 1646
v -815.218 -1003.62 423.793
v -815.218 -1003.62 452.988
l 1647 1648
v -824.323 -1008.57 418.849
v -824.323 -1008.57 452.988
l 1649 1650
v -817.578 -1008.75 420.715
v -817.578 -1008.75 452.988
l 1651 1652
v -807.926 -1007.93 423.844
v -807.926 -1007.93 452.988
l 1653 1654
v -1048.5 -981.528 422.264
v -1048.5 -981.528 477.823
l 1655 1656
v -1108.67 -998.087 425.159
v -1108.67 -998.087 480.279
l 1657 1658
v -1167.33 -1015.86 426.108
v -1167.33 -1015.86 479.552
l 1659 1660
v -1224.36 -1036.61 419.675
v -1224.36 -1036.61 474.326
l 1661 1662
v -1239.32 -886.702 485.737
v -1239.32 -886.702 504.057
l 1663 1664
v -640.936 -269.705 537.191
v -640.936 -269.705 574.054
l 1665 1666
v -782.913 249.979 448.538
v -782.913 249.979 488.737
l 1667 1668
v -786.197 240.278 450.662
v -786.197 240.278 488.737
l 1669 1670
v -786.341 224.601 454.729
v -786.341 224.601 488.737
l 1671 1672
v -777.681 218.329 457.347
v -777.681 218.329 488.737
l 1673 1674
v -773.506 246.69 450.487
v -773.506 246.69 488.737
l 1675 1676
v 1122.49 -1.57869 567.259
v 1122.49 -1.57869 590.437
l 1677 1678
v 1086.36 -0.682837 570.695
v 1086.36 -0.682837 590.437
l 1679 1680
v 98.6598 554.387 386.22
v 98.6598 554.387 418.397
l 1681 1682
v 109.102 526.921 395.87
v 109.102 526.921 418.397
l 1683 1684
v 121.046 523.031 397.459
v 121.046 523.031 418.397
l 1685 1686
v 154.186 534.677 394.397
v 154.186 534.677 418.397
l 1687 1688
v -331.902 278.199 457.997
v -331.902 278.199 473.959
l 1689 1690
v -2710.55 -1162.91 696.652
v -2710.55 -1162.91 722.728
l 1691 1692
v -1937.56 -952.12 502.961
v -1937.56 -952.12 516.171
l 1693 1694
v -1950.99 -957.38 504.101
v -1950.99 -957.38 516.171
l 1695 1696
v -1950.36 -778.336 546.943
v -1950.36 -778.336 607.083
l 1697 1698
v -1915.28 -748.327 543.799
v -1915.28 -748.327 611.557
l 1699 1700
v -1910.36 -759.973 541.993
v -1910.36 -759.973 611.557
l 1701 1702
v -1897.37 -750.349 542.537
v -1897.37 -750.349 611.557
l 1703 1704
v -1659.54 -528.726 542.484
v -1659.54 -528.726 625.87
l 1705 1706
v -1304.53 -661.895 553.65
v -1304.53 -661.895 594.269
l 1707 1708
v -1306.17 -669.356 555.266
v -1306.17 -669.356 594.269
l 1709 1710
v -1286.77 -669.509 558.64
v -1286.77 -669.509 594.269
l 1711 1712
v -1285.72 -662.343 558.2
v -1285.72 -662.343 594.269
l 1713 1714
v 923.927 195.024 506.256
v 923.927 195.024 531.664
l 1715 1716
v 924.673 188.599 506.088
v 924.673 188.599 531.664
l 1717 1718
v 935.727 177.26 508.331
v 935.727 177.26 531.664
l 1719 1720
v 940.948 176.211 508.24
v 940.948 176.211 531.664
l 1721 1722
v 954.54 182.776 505.522
v 954.54 182.776 531.664
l 1723 1724
v 941.994 188.446 504.899
v 941.994 188.446 531.664
l 1725 1726
v 935.126 196.662 505.002
v 935.126 196.662 531.664
l 1727 1728
v -674.677 808.182 408.468
v -674.677 808.182 436.023
l 1729 1730
v -612.115 783.097 403.813
v -612.115 783.097 428.923
l 1731 1732
v -901.746 539.758 441.912
v -901.746 539.758 449.479
l 1733 1734
v -1153.53 838.669 498.574
v -1153.53 838.669 530.386
l 1735 1736
v -1159.34 817.321 501.543
v -1159.34 817.321 530.386
l 1737 1738
v -1136.01 816.668 497.052
v -1136.01 816.668 530.386
l 1739 1740
v -1132.19 836.442 494.353
v -1132.19 836.442 530.386
l 1741 1742
v -1031.48 890.593 459.081
v -1031.48 890.593 495.604
l 1743 1744
v -1023.12 907.462 449.264
v -1023.12 907.462 495.604
l 1745 1746
v -1028.64 914.476 447.493
v -1028.64 914.476 495.604
l 1747 1748
v -1478.6 586.178 503.191
v -1478.6 586.178 517.302
l 1749 1750
v -1274.38 543.79 441.058
v -1274.38 543.79 458.689
l 1751 1752
v -1448.71 778.541 503.275
v -1448.71 778.541 513.284
l 1753 1754
v -1534.44 953.295 403.897
v -1534.44 953.295 423.476
l 1755 1756
v -1541.45 -272.392 510.239
v -1541.45 -272.392 543.101
l 1757 1758
v -1529.37 -286.418 506.968
v -1529.37 -286.418 543.101
l 1759 1760
v -1966.81 20.7025 502.907
v -1966.81 20.7025 574.067
l 1761 1762
v -1960.34 3.56607 503.908
v -1960.34 3.56607 574.067
l 1763 1764
v -2009.8 -68.9978 500.532
v -2009.8 -68.9978 547.682
l 1765 1766
v -2008.61 -81.6933 504.324
v -2008.61 -81.6933 547.682
l 1767 1768
v -1974.87 -95.4125 513.791
v -1974.87 -95.4125 547.682
l 1769 1770
v -1965.9 -78.8522 512.269
v -1965.9 -78.8522 547.682
l 1771 1772
v -2199.98 246.549 492.571
v -2199.98 246.549 497.975
l 1773 1774
v -2133.1 173.101 504.205
v -2133.1 173.101 511.22
l 1775 1776
v -2111.3 162.043 504.161
v -2111.3 162.043 511.22
l 1777 1778
v -2111.46 148.618 501.777
v -2111.46 148.618 511.22
l 1779 1780
v -1957.67 521.853 487.667
v -1957.67 521.853 491.834
l 1781 1782
v -1895.28 596.046 489.382
v -1895.28 596.046 505.268
l 1783 1784
v -1889.31 472.272 487.986
v -1889.31 472.272 501.194
l 1785 1786
v -1881.25 500.646 485.897
v -1881.25 500.646 501.194
l 1787 1788
v -1902 409.343 491.202
v -1902 409.343 495.561
l 1789 1790
v -1906.55 413.157 491.882
v -1906.55 413.157 495.561
l 1791 1792
v -1360.85 256.148 453.986
v -1360.85 256.148 488.821
l 1793 1794
v -1372.45 207.656 466.875
v -1372.45 207.656 488.821
l 1795 1796
v -1354.17 204.712 462.513
v -1354.17 204.712 488.821
l 1797 1798
v -1350.73 244.668 453.791
v -1350.73 244.668 488.821
l 1799 1800
v -1278.41 240.432 459.041
v -1278.41 240.432 482.109
l 1801 1802
v -1212.27 158.537 473.172
v -1212.27 158.537 504.911
l 1803 1804
v -1304.67 78.7412 492.655
v -1304.67 78.7412 464.023
l 1805 1806
v -1242.57 110.698 473.871
v -1242.57 110.698 492.655
l 1807 1808
v -1242.43 113.974 473.559
v -1242.43 113.974 492.655
l 1809 1810
v -1259.89 135.027 470.229
v -1259.89 135.027 492.655
l 1811 1812
v -1264.37 129.946 470.051
v -1264.37 129.946 492.655
l 1813 1814
v -1271.09 123.381 469.216
v -1271.09 123.381 492.655
l 1815 1816
v -1392.77 20.0754 464.856
v -1392.77 20.0754 501.516
l 1817 1818
v -1398.89 16.492 465.651
v -1398.89 16.492 501.516
l 1819 1820
v -1386.64 8.58284 465.119
v -1386.64 8.58284 501.516
l 1821 1822
v -1379.17 12.6142 464.176
v -1379.17 12.6142 501.516
l 1823 1824
v -1435.31 47.2454 468.115
v -1435.31 47.2454 496.121
l 1825 1826
v -1414.26 44.4042 465.693
v -1414.26 44.4042 496.121
l 1827 1828
v -1564.45 70.5377 483.655
v -1564.45 70.5377 489.125
l 1829 1830
v -1560.57 38.4404 484.498
v -1560.57 38.4404 489.125
l 1831 1832
v -1640.74 -62.4837 520.482
v -1640.74 -62.4837 593.057
l 1833 1834
v -1637.16 -45.6162 516.476
v -1637.16 -45.6162 593.057
l 1835 1836
v -1627.03 60.9904 491.444
v -1627.03 60.9904 520.709
l 1837 1838
v -1604.25 58.9555 488.713
v -1604.25 58.9555 520.709
l 1839 1840
v -1603.14 68.9251 487.049
v -1603.14 68.9251 520.709
l 1841 1842
v -1618.55 70.0641 488.407
v -1618.55 70.0641 520.709
l 1843 1844
v -1705.37 65.0217 496.397
v -1705.37 65.0217 535.252
l 1845 1846
v -1698.84 47.6037 502.981
v -1698.84 47.6037 535.252
l 1847 1848
v -1682.8 56.1144 498.797
v -1682.8 56.1144 535.252
l 1849 1850
v -1681.51 64.0107 495.659
v -1681.51 64.0107 535.252
l 1851 1852
v -1677.28 65.764 494.681
v -1677.28 65.764 535.252
l 1853 1854
v -1670.01 60.2865 496.161
v -1670.01 60.2865 535.252
l 1855 1856
v -1655.99 68.362 491.905
v -1655.99 68.362 535.252
l 1857 1858
v -1663.79 83.8604 489.639
v -1663.79 83.8604 535.252
l 1859 1860
v -1677.75 78.1269 491.164
v -1677.75 78.1269 535.252
l 1861 1862
v -1690.67 72.7645 492.931
v -1690.67 72.7645 535.252
l 1863 1864
v -1757.18 158.46 477.808
v -1757.18 158.46 524.936
l 1865 1866
v -1747.18 146.379 479.796
v -1747.18 146.379 524.936
l 1867 1868
v -2350.31 -35.4675 440.251
v -2350.31 -35.4675 457.604
l 1869 1870
v 1212.4 -193.059 545.423
v 1212.4 -193.059 583.653
l 1871 1872
v 2088.04 371.78 510.629
v 2088.04 371.78 536.437
l 1873 1874
v 2111.02 362.463 508.876
v 2111.02 362.463 536.437
l 1875 1876
v -2638.15 2133.82 584.04
v -2638.15 2133.82 605.541
l 1877 1878
v -2651.68 2133.98 583.718
v -2651.68 2133.98 605.541
l 1879 1880
v -2661.01 2134.32 583.546
v -2661.01 2134.32 605.541
l 1881 1882
v -2677.65 2134.52 583.227
v -2677.65 2134.52 605.541
l 1883 1884
v 1330.78 1912.54 521.261
v 1330.78 1912.54 543.54
l 1885 1886
v 1334.27 1913.42 520.539
v 1334.27 1913.42 543.54
l 1887 1888
v 1337.4 1910.29 521.585
v 1337.4 1910.29 543.54
l 1889 1890
v 1336.9 1908.53 522.389
v 1336.9 1908.53 543.54
l 1891 1892
v 1331.14 1904.04 523.049
v 1331.14 1904.04 543.54
l 1893 1894
v 1331.4 1899.78 523.085
v 1331.4 1899.78 543.54
l 1895 1896
v 1356.41 1891.65 520.443
v 1356.41 1891.65 543.54
l 1897 1898
v 1357.05 1897.28 520.408
v 1357.05 1897.28 543.54
l 1899 1900
v 1358.17 1900.16 520.301
v 1358.17 1900.16 543.54
l 1901 1902
v 1362.55 1902.42 519.881
v 1362.55 1902.42 543.54
l 1903 1904
v 1368.06 1901.03 519.335
v 1368.06 1901.03 543.54
l 1905 1906
v 1369.68 1909.66 518.805
v 1369.68 1909.66 543.54
l 1907 1908
v 1364.55 1928.05 511.606
v 1364.55 1928.05 543.54
l 1909 1910
v 1359.17 1929.81 511.078
v 1359.17 1929.81 543.54
l 1911 1912
v 1355.04 1923.93 513.984
v 1355.04 1923.93 543.54
l 1913 1914
v 1353.04 1923.93 514.18
v 1353.04 1923.93 543.54
l 1915 1916
v 1350.92 1927.05 513.042
v 1350.92 1927.05 543.54
l 1917 1918
v 1351.04 1930.43 511.574
v 1351.04 1930.43 543.54
l 1919 1920
v 1405.81 1897.49 514.713
v 1405.81 1897.49 536.07
l 1921 1922
v 1409.35 1896.76 513.761
v 1409.35 1896.76 536.07
l 1923 1924
v 1410.8 1892.58 513.263
v 1410.8 1892.58 536.07
l 1925 1926
v 1409.6 1891.22 513.543
v 1409.6 1891.22 536.07
l 1927 1928
v 1402.46 1889.65 515.382
v 1402.46 1889.65 536.07
l 1929 1930
v 1400.84 1885.72 515.575
v 1400.84 1885.72 536.07
l 1931 1932
v 1419.86 1867.54 510.131
v 1419.86 1867.54 536.07
l 1933 1934
v 1422.86 1872.34 509.459
v 1422.86 1872.34 536.07
l 1935 1936
v 1425.12 1874.45 508.914
v 1425.12 1874.45 536.07
l 1937 1938
v 1430.05 1874.58 507.601
v 1430.05 1874.58 536.07
l 1939 1940
v 1434.4 1870.94 506.328
v 1434.4 1870.94 536.07
l 1941 1942
v 1439.63 1878.02 505.138
v 1439.63 1878.02 536.07
l 1943 1944
v 1442.98 1896.81 504.849
v 1442.98 1896.81 536.07
l 1945 1946
v 1438.89 1900.73 506.067
v 1438.89 1900.73 536.07
l 1947 1948
v 1432.62 1897.22 507.626
v 1432.62 1897.22 536.07
l 1949 1950
v 1430.82 1898.09 508.136
v 1430.82 1898.09 536.07
l 1951 1952
v 1430.25 1901.83 508.393
v 1430.25 1901.83 536.07
l 1953 1954
v 1431.83 1904.82 508.059
v 1431.83 1904.82 536.07
l 1955 1956
v 1490.87 1915.45 491.981
v 1490.87 1915.45 513.768
l 1957 1958
v 1494.36 1916.33 491.211
v 1494.36 1916.33 513.768
l 1959 1960
v 1497.49 1913.19 490.807
v 1497.49 1913.19 513.768
l 1961 1962
v 1496.99 1911.45 490.961
v 1496.99 1911.45 513.768
l 1963 1964
v 1491.23 1906.95 492.457
v 1491.23 1906.95 513.768
l 1965 1966
v 1491.49 1902.68 492.227
v 1491.49 1902.68 513.768
l 1967 1968
v 1516.51 1894.56 485.302
v 1516.51 1894.56 513.768
l 1969 1970
v 1517.14 1900.19 485.377
v 1517.14 1900.19 513.768
l 1971 1972
v 1518.26 1903.07 485.19
v 1518.26 1903.07 513.768
l 1973 1974
v 1522.64 1905.32 484.124
v 1522.64 1905.32 513.768
l 1975 1976
v 1528.15 1903.94 482.605
v 1528.15 1903.94 513.768
l 1977 1978
v 1529.77 1912.58 482.313
v 1529.77 1912.58 513.768
l 1979 1980
v 1524.64 1930.96 483.434
v 1524.64 1930.96 513.768
l 1981 1982
v 1519.26 1932.71 484.472
v 1519.26 1932.71 513.768
l 1983 1984
v 1515.13 1926.84 485.982
v 1515.13 1926.84 513.768
l 1985 1986
v 1513.13 1926.84 486.361
v 1513.13 1926.84 513.768
l 1987 1988
v 1511 1929.96 486.374
v 1511 1929.96 513.768
l 1989 1990
v 1511.13 1933.34 485.931
v 1511.13 1933.34 513.768
l 1991 1992
v 128.527 2319.6 504.137
v 128.527 2319.6 530.495
l 1993 1994
v 726.246 -28.6974 557.795
v 726.246 -28.6974 583.96
l 1995 1996
v 730.209 -38.0142 562.564
v 730.209 -38.0142 583.96
l 1997 1998
v 738.357 -40.817 562.876
v 738.357 -40.817 583.96
l 1999 2000
v 745.816 -38.2574 560.721
v 745.816 -38.2574 583.96
l 2001 2002
v 753.263 -22.1833 551.624
v 753.263 -22.1833 583.96
l 2003 2004
v 751.638 -15.426 548.399
v 751.638 -15.426 583.96
l 2005 2006
v 740.684 -10.3069 545.6
v 740.684 -10.3069 583.96
l 2007 2008
v 735.797 -13.8007 547.77
v 735.797 -13.8007 583.96
l 2009 2010
v -212.768 -2879.08 549.97
v -212.768 -2879.08 579.641
l 2011 2012
v -204.363 -2879.06 548.261
v -204.363 -2879.06 579.641
l 2013 2014
v -306.276 -2841.79 583.855
v -306.276 -2841.79 613.587
l 2015 2016
v -299.263 -2842.05 582.209
v -299.263 -2842.05 613.587
l 2017 2018
v -387.083 -2802.94 607.809
v -387.083 -2802.94 631.168
l 2019 2020
v -379.19 -2799.8 608.42
v -379.19 -2799.8 631.168
l 2021 2022
v -389.877 -2896.19 572.159
v -389.877 -2896.19 596.041
l 2023 2024
v -482.061 -2820.42 608.831
v -482.061 -2820.42 636.089
l 2025 2026
v -476.183 -2815.39 610.194
v -476.183 -2815.39 636.089
l 2027 2028
v 2588.33 670.738 462.179
v 2588.33 670.738 481.48
l 2029 2030
v 2595.16 661.856 462.577
v 2595.16 661.856 481.48
l 2031 2032
v 2760.62 481.513 399.001
v 2760.62 481.513 448.555
l 2033 2034
v 2753.45 475.497 403.113
v 2753.45 475.497 448.555
l 2035 2036
v 2727.32 475.728 417.866
v 2727.32 475.728 448.555
l 2037 2038
v 2702.58 537.48 435.938
v 2702.58 537.48 448.555
l 2039 2040
v 2023.07 349.498 516.435
v 2023.07 349.498 553.355
l 2041 2042
v 2030.95 340.834 513.238
v 2030.95 340.834 553.355
l 2043 2044
v 2060.11 294.222 502.356
v 2060.11 294.222 553.355
l 2045 2046
v 2132.34 320.024 500.91
v 2132.34 320.024 553.355
l 2047 2048
v 2041.85 355.142 514.746
v 2041.85 355.142 553.355
l 2049 2050
v 2639.55 546.861 472.851
v 2639.55 546.861 510.01
l 2051 2052
v 2551.58 564.421 486.001
v 2542.58 566.404 485.225
l 2053 2054
v -404.738 88.506 480.753
v -404.738 88.506 505.935
l 2055 2056
v 1519.68 -880.905 464.656
v 1519.68 -880.905 622.297
l 2057 2058
v 1526.96 -876.285 622.297
v 1526.96 -876.285 463.984
l 2059 2060
v 1503.7 -875.492 471.389
v 1503.7 -875.492 622.297
l 2061 2062
v 1519.86 -891.757 461.549
v 1519.86 -891.757 622.297
l 2063 2064
v 1521.5 -890.144 461.56
v 1521.5 -890.144 622.297
l 2065 2066
v 1525.58 -896.581 458.644
v 1525.58 -896.581 622.297
l 2067 2068
v 1537.24 -888.801 457.405
v 1537.24 -888.801 622.297
l 2069 2070
v 1533.02 -882.146 460.594
v 1533.02 -882.146 622.297
l 2071 2072
v 1535.76 -881.276 459.985
v 1535.76 -881.276 622.297
l 2073 2074
v 1529.19 -860.494 467.883
v 1529.19 -860.494 622.297
l 2075 2076
v 1591.93 -842.975 456.595
v 1591.93 -842.975 622.981
l 2077 2078
v 1599.21 -838.368 622.981
v 1599.21 -838.368 459.207
l 2079 2080
v 1575.96 -837.561 461.274
v 1575.96 -837.561 622.981
l 2081 2082
v 1592.12 -853.839 454.07
v 1592.12 -853.839 622.981
l 2083 2084
v 1593.76 -852.227 454.361
v 1593.76 -852.227 622.981
l 2085 2086
v 1597.83 -858.664 452.76
v 1597.83 -858.664 622.981
l 2087 2088
v 1609.49 -850.883 454.018
v 1609.49 -850.883 622.981
l 2089 2090
v 1605.27 -844.229 455.673
v 1605.27 -844.229 622.981
l 2091 2092
v 1608.02 -843.359 455.758
v 1608.02 -843.359 622.981
l 2093 2094
v 1601.45 -822.576 469.385
v 1601.45 -822.576 622.981
l 2095 2096
v 1663.42 -795.318 475.501
v 1663.42 -795.318 633.366
l 2097 2098
v 1670.69 -790.711 633.366
v 1670.69 -790.711 475.885
l 2099 2100
v 1647.44 -789.905 481.391
v 1647.44 -789.905 633.366
l 2101 2102
v 1663.6 -806.183 470.32
v 1663.6 -806.183 633.366
l 2103 2104
v 1665.24 -804.558 470.684
v 1665.24 -804.558 633.366
l 2105 2106
v 1669.31 -811.008 467.071
v 1669.31 -811.008 633.366
l 2107 2108
v 1680.98 -803.227 467.869
v 1680.98 -803.227 633.366
l 2109 2110
v 1676.76 -796.572 471.616
v 1676.76 -796.572 633.366
l 2111 2112
v 1679.51 -795.702 471.348
v 1679.51 -795.702 633.366
l 2113 2114
v 1672.94 -774.92 481.416
v 1672.94 -774.92 633.366
l 2115 2116
v 1713.68 -739.369 479.994
v 1713.68 -739.369 512.795
l 2117 2118
v 1722.2 -748.174 473.943
v 1722.2 -748.174 512.795
l 2119 2120
v 1735.03 -746.382 469.73
v 1735.03 -746.382 512.795
l 2121 2122
v 1723.84 -735.044 476.75
v 1723.84 -735.044 512.795
l 2123 2124
v 1720.35 -728.799 480.314
v 1720.35 -728.799 512.795
l 2125 2126
v 1775.59 -619.574 522.929
v 1763.72 -607.711 529.503
l 2127 2128
v 1594.88 -685.237 549.084
v 1608.82 -702.104 538.743
l 2129 2130
v 1505.14 -756.172 520.185
v 1507.51 -760.216 518.672
l 2131 2132
v 1489.53 -754.342 519.723
v 1489.53 -754.342 544.809
l 2133 2134
v 1493.49 -761.099 517.326
v 1493.49 -761.099 544.809
l 2135 2136
v 1490.67 -764.669 515.838
v 1493.04 -768.713 514.562
l 2137 2138
v 1499.32 -757.669 518.983
v 1499.32 -757.669 544.809
l 2139 2140
v 1495.35 -750.925 522.203
v 1495.35 -750.925 544.809
l 2141 2142
v 1479.71 -769.187 539.883
v 1479.71 -769.187 514.542
l 2143 2144
v 1486.85 -765.002 515.553
v 1486.85 -765.002 539.883
l 2145 2146
v 1482.88 -758.245 517.774
v 1482.88 -758.245 539.883
l 2147 2148
v 1475.75 -762.442 516.639
v 1475.75 -762.442 539.883
l 2149 2150
v -3497.44 -1073.35 469.019
v -3497.44 -1073.35 503.606
l 2151 2152
v -3507.48 -1077.5 503.606
v -3507.48 -1077.5 467.785
l 2153 2154
v -3491.64 -1087.33 479.353
v -3491.64 -1087.33 503.606
l 2155 2156
v -3514.37 -1073.24 463.302
v -3514.37 -1073.24 503.606
l 2157 2158
v -3511.84 -1079.31 467.275
v -3511.84 -1079.31 503.606
l 2159 2160
v -3854.6 -1129.75 449.177
v -3854.6 -1129.75 422.404
l 2161 2162
v -3864.73 -1132.68 423.127
v -3864.73 -1132.68 449.177
l 2163 2164
v -3757.68 -1188.03 460.532
v -3757.68 -1188.03 495.631
l 2165 2166
v -3758.96 -1178.28 455.156
v -3758.96 -1178.28 495.631
l 2167 2168
v -4523.68 -1222.33 412.094
v -4523.68 -1222.33 434.591
l 2169 2170
v -4519.36 -1223.12 412.046
v -4519.36 -1223.12 434.591
l 2171 2172
v -4516.03 -1205.2 405.528
v -4516.03 -1205.2 434.591
l 2173 2174
v -4520.35 -1204.4 405.826
v -4520.35 -1204.4 434.591
l 2175 2176
v -4458.24 -1243.39 418.191
v -4458.24 -1243.39 442.132
l 2177 2178
v -4452.93 -1244.02 418.45
v -4452.93 -1244.02 442.132
l 2179 2180
v -4450.38 -1222.31 408.095
v -4450.38 -1222.31 442.132
l 2181 2182
v -4455.69 -1221.69 407.91
v -4455.69 -1221.69 442.132
l 2183 2184
v -4416.19 -1173.65 421.355
v -4416.19 -1173.65 388.69
l 2185 2186
v -4382.84 -1180.48 395.804
v -4382.84 -1180.48 421.355
l 2187 2188
v -4381.15 -1172.23 391.767
v -4381.15 -1172.23 421.355
l 2189 2190
v -4414.5 -1165.38 385.058
v -4414.5 -1165.38 421.355
l 2191 2192
v -4390.63 -1242.51 422.413
v -4390.63 -1242.51 446.785
l 2193 2194
v -4385.09 -1241.88 422.617
v -4385.09 -1241.88 446.785
l 2195 2196
v -4387.1 -1223.95 414.736
v -4387.1 -1223.95 446.785
l 2197 2198
v -4392.65 -1224.58 414.433
v -4392.65 -1224.58 446.785
l 2199 2200
v -4336.8 -1239.78 425.937
v -4336.8 -1239.78 449.607
l 2201 2202
v -4328.75 -1239.74 426.594
v -4328.75 -1239.74 449.607
l 2203 2204
v -4328.84 -1220.35 419.109
v -4328.84 -1220.35 449.607
l 2205 2206
v -4336.89 -1220.38 418.275
v -4336.89 -1220.38 449.607
l 2207 2208
v -4308.17 -1178.5 403.525
v -4308.17 -1178.5 433.795
l 2209 2210
v -4239.41 -1204.37 424.504
v -4239.41 -1204.37 451.126
l 2211 2212
v -4124.63 -1154.29 407.028
v -4124.63 -1154.29 442.199
l 2213 2214
v -4136.2 -1156.69 407.896
v -4136.2 -1156.69 440.227
l 2215 2216
v 2096.51 -373.007 496.035
v 2096.51 -373.007 524.507
l 2217 2218
v 2119.49 -366.224 495.291
v 2119.49 -366.224 524.507
l 2219 2220
v 2123.52 -361.067 496.132
v 2123.52 -361.067 524.507
l 2221 2222
v 2100.63 -363.601 497.914
v 2100.63 -363.601 524.507
l 2223 2224
v 2096.33 -360.235 499.192
v 2096.33 -360.235 524.507
l 2225 2226
v 2045.78 -467.401 530.836
v 2045.78 -467.401 495.99
l 2227 2228
v 2046.74 -460.452 496.742
v 2046.74 -460.452 530.836
l 2229 2230
v 2038.7 -454.514 500.027
v 2038.7 -454.514 530.836
l 2231 2232
v 2032.05 -457.278 501.598
v 2032.05 -457.278 530.836
l 2233 2234
v 2026.26 -453.004 504.004
v 2026.26 -453.004 530.836
l 2235 2236
v 2029.97 -447.949 503.692
v 2029.97 -447.949 530.836
l 2237 2238
v 2033.63 -444.852 503.078
v 2033.63 -444.852 530.836
l 2239 2240
v 2020.47 -440.949 507.772
v 2020.47 -440.949 530.836
l 2241 2242
v 2016.75 -445.991 508.102
v 2016.75 -445.991 530.836
l 2243 2244
v 2023.99 -456.088 504.194
v 2023.99 -456.088 530.836
l 2245 2246
v 2032.06 -462.039 500.883
v 2032.06 -462.039 530.836
l 2247 2248
v 2027.62 -468.054 501.309
v 2027.62 -468.054 530.836
l 2249 2250
v 2039.07 -476.5 496.55
v 2039.07 -476.5 530.836
l 2251 2252
v 2043.5 -470.485 496.21
v 2043.5 -470.485 530.836
l 2253 2254
v 2049.63 -475.003 493.706
v 2049.63 -475.003 530.836
l 2255 2256
v 2058.72 -477.345 490.649
v 2058.72 -477.345 530.836
l 2257 2258
v 2063.3 -471.125 490.211
v 2063.3 -471.125 530.836
l 2259 2260
v 2056.3 -465.968 492.993
v 2056.3 -465.968 530.836
l 2261 2262
v 2051.91 -471.918 493.49
v 2051.91 -471.918 530.836
l 2263 2264
v 2068.61 -411.258 497.064
v 2068.61 -411.258 527.189
l 2265 2266
v 2065.94 -415.251 497.355
v 2065.94 -415.251 527.189
l 2267 2268
v 2057.47 -409.595 500.849
v 2057.47 -409.595 527.189
l 2269 2270
v 2050.48 -402.761 504.124
v 2050.48 -402.761 527.189
l 2271 2272
v 2046.33 -408.993 504.562
v 2046.33 -408.993 527.189
l 2273 2274
v 2042.47 -414.791 504.907
v 2042.47 -414.791 527.189
l 2275 2276
v 2086.02 -444.468 486.997
v 2086.02 -444.468 527.189
l 2277 2278
v 2088.36 -440.961 486.78
v 2088.36 -440.961 527.189
l 2279 2280
v 2083.14 -426.718 490.29
v 2083.14 -426.718 527.189
l 2281 2282
v 2074.71 -421.1 493.677
v 2074.71 -421.1 527.189
l 2283 2284
v 2077.74 -416.569 493.386
v 2077.74 -416.569 527.189
l 2285 2286
v 2076.56 -414.727 494.038
v 2076.56 -414.727 527.189
l 2287 2288
v 2072.91 -412.295 495.552
v 2072.91 -412.295 527.189
l 2289 2290
v 2162.18 -437.391 480.394
v 2162.18 -437.391 504.062
l 2291 2292
v 2161.08 -438.991 480.316
v 2161.08 -438.991 504.062
l 2293 2294
v 2149.65 -447.424 480.332
v 2149.65 -447.424 504.062
l 2295 2296
v 2146.65 -450.879 480.177
v 2146.65 -450.879 504.062
l 2297 2298
v 2143.97 -454.783 479.939
v 2143.97 -454.783 504.062
l 2299 2300
v 2142.98 -456.229 479.851
v 2142.98 -456.229 504.062
l 2301 2302
v 2139.91 -460.708 479.577
v 2139.91 -460.708 504.062
l 2303 2304
v 2150.46 -473.416 477.254
v 2150.46 -473.416 504.062
l 2305 2306
v 2149.7 -474.529 477.18
v 2149.7 -474.529 504.062
l 2307 2308
v 2130.55 -474.44 478.701
v 2130.55 -474.44 504.062
l 2309 2310
v 2127.56 -472.392 479.184
v 2127.56 -472.392 504.062
l 2311 2312
v 2123.78 -473.173 479.381
v 2123.78 -473.173 504.062
l 2313 2314
v 2154.5 -431.248 481.739
v 2154.5 -431.248 504.062
l 2315 2316
v 2158.67 -430.583 481.445
v 2158.67 -430.583 504.062
l 2317 2318
v 2161.19 -432.31 481.036
v 2161.19 -432.31 504.062
l 2319 2320
v 1635.16 -316.877 603.5
v 1643.3 -321.215 606.945
l 2321 2322
v 1343.37 -902.993 515.021
v 1343.37 -902.993 487.097
l 2323 2324
v 1336.88 -899.985 487.951
v 1336.88 -899.985 515.021
l 2325 2326
v 1305.16 -905.629 513.818
v 1305.16 -905.629 484.263
l 2327 2328
v 1303.21 -821.898 531.623
v 1303.21 -821.898 509.525
l 2329 2330
v 1309.05 -812.479 511.199
v 1309.05 -812.479 531.623
l 2331 2332
v 1263.86 -847.441 525.179
v 1263.86 -847.441 502.247
l 2333 2334
v 1294.62 -852.048 529.776
v 1294.62 -852.048 503.638
l 2335 2336
v 1390.97 -834.759 516.064
v 1393.71 -869.285 505.025
l 2337 2338
v 1497.44 -823.753 492.371
v 1482.28 -800.578 503.872
l 2339 2340
v 1557.36 -784.569 504.295
v 1544.99 -765.642 517.701
l 2341 2342
v 1924.6 -956.868 398.444
v 1924.6 -956.868 420.916
l 2343 2344
v 1902.04 -971.712 420.565
v 1902.04 -971.712 399.019
l 2345 2346
v 1893.95 -977.97 398.419
v 1893.95 -977.97 420.565
l 2347 2348
v 1845 -953.541 411.11
v 1845 -953.541 435.323
l 2349 2350
v 1965.58 -814.424 441.961
v 1965.58 -814.424 468.012
l 2351 2352
v 1974.72 -817.022 439.121
v 1974.72 -817.022 468.012
l 2353 2354
v 1979.09 -828.642 435.906
v 1979.09 -828.642 468.012
l 2355 2356
v 1976.75 -805.505 440.895
v 1976.75 -805.505 468.012
l 2357 2358
v 1969.7 -803.496 443.004
v 1969.7 -803.496 468.012
l 2359 2360
v 1925.66 -810.803 473.999
v 1925.66 -810.803 452.955
l 2361 2362
v 1900.88 -820.132 453.567
v 1900.88 -820.132 473.999
l 2363 2364
v 1904.73 -830.37 451.981
v 1904.73 -830.37 473.999
l 2365 2366
v 1908.64 -840.761 450.384
v 1908.64 -840.761 473.999
l 2367 2368
v 1933.42 -831.432 447.691
v 1933.42 -831.432 473.999
l 2369 2370
v 1929.51 -821.04 450.292
v 1929.51 -821.04 473.999
l 2371 2372
v 1845.17 -839.391 471.185
v 1845.17 -839.391 450.755
l 2373 2374
v 1820.38 -848.72 448.592
v 1820.38 -848.72 471.185
l 2375 2376
v 1824.25 -858.958 445.062
v 1824.25 -858.958 471.185
l 2377 2378
v 1828.15 -869.349 441.388
v 1828.15 -869.349 471.185
l 2379 2380
v 1852.93 -860.02 444.314
v 1852.93 -860.02 471.185
l 2381 2382
v 1849.03 -849.642 447.969
v 1849.03 -849.642 471.185
l 2383 2384
v 1826.29 -786.859 459.069
v 1826.29 -786.859 485.461
l 2385 2386
v 1843.27 -777.313 460.465
v 1843.27 -777.313 485.461
l 2387 2388
v 1846.97 -764.861 462.396
v 1846.97 -764.861 485.461
l 2389 2390
v 1842.41 -758.603 463.408
v 1842.41 -758.603 485.461
l 2391 2392
v 1820.38 -766.627 462.278
v 1820.38 -766.627 485.461
l 2393 2394
v 1887.12 -750.477 464.36
v 1887.12 -750.477 487.984
l 2395 2396
v 1885.76 -747.124 464.888
v 1885.76 -747.124 487.984
l 2397 2398
v 1882.81 -739.791 466.047
v 1882.81 -739.791 487.984
l 2399 2400
v 1872.68 -743.861 465.495
v 1872.68 -743.861 487.984
l 2401 2402
v 1869.75 -745.038 465.332
v 1869.75 -745.038 487.984
l 2403 2404
v 1861.37 -748.417 464.864
v 1861.37 -748.417 487.984
l 2405 2406
v 1864.32 -755.75 463.708
v 1864.32 -755.75 487.984
l 2407 2408
v 1865.68 -759.102 463.176
v 1865.68 -759.102 487.984
l 2409 2410
v 1868.57 -766.32 462.034
v 1868.57 -766.32 487.984
l 2411 2412
v 1876.96 -762.942 462.511
v 1876.96 -762.942 487.984
l 2413 2414
v 1879.88 -761.764 462.674
v 1879.88 -761.764 487.984
l 2415 2416
v 1890.01 -757.682 463.239
v 1890.01 -757.682 487.984
l 2417 2418
v 1918.83 -724.576 468.159
v 1918.83 -724.576 490.563
l 2419 2420
v 1925.78 -741.66 463.818
v 1925.78 -741.66 490.563
l 2421 2422
v 1893.63 -695.424 505.369
v 1893.63 -695.424 476.537
l 2423 2424
v 1886.84 -688.833 478.707
v 1886.84 -688.833 505.369
l 2425 2426
v 1885.82 -686.082 479.681
v 1885.82 -686.082 505.369
l 2427 2428
v 1887.63 -676.177 482.531
v 1887.63 -676.177 505.369
l 2429 2430
v 1882.02 -682.537 481.229
v 1882.02 -682.537 505.369
l 2431 2432
v 1878.66 -683.791 481.24
v 1878.66 -683.791 505.369
l 2433 2434
v 1869.78 -683.497 482.117
v 1869.78 -683.497 505.369
l 2435 2436
v 1874.94 -690.65 479.558
v 1874.94 -690.65 505.369
l 2437 2438
v 1875.84 -693.043 478.71
v 1875.84 -693.043 505.369
l 2439 2440
v 1876.54 -702.04 475.949
v 1876.54 -702.04 505.369
l 2441 2442
v 1881.86 -694.937 477.409
v 1881.86 -694.937 505.369
l 2443 2444
v 1884.36 -694.003 477.446
v 1884.36 -694.003 505.369
l 2445 2446
v 1868.28 -592.662 531.692
v 1868.28 -592.662 509.882
l 2447 2448
v 1863.19 -598.433 509.672
v 1863.19 -598.433 531.692
l 2449 2450
v 1861.69 -600.122 509.61
v 1861.69 -600.122 531.692
l 2451 2452
v 1858.73 -603.475 509.488
v 1858.73 -603.475 531.692
l 2453 2454
v 1856.74 -605.728 509.406
v 1856.74 -605.728 531.692
l 2455 2456
v 1851.18 -612.011 509.178
v 1851.18 -612.011 531.692
l 2457 2458
v 1856.82 -616.989 506.231
v 1856.82 -616.989 531.692
l 2459 2460
v 1859.43 -619.306 504.721
v 1859.43 -619.306 531.692
l 2461 2462
v 1864.14 -623.465 502.216
v 1864.14 -623.465 531.692
l 2463 2464
v 1869.7 -617.181 503.2
v 1869.7 -617.181 531.692
l 2465 2466
v 1871.69 -614.929 503.627
v 1871.69 -614.929 531.692
l 2467 2468
v 1874.65 -611.576 503.898
v 1874.65 -611.576 531.692
l 2469 2470
v 1876.14 -609.887 504.021
v 1876.14 -609.887 531.692
l 2471 2472
v 1881.24 -604.115 504.444
v 1881.24 -604.115 531.692
l 2473 2474
v 1876.53 -599.956 506.324
v 1876.53 -599.956 531.692
l 2475 2476
v 1873.92 -597.64 507.399
v 1873.92 -597.64 531.692
l 2477 2478
v 1798.35 -547.884 529.621
v 1798.35 -547.884 552.108
l 2479 2480
v 1792.06 -555.063 552.108
v 1792.06 -555.063 529.414
l 2481 2482
v 1786.27 -549.995 530.744
v 1786.27 -549.995 552.108
l 2483 2484
v 1819.64 -486.06 541.799
v 1819.64 -486.06 573.838
l 2485 2486
v 1834.45 -492.753 536.693
v 1834.45 -492.753 573.838
l 2487 2488
v 1688.16 -467.657 562.711
v 1688.16 -467.657 599.941
l 2489 2490
v 1635.46 -431.53 577.162
v 1635.46 -431.53 599.941
l 2491 2492
v 1282.75 -1033.82 486.501
v 1282.75 -1033.82 465.767
l 2493 2494
v 1275.24 -1022.8 465.072
v 1275.24 -1022.8 486.501
l 2495 2496
v 1277.88 -1031.45 465.366
v 1277.88 -1031.45 486.501
l 2497 2498
v 1233.94 -994.491 484.052
v 1233.94 -994.491 462.604
l 2499 2500
v 1236.68 -1001.86 462.372
v 1236.68 -1001.86 484.052
l 2501 2502
v 1274.85 -1125.59 454.422
v 1274.85 -1125.59 486.344
l 2503 2504
v 1281.5 -1114.21 457.524
v 1281.5 -1114.21 486.344
l 2505 2506
v 1279.98 -1109.69 458.32
v 1279.98 -1109.69 486.344
l 2507 2508
v 1266.5 -1098.49 459.276
v 1266.5 -1098.49 486.344
l 2509 2510
v 1264.83 -1093.51 460.153
v 1264.83 -1093.51 486.344
l 2511 2512
v 1272.59 -1078.71 464.093
v 1272.59 -1078.71 486.344
l 2513 2514
v 1271.4 -1075.16 464.717
v 1271.4 -1075.16 486.344
l 2515 2516
v 1249.8 -1082.42 460.535
v 1249.8 -1082.42 486.344
l 2517 2518
v 1250.99 -1085.98 460.221
v 1250.99 -1085.98 486.344
l 2519 2520
v 1258.22 -1095.74 458.991
v 1258.22 -1095.74 486.344
l 2521 2522
v 1259.89 -1100.72 458.114
v 1259.89 -1100.72 486.344
l 2523 2524
v 1349.28 -1024.6 471.505
v 1349.28 -1024.6 500.159
l 2525 2526
v 1357.96 -1027.6 500.159
v 1357.96 -1027.6 472.873
l 2527 2528
v 1331.75 -1031.22 470.422
v 1331.75 -1031.22 500.159
l 2529 2530
v 1327.14 -1037.57 470.564
v 1327.14 -1037.57 500.159
l 2531 2532
v 1336.12 -1062.7 473.853
v 1336.12 -1062.7 500.159
l 2533 2534
v 1342.67 -1064.96 475.132
v 1342.67 -1064.96 500.159
l 2535 2536
v 1361.55 -1062.51 477.601
v 1361.55 -1062.51 500.159
l 2537 2538
v 1364.82 -1053.42 476.853
v 1364.82 -1053.42 500.159
l 2539 2540
v 1365.99 -1047.62 476.271
v 1365.99 -1047.62 500.159
l 2541 2542
v 1379.72 -1043.18 477.258
v 1379.72 -1043.18 500.159
l 2543 2544
v 1383.31 -1045.83 478.039
v 1383.31 -1045.83 500.159
l 2545 2546
v 1389.85 -1048.1 479.071
v 1389.85 -1048.1 500.159
l 2547 2548
v 1408.75 -1045.64 478.296
v 1408.75 -1045.64 500.159
l 2549 2550
v 1412.01 -1036.54 476.054
v 1412.01 -1036.54 500.159
l 2551 2552
v 1405.16 -1010.73 473.172
v 1405.16 -1010.73 500.159
l 2553 2554
v 1396.48 -1007.72 472.987
v 1396.48 -1007.72 500.159
l 2555 2556
v 1378.95 -1014.35 472.83
v 1378.95 -1014.35 500.159
l 2557 2558
v 1374.34 -1020.7 473.31
v 1374.34 -1020.7 500.159
l 2559 2560
v 1377.19 -1035.36 475.557
v 1377.19 -1035.36 500.159
l 2561 2562
v 1363.45 -1039.8 474.832
v 1363.45 -1039.8 500.159
l 2563 2564
v 1495.9 -1095.61 448.311
v 1495.9 -1095.61 476.764
l 2565 2566
v 1491.83 -1090.99 451.242
v 1491.83 -1090.99 476.764
l 2567 2568
v 1483.71 -1086.22 455.372
v 1483.71 -1086.22 476.764
l 2569 2570
v 1471.08 -1097.3 454.806
v 1471.08 -1097.3 476.764
l 2571 2572
v 1474.72 -1106.03 450.413
v 1474.72 -1106.03 476.764
l 2573 2574
v 1478.79 -1110.66 447.522
v 1478.79 -1110.66 476.764
l 2575 2576
v 1485.63 -1122.97 441.163
v 1485.63 -1122.97 476.764
l 2577 2578
v 1496.82 -1126.59 436.796
v 1496.82 -1126.59 476.764
l 2579 2580
v 1457.14 -1133.95 444.441
v 1457.14 -1133.95 473.509
l 2581 2582
v 1455.33 -1132.1 445.654
v 1455.33 -1132.1 473.509
l 2583 2584
v 1440.46 -1146.59 443.684
v 1440.46 -1146.59 473.509
l 2585 2586
v 1442.26 -1148.45 442.505
v 1442.26 -1148.45 473.509
l 2587 2588
v 1414.32 -1188.64 432.314
v 1414.32 -1188.64 466.565
l 2589 2590
v 1426.92 -1177.36 434.363
v 1426.92 -1177.36 466.565
l 2591 2592
v 1420.83 -1170.56 438.551
v 1420.83 -1170.56 466.565
l 2593 2594
v 1418.85 -1168.36 439.973
v 1418.85 -1168.36 466.565
l 2595 2596
v 1412.78 -1161.57 444.354
v 1412.78 -1161.57 466.565
l 2597 2598
v 1400.17 -1172.85 442.29
v 1400.17 -1172.85 466.565
l 2599 2600
v 1406.26 -1179.64 438.216
v 1406.26 -1179.64 466.565
l 2601 2602
v 1408.24 -1181.85 436.788
v 1408.24 -1181.85 466.565
l 2603 2604
v 2024.4 -675.255 480.611
v 2024.4 -675.255 456.736
l 2605 2606
v 2008.26 -676.522 459.924
v 2008.26 -676.522 480.611
l 2607 2608
v 2048.7 -570.97 474.101
v 2048.7 -570.97 495.891
l 2609 2610
v 1971.42 -324.76 576.841
v 1971.42 -324.76 545.475
l 2611 2612
v 1985.17 -309.364 544.523
v 1985.17 -309.364 576.841
l 2613 2614
v 1910.61 -357.701 559.76
v 1910.61 -357.701 584.375
l 2615 2616
v 1894.41 -296.298 613.371
v 1894.41 -296.298 579.544
l 2617 2618
v 1879.68 -286.086 588.817
v 1879.68 -286.086 613.371
l 2619 2620
v 1884.59 -330.954 578.544
v 1884.59 -330.954 603.867
l 2621 2622
v 1878.75 -337.673 580.502
v 1878.75 -337.673 603.867
l 2623 2624
v 1883.93 -342.177 577.01
v 1883.93 -342.177 603.867
l 2625 2626
v 1889.77 -335.459 575.058
v 1889.77 -335.459 603.867
l 2627 2628
v 1936.76 -349.318 551.451
v 1936.76 -349.318 577.666
l 2629 2630
v 1893.71 -392.881 560.964
v 1893.71 -392.881 594.772
l 2631 2632
v 1880.11 -387.468 570.655
v 1880.11 -387.468 594.772
l 2633 2634
v 1944.46 -550.968 505.484
v 1944.46 -550.968 536.042
l 2635 2636
v 1959.2 -536.136 505.84
v 1959.2 -536.136 536.042
l 2637 2638
v 1953.51 -530.479 508.91
v 1953.51 -530.479 536.042
l 2639 2640
v 1951.04 -528.035 510.316
v 1951.04 -528.035 536.042
l 2641 2642
v 1944.52 -521.547 513.883
v 1944.52 -521.547 536.042
l 2643 2644
v 1929.78 -536.379 513.562
v 1929.78 -536.379 536.042
l 2645 2646
v 1936.3 -542.867 509.838
v 1936.3 -542.867 536.042
l 2647 2648
v 1938.77 -545.311 508.499
v 1938.77 -545.311 536.042
l 2649 2650
v 1239.7 222.924 525.357
v 1239.7 222.924 548.606
l 2651 2652
v 1238.28 214.029 527.845
v 1238.28 214.029 548.606
l 2653 2654
v 1350.84 162.159 551.417
v 1350.84 162.159 525.952
l 2655 2656
v 1408.02 180.767 515.456
v 1408.02 180.767 571.355
l 2657 2658
v 1427.16 146.519 530.627
v 1427.16 146.519 571.355
l 2659 2660
v 1416.3 128.103 533.306
v 1416.3 128.103 571.355
l 2661 2662
v 1407.34 104.017 539.067
v 1407.34 104.017 571.355
l 2663 2664
v 1320.55 -47.907 537.229
v 1320.55 -47.907 571.355
l 2665 2666
v 1393.39 -14.2614 528.501
v 1393.39 -14.2614 571.355
l 2667 2668
v 1403.09 -15.6308 527.089
v 1403.09 -15.6308 571.355
l 2669 2670
v 1237.27 152.778 541.926
v 1237.27 152.778 563.313
l 2671 2672
v 1222.8 164.36 539.45
v 1222.8 164.36 563.313
l 2673 2674
v 1223.78 168.391 538.956
v 1223.78 168.391 563.313
l 2675 2676
v 1220.94 184.095 535.608
v 1220.94 184.095 563.313
l 2677 2678
v 1207.7 179.039 533.601
v 1207.7 179.039 563.313
l 2679 2680
v 1285.55 195.536 548.136
v 1285.55 195.536 527.305
l 2681 2682
v 1295.22 215.066 521.928
v 1295.22 215.066 548.136
l 2683 2684
v 1293.4 219.404 521.252
v 1293.4 219.404 548.136
l 2685 2686
v 1285.19 232.51 519.451
v 1285.19 232.51 548.136
l 2687 2688
v 1275.33 208.961 525.254
v 1275.33 208.961 548.136
l 2689 2690
v 1813.79 226.341 534.813
v 1806.23 239.574 534.512
l 2691 2692
v 1806.23 239.574 534.512
v 1803.46 237.987 535.387
l 2693 2694
v 1783.44 228.606 541.692
v 1783.44 228.606 572.148
l 2695 2696
v 1747.5 199.9 559.727
v 1747.5 199.9 581.299
l 2697 2698
v 1722.15 231.985 551.043
v 1722.15 231.985 581.299
l 2699 2700
v 1834.8 243.158 527.8
v 1834.8 243.158 557.584
l 2701 2702
v 1835.82 241.366 557.584
v 1835.82 241.366 527.75
l 2703 2704
v 1792.3 266.668 531.97
v 1792.3 266.668 557.584
l 2705 2706
v 1796.93 249.442 534.737
v 1796.93 249.442 557.584
l 2707 2708
v 1806.23 239.574 534.512
v 1806.23 239.574 557.584
l 2709 2710
v 1867.47 274.718 521.602
v 1867.47 274.718 545.788
l 2711 2712
v 1902.91 288.054 519.611
v 1902.91 288.054 541.012
l 2713 2714
v 1931.12 396.34 544.046
v 1931.12 396.34 630.864
l 2715 2716
v 1920.84 393.217 545.104
v 1920.84 393.217 630.864
l 2717 2718
v 1918.9 392.628 545.311
v 1918.9 392.628 630.864
l 2719 2720
v 1907.31 389.109 540.685
v 1907.31 389.109 630.864
l 2721 2722
v 1911.63 379.42 540.382
v 1911.63 379.42 630.864
l 2723 2724
v 1912.61 376.195 539.707
v 1912.61 376.195 630.864
l 2725 2726
v 1915.89 367.441 538.027
v 1915.89 367.441 630.864
l 2727 2728
v 1937.66 374.045 536.726
v 1937.66 374.045 630.864
l 2729 2730
v 1932.04 382.095 540.005
v 1932.04 382.095 630.864
l 2731 2732
v 1931.06 385.307 541.087
v 1931.06 385.307 630.864
l 2733 2734
v 1915.57 436.91 527.39
v 1915.57 436.91 634.905
l 2735 2736
v 1905.29 433.775 526.072
v 1905.29 433.775 634.905
l 2737 2738
v 1903.36 433.199 525.811
v 1903.36 433.199 634.905
l 2739 2740
v 1891.76 429.679 524.326
v 1891.76 429.679 634.905
l 2741 2742
v 1896.08 419.978 538.94
v 1896.08 419.978 634.905
l 2743 2744
v 1897.06 416.766 541.974
v 1897.06 416.766 634.905
l 2745 2746
v 1900.34 407.999 543.016
v 1900.34 407.999 634.905
l 2747 2748
v 1922.11 414.616 550.905
v 1922.11 414.616 634.905
l 2749 2750
v 1916.48 422.666 546.071
v 1916.48 422.666 634.905
l 2751 2752
v 1915.51 425.878 541.457
v 1915.51 425.878 634.905
l 2753 2754
v 1845.93 431.701 499.271
v 1845.93 431.701 556.471
l 2755 2756
v 1868.33 444.986 494.717
v 1868.33 444.986 556.471
l 2757 2758
v 1850.16 398.579 519.704
v 1850.16 398.579 543.09
l 2759 2760
v 1849.62 399.962 519.601
v 1849.62 399.962 543.09
l 2761 2762
v 1843.08 397.389 516.827
v 1843.08 397.389 543.09
l 2763 2764
v 1825.29 423.485 498.596
v 1825.29 423.485 532.716
l 2765 2766
v 1827.17 419.082 504.57
v 1827.17 419.082 532.716
l 2767 2768
v 1837.96 423.715 504.593
v 1837.96 423.715 532.716
l 2769 2770
v 1836.07 428.118 498.703
v 1836.07 428.118 532.716
l 2771 2772
v 1835.56 377.987 514.952
v 1835.56 377.987 541.391
l 2773 2774
v 1839.23 369.374 517.484
v 1839.23 369.374 541.391
l 2775 2776
v 1845.99 372.253 519.669
v 1845.99 372.253 541.391
l 2777 2778
v 1842.31 380.867 517.136
v 1842.31 380.867 541.391
l 2779 2780
v 1860.25 351.571 523.859
v 1860.25 351.571 544.42
l 2781 2782
v 1861.5 347.105 544.42
v 1861.5 347.105 523.767
l 2783 2784
v 1862.57 357.113 523.688
v 1862.57 357.113 544.42
l 2785 2786
v 1856.09 356.972 522.143
v 1856.09 356.972 544.42
l 2787 2788
v 1853.2 356.153 521.553
v 1853.2 356.153 544.42
l 2789 2790
v 1850.26 352.442 521.334
v 1850.26 352.442 544.42
l 2791 2792
v 1851.35 348.564 522.11
v 1851.35 348.564 544.42
l 2793 2794
v 1834.98 331.222 519.986
v 1834.98 331.222 541.664
l 2795 2796
v 1830.17 328.688 541.664
v 1830.17 328.688 520.027
l 2797 2798
v 1826.53 335.599 518.537
v 1826.53 335.599 541.664
l 2799 2800
v 1825.45 337.672 518.151
v 1825.45 337.672 541.664
l 2801 2802
v 1828.68 342.472 517.85
v 1828.68 342.472 541.664
l 2803 2804
v 1824.17 340.104 517.698
v 1824.17 340.104 541.664
l 2805 2806
v 1789.05 313.932 547.167
v 1789.05 313.932 521.269
l 2807 2808
v 1798.09 318.411 520.681
v 1798.09 318.411 547.167
l 2809 2810
v 1761.68 297.883 527.558
v 1761.68 297.883 553.804
l 2811 2812
v 1758.69 303.936 525.671
v 1758.69 303.936 553.804
l 2813 2814
v 1715.2 286.838 537.634
v 1715.2 286.838 561.971
l 2815 2816
v 1722 314.29 526.17
v 1722 314.29 554.268
l 2817 2818
v 1719.55 314.047 526.908
v 1719.55 314.047 554.268
l 2819 2820
v 1712.32 344.699 508.54
v 1712.32 344.699 541.425
l 2821 2822
v 1714.54 332.591 515.539
v 1714.54 332.591 541.425
l 2823 2824
v 1723.87 334.306 513.036
v 1723.87 334.306 541.425
l 2825 2826
v 1721.65 346.401 506.582
v 1721.65 346.401 541.425
l 2827 2828
v 1727.33 369.156 529.069
v 1727.33 369.156 491.946
l 2829 2830
v 1753.03 345.492 505.054
v 1753.03 345.492 529.069
l 2831 2832
v 1774.06 353.107 505.965
v 1774.06 353.107 529.069
l 2833 2834
v 1762.34 391.016 485.077
v 1762.34 391.016 529.069
l 2835 2836
v 1708.03 377.091 487.781
v 1708.03 377.091 529.069
l 2837 2838
v 1709.04 374.288 489.638
v 1709.04 374.288 529.069
l 2839 2840
v 1680.98 371.613 493.393
v 1680.98 371.613 542.29
l 2841 2842
v 1665 363.397 500.277
v 1665 363.397 542.29
l 2843 2844
v 1690.05 340.565 514.261
v 1690.05 340.565 542.29
l 2845 2846
v 1645.8 92.435 558.153
v 1645.8 92.435 582.793
l 2847 2848
v 1607.19 227.659 581.979
v 1607.19 227.659 560.996
l 2849 2850
v 1604.13 200.182 561.16
v 1604.13 200.182 581.979
l 2851 2852
v 1625.37 231.742 559.406
v 1625.37 231.742 581.979
l 2853 2854
v 1153.06 361.157 431.206
v 1153.06 361.157 485.881
l 2855 2856
v 1132.55 360.684 431.417
v 1132.55 360.684 485.881
l 2857 2858
v 1129.91 357.036 433.854
v 1129.91 357.036 485.881
l 2859 2860
v 1129.18 345.876 442.221
v 1129.18 345.876 485.881
l 2861 2862
v 1125.53 345.799 441.825
v 1125.53 345.799 485.881
l 2863 2864
v 1108.64 347.373 440.077
v 1108.64 347.373 485.881
l 2865 2866
v 1079.3 346.145 438.095
v 1079.3 346.145 485.881
l 2867 2868
v 1067.62 343.15 439.417
v 1067.62 343.15 485.881
l 2869 2870
v 1058.38 342.932 439.4
v 1058.38 342.932 485.881
l 2871 2872
v 1057.77 354.95 433.316
v 1057.77 354.95 485.881
l 2873 2874
v 1054.77 359.698 431.219
v 1054.77 359.698 485.881
l 2875 2876
v 1035.3 359.25 431.983
v 1035.3 359.25 485.881
l 2877 2878
v 1031.68 354.374 435.823
v 1031.68 354.374 485.881
l 2879 2880
v 1005.49 281.271 482.994
v 1005.49 281.271 511.715
l 2881 2882
v 1004.79 295.49 480.218
v 1004.79 295.49 511.715
l 2883 2884
v 999.179 295.144 482.227
v 999.179 295.144 511.715
l 2885 2886
v 993.824 291.65 484.575
v 993.824 291.65 511.715
l 2887 2888
v 986.21 294.018 487.212
v 986.21 294.018 511.715
l 2889 2890
v 979.698 290.396 490.008
v 979.698 290.396 511.715
l 2891 2892
v 984.73 282.384 488.985
v 984.73 282.384 511.715
l 2893 2894
v 998.867 269.804 486.837
v 998.867 269.804 511.715
l 2895 2896
v 999.891 272.44 486.278
v 999.891 272.44 511.715
l 2897 2898
v 1004.02 234.186 491.692
v 1004.02 234.186 514.185
l 2899 2900
v 1003.01 264.416 486.385
v 1003.01 264.416 514.185
l 2901 2902
v 988.637 248.93 492.85
v 988.637 248.93 514.185
l 2903 2904
v 994.592 243.222 492.405
v 994.592 243.222 514.185
l 2905 2906
v 997.331 240.598 492.044
v 997.331 240.598 514.185
l 2907 2908
v 997.743 224.165 519.88
v 997.743 224.165 494.721
l 2909 2910
v 987.468 234.007 494.879
v 987.468 234.007 519.88
l 2911 2912
v 977.338 222.476 498.246
v 977.338 222.476 519.88
l 2913 2914
v 986.833 213.377 498.146
v 986.833 213.377 519.88
l 2915 2916
v 1355.94 221.094 535.983
v 1355.94 221.094 515.353
l 2917 2918
v 1398.21 239.152 511.758
v 1398.21 239.152 535.983
l 2919 2920
v 1626.16 387.227 482.266
v 1626.16 387.227 520.813
l 2921 2922
v 1588.09 389.621 480.452
v 1588.09 389.621 520.813
l 2923 2924
v 1507.12 409.24 476.993
v 1507.12 409.24 445.788
l 2925 2926
v 1521.65 407.73 450.419
v 1521.65 407.73 476.993
l 2927 2928
v 1508.79 416.331 439.538
v 1508.79 416.331 476.993
l 2929 2930
v 1210.55 279.313 541.427
v 1210.55 279.313 503.517
l 2931 2932
v 1213.02 266.335 508.217
v 1213.02 266.335 541.427
l 2933 2934
v 1232.27 261.152 513.82
v 1232.27 261.152 541.427
l 2935 2936
v 1257.08 305.331 500.05
v 1253.86 304.359 500.902
l 2937 2938
v 1277.39 278.25 509.524
v 1277.39 278.25 532.839
l 2939 2940
v 1285.28 316.786 490.086
v 1285.28 316.786 524.751
l 2941 2942
v 1300.09 307.725 500.648
v 1300.09 307.725 524.751
l 2943 2944
v 1331.22 309.58 501.368
v 1331.22 309.58 529.479
l 2945 2946
v 1329.75 312.997 498.085
v 1329.75 312.997 529.479
l 2947 2948
v 1326.51 320.51 490.102
v 1326.51 320.51 529.479
l 2949 2950
v 1324.67 324.797 485.546
v 1324.67 324.797 529.479
l 2951 2952
v 1317.47 321.687 487.801
v 1317.47 321.687 529.479
l 2953 2954
v 1319.32 317.4 492.357
v 1319.32 317.4 529.479
l 2955 2956
v 1322.56 309.9 500.327
v 1322.56 309.9 529.479
l 2957 2958
v 1324.03 306.483 503.756
v 1324.03 306.483 529.479
l 2959 2960
v 1327.46 298.535 507.678
v 1327.46 298.535 529.479
l 2961 2962
v 1328.51 296.129 508.119
v 1328.51 296.129 529.479
l 2963 2964
v 1335.7 299.227 508.115
v 1335.7 299.227 529.479
l 2965 2966
v 1334.65 301.645 507.672
v 1334.65 301.645 529.479
l 2967 2968
v 1346.16 327.984 484.972
v 1346.16 327.984 518.884
l 2969 2970
v 1346.86 325.399 487.668
v 1346.86 325.399 518.884
l 2971 2972
v 1357.25 328.24 485.842
v 1357.25 328.24 518.884
l 2973 2974
v 1356.55 330.813 483.394
v 1356.55 330.813 518.884
l 2975 2976
v 1409.42 304.115 513.672
v 1407.61 312.102 506.229
l 2977 2978
v 1407.61 312.102 506.229
v 1407.13 314.226 504.303
l 2979 2980
v 1410.86 315.071 504.717
v 1410.86 315.071 538.818
l 2981 2982
v 1439.1 321.457 508.166
v 1439.1 321.457 538.818
l 2983 2984
v 1431.51 319.755 507.156
v 1431.51 319.755 538.818
l 2985 2986
v 1420.41 317.234 505.775
v 1420.41 317.234 538.818
l 2987 2988
v 1507.53 308.109 542.21
v 1507.53 308.109 568.572
l 2989 2990
v 1495.35 305.843 540.386
v 1495.35 305.843 568.572
l 2991 2992
v 1498.58 297.768 543.756
v 1498.58 297.768 568.572
l 2993 2994
v 1500.92 291.906 544.311
v 1500.92 291.906 568.572
l 2995 2996
v 1502.4 288.182 544.662
v 1507.03 290.025 546.266
l 2997 2998
v 1509.93 302.081 547.681
v 1509.93 302.081 568.572
l 2999 3000
v 1514.06 285.929 548.347
v 1514.06 285.929 574.107
l 3001 3002
v 1509.4 284.074 546.751
v 1509.4 284.074 574.107
l 3003 3004
v 1477.42 305.6 562.303
v 1477.42 305.6 534.787
l 3005 3006
v 1486.03 278.404 538.889
v 1486.03 278.404 562.303
l 3007 3008
v 1431.54 285.341 551.705
v 1431.54 285.341 521.486
l 3009 3010
v 1424.62 286.966 519.299
v 1424.62 286.966 551.705
l 3011 3012
v 1435.5 272.875 522.509
v 1435.5 272.875 551.705
l 3013 3014
v 1331.01 254.51 534.931
v 1331.01 254.51 513.762
l 3015 3016
v 1323.4 251.093 514.33
v 1323.4 251.093 534.931
l 3017 3018
v 1532.84 355.296 532.665
v 1532.84 355.296 504.379
l 3019 3020
v 1564.39 370.257 497.844
v 1564.39 370.257 532.665
l 3021 3022
v 1558.88 375.248 491.251
v 1558.88 375.248 532.665
l 3023 3024
v 1564.16 336.585 582.269
v 1564.16 336.585 531.926
l 3025 3026
v 1529.45 326.41 531.6
v 1529.45 326.41 582.269
l 3027 3028
v 1537.89 323.402 537.112
v 1537.89 323.402 582.269
l 3029 3030
v 1547.26 321.137 542.144
v 1547.26 321.137 582.269
l 3031 3032
v 1551.22 299.943 582.398
v 1551.22 299.943 561.233
l 3033 3034
v 1537.5 302.925 556.842
v 1537.5 302.925 582.398
l 3035 3036
v 1537.81 294.376 556.492
v 1537.81 294.376 582.398
l 3037 3038
v 1538.33 290.767 556.475
v 1538.33 290.767 582.398
l 3039 3040
v 1600.32 350.138 518.561
v 1600.32 350.138 565.29
l 3041 3042
v 1598.31 361.068 507.616
v 1598.31 361.068 565.29
l 3043 3044
v 1579.24 355.539 514.902
v 1579.24 355.539 565.29
l 3045 3046
v 1568.73 342.433 527.32
v 1568.73 342.433 565.29
l 3047 3048
v 1707.98 1746.27 447.671
v 1707.98 1746.27 469.062
l 3049 3050
v 1715.65 1774.81 447.109
v 1715.65 1774.81 469.062
l 3051 3052
v 1707.63 1767.63 448.015
v 1707.63 1767.63 469.062
l 3053 3054
v 1704.58 1757.86 448.261
v 1704.58 1757.86 469.062
l 3055 3056
v 1869.08 1950.52 393.002
v 1859.89 1948.61 394.602
l 3057 3058
v 1859.89 1948.61 394.602
v 1859.44 1948.52 394.679
l 3059 3060
v 1853.69 1947.33 395.68
v 1845.51 1945.63 397.103
l 3061 3062
v 1856.52 1962.66 395.395
v 1856.52 1962.66 418.331
l 3063 3064
v 1850.76 1961.47 396.531
v 1850.76 1961.47 418.331
l 3065 3066
v 1852.78 1951.77 395.789
v 1852.78 1951.77 418.331
l 3067 3068
v 1858.52 1952.96 394.762
v 1858.52 1952.96 418.331
l 3069 3070
v 1910.7 1832.84 405.424
v 1910.7 1832.84 428.27
l 3071 3072
v 1914.58 1835.18 404.239
v 1914.58 1835.18 428.27
l 3073 3074
v 1909.14 1844.2 403.072
v 1909.14 1844.2 428.27
l 3075 3076
v 1905.26 1841.87 404.253
v 1905.26 1841.87 428.27
l 3077 3078
v 1902.54 1845.01 403.928
v 1895.11 1840.53 406.187
l 3079 3080
v 1895.04 1857.44 426.187
v 1895.04 1857.44 402.153
l 3081 3082
v 1900.53 1848.34 403.427
v 1900.53 1848.34 426.187
l 3083 3084
v 1902.54 1861.95 399.942
v 1902.54 1861.95 426.187
l 3085 3086
v 1887.88 1867.95 400.741
v 1887.88 1867.95 423.165
l 3087 3088
v 1893.3 1871.21 399.147
v 1893.3 1871.21 423.165
l 3089 3090
v 1887.95 1880.08 397.763
v 1887.95 1880.08 423.165
l 3091 3092
v 1882.53 1876.82 399.353
v 1882.53 1876.82 423.165
l 3093 3094
v 1879.11 1882.49 398.506
v 1871.96 1878.17 400.594
l 3095 3096
v 1847.23 1818.78 419.336
v 1847.23 1818.78 443.557
l 3097 3098
v 1841.12 1839.71 415.012
v 1841.12 1839.71 438.249
l 3099 3100
v 1847.41 1761.23 424.944
v 1864.02 1764.83 422.052
l 3101 3102
v 1903.88 1760.95 414.843
v 1882.68 1756.36 418.522
l 3103 3104
v 1901.28 1773 415.612
v 1880.06 1768.4 419.28
l 3105 3106
v 1895.21 1804.97 414.631
v 1873.18 1800.2 419.522
l 3107 3108
v 1943.64 1754.76 400.719
v 1943.64 1754.76 429.575
l 3109 3110
v 1941.8 1749.06 401.417
v 1941.8 1749.06 429.575
l 3111 3112
v 1942.57 1745.12 401.02
v 1942.57 1745.12 429.575
l 3113 3114
v 1938.27 1778.62 403.578
v 1938.27 1778.62 432.846
l 3115 3116
v 1937.76 1781.23 403.873
v 1937.76 1781.23 432.846
l 3117 3118
v 1932.95 1783.42 406.089
v 1932.95 1783.42 432.846
l 3119 3120
v 1927.15 1782.29 408.662
v 1927.15 1782.29 432.846
l 3121 3122
v 1926.5 1785.62 409.039
v 1917.92 1783.94 412.846
l 3123 3124
v 1928.82 1773.71 407.687
v 1928.82 1773.71 432.846
l 3125 3126
v 1935.41 1774.99 404.784
v 1935.41 1774.99 432.846
l 3127 3128
v 1936.58 1769.02 404.172
v 1936.58 1769.02 432.846
l 3129 3130
v 1936.3 1766.16 404.249
v 1936.3 1766.16 432.846
l 3131 3132
v 1913.3 1807.67 410.816
v 1913.3 1807.67 433.629
l 3133 3134
v 1917.34 1786.91 413.109
v 1917.34 1786.91 433.629
l 3135 3136
v 1926.38 1788.68 409.174
v 1926.38 1788.68 433.629
l 3137 3138
v 1934.23 1798.76 404.865
v 1934.23 1798.76 433.629
l 3139 3140
v 1933.39 1803 404.453
v 1933.39 1803 433.629
l 3141 3142
v 1929 1810.73 404.579
v 1929 1810.73 433.629
l 3143 3144
v 1922.34 1809.42 407.67
v 1922.34 1809.42 433.629
l 3145 3146
v 1605.88 1900.42 459.162
v 1605.88 1900.42 484.512
l 3147 3148
v 1601.08 1900.16 460.763
v 1601.08 1900.16 484.512
l 3149 3150
v 1601.92 1893.66 460.572
v 1601.92 1893.66 484.512
l 3151 3152
v 1602.23 1889.08 460.644
v 1602.23 1889.08 484.512
l 3153 3154
v 1597.93 1888.1 461.946
v 1597.93 1888.1 484.512
l 3155 3156
v 1601.51 1872.37 460.825
v 1601.51 1872.37 484.512
l 3157 3158
v 1605.11 1873.19 459.801
v 1605.11 1873.19 484.512
l 3159 3160
v 1609.92 1867.56 458.763
v 1609.92 1867.56 484.512
l 3161 3162
v 1610.08 1862.4 458.91
v 1610.08 1862.4 484.512
l 3163 3164
v 1626.34 1881.58 453.65
v 1626.34 1881.58 484.512
l 3165 3166
v 1624.73 1888.69 453.567
v 1624.73 1888.69 484.512
l 3167 3168
v 1698.37 1820.74 444.111
v 1698.37 1820.74 466.296
l 3169 3170
v 1707.65 1848.49 436.592
v 1707.65 1848.49 466.296
l 3171 3172
v 1696.42 1840.13 440.633
v 1696.42 1840.13 466.296
l 3173 3174
v 1693.86 1832.37 442.691
v 1693.86 1832.37 466.296
l 3175 3176
v 1754.66 1934.35 412.356
v 1754.66 1934.35 437.372
l 3177 3178
v 1774.37 1947.27 410.233
v 1774.37 1947.27 437.372
l 3179 3180
v 1765.6 1950.12 411.971
v 1765.6 1950.12 437.372
l 3181 3182
v 1762.5 1951.13 412.727
v 1762.5 1951.13 437.372
l 3183 3184
v 1712.2 1916.87 423.248
v 1712.2 1916.87 453.442
l 3185 3186
v 1704.86 1919.55 426.126
v 1704.86 1919.55 453.442
l 3187 3188
v 1701.98 1920.6 427.254
v 1701.98 1920.6 453.442
l 3189 3190
v 1690.11 1917.01 430.972
v 1690.11 1917.01 453.442
l 3191 3192
v 1694.45 1910.3 428.597
v 1694.45 1910.3 453.442
l 3193 3194
v 1697.49 1902.2 428.288
v 1697.49 1902.2 453.442
l 3195 3196
v 1709.45 1898.72 425.089
v 1709.45 1898.72 453.442
l 3197 3198
v 1791.93 1855.79 418.5
v 1791.93 1855.79 449.808
l 3199 3200
v 1782.02 1860.87 418.621
v 1782.02 1860.87 449.808
l 3201 3202
v 1777.68 1862.19 418.939
v 1777.68 1862.19 449.808
l 3203 3204
v 1816.85 1727.14 429.758
v 1816.85 1727.14 452
l 3205 3206
v 1807.97 1734.87 431.497
v 1804.46 1724.1 431.941
l 3207 3208
v 1809.28 1720.94 431.014
v 1809.28 1720.94 452
l 3209 3210
v 1800.67 1725.33 432.648
v 1800.67 1725.33 459.682
l 3211 3212
v 1811.48 1757.29 431.301
v 1811.48 1757.29 456.224
l 3213 3214
v 1809.97 1761.84 431.649
v 1809.97 1761.84 456.224
l 3215 3216
v 1803.87 1756.74 432.649
v 1803.87 1756.74 456.224
l 3217 3218
v 1801.02 1747.96 433.004
v 1801.02 1747.96 456.224
l 3219 3220
v 1801.02 1747.96 433.004
v 1785.77 1752.93 435.819
l 3221 3222
v 1801.85 1757.39 433.022
v 1801.85 1757.39 458.689
l 3223 3224
v 1807.84 1775.79 432.306
v 1807.84 1775.79 458.689
l 3225 3226
v 1797.75 1784.7 434.25
v 1797.75 1784.7 458.689
l 3227 3228
v 1791.73 1786.65 435.348
v 1791.73 1786.65 458.689
l 3229 3230
v 1780.78 1779.28 437.168
v 1780.78 1779.28 458.689
l 3231 3232
v 1777.68 1769.76 437.554
v 1777.68 1769.76 458.689
l 3233 3234
v 1782.11 1759.99 436.604
v 1782.11 1759.99 458.689
l 3235 3236
v 1787.5 1758.24 435.601
v 1787.5 1758.24 458.689
l 3237 3238
v -1661.41 1480.17 497.179
v -1661.41 1480.17 452.593
l 3239 3240
v -1656.64 1472.25 444.511
v -1656.64 1472.25 497.179
l 3241 3242
v -1642.98 1472.11 442.063
v -1642.98 1472.11 497.179
l 3243 3244
v -1639.62 1480.17 448.566
v -1639.62 1480.17 497.179
l 3245 3246
v -1641.94 1506 471.815
v -1641.94 1506 497.179
l 3247 3248
v -1658.28 1505.85 475.048
v -1658.28 1505.85 497.179
l 3249 3250
v -1583.87 1594.01 520.706
v -1583.87 1594.01 559.776
l 3251 3252
v -1583.92 1609.85 528.041
v -1583.92 1609.85 559.776
l 3253 3254
v -1612.51 1609.76 532.768
v -1612.51 1609.76 559.776
l 3255 3256
v -1612.47 1593.92 526.663
v -1612.47 1593.92 559.776
l 3257 3258
v -1423.85 1614.09 500.983
v -1423.85 1614.09 532.76
l 3259 3260
v -1426.34 1623.78 505.999
v -1426.34 1623.78 532.76
l 3261 3262
v -1399.67 1524.48 485.503
v -1399.67 1524.48 447.573
l 3263 3264
v -1415.31 1543.96 462.533
v -1415.31 1543.96 485.503
l 3265 3266
v -1427.95 1534.26 457.502
v -1427.95 1534.26 485.503
l 3267 3268
v -1412.36 1513.36 441.375
v -1412.36 1513.36 485.503
l 3269 3270
v -1457 1562.16 480.797
v -1457 1562.16 509.707
l 3271 3272
v -1447.95 1562.11 479.5
v -1447.95 1562.11 509.707
l 3273 3274
v -1446.87 1567.53 482.538
v -1446.87 1567.53 509.707
l 3275 3276
v -1483.66 1540.21 468.344
v -1483.66 1540.21 509.707
l 3277 3278
v -1484.23 1511.81 447.512
v -1484.23 1511.81 509.707
l 3279 3280
v -1473.33 1519.94 452.294
v -1473.33 1519.94 509.707
l 3281 3282
v -1473.51 1526.94 457.439
v -1473.51 1526.94 509.707
l 3283 3284
v -1477.89 1531.07 460.979
v -1477.89 1531.07 509.707
l 3285 3286
v -1478.09 1538.57 466.471
v -1478.09 1538.57 509.707
l 3287 3288
v -1473.98 1544.27 470.067
v -1473.98 1544.27 509.707
l 3289 3290
v -1469.99 1544.77 469.876
v -1469.99 1544.77 509.707
l 3291 3292
v -1467.86 1552.76 475.425
v -1467.86 1552.76 509.707
l 3293 3294
v -1422.21 1466.04 409.742
v -1443.67 1468.05 412.562
l 3295 3296
v -1443.67 1468.05 412.562
v -1461.76 1473.41 417.643
l 3297 3298
v 694.241 -467.26 581.863
v 694.241 -467.26 556.2
l 3299 3300
v 678.501 -457.905 558.675
v 678.501 -457.905 581.863
l 3301 3302
v 729.307 -303.119 614.125
v 729.307 -303.119 592.94
l 3303 3304
v 731.678 -313.204 591.532
v 731.678 -313.204 614.125
l 3305 3306
v 739.827 -316.787 589.376
v 739.827 -316.787 614.125
l 3307 3308
v 749.434 -309.032 587.818
v 749.434 -309.032 614.125
l 3309 3310
v 751.248 -307.112 587.561
v 751.248 -307.112 614.125
l 3311 3312
v 755.545 -298.998 587.243
v 755.545 -298.998 614.125
l 3313 3314
v 753.619 -290.027 588.417
v 753.619 -290.027 614.125
l 3315 3316
v 743.812 -287.788 590.86
v 743.812 -287.788 614.125
l 3317 3318
v 720.546 -280.57 596.866
v 716.361 -284.857 597.476
l 3319 3320
v 718.13 -286.585 596.916
v 718.13 -286.585 617.476
l 3321 3322
v 714.301 -290.526 597.472
v 710.628 -294.289 596.418
l 3323 3324
v 719.444 -295.543 595.847
v 719.444 -295.543 617.476
l 3325 3326
v 677.788 -262.756 607.759
v 677.788 -262.756 584.457
l 3327 3328
v 680.939 -259.518 584.214
v 680.939 -259.518 607.759
l 3329 3330
v 683.276 -257.112 584.032
v 683.276 -257.112 607.759
l 3331 3332
v 675.373 -265.251 584.648
v 675.373 -265.251 607.759
l 3333 3334
v 685.269 -273.902 615.431
v 685.269 -273.902 589.843
l 3335 3336
v 688.887 -277.422 591.041
v 688.887 -277.422 615.431
l 3337 3338
v 691.046 -275.195 591.768
v 691.046 -275.195 615.431
l 3339 3340
v 699.774 -283.68 594.297
v 702.69 -280.685 595.366
l 3341 3342
v 693.963 -272.2 592.75
v 693.963 -272.2 615.431
l 3343 3344
v 696.735 -269.346 593.392
v 696.735 -269.346 615.431
l 3345 3346
v 693.117 -265.827 590.627
v 693.117 -265.827 615.431
l 3347 3348
v 690.345 -268.681 590.964
v 690.345 -268.681 615.431
l 3349 3350
v 687.429 -271.675 590.57
v 687.429 -271.675 615.431
l 3351 3352
v 701.967 -285.83 594.725
v 701.967 -285.83 617.881
l 3353 3354
v 699.685 -288.172 593.889
v 699.685 -288.172 617.881
l 3355 3356
v 703.904 -292.267 594.716
v 703.904 -292.267 617.881
l 3357 3358
v 706.164 -289.938 595.544
v 706.164 -289.938 617.881
l 3359 3360
v 709.837 -286.175 596.89
v 709.837 -286.175 617.881
l 3361 3362
v 712.542 -283.398 597.881
v 712.542 -283.398 617.881
l 3363 3364
v 708.323 -279.303 597.055
v 708.323 -279.303 617.881
l 3365 3366
v 705.64 -282.054 596.072
v 705.64 -282.054 617.881
l 3367 3368
v 1045.6 -597.793 532.358
v 1045.6 -597.793 510.882
l 3369 3370
v 1042.58 -601.261 510.732
v 1042.58 -601.261 532.358
l 3371 3372
v 888.349 -491.652 564.312
v 888.349 -491.652 541.654
l 3373 3374
v 905.659 -496.003 538.824
v 905.659 -496.003 564.312
l 3375 3376
v 894.973 -467.068 543.138
v 894.973 -467.068 564.312
l 3377 3378
v 881.236 -479.75 543.108
v 881.236 -479.75 564.312
l 3379 3380
v 811.071 -196.246 559.393
v 811.071 -196.246 613.937
l 3381 3382
v 803.557 -235.253 569.769
v 803.557 -235.253 613.937
l 3383 3384
v 775.549 -237.314 574.924
v 775.549 -237.314 613.937
l 3385 3386
v 742.543 -247.91 584.597
v 742.543 -247.91 613.937
l 3387 3388
v 758.072 -242.382 579.37
v 758.072 -242.382 613.937
l 3389 3390
v 716.572 -331.658 593.447
v 716.572 -331.658 614.564
l 3391 3392
v 702.902 -319.116 592.741
v 702.902 -319.116 614.564
l 3393 3394
v 689.766 -333.449 589.084
v 689.766 -333.449 614.564
l 3395 3396
v 703.436 -345.991 591.133
v 703.436 -345.991 614.564
l 3397 3398
v 710.861 -379.15 589.712
v 710.861 -379.15 610.836
l 3399 3400
v 714.535 -384.665 589.387
v 714.535 -384.665 610.836
l 3401 3402
v 906.227 -315.059 555.885
v 914.977 -309.416 556.174
l 3403 3404
v 911.348 -372.264 551.194
v 915.411 -369.654 551.227
l 3405 3406
v 922.591 -351.814 552.366
v 922.591 -351.814 573.514
l 3407 3408
v 916.09 -341.461 553.503
v 916.09 -341.461 574.831
l 3409 3410
v 913.685 -324.107 554.92
v 913.685 -324.107 576.174
l 3411 3412
v 916.001 -316.441 555.536
v 916.001 -316.441 576.174
l 3413 3414
v 885.21 -374.952 552.122
v 880.991 -377.665 552.873
l 3415 3416
v 889.084 -380.954 551.476
v 889.084 -380.954 572.873
l 3417 3418
v 750.814 -389.298 579.572
v 750.814 -389.298 601.81
l 3419 3420
v 748.098 -391.115 579.468
v 748.098 -391.115 601.81
l 3421 3422
v 751.359 -396.004 577.373
v 751.359 -396.004 601.81
l 3423 3424
v 754.076 -394.187 577.476
v 754.076 -394.187 601.81
l 3425 3426
v 758.45 -391.269 577.553
v 758.45 -391.269 601.81
l 3427 3428
v 761.656 -389.132 577.511
v 761.656 -389.132 601.81
l 3429 3430
v 758.395 -384.243 579.673
v 758.395 -384.243 601.81
l 3431 3432
v 755.189 -386.38 579.735
v 755.189 -386.38 601.81
l 3433 3434
v 752.595 -384.422 580.95
v 749.111 -386.751 580.889
l 3435 3436
v 762.157 -406.319 572.005
v 762.157 -406.319 594.52
l 3437 3438
v 759.475 -408.11 572.039
v 759.475 -408.11 594.52
l 3439 3440
v 761.701 -411.45 570.604
v 761.701 -411.45 594.52
l 3441 3442
v 764.395 -409.659 570.568
v 764.395 -409.659 594.52
l 3443 3444
v 769.449 -406.28 570.505
v 769.449 -406.28 594.52
l 3445 3446
v 771.697 -404.783 570.475
v 771.697 -404.783 594.52
l 3447 3448
v 769.46 -401.443 571.912
v 769.46 -401.443 594.52
l 3449 3450
v 767.222 -402.94 571.939
v 767.222 -402.94 594.52
l 3451 3452
v 782.362 -419.078 564.797
v 782.362 -419.078 588.287
l 3453 3454
v 778.811 -421.432 588.287
v 778.811 -421.432 564.669
l 3455 3456
v 779.623 -414.97 566.558
v 779.623 -414.97 588.287
l 3457 3458
v 776.083 -417.337 566.424
v 776.083 -417.337 588.287
l 3459 3460
v 771.53 -420.37 566.254
v 771.53 -420.37 588.287
l 3461 3462
v 769.293 -421.868 566.169
v 769.293 -421.868 588.287
l 3463 3464
v 772.031 -425.963 564.413
v 772.031 -425.963 588.287
l 3465 3466
v 774.269 -424.465 564.498
v 774.269 -424.465 588.287
l 3467 3468
v 736.977 -374.133 607.371
v 736.977 -374.133 585.257
l 3469 3470
v 739.782 -378.343 584.292
v 739.782 -378.343 607.371
l 3471 3472
v 742.365 -376.616 583.858
v 742.365 -376.616 607.371
l 3473 3474
v 745.838 -374.299 583.274
v 745.838 -374.299 607.371
l 3475 3476
v 749.155 -372.098 582.716
v 749.155 -372.098 607.371
l 3477 3478
v 746.35 -367.888 583.681
v 746.35 -367.888 607.371
l 3479 3480
v 743.044 -370.089 584.237
v 743.044 -370.089 607.371
l 3481 3482
v 739.56 -372.418 584.822
v 739.56 -372.418 607.371
l 3483 3484
v 732.001 -361.681 611.456
v 732.001 -361.681 587.419
l 3485 3486
v 735.763 -359.173 586.787
v 735.763 -359.173 611.456
l 3487 3488
v 738.547 -357.317 586.319
v 738.547 -357.317 611.456
l 3489 3490
v 729.107 -363.601 587.907
v 729.107 -363.601 611.456
l 3491 3492
v 493.076 -472.648 553.626
v 493.076 -472.648 578.386
l 3493 3494
v 487.098 -472.789 578.386
v 487.098 -472.789 554.632
l 3495 3496
v 497.929 -472.533 552.645
v 497.929 -472.533 578.386
l 3497 3498
v 503.228 -472.418 551.699
v 503.228 -472.418 578.386
l 3499 3500
v 508.082 -472.302 550.896
v 508.082 -472.302 578.386
l 3501 3502
v 516.375 -472.11 549.523
v 516.375 -472.11 578.386
l 3503 3504
v 521.229 -471.995 548.72
v 521.229 -471.995 578.386
l 3505 3506
v 521.028 -463.383 551.05
v 521.028 -463.383 578.386
l 3507 3508
v 516.175 -463.485 551.842
v 516.175 -463.485 578.386
l 3509 3510
v 507.881 -463.677 553.083
v 507.881 -463.677 578.386
l 3511 3512
v 503.028 -463.792 553.488
v 503.028 -463.792 578.386
l 3513 3514
v 497.729 -463.92 554.014
v 497.729 -463.92 578.386
l 3515 3516
v 492.876 -464.035 554.818
v 492.876 -464.035 578.386
l 3517 3518
v 486.898 -464.163 555.809
v 486.898 -464.163 578.386
l 3519 3520
v 482.044 -464.278 556.612
v 482.044 -464.278 578.386
l 3521 3522
v 477.513 -464.381 557.362
v 477.513 -464.381 578.386
l 3523 3524
v 472.66 -464.496 558.165
v 472.66 -464.496 578.386
l 3525 3526
v 472.86 -473.121 557.029
v 472.86 -473.121 578.386
l 3527 3528
v 477.714 -473.006 556.212
v 477.714 -473.006 578.386
l 3529 3530
v 482.245 -472.904 555.449
v 482.245 -472.904 578.386
l 3531 3532
v 702.523 -849.22 538.037
v 702.523 -849.22 560.531
l 3533 3534
v 700.854 -846.596 539.456
v 700.854 -846.596 560.531
l 3535 3536
v 685.948 -856.13 535.416
v 685.948 -856.13 560.531
l 3537 3538
v 687.618 -858.741 534.003
v 687.618 -858.741 560.531
l 3539 3540
v 709.859 -860.967 531.641
v 709.859 -860.967 560.531
l 3541 3542
v 659.042 -810.048 541.452
v 659.042 -810.048 563.122
l 3543 3544
v 686.56 -753.497 557.585
v 686.56 -753.497 537.158
l 3545 3546
v 689.477 -754.905 537.115
v 703.481 -761.7 536.943
l 3547 3548
v 707.655 -745.845 535.987
v 707.655 -745.845 557.585
l 3549 3550
v 698.728 -741.545 536.119
v 698.728 -741.545 557.585
l 3551 3552
v 695.8 -740.124 536.158
v 695.8 -740.124 557.585
l 3553 3554
v 691.147 -734.801 536.015
v 691.147 -734.801 557.585
l 3555 3556
v 686.249 -789.688 560.481
v 686.249 -789.688 539.083
l 3557 3558
v 697.993 -814.079 539.803
v 697.993 -814.079 560.481
l 3559 3560
v 701.388 -807.181 539.307
v 701.388 -807.181 560.481
l 3561 3562
v 702.446 -805.031 539.153
v 702.446 -805.031 560.481
l 3563 3564
v 699.952 -796.47 538.86
v 699.952 -796.47 560.481
l 3565 3566
v 698.227 -795.625 538.898
v 698.227 -795.625 560.481
l 3567 3568
v 693.996 -779.232 538.216
v 693.996 -779.232 560.481
l 3569 3570
v 694.564 -778.068 538.135
v 694.564 -778.068 560.481
l 3571 3572
v 688.33 -774.625 538.238
v 688.33 -774.625 560.481
l 3573 3574
v 687.417 -776.481 538.367
v 687.417 -776.481 560.481
l 3575 3576
v 415.063 -664.314 584.991
v 415.063 -664.314 606.029
l 3577 3578
v 369.177 -676.625 601.3
v 369.177 -676.625 624.786
l 3579 3580
v 365.593 -676.688 601.607
v 365.593 -676.688 624.786
l 3581 3582
v 360.806 -684.495 601.135
v 360.806 -684.495 624.786
l 3583 3584
v 360.884 -688.974 600.616
v 360.884 -688.974 624.786
l 3585 3586
v 349.507 -698.495 600.526
v 349.507 -698.495 624.786
l 3587 3588
v 356.576 -704.164 599.052
v 356.576 -704.164 624.786
l 3589 3590
v 361.307 -704.087 598.649
v 361.307 -704.087 624.786
l 3591 3592
v 370.469 -703.921 597.881
v 370.469 -703.921 624.786
l 3593 3594
v 377.727 -698.009 595.928
v 377.727 -698.009 624.786
l 3595 3596
v 384.684 -697.881 593.504
v 384.684 -697.881 624.786
l 3597 3598
v 384.851 -707.146 592.484
v 384.851 -707.146 624.786
l 3599 3600
v 389.538 -715.618 589.885
v 389.538 -715.618 624.786
l 3601 3602
v 407.716 -715.31 584.124
v 407.716 -715.31 624.786
l 3603 3604
v 407.571 -706.749 584.744
v 407.571 -706.749 624.786
l 3605 3606
v 407.416 -697.484 585.584
v 407.416 -697.484 624.786
l 3607 3608
v 372.639 -688.769 598.765
v 372.639 -688.769 624.786
l 3609 3610
v 372.561 -684.29 599.306
v 372.561 -684.29 624.786
l 3611 3612
v 403.274 -761.24 575.049
v 403.274 -761.24 619.728
l 3613 3614
v 330.16 -721.056 598.617
v 330.16 -721.056 619.728
l 3615 3616
v 339.232 -742.709 592.395
v 339.232 -742.709 619.728
l 3617 3618
v 360.862 -750.989 587.759
v 360.862 -750.989 619.728
l 3619 3620
v 364.502 -752.934 586.727
v 364.502 -752.934 619.728
l 3621 3622
v 372.784 -760.6 582.699
v 372.784 -760.6 619.728
l 3623 3624
v 380.521 -761.483 580.49
v 380.521 -761.483 619.728
l 3625 3626
v 383.738 -763.197 579.072
v 383.738 -763.197 619.728
l 3627 3628
v 278.107 -829.845 572.586
v 286.612 -817.7 574.596
l 3629 3630
v 293.135 -829.653 597.544
v 293.135 -829.653 570.287
l 3631 3632
v 309.911 -843.934 563.023
v 309.911 -843.934 597.544
l 3633 3634
v 306.76 -839.199 565.117
v 306.76 -839.199 597.544
l 3635 3636
v 589.991 -921.344 507.94
v 589.991 -921.344 544.313
l 3637 3638
v 592.05 -925.157 505.91
v 592.05 -925.157 544.313
l 3639 3640
v 599.92 -920.909 507.581
v 599.92 -920.909 544.313
l 3641 3642
v 597.872 -917.095 509.614
v 597.872 -917.095 544.313
l 3643 3644
v 544.684 -928.062 507.27
v 544.684 -928.062 530.432
l 3645 3646
v 555.426 -937.417 501.972
v 555.426 -937.417 530.432
l 3647 3648
v 555.47 -944.237 498.576
v 555.47 -944.237 530.432
l 3649 3650
v 567.983 -954.974 492.442
v 567.983 -954.974 530.432
l 3651 3652
v 639.828 -690.151 533.38
v 639.828 -690.151 554.952
l 3653 3654
v 633.606 -688.999 533.57
v 633.606 -688.999 554.952
l 3655 3656
v 627.806 -687.924 533.747
v 627.806 -687.924 554.952
l 3657 3658
v 621.884 -686.837 533.883
v 621.884 -686.837 554.952
l 3659 3660
v 652.229 -692.442 533.104
v 652.229 -692.442 554.952
l 3661 3662
v 645.049 -691.111 533.251
v 645.049 -691.111 554.952
l 3663 3664
v 602.614 -660.308 553.087
v 602.614 -660.308 532.257
l 3665 3666
v 613.345 -661.844 531.884
v 613.345 -661.844 553.087
l 3667 3668
v 616.151 -662.24 531.786
v 616.151 -662.24 553.087
l 3669 3670
v 627.772 -663.904 531.382
v 627.772 -663.904 553.087
l 3671 3672
v 630.823 -664.339 531.252
v 630.823 -664.339 553.087
l 3673 3674
v 638.426 -665.44 530.944
v 638.426 -665.44 553.087
l 3675 3676
v 641.109 -665.824 530.855
v 641.109 -665.824 553.087
l 3677 3678
v 648.99 -666.95 530.594
v 648.99 -666.95 553.087
l 3679 3680
v 652.608 -667.462 530.474
v 652.608 -667.462 553.087
l 3681 3682
v 595.946 -659.348 532.542
v 595.946 -659.348 553.087
l 3683 3684
v 649.747 -790.148 540.715
v 649.747 -790.148 561.483
l 3685 3686
v 660.333 -786.232 540.01
v 660.333 -786.232 561.483
l 3687 3688
v 657.862 -776.724 539.583
v 657.862 -776.724 561.483
l 3689 3690
v 645.149 -781.421 540.394
v 645.149 -781.421 561.483
l 3691 3692
v 577.679 -770.466 542.456
v 577.679 -770.466 564.514
l 3693 3694
v 719.756 -679.785 528.194
v 719.756 -679.785 549.633
l 3695 3696
v 775.916 -817.905 555.516
v 775.916 -817.905 530.986
l 3697 3698
v 768.013 -811.148 531.369
v 768.013 -811.148 555.516
l 3699 3700
v 767.189 -807.22 531.033
v 767.189 -807.22 555.516
l 3701 3702
v 774.536 -798.697 529.17
v 774.536 -798.697 555.516
l 3703 3704
v 746.261 -804.379 533.851
v 746.261 -804.379 555.516
l 3705 3706
v 747.73 -811.327 534.229
v 747.73 -811.327 555.516
l 3707 3708
v 748.565 -815.269 534.421
v 748.565 -815.269 555.516
l 3709 3710
v 748.766 -823.651 534.927
v 748.766 -823.651 555.516
l 3711 3712
v 760.398 -824.534 533.62
v 760.398 -824.534 555.516
l 3713 3714
v 767.055 -823.126 532.609
v 767.055 -823.126 555.516
l 3715 3716
v 788.462 -864.614 519.158
v 788.462 -864.614 550.071
l 3717 3718
v 787.906 -861.889 520.957
v 787.906 -861.889 550.071
l 3719 3720
v 708.357 -881.942 521.033
v 708.357 -881.942 542.816
l 3721 3722
v 365.971 -1017.63 532.18
v 365.971 -1017.63 510.35
l 3723 3724
v 364.457 -1022 508.554
v 364.457 -1022 532.18
l 3725 3726
v 364.491 -1023.89 507.975
v 364.491 -1023.89 532.18
l 3727 3728
v 360.071 -1030.34 504.773
v 360.071 -1030.34 532.18
l 3729 3730
v 369.879 -1036.39 505.48
v 369.879 -1036.39 532.18
l 3731 3732
v 374.298 -1030.1 506.958
v 374.298 -1030.1 532.18
l 3733 3734
v 379.563 -1030.03 506.406
v 379.563 -1030.03 532.18
l 3735 3736
v 391.419 -1029.84 505.199
v 391.419 -1029.84 532.18
l 3737 3738
v 390.606 -1023.48 507.245
v 390.606 -1023.48 532.18
l 3739 3740
v 383.315 -1023.59 508.006
v 383.315 -1023.59 532.18
l 3741 3742
v 375.545 -1023.71 508.819
v 375.545 -1023.71 532.18
l 3743 3744
v 513.503 -1083.79 486.533
v 513.503 -1083.79 514.184
l 3745 3746
v 519.703 -1073.59 493.355
v 519.703 -1073.59 514.184
l 3747 3748
v 512.835 -1068.25 493.978
v 512.835 -1068.25 514.184
l 3749 3750
v 502.482 -1077.09 491.026
v 502.482 -1077.09 514.184
l 3751 3752
v 604.039 -1005.2 482.353
v 604.039 -1005.2 595.227
l 3753 3754
v 622.808 -990.575 595.227
v 622.808 -990.575 481.48
l 3755 3756
v 624.956 -1032.05 472.572
v 624.956 -1032.05 595.227
l 3757 3758
v 632.225 -1012.28 475.304
v 632.225 -1012.28 595.227
l 3759 3760
v 629.387 -997.639 478.748
v 629.387 -997.639 595.227
l 3761 3762
v 628.374 -988.771 480.738
v 628.374 -988.771 595.227
l 3763 3764
v 563.396 -1068.85 486.642
v 563.396 -1068.85 514.327
l 3765 3766
v 566.313 -1065.36 485.945
v 566.313 -1065.36 514.327
l 3767 3768
v 571.99 -1058.55 484.588
v 571.99 -1058.55 514.327
l 3769 3770
v 575.63 -1054.18 483.719
v 575.63 -1054.18 514.327
l 3771 3772
v 512.679 -1010.64 519.812
v 512.679 -1010.64 496.411
l 3773 3774
v 499.054 -1002.8 498.798
v 499.054 -1002.8 519.812
l 3775 3776
v 486.519 -978.853 502.493
v 486.519 -978.853 523.547
l 3777 3778
v 514.895 -983.524 497.286
v 514.895 -983.524 523.547
l 3779 3780
v 462.129 -942.075 546.49
v 462.129 -942.075 515.733
l 3781 3782
v 464.445 -946.579 513.777
v 464.445 -946.579 546.49
l 3783 3784
v 470.445 -946.362 512.847
v 470.445 -946.362 546.49
l 3785 3786
v 472.237 -939.72 514.858
v 472.237 -939.72 546.49
l 3787 3788
v 472.148 -937.314 515.71
v 472.148 -937.314 546.49
l 3789 3790
v 482.022 -936.956 514.179
v 482.022 -936.956 546.49
l 3791 3792
v 503.662 -936.162 510.312
v 503.662 -936.162 546.49
l 3793 3794
v 516.074 -935.356 508.572
v 516.074 -935.356 546.49
l 3795 3796
v 518.535 -935.267 508.198
v 518.535 -935.267 546.49
l 3797 3798
v 518.768 -941.64 505.465
v 518.768 -941.64 546.49
l 3799 3800
v 529.11 -938.965 504.767
v 529.11 -938.965 546.49
l 3801 3802
v 518.379 -930.967 510.041
v 518.379 -930.967 546.49
l 3803 3804
v 515.919 -931.057 510.416
v 515.919 -931.057 546.49
l 3805 3806
v 461.506 -925.195 521.997
v 461.506 -925.195 546.49
l 3807 3808
v 449.027 -925.643 523.647
v 449.027 -925.643 546.49
l 3809 3810
v 443.528 -935.983 521.473
v 443.528 -935.983 546.49
l 3811 3812
v 453.212 -935.702 519.572
v 453.212 -935.702 546.49
l 3813 3814
v 461.884 -935.395 518.099
v 461.884 -935.395 546.49
l 3815 3816
v 575.552 -863.22 537.851
v 575.552 -863.22 566.908
l 3817 3818
v 565.534 -869.324 535.35
v 565.534 -869.324 566.908
l 3819 3820
v 555.081 -875.709 532.744
v 555.081 -875.709 566.908
l 3821 3822
v 559.344 -882.684 529.039
v 559.344 -882.684 566.908
l 3823 3824
v 569.786 -876.298 531.637
v 569.786 -876.298 566.908
l 3825 3826
v 579.805 -870.194 534.124
v 579.805 -870.194 566.908
l 3827 3828
v 591.115 -863.284 536.97
v 591.115 -863.284 566.908
l 3829 3830
v 597.137 -859.611 538.488
v 597.137 -859.611 566.908
l 3831 3832
v 610.195 -851.638 541.783
v 610.195 -851.638 566.908
l 3833 3834
v 607.546 -843.691 545.903
v 607.546 -843.691 566.908
l 3835 3836
v 596.692 -850.32 543.163
v 596.692 -850.32 566.908
l 3837 3838
v 586.851 -856.322 540.682
v 586.851 -856.322 566.908
l 3839 3840
v 499.967 -885.755 532.36
v 499.967 -885.755 562.442
l 3841 3842
v 483.58 -885.909 562.442
v 483.58 -885.909 534.166
l 3843 3844
v 512.546 -885.64 531.553
v 512.546 -885.64 562.442
l 3845 3846
v 526.539 -880.879 532.614
v 526.539 -880.879 562.442
l 3847 3848
v 524.757 -874.11 535.597
v 524.757 -874.11 562.442
l 3849 3850
v 520.104 -878.358 534.117
v 520.104 -878.358 562.442
l 3851 3852
v 512.479 -878.435 534.603
v 512.479 -878.435 562.442
l 3853 3854
v 499.9 -878.55 535.41
v 499.9 -878.55 562.442
l 3855 3856
v 483.514 -878.704 536.965
v 483.514 -878.704 562.442
l 3857 3858
v 473.762 -878.794 537.597
v 473.762 -878.794 562.442
l 3859 3860
v 456.953 -878.96 538.682
v 456.953 -878.96 562.442
l 3861 3862
v 448.381 -879.037 539.606
v 448.381 -879.037 562.442
l 3863 3864
v 448.448 -886.241 537.091
v 448.448 -886.241 562.442
l 3865 3866
v 457.02 -886.165 536.171
v 457.02 -886.165 562.442
l 3867 3868
v 473.829 -885.998 535.086
v 473.829 -885.998 562.442
l 3869 3870
v 513.481 -835.591 549.525
v 513.481 -835.591 570.167
l 3871 3872
v 513.458 -838.278 549.737
v 513.458 -838.278 570.167
l 3873 3874
v 537.081 -843.128 549.689
v 537.081 -843.128 570.167
l 3875 3876
v -1973.55 -1462.71 389.479
v -1973.55 -1462.71 410.896
l 3877 3878
v -1924.19 -1085.66 469.717
v -1924.19 -1085.66 443.153
l 3879 3880
v -1928.95 -1076.62 447.081
v -1928.95 -1076.62 469.717
l 3881 3882
v -2009 -1103.46 456.507
v -2009 -1103.46 489.88
l 3883 3884
v -2011.47 -1091.35 461.991
v -2011.47 -1091.35 489.88
l 3885 3886
v -1972.07 -1136.42 462.007
v -1972.07 -1136.42 436.866
l 3887 3888
v -1976.14 -1129.23 440.326
v -1976.14 -1129.23 462.007
l 3889 3890
v -1818.96 -1031.45 470.113
v -1818.96 -1031.45 437.183
l 3891 3892
v -1842.26 -1046.29 437.686
v -1842.26 -1046.29 470.113
l 3893 3894
v -1772.12 -1013.78 428.723
v -1772.12 -1013.78 470.113
l 3895 3896
v -1771.59 -988.694 436.178
v -1771.59 -988.694 470.113
l 3897 3898
v -1780.13 -994.069 437.693
v -1780.13 -994.069 470.113
l 3899 3900
v -1777.67 -1002 434.255
v -1777.67 -1002 470.113
l 3901 3902
v -1777.63 -1005.11 433.252
v -1777.63 -1005.11 470.113
l 3903 3904
v -4320.76 -315.251 409.121
v -4320.76 -315.251 485.208
l 3905 3906
v -4336.22 -301.353 409.111
v -4336.22 -301.353 485.208
l 3907 3908
v 3652.76 1393.4 497.844
v 3652.76 1393.4 472.167
l 3909 3910
v 3662.83 1388.03 475.192
v 3662.83 1388.03 497.844
l 3911 3912
v 3664.36 1398.55 475.939
v 3664.36 1398.55 497.844
l 3913 3914
v 3655.58 1403.23 473.099
v 3655.58 1403.23 497.844
l 3915 3916
v 3594.36 1477.94 485.508
v 3594.36 1477.94 463.75
l 3917 3918
v 3599.41 1477.97 464.486
v 3599.41 1477.97 485.508
l 3919 3920
v 3574.1 1402.3 448.416
v 3574.1 1402.3 471.083
l 3921 3922
v 2563.61 315.8 481.147
v 2563.61 315.8 505.85
l 3923 3924
v 2418.99 403.046 487.951
v 2412.93 384.706 499.736
l 3925 3926
v 2372.79 313.957 528.641
v 2372.79 313.957 558.038
l 3927 3928
v 2361.54 292.136 528.358
v 2361.54 292.136 558.038
l 3929 3930
v 2372.48 287.107 530.371
v 2372.48 287.107 558.038
l 3931 3932
v 2382.06 309.708 533.269
v 2382.06 309.708 558.038
l 3933 3934
v 2410.49 294.197 542.138
v 2410.49 294.197 566.433
l 3935 3936
v 2399.23 272.376 532.383
v 2399.23 272.376 566.433
l 3937 3938
v 2410.18 267.346 533.469
v 2410.18 267.346 566.433
l 3939 3940
v 2419.74 289.948 543.289
v 2419.74 289.948 566.433
l 3941 3942
v 2588.51 509.298 512.348
v 2588.51 509.298 491.821
l 3943 3944
v 2547.01 517.156 489.885
v 2547.01 517.156 512.348
l 3945 3946
v 3442.47 -1158.61 509.708
v 3442.47 -1158.61 535.991
l 3947 3948
v 3437.94 -1169.15 535.991
v 3437.94 -1169.15 512.434
l 3949 3950
v 3449.57 -1142.13 504.825
v 3449.57 -1142.13 535.991
l 3951 3952
v 3432.81 -1181.11 515.551
v 3432.81 -1181.11 535.991
l 3953 3954
v 3390.66 -1161 515.85
v 3390.66 -1161 538.107
l 3955 3956
v 3405.31 -1167.82 515.412
v 3405.31 -1167.82 538.107
l 3957 3958
v 3402.97 -1160.98 514.485
v 3402.97 -1160.98 538.107
l 3959 3960
v 3396.72 -1158.53 514.75
v 3396.72 -1158.53 538.107
l 3961 3962
v 3339.14 -811.558 449.435
v 3339.14 -811.558 474.939
l 3963 3964
v 3329.91 -833.338 449.884
v 3329.91 -833.338 474.939
l 3965 3966
v 3593.41 -380.173 475.691
v 3593.41 -380.173 495.936
l 3967 3968
v 3453.99 -485.061 496.313
v 3453.99 -485.061 468.16
l 3969 3970
v 3414.51 -531.273 441.351
v 3414.51 -531.273 474.898
l 3971 3972
v 3389.94 -475.77 426.469
v 3389.94 -475.77 454.33
l 3973 3974
v 3392.55 -471.253 427.511
v 3392.55 -471.253 454.33
l 3975 3976
v 3388.8 -469.09 424.853
v 3388.8 -469.09 454.33
l 3977 3978
v 3386.19 -473.608 423.761
v 3386.19 -473.608 454.33
l 3979 3980
v 3395.2 -380.506 445.084
v 3395.2 -380.506 417.729
l 3981 3982
v 3919.06 1009.64 568.081
v 3919.06 1009.64 598.367
l 3983 3984
v 3929.75 1012.13 572.051
v 3929.75 1012.13 598.367
l 3985 3986
v 3934.79 1023.7 572.444
v 3934.79 1023.7 598.367
l 3987 3988
v 3928.17 1029.1 569.032
v 3928.17 1029.1 598.367
l 3989 3990
v 3914.21 1026.22 564.32
v 3914.21 1026.22 598.367
l 3991 3992
v 3911.34 1018.91 564.434
v 3911.34 1018.91 598.367
l 3993 3994
v 3961.02 1090.06 595.086
v 3961.02 1090.06 566.706
l 3995 3996
v 3963.98 1088.36 567.902
v 3963.98 1088.36 595.086
l 3997 3998
v 3969.83 1085.92 570.019
v 3969.83 1085.92 595.086
l 3999 4000
v 3974.79 1083.84 571.817
v 3974.79 1083.84 595.086
l 4001 4002
v 3977.13 1089.44 570.912
v 3977.13 1089.44 595.086
l 4003 4004
v 3973.16 1093.21 568.909
v 3973.16 1093.21 595.086
l 4005 4006
v 3968.03 1095.36 567.049
v 3968.03 1095.36 595.086
l 4007 4008
v 3963.95 1097.07 565.835
v 3963.95 1097.07 595.086
l 4009 4010
v 3977.74 1131.46 588.665
v 3977.74 1131.46 562.722
l 4011 4012
v 3980.7 1129.75 563.562
v 3980.7 1129.75 588.665
l 4013 4014
v 3986.55 1127.31 565.094
v 3986.55 1127.31 588.665
l 4015 4016
v 3991.51 1125.22 566.401
v 3991.51 1125.22 588.665
l 4017 4018
v 3993.85 1130.82 565.939
v 3993.85 1130.82 588.665
l 4019 4020
v 3989.88 1134.59 564.551
v 3989.88 1134.59 588.665
l 4021 4022
v 3984.75 1136.74 563.283
v 3984.75 1136.74 588.665
l 4023 4024
v 3980.67 1138.44 562.15
v 3980.67 1138.44 588.665
l 4025 4026
v 4037 1174.87 569.273
v 4037 1174.87 591.015
l 4027 4028
v 4038.56 1178.47 569.202
v 4038.56 1178.47 591.015
l 4029 4030
v 4015.49 1188.41 562.435
v 4015.49 1188.41 591.015
l 4031 4032
v 4013.94 1184.82 562.642
v 4013.94 1184.82 591.015
l 4033 4034
v 4011.4 1178.89 562.828
v 4011.4 1178.89 591.015
l 4035 4036
v 4009.56 1174.64 562.96
v 4009.56 1174.64 591.015
l 4037 4038
v 4032.61 1164.71 569.329
v 4032.61 1164.71 591.015
l 4039 4040
v 4034.45 1168.96 569.359
v 4034.45 1168.96 591.015
l 4041 4042
v 4206.91 1096.28 581.764
v 4210.48 1108.78 581.466
l 4043 4044
v 4193.58 1100.09 585.436
v 4206.91 1096.28 581.764
l 4045 4046
v 4184.88 1008.27 577.801
v 4184.88 1008.27 600.244
l 4047 4048
v 2095.45 -698.879 463.049
v 2095.45 -698.879 435.72
l 4049 4050
v 2106.92 -702.936 430.386
v 2106.92 -702.936 463.049
l 4051 4052
v 2104.66 -701.259 431.612
v 2104.66 -701.259 463.049
l 4053 4054
v 2097.64 -695.923 435.519
v 2097.64 -695.923 463.049
l 4055 4056
v 2091.29 -691.252 438.904
v 2091.29 -691.252 463.049
l 4057 4058
v 2082.38 -689.23 441.477
v 2082.38 -689.23 463.049
l 4059 4060
v 2087.03 -692.659 439.801
v 2087.03 -692.659 463.049
l 4061 4062
v 1884.55 -1051.91 380.546
v 1884.55 -1051.91 406.555
l 4063 4064
v 1966.69 -961.117 380.177
v 1966.69 -961.117 412.071
l 4065 4066
v 1969.62 -964.316 412.071
v 1969.62 -964.316 378.158
l 4067 4068
v 1954 -947.27 391.197
v 1954 -947.27 412.071
l 4069 4070
v 1954.22 -954.808 387.517
v 1954.22 -954.808 412.071
l 4071 4072
v 1957.13 -957.981 384.844
v 1957.13 -957.981 412.071
l 4073 4074
v 1957.95 -975.001 379.913
v 1957.95 -975.001 412.071
l 4075 4076
v 1955.4 -977.343 380.206
v 1955.4 -977.343 412.071
l 4077 4078
v 1947.99 -984.138 381.062
v 1947.99 -984.138 412.071
l 4079 4080
v 1946.44 -985.559 381.24
v 1946.44 -985.559 412.071
l 4081 4082
v 1940.2 -991.279 381.644
v 1940.2 -991.279 412.071
l 4083 4084
v 1936.71 -994.478 381.828
v 1936.71 -994.478 412.071
l 4085 4086
v 1922.14 -1007.83 382.607
v 1922.14 -1007.83 412.071
l 4087 4088
v 1918.97 -1010.74 382.773
v 1918.97 -1010.74 412.071
l 4089 4090
v 1913.18 -1016.05 382.658
v 1913.18 -1016.05 412.071
l 4091 4092
v 1911.41 -1017.67 382.709
v 1911.41 -1017.67 412.071
l 4093 4094
v 1270.59 -1184.24 441.885
v 1270.59 -1184.24 463.46
l 4095 4096
v 1263.57 -1189.23 440.586
v 1263.57 -1189.23 463.46
l 4097 4098
v 1244.86 -1176.07 444.551
v 1244.86 -1176.07 468.141
l 4099 4100
v 1244.69 -1172.92 444.988
v 1244.69 -1172.92 468.141
l 4101 4102
v 1244.22 -1168.75 445.565
v 1244.22 -1168.75 468.141
l 4103 4104
v 1324.16 -940.27 471.371
v 1324.16 -940.27 496.901
l 4105 4106
v 1326.45 -946.733 468.918
v 1326.45 -946.733 496.901
l 4107 4108
v 1331.85 -944.813 469.811
v 1331.85 -944.813 496.901
l 4109 4110
v 1329.56 -938.364 472.259
v 1329.56 -938.364 496.901
l 4111 4112
v 2008.42 -764.119 441.349
v 2021.15 -780.039 435.074
l 4113 4114
v 2021.15 -780.039 461.73
v 2021.15 -780.039 435.074
l 4115 4116
v 1832.71 -1073.22 451.861
v 1832.71 -1073.22 393.974
l 4117 4118
v 1852.41 -1063.49 389.08
v 1852.41 -1063.49 451.861
l 4119 4120
v 1837.67 -1046.95 396.427
v 1837.67 -1046.95 451.861
l 4121 4122
v 1824.58 -1041.48 401.236
v 1824.58 -1041.48 451.861
l 4123 4124
v 1824.76 -1045.92 400.734
v 1824.76 -1045.92 451.861
l 4125 4126
v 1759.66 -892.128 462.632
v 1759.66 -892.128 437.508
l 4127 4128
v 1681.49 -929.79 432.022
v 1681.49 -929.79 462.632
l 4129 4130
v 1726.91 -903.236 436.134
v 1726.91 -903.236 462.632
l 4131 4132
v 1752.33 -885.256 439.523
v 1752.33 -885.256 462.632
l 4133 4134
v 1726.3 -1052.97 447.452
v 1726.3 -1052.97 426.406
l 4135 4136
v 1720.2 -1042.47 426.282
v 1720.2 -1042.47 447.452
l 4137 4138
v 1716.92 -1036.81 426.178
v 1716.92 -1036.81 447.452
l 4139 4140
v 1708.99 -1022.31 426.022
v 1708.99 -1022.31 447.452
l 4141 4142
v 1706.19 -1013.2 425.807
v 1706.19 -1013.2 447.452
l 4143 4144
v 1699.34 -1027.9 426.711
v 1699.34 -1027.9 447.452
l 4145 4146
v 1709.75 -1040.97 426.698
v 1709.75 -1040.97 447.452
l 4147 4148
v 1713.03 -1046.63 426.782
v 1713.03 -1046.63 447.452
l 4149 4150
v 1659.62 -974.067 427.055
v 1678.15 -993.16 426.583
l 4151 4152
v 1631.66 -1004.64 429.413
v 1631.66 -1004.64 450.286
l 4153 4154
v 1612.57 -1033.65 452.158
v 1612.57 -1033.65 431.1
l 4155 4156
v 1604.81 -1044.73 431.702
v 1604.81 -1044.73 452.158
l 4157 4158
v 1597.89 -1011.61 431.38
v 1597.89 -1011.61 452.46
l 4159 4160
v 1584.66 -1007.51 431.97
v 1584.66 -1007.51 452.46
l 4161 4162
v 3432.71 -1207.46 537.862
v 3432.71 -1207.46 516.653
l 4163 4164
v 3429.26 -1214.85 516.752
v 3429.26 -1214.85 537.862
l 4165 4166
v 3467.9 -1015.66 489.605
v 3462.86 -1019.88 489.192
l 4167 4168
v 3467.82 -1011.72 489.674
v 3467.82 -1011.72 510.273
l 4169 4170
v 3460.72 -998.292 490.585
v 3451.35 -1006.15 491.209
l 4171 4172
v 3421.44 -947.59 491.497
v 3421.44 -947.59 514.159
l 4173 4174
v 3421.35 -953.63 493.125
v 3421.35 -953.63 514.159
l 4175 4176
v 3419.36 -923.775 506.97
v 3419.36 -923.775 485.044
l 4177 4178
v 3413.89 -910.94 481.585
v 3413.89 -910.94 506.97
l 4179 4180
v 3408.19 -920.64 484.182
v 3408.19 -920.64 506.97
l 4181 4182
v 3353.1 -914.868 505.967
v 3353.1 -914.868 481.333
l 4183 4184
v 3361.65 -914.881 481.578
v 3361.65 -914.881 505.967
l 4185 4186
v 3344.32 -938.376 490.079
v 3344.32 -938.376 517.894
l 4187 4188
v 3347.05 -944.8 492.683
v 3347.05 -944.8 517.894
l 4189 4190
v 3353.27 -959.517 497.41
v 3353.27 -959.517 517.894
l 4191 4192
v 3409.78 -1007.2 495.49
v 3407.36 -1003.87 495.781
l 4193 4194
v 3465.17 -1057.66 486.683
v 3456.41 -1064.03 487.947
l 4195 4196
v 3214.5 -1315.74 512.835
v 3214.5 -1315.74 536.454
l 4197 4198
v 3214.46 -1320.92 536.454
v 3214.46 -1320.92 512.853
l 4199 4200
v 3207.25 -1315.66 511.268
v 3207.25 -1315.66 536.454
l 4201 4202
v 3126.06 -1393.93 547.768
v 3126.06 -1393.93 521.288
l 4203 4204
v 3156.97 -1389.04 516.81
v 3168.53 -1391.18 515.886
l 4205 4206
v 3214.78 -1345.58 532.94
v 3214.78 -1345.58 512.291
l 4207 4208
v 3254.59 -1364.99 511.132
v 3254.59 -1364.99 532.567
l 4209 4210
v 3247.99 -1387.89 530.314
v 3247.99 -1387.89 507.854
l 4211 4212
v 3238.33 -1381.23 509.775
v 3238.33 -1381.23 530.314
l 4213 4214
v 3269.57 -1435.53 518.424
v 3269.57 -1435.53 496.844
l 4215 4216
v 3200.18 -1454.77 511.095
v 3205.84 -1461.54 509.047
l 4217 4218
v 3244.45 -1487.56 495.981
v 3244.45 -1487.56 518.648
l 4219 4220
v 3251.77 -1489.21 493.517
v 3251.77 -1489.21 518.648
l 4221 4222
v 3253.98 -1479.5 494.166
v 3253.98 -1479.5 518.648
l 4223 4224
v 3246.65 -1477.85 496.545
v 3246.65 -1477.85 518.648
l 4225 4226
v 3216.05 -1491.13 504.106
v 3215.55 -1494.93 503.971
l 4227 4228
v 3210.16 -1494.24 505.506
v 3210.16 -1494.24 527.466
l 4229 4230
v 3458.2 -1545.58 538.541
v 3458.2 -1545.58 561.205
l 4231 4232
v 3450.41 -1566.33 561.205
v 3450.41 -1566.33 536.041
l 4233 4234
v 3397.71 -1420.63 499.327
v 3397.71 -1420.63 528.392
l 4235 4236
v 3396.37 -1429.89 499.988
v 3396.37 -1429.89 528.392
l 4237 4238
v 3413.13 -1432.32 502.126
v 3413.13 -1432.32 528.392
l 4239 4240
v 3424.9 -1434.03 503.793
v 3424.9 -1434.03 528.392
l 4241 4242
v 3440.76 -1436.35 505.371
v 3440.76 -1436.35 528.392
l 4243 4244
v 3439.17 -1426.67 502.84
v 3439.17 -1426.67 528.392
l 4245 4246
v 3426.24 -1424.79 501.914
v 3426.24 -1424.79 528.392
l 4247 4248
v 3409.95 -1422.43 499.97
v 3409.95 -1422.43 528.392
l 4249 4250
v 3392.5 -1377.86 505.252
v 3392.5 -1377.86 526.119
l 4251 4252
v 3391.16 -1387.11 503.923
v 3391.16 -1387.11 526.119
l 4253 4254
v 3407.91 -1389.54 503.543
v 3407.91 -1389.54 526.119
l 4255 4256
v 3419.69 -1391.25 503.331
v 3419.69 -1391.25 526.119
l 4257 4258
v 3435.55 -1393.56 503.17
v 3435.55 -1393.56 526.119
l 4259 4260
v 3433.96 -1383.88 504.238
v 3433.96 -1383.88 526.119
l 4261 4262
v 3421.03 -1382.01 504.688
v 3421.03 -1382.01 526.119
l 4263 4264
v 3404.74 -1379.63 504.966
v 3404.74 -1379.63 526.119
l 4265 4266
v 3337.41 -1422.73 496.188
v 3337.41 -1422.73 524.917
l 4267 4268
v 3344.54 -1428.77 496.151
v 3344.54 -1428.77 524.917
l 4269 4270
v 3355.49 -1415.86 497.405
v 3355.49 -1415.86 524.917
l 4271 4272
v 3363.18 -1406.78 499.474
v 3363.18 -1406.78 524.917
l 4273 4274
v 3373.55 -1394.55 502.257
v 3373.55 -1394.55 524.917
l 4275 4276
v 3364.51 -1390.78 503.023
v 3364.51 -1390.78 524.917
l 4277 4278
v 3356.06 -1400.74 500.505
v 3356.06 -1400.74 524.917
l 4279 4280
v 3345.42 -1413.3 497.483
v 3345.42 -1413.3 524.917
l 4281 4282
v 3268.25 -1558.08 502.668
v 3268.25 -1558.08 481.272
l 4283 4284
v 3273.54 -1558.86 479.506
v 3273.54 -1558.86 502.668
l 4285 4286
v 3264.92 -1580.38 481.465
v 3264.92 -1580.38 504.775
l 4287 4288
v 3262.69 -1593.37 481.82
v 3262.69 -1593.37 504.775
l 4289 4290
v 3244.3 -1660.89 510.552
v 3244.3 -1660.89 486.359
l 4291 4292
v 3159.63 -1448.58 547.975
v 3159.63 -1448.58 521.261
l 4293 4294
v 3158.05 -1440.46 521.567
v 3158.05 -1440.46 547.975
l 4295 4296
v 3010.62 -1332.81 408.161
v 3010.62 -1332.81 429.809
l 4297 4298
v 3012.2 -1328.73 408.008
v 3012.2 -1328.73 429.809
l 4299 4300
v 3011.59 -1323.56 405.646
v 3011.59 -1323.56 429.809
l 4301 4302
v 3003.74 -1335.96 403.497
v 3003.74 -1335.96 429.809
l 4303 4304
v -2941.97 1601.16 566.517
v -2941.97 1601.16 541.824
l 4305 4306
v -2940.16 1617.21 545.474
v -2940.16 1617.21 566.517
l 4307 4308
v -2951.08 1608.19 542.899
v -2951.08 1608.19 566.517
l 4309 4310
v -2955.94 1608.19 542.643
v -2955.94 1608.19 566.517
l 4311 4312
v -2968.63 1615.27 543.436
v -2968.63 1615.27 566.517
l 4313 4314
v -2962.64 1600.69 540.631
v -2962.64 1600.69 566.517
l 4315 4316
v -2894.93 1617.18 571.344
v -2894.93 1617.18 547.087
l 4317 4318
v -2893.12 1633.23 550.344
v -2893.12 1633.23 571.344
l 4319 4320
v -2904.05 1624.2 549.152
v -2904.05 1624.2 571.344
l 4321 4322
v -2908.9 1624.2 548.869
v -2908.9 1624.2 571.344
l 4323 4324
v -2921.59 1631.28 549.755
v -2921.59 1631.28 571.344
l 4325 4326
v -2915.6 1616.7 546.796
v -2915.6 1616.7 571.344
l 4327 4328
v -2873.06 1557.84 557.022
v -2873.06 1557.84 526.171
l 4329 4330
v -2864.79 1558.23 523.879
v -2864.79 1558.23 557.022
l 4331 4332
v -2864.91 1560.93 524.851
v -2864.91 1560.93 557.022
l 4333 4334
v -2856.27 1572.62 525.555
v -2856.27 1572.62 557.022
l 4335 4336
v -2856.46 1576.34 526.532
v -2856.46 1576.34 557.022
l 4337 4338
v -2879.33 1575.24 532.975
v -2879.33 1575.24 557.022
l 4339 4340
v -2879.15 1571.52 532.002
v -2879.15 1571.52 557.022
l 4341 4342
v -2873.19 1560.54 527.146
v -2873.19 1560.54 557.022
l 4343 4344
v -2929.58 1556.71 559.961
v -2929.58 1556.71 531.455
l 4345 4346
v -2921.29 1557.11 531.987
v -2921.29 1557.11 559.961
l 4347 4348
v -2921.42 1559.81 532.968
v -2921.42 1559.81 559.961
l 4349 4350
v -2912.79 1571.51 536.694
v -2912.79 1571.51 559.961
l 4351 4352
v -2912.97 1575.22 537.54
v -2912.97 1575.22 559.961
l 4353 4354
v -2935.83 1574.13 536.166
v -2935.83 1574.13 559.961
l 4355 4356
v -2935.65 1570.41 535.351
v -2935.65 1570.41 559.961
l 4357 4358
v -2929.7 1559.41 532.436
v -2929.7 1559.41 559.961
l 4359 4360
v -2995.57 1579.8 555.264
v -2995.57 1579.8 534.464
l 4361 4362
v -3022.62 1579.06 532.939
v -3022.62 1579.06 555.264
l 4363 4364
v -3024.95 1689.19 553.178
v -3024.95 1689.19 573.297
l 4365 4366
v -2621.09 1882.82 567.858
v -2621.09 1882.82 590.618
l 4367 4368
v -2625.05 1873.63 590.618
v -2625.05 1873.63 565.573
l 4369 4370
v -2648.28 1894.52 566.859
v -2648.28 1894.52 590.618
l 4371 4372
v -2652.23 1885.33 564.565
v -2652.23 1885.33 590.618
l 4373 4374
v -2511.73 1685.24 561.18
v -2511.73 1685.24 540.621
l 4375 4376
v -2523.7 1689.51 540.597
v -2523.7 1689.51 561.18
l 4377 4378
v -2525.88 1683.43 539.015
v -2525.88 1683.43 561.18
l 4379 4380
v -2528.36 1676.45 537.295
v -2528.36 1676.45 561.18
l 4381 4382
v -2533.11 1678.15 537.228
v -2533.11 1678.15 561.18
l 4383 4384
v -2551.66 1680.2 536.108
v -2551.66 1680.2 561.18
l 4385 4386
v -2517.83 1668.14 536.479
v -2517.83 1668.14 561.18
l 4387 4388
v -2516.29 1672.46 537.49
v -2516.29 1672.46 561.18
l 4389 4390
v -2514.58 1677.26 538.609
v -2514.58 1677.26 561.18
l 4391 4392
v -2513.9 1679.16 539.038
v -2513.9 1679.16 561.18
l 4393 4394
v -2562.01 1614.77 521.944
v -2562.01 1614.77 547.461
l 4395 4396
v -2563.33 1615.2 521.836
v -2563.33 1615.2 547.461
l 4397 4398
v -2570.61 1617.62 521.427
v -2570.61 1617.62 547.461
l 4399 4400
v -2572.05 1613.31 520.289
v -2572.05 1613.31 547.461
l 4401 4402
v -2572.74 1611.21 519.737
v -2572.74 1611.21 547.461
l 4403 4404
v -2572.15 1607.08 518.966
v -2572.15 1607.08 547.461
l 4405 4406
v -2571.27 1603.76 518.448
v -2571.27 1603.76 547.461
l 4407 4408
v -2538.72 1591.96 519.572
v -2538.72 1591.96 547.461
l 4409 4410
v -2547.64 1612.9 523.18
v -2547.64 1612.9 547.461
l 4411 4412
v -2553.67 1610.85 522.374
v -2553.67 1610.85 547.461
l 4413 4414
v -2556.01 1611.62 522.205
v -2556.01 1611.62 547.461
l 4415 4416
v -2576.59 1639.86 553.558
v -2576.59 1639.86 525.221
l 4417 4418
v -2572.86 1652.02 528.282
v -2572.86 1652.02 553.558
l 4419 4420
v -2579.03 1653.91 527.967
v -2579.03 1653.91 553.558
l 4421 4422
v -2586.11 1656.09 527.606
v -2586.11 1656.09 553.558
l 4423 4424
v -2584.63 1660.9 528.766
v -2584.63 1660.9 553.558
l 4425 4426
v -2583.41 1679.52 532.991
v -2583.41 1679.52 553.558
l 4427 4428
v -2593.95 1645.19 524.474
v -2593.95 1645.19 553.558
l 4429 4430
v -2589.57 1643.85 524.662
v -2589.57 1643.85 553.558
l 4431 4432
v -2584.7 1642.35 524.873
v -2584.7 1642.35 553.558
l 4433 4434
v -2582.77 1641.75 524.954
v -2582.77 1641.75 553.558
l 4435 4436
v -2631.64 1705.81 561.053
v -2631.64 1705.81 533.214
l 4437 4438
v -2619.54 1701.92 533.763
v -2619.54 1701.92 561.053
l 4439 4440
v -2617.56 1708.06 535.062
v -2617.56 1708.06 561.053
l 4441 4442
v -2615.3 1715.12 536.642
v -2615.3 1715.12 561.053
l 4443 4444
v -2610.5 1713.57 536.838
v -2610.5 1713.57 561.053
l 4445 4446
v -2591.89 1712.11 538.512
v -2591.89 1712.11 561.053
l 4447 4448
v -2626.09 1723.09 536.98
v -2626.09 1723.09 561.053
l 4449 4450
v -2627.49 1718.74 536.05
v -2627.49 1718.74 561.053
l 4451 4452
v -2629.05 1713.88 534.995
v -2629.05 1713.88 561.053
l 4453 4454
v -2629.67 1711.96 534.564
v -2629.67 1711.96 561.053
l 4455 4456
v -3256.97 1723.63 558.986
v -3256.97 1723.63 534.673
l 4457 4458
v -3291.42 1754.6 537.495
v -3291.42 1754.6 558.986
l 4459 4460
v -3294.87 1752.25 537.043
v -3294.87 1752.25 558.986
l 4461 4462
v -3301.74 1712.57 531.746
v -3301.74 1712.57 558.986
l 4463 4464
v -3298.97 1708.5 531.269
v -3298.97 1708.5 558.986
l 4465 4466
v -3209.73 1727.7 538.005
v -3209.73 1727.7 562.88
l 4467 4468
v -3210.82 1729.31 562.88
v -3210.82 1729.31 538.116
l 4469 4470
v -3201.32 1715.28 537.424
v -3201.32 1715.28 562.88
l 4471 4472
v -3228.51 1742.8 538.72
v -3228.51 1742.8 562.88
l 4473 4474
v -3226.62 1740.73 538.617
v -3226.62 1740.73 562.88
l 4475 4476
v -2614.8 1837.87 559.836
v -2614.8 1837.87 581.064
l 4477 4478
v -2623.3 1819 581.064
v -2623.3 1819 555.094
l 4479 4480
v -2629.19 1821.65 554.87
v -2629.19 1821.65 581.064
l 4481 4482
v -2639.25 1826.18 554.486
v -2639.25 1826.18 581.064
l 4483 4484
v -2721.15 1654.81 541.386
v -2721.15 1654.81 512.732
l 4485 4486
v -2718.77 1663.32 515.501
v -2718.77 1663.32 541.386
l 4487 4488
v -2707.27 1673.17 519.527
v -2707.27 1673.17 541.386
l 4489 4490
v -2716.38 1673.17 518.674
v -2716.38 1673.17 541.386
l 4491 4492
v -2726.38 1654.81 512.401
v -2726.38 1654.81 541.386
l 4493 4494
v -2730.86 1654.81 513.561
v -2730.86 1654.81 541.386
l 4495 4496
v -2745.94 1651.67 516.531
v -2745.94 1651.67 541.386
l 4497 4498
v -2744.15 1646.15 514.491
v -2744.15 1646.15 541.386
l 4499 4500
v -2740.11 1646.15 513.444
v -2740.11 1646.15 541.386
l 4501 4502
v -2740.11 1641.97 512.264
v -2740.11 1641.97 541.386
l 4503 4504
v -2748.63 1630.18 511.059
v -2748.63 1630.18 541.386
l 4505 4506
v -2748.63 1626.89 510.075
v -2748.63 1626.89 541.386
l 4507 4508
v -2758.03 1617.48 509.881
v -2758.03 1617.48 541.386
l 4509 4510
v -2758.03 1610.62 507.947
v -2758.03 1610.62 541.386
l 4511 4512
v -2745.94 1617.48 506.609
v -2745.94 1617.48 541.386
l 4513 4514
v -2740.87 1626.89 507.975
v -2740.87 1626.89 541.386
l 4515 4516
v -2739.52 1630.18 508.594
v -2739.52 1630.18 541.386
l 4517 4518
v -2735.94 1635.56 509.232
v -2735.94 1635.56 541.386
l 4519 4520
v -2730.86 1647.79 511.509
v -2730.86 1647.79 541.386
l 4521 4522
v 1127.56 -2670.09 477.346
v 1127.56 -2670.09 500.932
l 4523 4524
v 1135.22 -2646.71 477.874
v 1135.22 -2646.71 500.932
l 4525 4526
v 1117.93 -2642.49 471.529
v 1117.93 -2642.49 500.932
l 4527 4528
v 1107.26 -2629.69 466.941
v 1107.26 -2629.69 500.932
l 4529 4530
v -4917.71 -1739.89 708.162
v -4917.71 -1739.89 682.603
l 4531 4532
v -4917.03 -1747.55 684.831
v -4917.03 -1747.55 708.162
l 4533 4534
v -2029.69 -2801.72 425.103
v -2029.69 -2801.72 403.824
l 4535 4536
v -2029.5 -2800.18 403.789
v -2029.5 -2800.18 425.103
l 4537 4538
v -2051.52 -2765.78 406.537
v -2047.94 -2772.5 406.226
l 4539 4540
v -2067.98 -2758.59 407.553
v -2070.51 -2753.87 407.782
l 4541 4542
v -2353.91 -2873.75 437.389
v -2353.91 -2873.75 416.589
l 4543 4544
v -2373.47 -2879.12 416.644
v -2373.47 -2879.12 437.389
l 4545 4546
v 1028.65 -769.737 487.665
v 1028.56 -774.715 487.096
l 4547 4548
v 991.231 -812.876 490.034
v 999.669 -815.525 487.728
l 4549 4550
v 988.626 -878.717 470.749
v 995.661 -880.931 467.805
l 4551 4552
v 1176.48 -668.025 547.342
v 1176.48 -668.025 522.346
l 4553 4554
v 1185.55 -654.127 525.223
v 1185.55 -654.127 547.342
l 4555 4556
v 1210.66 -657.8 529.078
v 1210.66 -657.8 550.916
l 4557 4558
v 1216.73 -704.906 526.59
v 1216.73 -704.906 548.992
l 4559 4560
v 1222.76 -696.127 528.466
v 1222.76 -696.127 548.992
l 4561 4562
v 1195.18 -707.517 522.211
v 1195.18 -707.517 546.831
l 4563 4564
v 1181.01 -731.652 516.8
v 1181.01 -731.652 538.326
l 4565 4566
v 1294.62 -1018.69 466.524
v 1294.62 -1018.69 488.676
l 4567 4568
v 1271.3 -990.486 484.977
v 1271.3 -990.486 464.43
l 4569 4570
v 1276.15 -977.753 464.409
v 1276.15 -977.753 484.977
l 4571 4572
v 1358.73 -966.901 465.45
v 1358.73 -966.901 486.852
l 4573 4574
v 1433.74 -899 483.038
v 1433.74 -899 510.554
l 4575 4576
v 1376.32 -923.135 510.554
v 1376.32 -923.135 479.914
l 4577 4578
v 1300.83 -1112.45 459.822
v 1300.83 -1112.45 489.462
l 4579 4580
v 1302.69 -1118.44 458.231
v 1302.69 -1118.44 489.462
l 4581 4582
v 1310.45 -1116.04 459.351
v 1310.45 -1116.04 489.462
l 4583 4584
v 1308.59 -1110.05 460.943
v 1308.59 -1110.05 489.462
l 4585 4586
v 1113.19 -891.757 483.314
v 1113.19 -891.757 461.613
l 4587 4588
v 1202.72 -914.408 493.599
v 1202.72 -914.408 472.249
l 4589 4590
v 1271.71 -942.766 494.511
v 1271.71 -942.766 469.52
l 4591 4592
v 1275.59 -955.985 464.958
v 1275.59 -955.985 494.511
l 4593 4594
v 1283.47 -939.311 471.027
v 1283.47 -939.311 494.511
l 4595 4596
v 1184.88 -967.694 454.217
v 1184.88 -967.694 476.25
l 4597 4598
v 1048.62 -907.702 475.164
v 1048.62 -907.702 446.179
l 4599 4600
v 1031.83 -871.115 489.162
v 1031.83 -871.115 464.041
l 4601 4602
v 1027.97 -881.545 460.462
v 1027.97 -881.545 489.162
l 4603 4604
v 1005.01 -934.844 469.317
v 1005.01 -934.844 440.654
l 4605 4606
v 1026.18 -943.354 435.088
v 1026.18 -943.354 469.317
l 4607 4608
v 1016.66 -939.528 437.847
v 1016.66 -939.528 469.317
l 4609 4610
v 971.883 -998.164 429.68
v 971.883 -998.164 450.193
l 4611 4612
v 965.894 -1013.05 429.211
v 965.894 -1013.05 450.193
l 4613 4614
v 1008.55 -1027.17 426.19
v 1008.55 -1027.17 450.193
l 4615 4616
v 1007.83 -1019.46 426.682
v 1007.83 -1019.46 450.193
l 4617 4618
v 982.67 -1002.96 428.909
v 982.67 -1002.96 450.193
l 4619 4620
v 951.111 -969.524 432.17
v 951.111 -969.524 453.106
l 4621 4622
v 968.633 -938.837 442.334
v 967.008 -942.51 440.406
l 4623 4624
v 938.955 -942.036 466.053
v 938.955 -942.036 442.817
l 4625 4626
v 939.5 -940.795 443.558
v 933.411 -938.095 445.983
l 4627 4628
v 943.385 -932.042 448.78
v 943.385 -932.042 475.859
l 4629 4630
v 956.722 -937.954 443.471
v 956.722 -937.954 475.859
l 4631 4632
v 964.603 -941.448 441.09
v 964.603 -941.448 475.859
l 4633 4634
v -4442.52 -2653.3 670.382
v -4442.52 -2653.3 692.915
l 4635 4636
v -4440.17 -2652.35 670.369
v -4440.17 -2652.35 692.915
l 4637 4638
v -4452.67 -2648.14 671.385
v -4452.67 -2648.14 692.915
l 4639 4640
v -4452.44 -2657.3 671.269
v -4452.44 -2657.3 692.915
l 4641 4642
v -4450.39 -2662.38 670.946
v -4450.39 -2662.38 692.915
l 4643 4644
v -4409.26 -2747.84 660.585
v -4409.26 -2747.84 683.663
l 4645 4646
v -4458.89 -2765.5 686.35
v -4458.89 -2765.5 664.018
l 4647 4648
v -4449.9 -2761.87 663.695
v -4449.9 -2761.87 686.35
l 4649 4650
v -4439.64 -2847.79 679.564
v -4439.64 -2847.79 657.961
l 4651 4652
v -4437.68 -2852.57 657.253
v -4437.68 -2852.57 679.564
l 4653 4654
v -4434.93 -2801.79 681.02
v -4434.93 -2801.79 658.763
l 4655 4656
v -4443.9 -2805.46 660.223
v -4443.9 -2805.46 681.02
l 4657 4658
v -4475.16 -2590.24 674.922
v -4475.16 -2590.24 696.758
l 4659 4660
v -4478.9 -2591.59 675.407
v -4478.9 -2591.59 696.758
l 4661 4662
v -4474.31 -2604.32 674.683
v -4474.31 -2604.32 696.758
l 4663 4664
v -4470.57 -2602.98 674.197
v -4470.57 -2602.98 696.758
l 4665 4666
v -4448.7 -2623.09 671.09
v -4448.7 -2623.09 693.428
l 4667 4668
v -4445.88 -2622.07 670.723
v -4445.88 -2622.07 693.428
l 4669 4670
v -4450.36 -2609.66 671.438
v -4450.36 -2609.66 693.428
l 4671 4672
v -4453.16 -2610.67 671.803
v -4453.16 -2610.67 693.428
l 4673 4674
v -4515.03 -2634.06 702.48
v -4515.03 -2634.06 679.857
l 4675 4676
v -4503.56 -2629.92 678.359
v -4503.56 -2629.92 702.48
l 4677 4678
v -4572.24 -2905.69 669.953
v -4572.41 -2890.29 669.953
l 4679 4680
v -4584.8 -2890.42 647.989
v -4584.8 -2890.42 669.953
l 4681 4682
v -4473.27 -2667.31 699.723
v -4473.27 -2667.31 673.971
l 4683 4684
v -4510.15 -2681.64 678.279
v -4510.15 -2681.64 699.723
l 4685 4686
v -4495.5 -2675.95 676.873
v -4495.5 -2675.95 699.723
l 4687 4688
v -4486.78 -2672.56 675.734
v -4486.78 -2672.56 699.723
l 4689 4690
v -4586.99 -2641.58 711.564
v -4586.99 -2641.58 689.419
l 4691 4692
v -4605.42 -2871.47 650.882
v -4605.42 -2871.47 677.341
l 4693 4694
v -4612.64 -2874.14 677.341
v -4612.64 -2874.14 650.006
l 4695 4696
v -4604.32 -2844.18 657.328
v -4614.17 -2847.82 656.431
l 4697 4698
v -4611.7 -2854.49 654.923
v -4611.7 -2854.49 677.341
l 4699 4700
v -4618.92 -2857.15 654.058
v -4618.92 -2857.15 677.341
l 4701 4702
v -4622.19 -2848.34 655.929
v -4633.6 -2852.56 653.896
l 4703 4704
v -4632.64 -2820.14 661.702
v -4640.89 -2823.18 660.078
l 4705 4706
v -4624.01 -2843.45 656.977
v -4624.01 -2843.45 684.459
l 4707 4708
v -4616.78 -2840.77 658.209
v -4616.78 -2840.77 684.459
l 4709 4710
v -4615.05 -2815.18 664.459
v -4624.89 -2818.82 662.899
l 4711 4712
v -4622.61 -2825 661.707
v -4622.61 -2825 684.459
l 4713 4714
v -4629.85 -2827.67 660.325
v -4629.85 -2827.67 684.459
l 4715 4716
v -4634.11 -2816.14 662.532
v -4634.11 -2816.14 690.327
l 4717 4718
v -4627.23 -2813.6 663.938
v -4627.23 -2813.6 690.327
l 4719 4720
v -4632.84 -2798.42 666.975
v -4632.84 -2798.42 690.327
l 4721 4722
v -4639.72 -2800.97 665.511
v -4639.72 -2800.97 690.327
l 4723 4724
v -4632.93 -2762.39 674.777
v -4632.93 -2762.39 701.894
l 4725 4726
v -4625.51 -2759.37 676.129
v -4625.51 -2759.37 701.894
l 4727 4728
v -4631.29 -2745.16 678.398
v -4631.29 -2745.16 701.894
l 4729 4730
v -4638.72 -2748.18 677.088
v -4638.72 -2748.18 701.894
l 4731 4732
v -4611.51 -2708.7 686.356
v -4611.51 -2708.7 708.7
l 4733 4734
v -4608.5 -2716.11 708.7
v -4608.5 -2716.11 684.526
l 4735 4736
v -4625.83 -2714.54 685.336
v -4625.83 -2714.54 708.7
l 4737 4738
v -4622.81 -2721.95 684.061
v -4622.81 -2721.95 708.7
l 4739 4740
v -4593.27 -2680.23 689.491
v -4593.27 -2680.23 712.629
l 4741 4742
v -4590.07 -2688.08 712.629
v -4590.07 -2688.08 687.492
l 4743 4744
v -4609.59 -2686.87 690.351
v -4609.59 -2686.87 712.629
l 4745 4746
v -4606.4 -2694.72 688.35
v -4606.4 -2694.72 712.629
l 4747 4748
v -4566.92 -2652.66 686.645
v -4566.92 -2652.66 709.406
l 4749 4750
v -4575.03 -2655.96 687.706
v -4575.03 -2655.96 709.406
l 4751 4752
v -4575.72 -2681.27 687.013
v -4570.4 -2679.09 686.689
l 4753 4754
v -4568.61 -2671.75 686.724
v -4568.61 -2671.75 709.406
l 4755 4756
v -4560.5 -2668.45 685.663
v -4560.5 -2668.45 709.406
l 4757 4758
v -4558.32 -2673.78 685.327
v -4549.23 -2670.09 684.136
l 4759 4760
v -4562.9 -2712.76 680.175
v -4562.9 -2712.76 702.355
l 4761 4762
v -4569.3 -2715.37 680.461
v -4569.3 -2715.37 702.355
l 4763 4764
v -4563.02 -2730.8 677.217
v -4563.02 -2730.8 702.355
l 4765 4766
v -4556.62 -2728.19 676.98
v -4556.62 -2728.19 702.355
l 4767 4768
v -4555.53 -2681.03 684.362
v -4555.53 -2681.03 707.013
l 4769 4770
v -4563.51 -2684.28 684.88
v -4563.51 -2684.28 707.013
l 4771 4772
v -4557.85 -2698.19 681.837
v -4557.85 -2698.19 707.013
l 4773 4774
v -4549.86 -2694.94 681.381
v -4549.86 -2694.94 707.013
l 4775 4776
v -4533.78 -2778.8 667.626
v -4533.78 -2778.8 692.052
l 4777 4778
v -4541.87 -2782.1 692.052
v -4541.87 -2782.1 667.602
l 4779 4780
v -4531.55 -2784.26 666.733
v -4522.56 -2780.59 666.58
l 4781 4782
v -4539.87 -2763.84 670.221
v -4539.87 -2763.84 692.052
l 4783 4784
v -4547.97 -2767.13 670.263
v -4547.97 -2767.13 692.052
l 4785 4786
v -4513.18 -2782.38 665.701
v -4513.18 -2782.38 686.736
l 4787 4788
v -4520.6 -2785.4 665.77
v -4520.6 -2785.4 686.736
l 4789 4790
v -4514.78 -2799.7 663.664
v -4514.78 -2799.7 686.736
l 4791 4792
v -4507.36 -2796.68 663.68
v -4507.36 -2796.68 686.736
l 4793 4794
v -4492.23 -2824.67 660.495
v -4492.23 -2824.67 681.372
l 4795 4796
v -4488.39 -2834.1 681.372
v -4488.39 -2834.1 659.766
l 4797 4798
v -4507 -2830.68 659.85
v -4507 -2830.68 681.372
l 4799 4800
v -4503.15 -2840.1 658.994
v -4503.15 -2840.1 681.372
l 4801 4802
v -1187.48 204.507 468.904
v -1187.48 204.507 492.945
l 4803 4804
v -1181.84 208.411 492.945
v -1181.84 208.411 468.688
l 4805 4806
v -1193.01 176.684 471.797
v -1184.72 182.418 471.51
l 4807 4808
v -1190.13 190.238 470.379
v -1190.13 190.238 492.945
l 4809 4810
v -1184.8 193.923 470.174
v -1184.8 193.923 492.945
l 4811 4812
v -1173.05 195.971 470.892
v -1173.05 195.971 492.945
l 4813 4814
v -1170.18 200.527 470.783
v -1170.18 200.527 492.945
l 4815 4816
v -1175.51 208.245 469.2
v -1175.51 208.245 492.945
l 4817 4818
v -1173.38 214.26 468.829
v -1173.38 214.26 492.945
l 4819 4820
v -1171.06 215.859 468.97
v -1171.06 215.859 492.945
l 4821 4822
v -1175.46 222.207 467.705
v -1175.46 222.207 492.945
l 4823 4824
v -1177.77 220.607 467.531
v -1177.77 220.607 492.945
l 4825 4826
v -1154.6 166.459 477.212
v -1154.6 166.459 498.304
l 4827 4828
v -1161.29 182.2 474.135
v -1161.29 182.2 498.304
l 4829 4830
v -1178.19 179.769 472.469
v -1178.19 179.769 498.304
l 4831 4832
v -1130.69 177.465 501.264
v -1130.69 177.465 478.25
l 4833 4834
v -1045.4 187.486 487.344
v -1045.4 187.486 510.969
l 4835 4836
v -1045.77 177.312 487.832
v -1045.77 177.312 510.969
l 4837 4838
v -1027.04 176.646 490.165
v -1027.04 176.646 510.969
l 4839 4840
v -1026.79 183.506 489.835
v -1026.79 183.506 510.969
l 4841 4842
v -1026.28 197.878 489.408
v -1026.28 197.878 510.969
l 4843 4844
v -1081.97 177.171 483.831
v -1081.97 177.171 505.689
l 4845 4846
v -1081.85 180.575 505.689
v -1081.85 180.575 483.539
l 4847 4848
v -1074.48 176.902 484.774
v -1074.48 176.902 505.689
l 4849 4850
v -1074.36 180.306 484.482
v -1074.36 180.306 505.689
l 4851 4852
v -1111.19 182.687 479.974
v -1111.19 182.687 503.228
l 4853 4854
v -1111.29 179.782 480.333
v -1111.29 179.782 503.228
l 4855 4856
v -1101.6 179.436 481.459
v -1101.6 179.436 503.228
l 4857 4858
v -1101.49 182.341 481.208
v -1101.49 182.341 503.228
l 4859 4860
v -1301.33 -84.2016 506.902
v -1301.33 -84.2016 484.599
l 4861 4862
v -1315.28 -75.7295 481.408
v -1315.28 -75.7295 506.902
l 4863 4864
v -1322.1 -85.8526 481.857
v -1322.1 -85.8526 506.902
l 4865 4866
v -1306.25 -86.2877 483.986
v -1306.25 -86.2877 506.902
l 4867 4868
v -1306.9 -118.257 510.928
v -1306.9 -118.257 488.037
l 4869 4870
v -969.228 -74.181 519.035
v -969.228 -74.181 492.158
l 4871 4872
v -961.681 -79.9784 491.764
v -961.681 -79.9784 519.035
l 4873 4874
v -956.549 -83.9201 491.198
v -956.549 -83.9201 519.035
l 4875 4876
v -965.955 -62.5093 490.495
v -965.955 -62.5093 519.035
l 4877 4878
v -969.428 -59.8346 490.877
v -969.428 -59.8346 519.035
l 4879 4880
v -982.542 -49.7755 492.741
v -982.542 -49.7755 519.035
l 4881 4882
v -996.702 -49.7499 496.652
v -996.702 -49.7499 519.035
l 4883 4884
v -997.047 -60.5641 496.912
v -997.047 -60.5641 519.035
l 4885 4886
v -988.887 -66.8222 495.715
v -988.887 -66.8222 519.035
l 4887 4888
v -976.286 -68.7675 493.376
v -976.286 -68.7675 519.035
l 4889 4890
v -1013.18 -122.646 520.425
v -1013.18 -122.646 500.297
l 4891 4892
v -1003 -136.506 500.379
v -1003 -136.506 520.425
l 4893 4894
v -999.841 -132.142 500.119
v -999.841 -132.142 520.425
l 4895 4896
v -999.808 -106.687 499.279
v -999.808 -106.687 520.425
l 4897 4898
v -1008.92 -93.7872 499.95
v -1008.92 -93.7872 520.425
l 4899 4900
v -1043.48 -131.733 500.027
v -1043.48 -131.733 520.215
l 4901 4902
v -1043.44 -127.945 500.081
v -1043.44 -127.945 520.215
l 4903 4904
v -1057.23 -127.829 499.931
v -1057.23 -127.829 520.215
l 4905 4906
v -1053.71 -127.855 499.96
v -1053.71 -127.855 520.215
l 4907 4908
v -1048.33 -136.788 499.913
v -1048.33 -136.788 520.215
l 4909 4910
v -1043.96 -142.201 499.873
v -1043.96 -142.201 520.215
l 4911 4912
v -1041.47 -146.693 499.831
v -1041.47 -146.693 520.215
l 4913 4914
v -1020.84 -70.2648 521.18
v -1020.84 -70.2648 499.986
l 4915 4916
v -1050.1 -72.6324 500.832
v -1050.1 -72.6324 521.18
l 4917 4918
v -1063.44 -74.9744 522.816
v -1063.44 -74.9744 501.062
l 4919 4920
v -1057.74 -64.173 501.207
v -1057.74 -64.173 522.816
l 4921 4922
v -1072.28 -62.9956 501.67
v -1072.28 -62.9956 522.816
l 4923 4924
v -1120.07 -70.2392 523.242
v -1120.07 -70.2392 502.983
l 4925 4926
v -1126.22 -75.2176 502.808
v -1126.22 -75.2176 523.242
l 4927 4928
v -1133.46 -79.0057 502.753
v -1133.46 -79.0057 523.242
l 4929 4930
v -1125.49 -143.046 519.515
v -1125.49 -143.046 498.197
l 4931 4932
v -1113.24 -136.161 498.806
v -1113.24 -136.161 519.515
l 4933 4934
v -1106.97 -131.784 499.18
v -1106.97 -131.784 519.515
l 4935 4936
v -1138.76 -140.781 498.177
v -1138.76 -140.781 519.515
l 4937 4938
v -1202.6 -191.652 496.728
v -1202.6 -191.652 517.035
l 4939 4940
v -1213.54 -178.201 495.747
v -1213.54 -178.201 517.035
l 4941 4942
v -1217.95 -183.858 495.846
v -1217.95 -183.858 517.035
l 4943 4944
v -1218.33 -189.847 495.994
v -1218.33 -189.847 517.035
l 4945 4946
v -1179.66 -190.397 497.851
v -1179.66 -190.397 518.51
l 4947 4948
v -1199.47 -174.963 496.158
v -1199.47 -174.963 518.51
l 4949 4950
v -1190.13 -182.732 496.998
v -1190.13 -182.732 518.51
l 4951 4952
v -1190.56 -189.719 497.202
v -1190.56 -189.719 518.51
l 4953 4954
v -1242.09 -186.993 515.183
v -1242.09 -186.993 494.794
l 4955 4956
v -1253.45 -188.798 494.294
v -1253.45 -188.798 515.183
l 4957 4958
v -1242.45 -190.052 494.771
v -1242.45 -190.052 515.183
l 4959 4960
v -1216.62 -129.57 495.935
v -1216.62 -129.57 519.101
l 4961 4962
v -1232.6 -137.415 495.121
v -1232.6 -137.415 519.101
l 4963 4964
v -1232.77 -139.027 495.076
v -1232.77 -139.027 519.101
l 4965 4966
v -1213.93 -139.347 495.897
v -1213.93 -139.347 519.101
l 4967 4968
v -1205.26 -140.256 496.535
v -1205.26 -140.256 519.101
l 4969 4970
v -1192.71 -150.801 496.111
v -1192.71 -150.801 519.101
l 4971 4972
v -1183.92 -142.483 497.179
v -1183.92 -142.483 519.101
l 4973 4974
v -1182.95 -133.076 498.168
v -1182.95 -133.076 519.101
l 4975 4976
v -1192.88 -132.04 497.683
v -1192.88 -132.04 519.101
l 4977 4978
v -1289.68 -160.476 514.213
v -1289.68 -160.476 493.125
l 4979 4980
v -1280.04 -160.732 493.351
v -1280.04 -160.732 514.213
l 4981 4982
v -1269.96 -154.986 493.747
v -1269.96 -154.986 514.213
l 4983 4984
v -1261.6 -148.114 493.715
v -1261.6 -148.114 514.213
l 4985 4986
v -1263.17 -131.144 492.698
v -1263.17 -131.144 514.213
l 4987 4988
v -1269.71 -139.68 492.943
v -1269.71 -139.68 514.213
l 4989 4990
v -1278.86 -144.902 492.996
v -1278.86 -144.902 514.213
l 4991 4992
v -1288.34 -149.867 493.029
v -1288.34 -149.867 514.213
l 4993 4994
v -1282.6 -180.684 514.01
v -1282.6 -180.684 493.04
l 4995 4996
v -1251.18 -77.3932 516.497
v -1251.18 -77.3932 492.106
l 4997 4998
v -1247.13 -83.9585 493.182
v -1247.13 -83.9585 516.497
l 4999 5000
v -1246.08 -86.4925 493.467
v -1246.08 -86.4925 516.497
l 5001 5002
v -1252.93 -73.2211 491.571
v -1252.93 -73.2211 516.497
l 5003 5004
v -1164.63 -85.2895 502.781
v -1168.98 -85.9294 502.849
l 5005 5006
v -1154.43 -70.1112 504.026
v -1159.53 -70.8535 504.107
l 5007 5008
v -1128.29 -9.57737 501.47
v -1128.29 -9.57737 525.525
l 5009 5010
v -1142.99 -20.9419 503.476
v -1142.99 -20.9419 525.525
l 5011 5012
v -1123.67 -48.8796 504.433
v -1123.67 -48.8796 525.525
l 5013 5014
v -1125.9 -42.9542 504.979
v -1125.9 -42.9542 525.525
l 5015 5016
v -1138.09 -43.0822 505.525
v -1138.09 -43.0822 525.525
l 5017 5018
v -1138.33 -20.8907 503.235
v -1138.33 -20.8907 525.525
l 5019 5020
v -1140.38 43.6236 519.316
v -1140.38 43.6236 494.831
l 5021 5022
v -1152.25 43.7259 494.766
v -1152.25 43.7259 519.316
l 5023 5024
v -1143.57 34.1275 496.142
v -1143.57 34.1275 519.316
l 5025 5026
v -1143.63 26.7047 497.094
v -1143.63 26.7047 519.316
l 5027 5028
v -1143.75 11.9999 499.106
v -1143.75 11.9999 519.316
l 5029 5030
v -1133.91 26.2568 497.037
v -1133.91 26.2568 519.316
l 5031 5032
v -1133.87 30.2881 496.52
v -1133.87 30.2881 519.316
l 5033 5034
v -1140.4 40.3345 495.303
v -1140.4 40.3345 519.316
l 5035 5036
v -1187.66 18.4884 518.562
v -1187.66 18.4884 496.489
l 5037 5038
v -1186.21 26.8327 495.509
v -1186.21 26.8327 518.562
l 5039 5040
v -1194.27 18.8084 494.995
v -1194.27 18.8084 518.562
l 5041 5042
v -1194.88 18.834 494.858
v -1194.88 18.834 518.562
l 5043 5044
v -1207.18 19.4227 492.08
v -1207.18 19.4227 518.562
l 5045 5046
v -1263.43 45.1593 476.367
v -1263.43 45.1593 501.832
l 5047 5048
v -1261.81 40.7568 477.307
v -1261.81 40.7568 501.832
l 5049 5050
v -1272.09 52.0446 473.603
v -1272.09 52.0446 501.832
l 5051 5052
v -1293.72 17.6054 499.094
v -1293.72 17.6054 473.484
l 5053 5054
v -1296.03 24.0683 472.108
v -1296.03 24.0683 499.094
l 5055 5056
v -1266.13 -18.3951 507.831
v -1266.13 -18.3951 484.353
l 5057 5058
v -1268.73 -11.8042 482.889
v -1268.73 -11.8042 507.831
l 5059 5060
v -1269.16 -40.689 511.69
v -1269.16 -40.689 486.666
l 5061 5062
v -1270.87 -35.8386 485.613
v -1270.87 -35.8386 511.69
l 5063 5064
v -1228.69 -34.1749 517.64
v -1228.69 -34.1749 495.098
l 5065 5066
v -1227.34 -25.5491 494.157
v -1227.34 -25.5491 517.64
l 5067 5068
v -1179.38 -17.1921 503.824
v -1179.38 -17.1921 526.787
l 5069 5070
v -1179.21 -20.8395 504.429
v -1179.21 -20.8395 526.787
l 5071 5072
v -1168.06 -20.3276 504.288
v -1168.06 -20.3276 526.787
l 5073 5074
v -1168.22 -16.6802 503.727
v -1168.22 -16.6802 526.787
l 5075 5076
v -1114.61 82.2862 490.627
v -1114.61 82.2862 512.626
l 5077 5078
v -1101.33 89.5938 490.266
v -1101.33 89.5938 512.626
l 5079 5080
v -1122.19 68.6308 491.891
v -1122.19 68.6308 512.626
l 5081 5082
v -1118.71 123.253 485.816
v -1118.71 123.253 507.95
l 5083 5084
v -1108.99 122.766 486.583
v -1108.99 122.766 507.95
l 5085 5086
v -1108.17 139.353 484.829
v -1108.17 139.353 507.95
l 5087 5088
v -1117.88 139.839 484.081
v -1117.88 139.839 507.95
l 5089 5090
v -1180.61 129.856 480.328
v -1180.61 129.856 505.116
l 5091 5092
v -1167.42 130.112 505.116
v -1167.42 130.112 481.455
l 5093 5094
v -1190.49 124.571 479.671
v -1190.49 124.571 505.116
l 5095 5096
v -1187.16 113.718 481.911
v -1187.16 113.718 505.116
l 5097 5098
v -1180.41 119.58 482.043
v -1180.41 119.58 505.116
l 5099 5100
v -1167.23 119.823 483.169
v -1167.23 119.823 505.116
l 5101 5102
v -1155.38 123.381 483.44
v -1155.38 123.381 505.116
l 5103 5104
v -1156.96 130.304 482.182
v -1156.96 130.304 505.116
l 5105 5106
v -1192.01 86.7655 484.991
v -1192.01 86.7655 511.926
l 5107 5108
v -1176.59 87.0598 511.926
v -1176.59 87.0598 487.868
l 5109 5110
v -1191.82 77.3718 486.582
v -1191.82 77.3718 511.926
l 5111 5112
v -1172.69 75.7336 489.856
v -1172.69 75.7336 511.926
l 5113 5114
v -297.126 2169.57 452.994
v -297.126 2169.57 474.371
l 5115 5116
v -297.359 2165.44 452.536
v -297.359 2165.44 474.371
l 5117 5118
v -237.781 2084.75 451.046
v -237.737 2080.14 451.168
l 5119 5120
v -259.633 1869.34 455.705
v -259.633 1869.34 476.446
l 5121 5122
v -270.242 1869.34 455.829
v -270.242 1869.34 476.446
l 5123 5124
v -246.33 1868.48 455.586
v -246.33 1868.48 476.446
l 5125 5126
v -245.763 1871.68 455.683
v -245.763 1871.68 476.446
l 5127 5128
v -653.136 1822.65 503.171
v -653.136 1822.65 528.066
l 5129 5130
v -653.092 1815.26 500.926
v -653.092 1815.26 528.066
l 5131 5132
v -660.962 1811.95 501.066
v -660.962 1811.95 528.066
l 5133 5134
v -631.663 1812.07 496.93
v -631.663 1812.07 528.066
l 5135 5136
v -637.485 1815.34 498.672
v -637.485 1815.34 528.066
l 5137 5138
v -637.518 1822.72 500.912
v -637.518 1822.72 528.066
l 5139 5140
v -585.142 1839.8 496.761
v -585.142 1839.8 521.153
l 5141 5142
v -585.109 1832.41 495.241
v -585.109 1832.41 521.153
l 5143 5144
v -592.968 1829.1 495.707
v -592.968 1829.1 521.153
l 5145 5146
v -563.669 1829.23 491.123
v -563.669 1829.23 521.153
l 5147 5148
v -569.491 1832.49 492.758
v -569.491 1832.49 521.153
l 5149 5150
v -569.524 1839.88 494.28
v -569.524 1839.88 521.153
l 5151 5152
v -523.249 1864.45 490.058
v -523.249 1864.45 513.882
l 5153 5154
v -523.215 1857.07 488.935
v -523.215 1857.07 513.882
l 5155 5156
v -531.075 1853.74 490.048
v -531.075 1853.74 513.882
l 5157 5158
v -501.775 1853.88 484.76
v -501.775 1853.88 513.882
l 5159 5160
v -507.597 1857.14 486.149
v -507.597 1857.14 513.882
l 5161 5162
v -507.631 1864.53 486.939
v -507.631 1864.53 513.882
l 5163 5164
v -386.793 1929.84 471.275
v -386.793 1929.84 493.298
l 5165 5166
v -386.76 1922.46 471.458
v -386.76 1922.46 493.298
l 5167 5168
v -394.63 1919.13 472.656
v -394.63 1919.13 493.298
l 5169 5170
v -365.331 1919.27 467.971
v -365.331 1919.27 493.298
l 5171 5172
v -371.142 1922.52 468.964
v -371.142 1922.52 493.298
l 5173 5174
v -371.175 1929.91 469.045
v -371.175 1929.91 493.298
l 5175 5176
v -325.879 1977.61 464.141
v -325.879 1977.61 485.561
l 5177 5178
v -325.846 1970.23 463.799
v -325.846 1970.23 485.561
l 5179 5180
v -333.716 1966.9 464.574
v -333.716 1966.9 485.561
l 5181 5182
v -304.417 1967.04 461.342
v -304.417 1967.04 485.561
l 5183 5184
v -310.239 1970.31 461.929
v -310.239 1970.31 485.561
l 5185 5186
v -310.272 1977.69 462.238
v -310.272 1977.69 485.561
l 5187 5188
v -389.187 2016.73 470.477
v -389.187 2016.73 491.714
l 5189 5190
v -389.153 2009.34 470.661
v -389.153 2009.34 491.714
l 5191 5192
v -397.013 2006.02 471.299
v -397.013 2006.02 491.714
l 5193 5194
v -367.713 2006.16 468.785
v -367.713 2006.16 491.714
l 5195 5196
v -373.535 2009.41 469.366
v -373.535 2009.41 491.714
l 5197 5198
v -373.569 2016.81 469.374
v -373.569 2016.81 491.714
l 5199 5200
v -450.991 1987.69 477.007
v -450.991 1987.69 499.401
l 5201 5202
v -450.958 1980.3 477.452
v -450.958 1980.3 499.401
l 5203 5204
v -458.817 1976.97 478.58
v -458.817 1976.97 499.401
l 5205 5206
v -429.518 1977.11 475.523
v -429.518 1977.11 499.401
l 5207 5208
v -435.34 1980.38 475.887
v -435.34 1980.38 499.401
l 5209 5210
v -435.373 1987.76 475.441
v -435.373 1987.76 499.401
l 5211 5212
v -509.512 1953.73 488.306
v -509.512 1953.73 512.532
l 5213 5214
v -509.479 1946.34 489.045
v -509.479 1946.34 512.532
l 5215 5216
v -517.338 1943.02 491.081
v -517.338 1943.02 512.532
l 5217 5218
v -488.038 1943.16 484.885
v -488.038 1943.16 512.532
l 5219 5220
v -493.86 1946.41 485.63
v -493.86 1946.41 512.532
l 5221 5222
v -493.894 1953.81 484.924
v -493.894 1953.81 512.532
l 5223 5224
v -582.07 1934.32 506.382
v -582.07 1934.32 532.291
l 5225 5226
v -582.037 1926.93 507.726
v -582.037 1926.93 532.291
l 5227 5228
v -589.896 1923.61 510.236
v -589.896 1923.61 532.291
l 5229 5230
v -560.596 1923.75 503.449
v -560.596 1923.75 532.291
l 5231 5232
v -566.419 1927 504.146
v -566.419 1927 532.291
l 5233 5234
v -566.452 1934.39 502.85
v -566.452 1934.39 532.291
l 5235 5236
v -647.504 1916.87 525.199
v -647.504 1916.87 549.069
l 5237 5238
v -647.47 1909.47 526.792
v -647.47 1909.47 549.069
l 5239 5240
v -655.329 1906.15 528.236
v -655.329 1906.15 549.069
l 5241 5242
v -626.03 1906.29 521.102
v -626.03 1906.29 549.069
l 5243 5244
v -631.852 1909.54 522.95
v -631.852 1909.54 549.069
l 5245 5246
v -631.885 1916.93 521.36
v -631.885 1916.93 549.069
l 5247 5248
v -730.804 1840.68 508.037
v -730.804 1840.68 532.975
l 5249 5250
v -739.153 1840.52 507.602
v -739.153 1840.52 532.975
l 5251 5252
v -816.576 1839.06 505.203
v -816.576 1839.06 532.975
l 5253 5254
v -2820.69 1044.54 429.446
v -2820.69 1044.54 622.025
l 5255 5256
v -2811.04 1053.6 427.113
v -2811.04 1053.6 622.025
l 5257 5258
v -2809.76 1057.45 426.867
v -2809.76 1057.45 622.025
l 5259 5260
v -2802.54 1057.68 425.405
v -2802.54 1057.68 622.025
l 5261 5262
v -2799.96 1051.78 424.667
v -2799.96 1051.78 622.025
l 5263 5264
v -2793.41 1052.36 423.186
v -2793.41 1052.36 622.025
l 5265 5266
v -2791.87 1060.29 423.187
v -2791.87 1060.29 622.025
l 5267 5268
v -2792 1071.75 423.316
v -2792 1071.75 622.025
l 5269 5270
v -2800.52 1077.94 425.093
v -2800.52 1077.94 622.025
l 5271 5272
v -2803.38 1075.46 425.633
v -2803.38 1075.46 622.025
l 5273 5274
v -2806.33 1075.42 426.23
v -2806.33 1075.42 622.025
l 5275 5276
v -2820.89 1084.2 429.206
v -2820.89 1084.2 622.025
l 5277 5278
v -2818.41 828.878 421.757
v -2818.41 828.878 444.467
l 5279 5280
v -2823.89 814.403 422.683
v -2823.89 814.403 444.467
l 5281 5282
v -2822.46 811.331 422.442
v -2822.46 811.331 444.467
l 5283 5284
v -2812.23 810.269 420.747
v -2812.23 810.269 444.467
l 5285 5286
v -2808.87 812.547 420.18
v -2808.87 812.547 444.467
l 5287 5288
v -2802.99 808.31 419.2
v -2802.99 808.31 444.467
l 5289 5290
v -2804.56 802.065 419.472
v -2804.56 802.065 444.467
l 5291 5292
v -2799.03 798.519 418.551
v -2799.03 798.519 444.467
l 5293 5294
v -2792.96 803.869 417.523
v -2792.96 803.869 444.467
l 5295 5296
v -2786.06 813.008 416.352
v -2786.06 813.008 444.467
l 5297 5298
v -2789.02 823.118 416.823
v -2789.02 823.118 444.467
l 5299 5300
v -2792.82 822.901 417.461
v -2792.82 822.901 444.467
l 5301 5302
v -2795.17 824.68 417.847
v -2795.17 824.68 444.467
l 5303 5304
v -2803.74 837.607 419.267
v -2803.74 837.607 444.467
l 5305 5306
v -2805.74 837.85 419.606
v -2805.74 837.85 444.467
l 5307 5308
v -2779.62 1199.83 425.856
v -2779.62 1199.83 589.904
l 5309 5310
v -2794.42 1195.31 427.118
v -2794.42 1195.31 589.904
l 5311 5312
v -2795.99 1192.29 427.121
v -2795.99 1192.29 589.904
l 5313 5314
v -2790.56 1183.55 426.43
v -2790.56 1183.55 589.904
l 5315 5316
v -2786.71 1182.28 426.023
v -2786.71 1182.28 589.904
l 5317 5318
v -2786.46 1175.05 425.704
v -2786.46 1175.05 589.904
l 5319 5320
v -2792.36 1172.46 426.312
v -2792.36 1172.46 589.904
l 5321 5322
v -2791.78 1165.92 425.903
v -2791.78 1165.92 589.904
l 5323 5324
v -2783.84 1164.39 424.826
v -2783.84 1164.39 589.904
l 5325 5326
v -2772.39 1164.53 423.396
v -2772.39 1164.53 589.904
l 5327 5328
v -2766.2 1173.05 423.125
v -2766.2 1173.05 589.904
l 5329 5330
v -2768.69 1175.92 423.523
v -2768.69 1175.92 589.904
l 5331 5332
v -2768.73 1178.86 423.679
v -2768.73 1178.86 589.904
l 5333 5334
v -2763.75 1193.56 423.995
v -2763.75 1193.56 589.904
l 5335 5336
v -2764.79 1195.3 424.228
v -2764.79 1195.3 589.904
l 5337 5338
v -2819.25 1147.38 429.161
v -2819.25 1147.38 629.275
l 5339 5340
v -2823.25 1132.42 429.624
v -2823.25 1132.42 629.275
l 5341 5342
v -2821.52 1129.5 429.429
v -2821.52 1129.5 629.275
l 5343 5344
v -2811.23 1129.47 427.698
v -2811.23 1129.47 629.275
l 5345 5346
v -2808.11 1132.07 427.268
v -2808.11 1132.07 629.275
l 5347 5348
v -2801.85 1128.46 426.274
v -2801.85 1128.46 629.275
l 5349 5350
v -2802.78 1122.07 426.322
v -2802.78 1122.07 629.275
l 5351 5352
v -2796.93 1119.1 425.4
v -2796.93 1119.1 629.275
l 5353 5354
v -2791.42 1125.03 424.658
v -2791.42 1125.03 629.275
l 5355 5356
v -2785.47 1134.82 423.918
v -2785.47 1134.82 629.275
l 5357 5358
v -2789.44 1144.59 425.015
v -2789.44 1144.59 629.275
l 5359 5360
v -2793.19 1144 425.548
v -2793.19 1144 629.275
l 5361 5362
v -2795.7 1145.52 425.998
v -2795.7 1145.52 629.275
l 5363 5364
v -2805.53 1157.51 427.406
v -2805.53 1157.51 629.275
l 5365 5366
v -2807.55 1157.57 427.66
v -2807.55 1157.57 629.275
l 5367 5368
v -2722.4 1089.67 410.911
v -2722.4 1089.67 433.619
l 5369 5370
v -2737.54 1071.34 412.047
v -2737.54 1071.34 433.619
l 5371 5372
v -2741.78 1066.21 412.659
v -2741.78 1066.21 433.619
l 5373 5374
v -2697.59 1119.71 412.756
v -2697.59 1119.71 433.619
l 5375 5376
v -2704.18 1111.73 412.23
v -2704.18 1111.73 433.619
l 5377 5378
v -2716.83 1096.41 411.299
v -2716.83 1096.41 433.619
l 5379 5380
v -2637.23 1154.72 414.304
v -2637.23 1154.72 436.254
l 5381 5382
v -2657.44 1141.23 413.55
v -2657.44 1141.23 436.254
l 5383 5384
v -2664.13 1136.77 413.304
v -2664.13 1136.77 436.254
l 5385 5386
v -2604.86 1176.34 415.709
v -2604.86 1176.34 436.254
l 5387 5388
v -2611.8 1171.7 415.396
v -2611.8 1171.7 436.254
l 5389 5390
v -2632.05 1158.18 414.516
v -2632.05 1158.18 436.254
l 5391 5392
v -2581.15 1101.79 407.396
v -2581.15 1101.79 429.7
l 5393 5394
v -2610.56 1081.8 408.04
v -2610.56 1081.8 429.7
l 5395 5396
v -2618.55 1076.37 408.117
v -2618.55 1076.37 429.7
l 5397 5398
v -2635.28 1064.99 408.023
v -2635.28 1064.99 429.7
l 5399 5400
v -2644.17 1058.95 407.898
v -2644.17 1058.95 429.7
l 5401 5402
v -2660.08 1048.12 407.517
v -2660.08 1048.12 429.7
l 5403 5404
v -2669.74 1041.56 407.118
v -2669.74 1041.56 429.7
l 5405 5406
v -2546.07 1125.63 408.824
v -2546.07 1125.63 429.7
l 5407 5408
v -2555.25 1119.39 408.056
v -2555.25 1119.39 429.7
l 5409 5410
v -2572.79 1107.47 407.315
v -2572.79 1107.47 429.7
l 5411 5412
v -2323.7 1561.98 523.285
v -2323.7 1561.98 544.6
l 5413 5414
v -2311.39 1558.69 522.719
v -2311.39 1558.69 544.6
l 5415 5416
v -2457.1 1647.37 558.01
v -2457.1 1647.37 536.728
l 5417 5418
v -2444.09 1592.56 525.272
v -2444.09 1592.56 558.01
l 5419 5420
v -2456.97 1603.29 526.958
v -2456.97 1603.29 558.01
l 5421 5422
v -673.441 171.68 479.091
v -673.441 171.68 504.267
l 5423 5424
v -691.898 187.307 474.758
v -691.898 187.307 504.267
l 5425 5426
v -699.367 179.18 474.659
v -699.367 179.18 504.267
l 5427 5428
v -674.732 165.704 479.953
v -674.732 165.704 504.267
l 5429 5430
v -734.633 212.737 463.72
v -734.633 212.737 487.348
l 5431 5432
v -614.342 56.1911 514.106
v -614.342 56.1911 488.402
l 5433 5434
v -624.772 74.1979 492.97
v -624.772 74.1979 514.106
l 5435 5436
v -628.089 64.7274 491.3
v -628.089 64.7274 514.106
l 5437 5438
v -620.03 56.1911 489.214
v -620.03 56.1911 514.106
l 5439 5440
v -647.047 46.2343 514.808
v -647.047 46.2343 489.724
l 5441 5442
v -652.257 46.2343 490.145
v -652.257 46.2343 514.808
l 5443 5444
v -640.413 28.7012 484.679
v -640.413 28.7012 514.808
l 5445 5446
v -634.724 28.7012 484.637
v -634.724 28.7012 514.808
l 5447 5448
v -698.455 136.089 504.222
v -698.455 136.089 479.071
l 5449 5450
v -697.553 140.799 478.799
v -697.553 140.799 504.222
l 5451 5452
v -710.177 152.675 475.242
v -710.177 152.675 504.222
l 5453 5454
v -715.008 147.108 474.622
v -715.008 147.108 504.222
l 5455 5456
v -732.875 123.701 471.896
v -732.875 123.701 494.783
l 5457 5458
v -746.689 123.47 468.681
v -746.689 123.47 494.783
l 5459 5460
v -746.467 109.802 468.732
v -746.467 109.802 494.783
l 5461 5462
v -732.652 110.032 472.212
v -732.652 110.032 494.783
l 5463 5464
v -747.758 76.5015 468.452
v -747.758 76.5015 491.875
l 5465 5466
v -747.758 76.5015 468.452
v -737.45 76.6679 471.875
l 5467 5468
v -737.45 76.6679 471.875
v -737.572 84.1547 471.439
l 5469 5470
v -723.635 76.8982 476.741
v -723.635 76.8982 499.846
l 5471 5472
v -737.45 76.6679 471.875
v -737.45 76.6679 499.846
l 5473 5474
v -737.216 62.9997 471.332
v -737.216 62.9997 499.846
l 5475 5476
v -723.401 63.23 476.236
v -723.401 63.23 499.846
l 5477 5478
v -798.92 90.6049 451.888
v -798.92 90.6049 478.007
l 5479 5480
v -828.431 138.405 474.046
v -828.431 138.405 450.6
l 5481 5482
v -878.258 97.4006 455.371
v -878.258 97.4006 486.975
l 5483 5484
v -891.193 97.8102 459.403
v -891.193 97.8102 486.975
l 5485 5486
v -905.208 34.8826 464.44
v -905.208 34.8826 490.477
l 5487 5488
v -799.343 10.2082 453.131
v -799.343 10.2082 484.166
l 5489 5490
v -785.907 9.97782 484.166
v -785.907 9.97782 455.564
l 5491 5492
v -799.522 -0.375687 453.314
v -799.522 -0.375687 484.166
l 5493 5494
v -786.085 -0.60605 455.735
v -786.085 -0.60605 484.166
l 5495 5496
v -786.241 -9.79494 455.782
v -786.241 -9.79494 484.166
l 5497 5498
v -756.786 -19.7261 460.132
v -756.786 -19.7261 484.166
l 5499 5500
v -739.442 -10.6012 463.112
v -739.442 -10.6012 484.166
l 5501 5502
v -745.754 -10.486 462.155
v -745.754 -10.486 484.166
l 5503 5504
v -772.649 -10.0253 457.87
v -772.649 -10.0253 484.166
l 5505 5506
v -668.409 -196.515 522.811
v -668.409 -196.515 495.653
l 5507 5508
v -671.204 -190.001 492.871
v -671.204 -190.001 522.811
l 5509 5510
v -793.154 -42.0712 455.851
v -793.154 -42.0712 481.445
l 5511 5512
v -762.14 -45.7442 459.8
v -762.14 -45.7442 485.889
l 5513 5514
v -757.053 -48.7005 461.13
v -757.053 -48.7005 485.889
l 5515 5516
v -675.823 -37.5535 466.524
v -675.823 -37.5535 492.41
l 5517 5518
v -661.118 -31.4745 469.497
v -661.118 -31.4745 492.41
l 5519 5520
v -661.652 -72.0309 469.957
v -661.652 -72.0309 494.62
l 5521 5522
v -646.947 -65.952 471.799
v -646.947 -65.952 494.62
l 5523 5524
v -642.739 -111.512 477.878
v -642.739 -111.512 504.164
l 5525 5526
v -622.178 -63.5332 475.847
v -622.178 -63.5332 497.666
l 5527 5528
v -592.868 -44.234 477.066
v -592.868 -44.234 502.449
l 5529 5530
v -597.799 -36.2737 476.087
v -597.799 -36.2737 502.449
l 5531 5532
v -599.402 -48.2909 476.783
v -599.402 -48.2909 502.449
l 5533 5534
v -552.248 -129.762 503.993
v -552.248 -129.762 530.788
l 5535 5536
v -527.969 -71.7494 519.345
v -527.969 -71.7494 494.217
l 5537 5538
v -525.965 -78.9289 496.529
v -525.965 -78.9289 519.345
l 5539 5540
v -542.151 -42.5959 508.547
v -542.151 -42.5959 483.992
l 5541 5542
v -540.147 -49.7755 486.063
v -540.147 -49.7755 508.547
l 5543 5544
v -548.997 -20.5324 481.808
v -556.032 -2.52573 481.343
l 5545 5546
v -562.823 17.1446 502.216
v -562.823 17.1446 482.049
l 5547 5548
v -577.717 11.3344 481.762
v -577.717 11.3344 502.216
l 5549 5550
v -550.233 6.77834 481.409
v -550.233 6.77834 504.307
l 5551 5552
v -607.317 395.892 486.453
v -607.317 395.892 459.863
l 5553 5554
v -594.727 425.264 460.173
v -594.727 425.264 486.453
l 5555 5556
v -590.564 428.719 459.663
v -590.564 428.719 486.453
l 5557 5558
v -568.478 402.073 465.097
v -568.478 402.073 486.453
l 5559 5560
v -640.312 381.967 455.12
v -640.312 381.967 481.033
l 5561 5562
v -665.571 360.197 451.445
v -665.571 360.197 481.033
l 5563 5564
v -626.776 369.822 456.33
v -626.776 369.822 481.033
l 5565 5566
v -621.366 383.861 457.566
v -621.366 383.861 481.033
l 5567 5568
v -627.221 254.548 464.032
v -627.221 254.548 492.04
l 5569 5570
v -618.082 262.317 463.005
v -618.082 262.317 492.04
l 5571 5572
v -598.968 160.584 501.286
v -598.968 160.584 480.644
l 5573 5574
v -569.792 180.37 478.428
v -569.792 180.37 501.286
l 5575 5576
v -579.821 174.342 478.979
v -579.821 174.342 501.286
l 5577 5578
v -589.996 168.238 479.784
v -589.996 168.238 501.286
l 5579 5580
v -626.431 115.062 512.835
v -626.431 115.062 487.884
l 5581 5582
v -613.996 130.509 484.727
v -613.996 130.509 512.835
l 5583 5584
v -615.978 144.613 483.255
v -615.978 144.613 512.835
l 5585 5586
v -630.616 144.907 484.233
v -630.616 144.907 512.835
l 5587 5588
v -627.611 123.496 486.976
v -627.611 123.496 512.835
l 5589 5590
v -590.92 91.5263 486.612
v -599.859 99.2307 486.766
l 5591 5592
v -587.625 137.1 482.198
v -591.588 132.493 482.812
l 5593 5594
v -553.717 157.641 479.063
v -553.717 157.641 501.605
l 5595 5596
v -557.68 153.046 479.524
v -557.68 153.046 501.605
l 5597 5598
v -563.379 146.43 480.187
v -563.379 146.43 501.605
l 5599 5600
v -554.285 138.597 479.932
v -554.285 138.597 501.605
l 5601 5602
v -548.585 145.214 479.431
v -548.585 145.214 501.605
l 5603 5604
v -544.622 149.809 479.082
v -544.622 149.809 501.605
l 5605 5606
v -554.552 75.9256 503.107
v -554.552 75.9256 482.152
l 5607 5608
v -549.019 65.6872 480.836
v -549.019 65.6872 503.107
l 5609 5610
v -570.248 39.477 483.022
v -570.248 39.477 503.944
l 5611 5612
v -519.341 73.9675 476.74
v -519.341 73.9675 498.969
l 5613 5614
v -490.309 65.7384 473.585
v -490.309 65.7384 498.969
l 5615 5616
v -505.594 70.0769 474.823
v -505.594 70.0769 498.969
l 5617 5618
v -526.021 262.739 493.184
v -526.021 262.739 469.851
l 5619 5620
v -535.906 263.929 468.937
v -535.906 263.929 493.184
l 5621 5622
v -550.689 265.708 467.76
v -550.689 265.708 493.184
l 5623 5624
v -561.365 266.988 466.631
v -561.365 266.988 493.184
l 5625 5626
v -570.259 268.05 465.69
v -570.259 268.05 493.184
l 5627 5628
v -575.012 281.386 463.179
v -575.012 281.386 493.184
l 5629 5630
v -593.024 283.549 461.24
v -593.024 283.549 493.184
l 5631 5632
v -581.235 269.368 464.678
v -581.235 269.368 493.184
l 5633 5634
v -560.886 255.38 468.496
v -560.886 255.38 493.184
l 5635 5636
v -550.21 254.1 469.258
v -550.21 254.1 493.184
l 5637 5638
v -535.416 252.321 470.314
v -535.416 252.321 493.184
l 5639 5640
v -525.531 251.144 471.241
v -525.531 251.144 493.184
l 5641 5642
v -513.03 251.464 471.94
v -513.03 251.464 493.184
l 5643 5644
v -499.883 252.014 472.655
v -499.883 252.014 493.184
l 5645 5646
v -500.417 265.017 471.683
v -500.417 265.017 493.184
l 5647 5648
v -513.575 264.467 470.728
v -513.575 264.467 493.184
l 5649 5650
v -524.774 262.598 469.975
v -524.774 262.598 493.184
l 5651 5652
v -483.953 280.503 491.808
v -483.953 280.503 470.454
l 5653 5654
v -476.55 284.291 469.347
v -476.55 284.291 491.808
l 5655 5656
v -506.774 334.716 469.31
v -506.774 334.716 481.899
l 5657 5658
v -524.151 370.807 469.146
v -524.151 370.807 481.899
l 5659 5660
v -433.091 365.931 465.972
v -433.091 365.931 492.966
l 5661 5662
v -446.483 395.111 469.088
v -446.483 395.111 492.966
l 5663 5664
v -506.328 515.057 435.502
v -506.328 515.057 462.68
l 5665 5666
v -499.861 507.98 438.568
v -499.861 507.98 462.68
l 5667 5668
v -492.502 521.444 433.151
v -492.502 521.444 462.68
l 5669 5670
v -456.98 502.451 444.092
v -456.98 502.451 473.77
l 5671 5672
v -468.413 492.007 447.37
v -468.413 492.007 473.77
l 5673 5674
v -459.196 481.935 450.811
v -459.196 481.935 473.77
l 5675 5676
v -447.774 492.378 447.85
v -447.774 492.378 473.77
l 5677 5678
v -324.232 483.855 475.397
v -324.232 483.855 455.345
l 5679 5680
v -344.648 482.639 454.966
v -344.648 482.639 475.397
l 5681 5682
v -377.699 480.335 476.007
v -377.699 480.335 453.771
l 5683 5684
v -356.971 721.599 432.865
v -356.971 721.599 410.771
l 5685 5686
v -346.551 722.636 409.881
v -346.551 722.636 432.865
l 5687 5688
v -301.322 555.219 448.714
v -301.322 555.219 476.967
l 5689 5690
v -319.835 554.988 449.969
v -319.835 554.988 476.967
l 5691 5692
v -319.69 543.022 453.706
v -319.69 543.022 476.967
l 5693 5694
v -301.178 543.239 452.388
v -301.178 543.239 476.967
l 5695 5696
v -233.918 545.095 444.634
v -233.918 545.095 471.423
l 5697 5698
v -169.075 491.866 436.412
v -169.075 491.866 458.546
l 5699 5700
v -175.754 489.985 437.103
v -175.754 489.985 458.546
l 5701 5702
v -214.794 456.505 439.839
v -214.794 456.505 463.958
l 5703 5704
v -443.099 271.838 468.163
v -443.099 271.838 491.553
l 5705 5706
v -436.598 260.947 468.969
v -436.598 260.947 491.553
l 5707 5708
v -432.924 286.467 465.108
v -432.924 286.467 491.553
l 5709 5710
v -440.895 299.841 464.379
v -440.895 299.841 491.553
l 5711 5712
v -451.425 317.49 465.844
v -451.425 317.49 491.553
l 5713 5714
v -447.641 334.063 466.236
v -447.641 334.063 491.553
l 5715 5716
v -363.45 -11.3051 509.255
v -363.45 -11.3051 534.42
l 5717 5718
v -292.884 -24.4357 524.657
v -292.884 -24.4357 554.036
l 5719 5720
v -291.448 -33.663 527.539
v -291.448 -33.663 554.036
l 5721 5722
v -308.035 -46.0385 529.878
v -308.035 -46.0385 554.036
l 5723 5724
v -277.21 -41.2521 531.166
v -277.21 -41.2521 554.036
l 5725 5726
v -278.98 -31.7177 528.138
v -278.98 -31.7177 554.036
l 5727 5728
v -280.405 -22.5032 525.26
v -280.405 -22.5032 554.036
l 5729 5730
v -281.574 -14.9781 522.874
v -281.574 -14.9781 554.036
l 5731 5732
v -295.088 -10.2173 519.848
v -295.088 -10.2173 554.036
l 5733 5734
v -294.053 -16.9234 522.097
v -294.053 -16.9234 554.036
l 5735 5736
v -364.719 -114.776 542.24
v -364.719 -114.776 567.863
l 5737 5738
v -357.294 -85.2511 533.877
v -357.294 -85.2511 567.863
l 5739 5740
v -346.796 -72.2357 531.719
v -346.796 -72.2357 567.863
l 5741 5742
v -348.511 -58.7724 526.801
v -348.511 -58.7724 567.863
l 5743 5744
v -358.941 -69.5481 528.235
v -358.941 -69.5481 567.863
l 5745 5746
v -371.487 -101.619 536.358
v -371.487 -101.619 567.863
l 5747 5748
v -456.168 -93.2625 515.478
v -456.168 -93.2625 554.307
l 5749 5750
v -439.948 -107.596 523.715
v -439.948 -107.596 554.307
l 5751 5752
v -434.36 -99.8918 522.344
v -434.36 -99.8918 554.307
l 5753 5754
v -449.589 -86.4285 514.608
v -449.589 -86.4285 554.307
l 5755 5756
v -394.319 -64.621 519.065
v -394.319 -64.621 542.42
l 5757 5758
v -391.357 -43.3382 512.557
v -391.357 -43.3382 542.42
l 5759 5760
v -431.833 -45.6802 504.793
v -431.833 -45.6802 532.817
l 5761 5762
v -423.829 -40.0619 504.667
v -423.829 -40.0619 532.817
l 5763 5764
v -461.867 -24.2054 516.206
v -461.867 -24.2054 493.451
l 5765 5766
v -496.955 -59.2203 522.017
v -496.955 -59.2203 495.748
l 5767 5768
v -390.133 752.649 410.276
v -390.133 752.649 431.672
l 5769 5770
v -375.94 752.239 408.675
v -375.94 752.239 431.672
l 5771 5772
v -394.396 724.21 412.696
v -394.396 724.21 433.716
l 5773 5774
v -380.203 723.801 411.667
v -380.203 723.801 433.716
l 5775 5776
v -398.026 698.152 414.621
v -398.026 698.152 435.137
l 5777 5778
v -383.832 697.73 414.166
v -383.832 697.73 435.137
l 5779 5780
v -246.664 19.6658 517.034
v -246.664 19.6658 541.814
l 5781 5782
v -225.157 26.1032 518.254
v -225.157 26.1032 541.814
l 5783 5784
v -237.002 35.2409 514.101
v -237.002 35.2409 541.814
l 5785 5786
v -253.088 59.8514 529.772
v -253.088 59.8514 504.958
l 5787 5788
v -245.774 64.8298 504.711
v -245.774 64.8298 529.772
l 5789 5790
v -218.178 70.7552 531.957
v -218.178 70.7552 507.509
l 5791 5792
v 1805.28 161.89 540.254
v 1807.39 157.423 539.222
l 5793 5794
v 1820.66 129.485 533.29
v 1835.61 136.294 529.342
l 5795 5796
v 1763.57 95.5321 544.461
v 1794.81 109.751 538.518
l 5797 5798
v 1778.65 143.781 546.628
v 1778.65 143.781 574.866
l 5799 5800
v 1794.81 109.751 538.518
v 1794.81 109.751 574.866
l 5801 5802
v 1784.89 97.4262 539.738
v 1784.89 97.4262 574.866
l 5803 5804
v 1820.66 129.485 533.29
v 1820.66 129.485 574.866
l 5805 5806
v 1777.78 -22.0169 597.168
v 1798.64 -31.5001 593.853
l 5807 5808
v 1795.32 68.5156 538.321
v 1782.52 38.658 559.033
l 5809 5810
v 1826.13 41.9726 545.107
v 1826.13 41.9726 652.433
l 5811 5812
v 1784.24 12.1919 574.11
v 1784.24 12.1919 624.356
l 5813 5814
v 1784.24 12.1919 574.11
v 1760.55 -17.1921 600.905
l 5815 5816
v 1777.78 -22.0169 597.168
v 1777.78 -22.0169 624.356
l 5817 5818
v 1786.32 0.73773 579.948
v 1786.32 0.73773 624.356
l 5819 5820
v 1814.28 20.6385 559.433
v 1814.28 20.6385 624.356
l 5821 5822
v 1782.52 38.658 559.033
v 1782.52 38.658 624.356
l 5823 5824
v -712.937 903.303 396.321
v -712.937 903.303 422.531
l 5825 5826
v -694.859 896.724 398.573
v -694.859 896.724 422.531
l 5827 5828
v -843.27 885.167 420.77
v -843.27 885.167 450.217
l 5829 5830
v -830.001 885.167 450.217
v -830.001 885.167 418.418
l 5831 5832
v -848.958 877.577 425.57
v -848.958 877.577 450.217
l 5833 5834
v -830.001 870.947 426.139
v -830.001 870.947 450.217
l 5835 5836
v -816.253 872.368 424.176
v -816.253 872.368 450.217
l 5837 5838
v -878.581 903.879 419.733
v -878.581 903.879 446.001
l 5839 5840
v -785.518 731.506 457.061
v -785.518 731.506 487.548
l 5841 5842
v -826.505 730.111 474.717
v -826.505 730.111 501.049
l 5843 5844
v -823.422 724.07 470.421
v -823.422 724.07 501.049
l 5845 5846
v -815.24 728.255 468.72
v -815.24 728.255 501.049
l 5847 5848
v -818.323 734.296 472.862
v -818.323 734.296 501.049
l 5849 5850
v -876.655 684.983 490.385
v -876.655 684.983 457.455
l 5851 5852
v -889.668 677.956 454.771
v -889.668 677.956 490.385
l 5853 5854
v -962.983 612.888 442.708
v -966.679 610.367 442.361
l 5855 5856
v -970.007 615.243 464.752
v -970.007 615.243 442.819
l 5857 5858
v -1033.47 573.866 436.785
v -1033.47 573.866 458.482
l 5859 5860
v -1022.34 570.282 436.062
v -1022.34 570.282 458.482
l 5861 5862
v -1008.9 565.969 435.315
v -1008.9 565.969 458.482
l 5863 5864
v -995.221 563.23 435.529
v -995.221 563.23 458.482
l 5865 5866
v -977.288 565.368 437.059
v -977.288 565.368 458.482
l 5867 5868
v -1085.5 584.079 440.442
v -1085.5 584.079 468.155
l 5869 5870
v -1071.81 579.254 468.155
v -1071.81 579.254 438.733
l 5871 5872
v -1097.68 588.367 441.888
v -1097.68 588.367 468.155
l 5873 5874
v -1110.55 592.897 443.566
v -1110.55 592.897 468.155
l 5875 5876
v -1156.23 599.719 447.342
v -1156.23 599.719 471.673
l 5877 5878
v -1169.38 598.426 447.527
v -1169.38 598.426 471.673
l 5879 5880
v -1064.06 690.512 468.452
v -1064.06 690.512 496.003
l 5881 5882
v -1059.44 686.416 466.62
v -1059.44 686.416 496.003
l 5883 5884
v -1054.92 677.355 463.18
v -1054.92 677.355 496.003
l 5885 5886
v -1052.76 686.57 465.953
v -1052.76 686.57 496.003
l 5887 5888
v -1064.22 697.039 470.638
v -1064.22 697.039 496.003
l 5889 5890
v -1070.5 699.074 472.075
v -1070.5 699.074 496.003
l 5891 5892
v -1025.74 686.096 494.053
v -1025.74 686.096 462.735
l 5893 5894
v -1032.18 701.877 468.554
v -1032.18 701.877 494.053
l 5895 5896
v -1038.94 698.511 468.254
v -1038.94 698.511 494.053
l 5897 5898
v -1031.85 688.259 464.074
v -1031.85 688.259 494.053
l 5899 5900
v -928.964 687.504 459.667
v -928.964 687.504 483.512
l 5901 5902
v -928.585 679.454 456.477
v -928.585 679.454 483.512
l 5903 5904
v -962.059 699.637 489.056
v -962.059 699.637 464.502
l 5905 5906
v -973.135 700.789 465.097
v -973.135 700.789 489.056
l 5907 5908
v -969.941 699.432 464.643
v -969.941 699.432 489.056
l 5909 5910
v -949.625 748.733 506.449
v -949.625 748.733 482.535
l 5911 5912
v -1063.65 753.417 489.252
v -1063.65 753.417 513.811
l 5913 5914
v -1031.91 754.351 485.264
v -1031.91 754.351 513.811
l 5915 5916
v -1007.09 747.709 505.838
v -1007.09 747.709 479.852
l 5917 5918
v -995.7 761.941 484.672
v -995.7 761.941 505.838
l 5919 5920
v -1012.03 761.467 484.81
v -1012.03 761.467 505.838
l 5921 5922
v -946.241 791.621 476.567
v -946.241 791.621 500.926
l 5923 5924
v -946.43 783.66 479.242
v -946.43 783.66 500.926
l 5925 5926
v -1072.68 842.483 480.53
v -1072.68 842.483 505.057
l 5927 5928
v -2128.68 1892.34 603.629
v -2122.98 1894.47 603.057
l 5929 5930
v -2157.82 1865.76 628.676
v -2157.82 1865.76 604.959
l 5931 5932
v -2172.39 1874.06 607.353
v -2172.39 1874.06 628.676
l 5933 5934
v -1776.97 1850.86 622.464
v -1776.97 1850.86 597.482
l 5935 5936
v -1790.19 1866.81 600.656
v -1790.19 1866.81 622.464
l 5937 5938
v -1993.03 1743.3 579.007
v -1993.03 1743.3 602.633
l 5939 5940
v -1995 1736.49 577.298
v -1995 1736.49 602.633
l 5941 5942
v -1949.9 1729.56 575.663
v -1949.9 1729.56 598.884
l 5943 5944
v -1951.88 1722.73 574.09
v -1951.88 1722.73 598.884
l 5945 5946
v -1886.36 1714.9 596.041
v -1886.36 1714.9 572.982
l 5947 5948
v -1906.88 1717.52 573.334
v -1906.88 1717.52 596.041
l 5949 5950
v -1908.96 1710.34 571.861
v -1908.96 1710.34 596.041
l 5951 5952
v -1889.32 1704.66 571.011
v -1889.32 1704.66 596.041
l 5953 5954
v -2326.91 1416.2 481.425
v -2326.91 1416.2 507.489
l 5955 5956
v -2318.42 1425.17 484.487
v -2318.42 1425.17 507.489
l 5957 5958
v -2279.75 1410.45 508.945
v -2279.75 1410.45 483.347
l 5959 5960
v -2283.88 1416.56 484.731
v -2283.88 1416.56 508.945
l 5961 5962
v -2231.44 1416.49 512.384
v -2231.44 1416.49 488.644
l 5963 5964
v -2237.3 1423.58 490.332
v -2237.3 1423.58 512.384
l 5965 5966
v -2259.71 1367.14 472.054
v -2250 1370.03 473.464
l 5967 5968
v -2260.17 1354.35 493.464
v -2260.17 1354.35 468.334
l 5969 5970
v -2256.5 1342.1 464.871
v -2256.5 1342.1 493.464
l 5971 5972
v -2010.61 1538.64 523.935
v -2010.61 1538.64 551.451
l 5973 5974
v -1803.06 1600.86 539.5
v -1803.06 1600.86 566.735
l 5975 5976
v -1796.42 1611.29 543.11
v -1796.42 1611.29 566.735
l 5977 5978
v -1755.66 1604.17 568.679
v -1755.66 1604.17 542.891
l 5979 5980
v -1760.88 1609.39 544.107
v -1760.88 1609.39 568.679
l 5981 5982
v -1715.89 1598.64 566.961
v -1715.89 1598.64 543.575
l 5983 5984
v -1720.97 1599.26 543.409
v -1720.97 1599.26 566.961
l 5985 5986
v -1720.43 1571.31 558.991
v -1720.43 1571.31 536.469
l 5987 5988
v -1765.08 1448.47 472.137
v -1765.08 1448.47 437.72
l 5989 5990
v -1788.47 1438.25 433.488
v -1788.47 1438.25 472.137
l 5991 5992
v -1943.13 1439.19 464.833
v -1943.13 1439.19 509.583
l 5993 5994
v -1957.63 1410.84 479.209
v -1957.63 1410.84 451.495
l 5995 5996
v -2055.49 1402.75 500.823
v -2055.49 1402.75 471.871
l 5997 5998
v -2083.74 1392.24 468.944
v -2083.74 1392.24 500.823
l 5999 6000
v -2008.75 1346.01 428.234
v -2008.75 1346.01 462.366
l 6001 6002
v -2121.02 1357.8 457.607
v -2121.02 1357.8 506.949
l 6003 6004
v -1868.71 1485.2 505.911
v -1868.71 1485.2 473.283
l 6005 6006
v -1892.93 1483.5 477.602
v -1892.93 1483.5 505.911
l 6007 6008
v -1822.14 1493.31 476.014
v -1822.14 1493.31 515.153
l 6009 6010
v -2074.98 1465.13 502.651
v -2074.98 1465.13 526.892
l 6011 6012
v -2137.76 1456.38 524.733
v -2137.76 1456.38 500.966
l 6013 6014
v -2161.57 1451.55 500.081
v -2161.57 1451.55 524.733
l 6015 6016
v -2122.82 1592.83 561.847
v -2122.82 1592.83 539.479
l 6017 6018
v -2124.16 1581.41 536.42
v -2124.16 1581.41 561.847
l 6019 6020
v -2217.18 1634.53 549.073
v -2217.18 1634.53 572.512
l 6021 6022
v -2163.73 1619.52 545.718
v -2163.73 1619.52 572.512
l 6023 6024
v -2154.07 1616.8 545.115
v -2154.07 1616.8 572.512
l 6025 6026
v -2313.67 1723.69 569.427
v -2310.2 1717.46 567.72
l 6027 6028
v -2301 1725.33 570.959
v -2301 1725.33 597.232
l 6029 6030
v -2296.75 1725.88 571.474
v -2296.75 1725.88 597.232
l 6031 6032
v -2367.27 1693.91 555.821
v -2363.81 1687.67 554.161
l 6033 6034
v -1802.97 1790.33 607.24
v -1802.97 1790.33 585.591
l 6035 6036
v -1805.65 1781.69 584.082
v -1805.65 1781.69 607.24
l 6037 6038
v 2323.14 179.82 508.062
v 2323.14 179.82 530.445
l 6039 6040
v 2385.64 136.793 499.186
v 2385.64 136.793 520.899
l 6041 6042
v 2379.64 124.98 497.893
v 2379.64 124.98 520.899
l 6043 6044
v 2346.06 168.545 506.085
v 2346.06 168.545 528.094
l 6045 6046
v 2316.92 258.042 514.15
v 2307.68 241.033 511.214
l 6047 6048
v 2281.02 255.534 507.894
v 2281.02 255.534 534.218
l 6049 6050
v 2243.99 300.186 500.466
v 2243.99 300.186 522.828
l 6051 6052
v 2237.05 288.169 522.828
v 2237.05 288.169 501.855
l 6053 6054
v 2247.17 305.702 500.591
v 2247.17 305.702 522.828
l 6055 6056
v 2232.96 281.053 502.507
v 2232.96 281.053 522.828
l 6057 6058
v 1960.87 445.716 569.541
v 1960.87 445.716 514.025
l 6059 6060
v 1957.39 457.554 501.318
v 1957.39 457.554 569.541
l 6061 6062
v 1959.05 451.884 507.404
v 1959.05 451.884 569.541
l 6063 6064
v 1965.23 430.882 529.945
v 1965.23 430.882 569.541
l 6065 6066
v 2087.35 419.159 519.365
v 2087.35 419.159 577.419
l 6067 6068
v 2077.41 415.959 577.419
v 2077.41 415.959 521.506
l 6069 6070
v 2087.34 437.358 509.538
v 2087.34 437.358 577.419
l 6071 6072
v 2083.79 430.255 514.058
v 2083.79 430.255 577.419
l 6073 6074
v 2073.83 427.068 517.695
v 2073.83 427.068 577.419
l 6075 6076
v 2059.01 422.295 523.128
v 2059.01 422.295 577.419
l 6077 6078
v 2049.08 419.108 526.761
v 2049.08 419.108 577.419
l 6079 6080
v 2037.31 415.32 529.031
v 2037.31 415.32 577.419
l 6081 6082
v 2040.88 404.211 525.869
v 2040.88 404.211 577.419
l 6083 6084
v 2052.65 407.999 524.518
v 2052.65 407.999 577.419
l 6085 6086
v 2062.57 411.186 523.31
v 2062.57 411.186 577.419
l 6087 6088
v 2075.59 455.749 500.142
v 2075.59 455.749 556.721
l 6089 6090
v 2070.05 472.976 556.721
v 2070.05 472.976 489.24
l 6091 6092
v 2079.18 444.576 506.301
v 2079.18 444.576 556.721
l 6093 6094
v 2089.59 447.917 503.4
v 2089.59 447.917 556.721
l 6095 6096
v 2085.99 459.09 497.615
v 2085.99 459.09 556.721
l 6097 6098
v 2080.46 476.316 487.571
v 2080.46 476.316 556.721
l 6099 6100
v 2078.31 483.01 483.841
v 2078.31 483.01 556.721
l 6101 6102
v 2076.52 488.577 480.738
v 2076.52 488.577 556.721
l 6103 6104
v 2074.59 494.58 477.271
v 2074.59 494.58 556.721
l 6105 6106
v 2064.18 491.227 477.863
v 2064.18 491.227 556.721
l 6107 6108
v 2066.11 485.237 481.985
v 2066.11 485.237 556.721
l 6109 6110
v 2067.9 479.67 485.088
v 2067.9 479.67 556.721
l 6111 6112
v 1997.94 473.142 486.042
v 1997.94 473.142 585.134
l 6113 6114
v 2002.79 458.053 585.134
v 2002.79 458.053 499.731
l 6115 6116
v 2005.89 475.689 483.84
v 2005.89 475.689 585.134
l 6117 6118
v 2017.59 489.601 473.458
v 2017.59 489.601 585.134
l 6119 6120
v 2011.05 509.899 454.766
v 2011.05 509.899 585.134
l 6121 6122
v 2009.02 516.247 448.387
v 2009.02 516.247 585.134
l 6123 6124
v 2001.58 489.089 471.348
v 2001.58 489.089 585.134
l 6125 6126
v 1988.21 470.007 488.951
v 1988.21 470.007 585.134
l 6127 6128
v 1993.06 454.93 503.246
v 1993.06 454.93 585.134
l 6129 6130
v 1997.21 442.017 515.485
v 1997.21 442.017 585.134
l 6131 6132
v 2000.92 430.486 525.255
v 2000.92 430.486 585.134
l 6133 6134
v 2004.08 420.656 533.641
v 2004.08 420.656 585.134
l 6135 6136
v 2013.8 423.779 529.952
v 2013.8 423.779 585.134
l 6137 6138
v 2010.64 433.621 521.398
v 2010.64 433.621 585.134
l 6139 6140
v 2006.94 445.14 511.183
v 2006.94 445.14 585.134
l 6141 6142
v -1878.23 -2669.97 415.489
v -1878.23 -2669.97 390.226
l 6143 6144
v -1877.54 -2661.17 388.175
v -1877.54 -2661.17 415.489
l 6145 6146
v -1883.23 -2661.42 388.857
v -1883.23 -2661.42 415.489
l 6147 6148
v -1887.87 -2656.26 388.463
v -1887.87 -2656.26 415.489
l 6149 6150
v -1898.52 -2651.42 388.958
v -1898.52 -2651.42 415.489
l 6151 6152
v -1896.32 -2656.43 389.618
v -1896.32 -2656.43 415.489
l 6153 6154
v -1899.69 -2659.47 390.643
v -1899.69 -2659.47 415.489
l 6155 6156
v -1905.38 -2658.21 391.16
v -1905.38 -2658.21 415.489
l 6157 6158
v -1908.21 -2667.55 393.31
v -1908.21 -2667.55 415.489
l 6159 6160
v -1909.87 -2669.04 393.793
v -1909.87 -2669.04 415.489
l 6161 6162
v -1900.83 -2669.88 392.773
v -1900.83 -2669.88 415.489
l 6163 6164
v -1902.13 -2668.42 392.668
v -1902.13 -2668.42 415.489
l 6165 6166
v -1899.14 -2665.74 391.76
v -1899.14 -2665.74 415.489
l 6167 6168
v -1890.98 -2668.35 391.262
v -1890.98 -2668.35 415.489
l 6169 6170
v -1885.44 -2668.59 390.709
v -1885.44 -2668.59 415.489
l 6171 6172
v -1881.54 -2672.94 391.255
v -1881.54 -2672.94 415.489
l 6173 6174
v -1875.95 -2673.11 390.679
v -1875.95 -2673.11 415.489
l 6175 6176
v -1878.53 -2670.24 390.319
v -1878.53 -2670.24 415.489
l 6177 6178
v -1701.3 -2684.12 431.034
v -1701.3 -2684.12 409.553
l 6179 6180
v -1700.61 -2675.31 408.177
v -1700.61 -2675.31 431.034
l 6181 6182
v -1706.3 -2675.58 407.661
v -1706.3 -2675.58 431.034
l 6183 6184
v -1710.95 -2670.39 404.687
v -1710.95 -2670.39 431.034
l 6185 6186
v -1721.59 -2665.57 401.322
v -1721.59 -2665.57 431.034
l 6187 6188
v -1719.4 -2670.57 403.816
v -1719.4 -2670.57 431.034
l 6189 6190
v -1722.77 -2673.61 404.867
v -1722.77 -2673.61 431.034
l 6191 6192
v -1728.45 -2672.36 403.638
v -1728.45 -2672.36 431.034
l 6193 6194
v -1731.29 -2681.69 406.021
v -1731.29 -2681.69 431.034
l 6195 6196
v -1732.95 -2683.19 405.892
v -1732.95 -2683.19 431.034
l 6197 6198
v -1723.9 -2684.02 406.947
v -1723.9 -2684.02 431.034
l 6199 6200
v -1725.21 -2682.58 406.743
v -1725.21 -2682.58 431.034
l 6201 6202
v -1722.2 -2679.88 406.978
v -1722.2 -2679.88 431.034
l 6203 6204
v -1714.06 -2682.5 408.001
v -1714.06 -2682.5 431.034
l 6205 6206
v -1708.52 -2682.73 408.636
v -1708.52 -2682.73 431.034
l 6207 6208
v -1704.6 -2687.09 409.317
v -1704.6 -2687.09 431.034
l 6209 6210
v -1699.03 -2687.26 410.072
v -1699.03 -2687.26 431.034
l 6211 6212
v -1701.6 -2684.39 409.531
v -1701.6 -2684.39 431.034
l 6213 6214
v -1788.62 -2674.22 420.694
v -1788.62 -2674.22 398.15
l 6215 6216
v -1787.92 -2665.4 395.158
v -1787.92 -2665.4 420.694
l 6217 6218
v -1793.62 -2665.67 394.607
v -1793.62 -2665.67 420.694
l 6219 6220
v -1798.26 -2660.5 392.328
v -1798.26 -2660.5 420.694
l 6221 6222
v -1808.9 -2655.67 390.179
v -1808.9 -2655.67 420.694
l 6223 6224
v -1806.71 -2660.68 391.773
v -1806.71 -2660.68 420.694
l 6225 6226
v -1810.08 -2663.72 392.4
v -1810.08 -2663.72 420.694
l 6227 6228
v -1815.77 -2662.46 391.632
v -1815.77 -2662.46 420.694
l 6229 6230
v -1818.6 -2671.79 394.101
v -1818.6 -2671.79 420.694
l 6231 6232
v -1820.25 -2673.29 394.411
v -1820.25 -2673.29 420.694
l 6233 6234
v -1811.22 -2674.12 395.559
v -1811.22 -2674.12 420.694
l 6235 6236
v -1812.52 -2672.67 394.908
v -1812.52 -2672.67 420.694
l 6237 6238
v -1809.52 -2669.97 394.306
v -1809.52 -2669.97 420.694
l 6239 6240
v -1801.36 -2672.59 396.143
v -1801.36 -2672.59 420.694
l 6241 6242
v -1795.83 -2672.83 396.849
v -1795.83 -2672.83 420.694
l 6243 6244
v -1791.91 -2677.19 398.812
v -1791.91 -2677.19 420.694
l 6245 6246
v -1786.34 -2677.35 399.501
v -1786.34 -2677.35 420.694
l 6247 6248
v -1788.91 -2674.49 398.211
v -1788.91 -2674.49 420.694
l 6249 6250
v -1899.9 -2821.24 394.691
v -1872.13 -2822.77 392.927
l 6251 6252
v -1898.56 -2769.74 389.576
v -1900.5 -2775.03 389.536
l 6253 6254
v -2168.01 -2784.4 413.09
v -2168.01 -2784.4 433.769
l 6255 6256
v -2161.19 -2787.04 412.878
v -2161.19 -2787.04 433.769
l 6257 6258
v -2151.07 -2790.95 412.317
v -2151.07 -2790.95 433.769
l 6259 6260
v -2144.58 -2774.19 411.462
v -2144.58 -2774.19 433.769
l 6261 6262
v -2154.69 -2770.27 411.745
v -2154.69 -2770.27 433.769
l 6263 6264
v -2161.52 -2767.64 411.936
v -2161.52 -2767.64 433.769
l 6265 6266
v -2152.45 -2855.87 414.458
v -2152.45 -2855.87 435.309
l 6267 6268
v -2145.47 -2858.05 413.98
v -2145.47 -2858.05 435.309
l 6269 6270
v -2135.13 -2861.29 413.237
v -2135.13 -2861.29 435.309
l 6271 6272
v -2129.77 -2844.13 412.305
v -2129.77 -2844.13 435.309
l 6273 6274
v -2140.11 -2840.89 413.041
v -2140.11 -2840.89 435.309
l 6275 6276
v -2147.09 -2838.7 413.537
v -2147.09 -2838.7 435.309
l 6277 6278
v 2598.87 -79.94 443.966
v 2598.87 -79.94 419.393
l 6279 6280
v 2592.88 -92.2515 418.139
v 2592.88 -92.2515 443.966
l 6281 6282
v 2590.47 -97.2042 417.636
v 2590.47 -97.2042 443.966
l 6283 6284
v 2577.99 -146.22 410.751
v 2582.34 -148.255 408.502
l 6285 6286
v 2569.07 -142.048 414.913
v 2566.25 -148.088 414.657
l 6287 6288
v 2568.72 -149.253 413.518
v 2568.72 -149.253 434.913
l 6289 6290
v 2563.9 -159.568 412.944
v 2563.9 -159.568 434.913
l 6291 6292
v 2561.43 -158.416 414.218
v 2559.79 -161.923 414.094
l 6293 6294
v 2574.02 -164.303 407.849
v 2574.02 -164.303 434.913
l 6295 6296
v 2551.41 -158.006 418.347
v 2551.41 -158.006 439.078
l 6297 6298
v 2568.42 -207.431 399.861
v 2561.15 -204.334 403.691
l 6299 6300
v 2531.22 -171.354 449.124
v 2531.22 -171.354 423.76
l 6301 6302
v 2528.6 -177.485 423.626
v 2528.6 -177.485 449.124
l 6303 6304
v 2488.96 -142.201 445.376
v 2480.63 -137.069 448.958
l 6305 6306
v 2499.08 -125.794 443.596
v 2490.75 -120.663 447.433
l 6307 6308
v 2512.46 -126.345 438.672
v 2512.46 -126.345 467.433
l 6309 6310
v 2509.06 -110.335 442.485
v 2509.06 -110.335 467.088
l 6311 6312
v 2526.03 -79.6328 441.746
v 2523.09 -78.2251 442.84
l 6313 6314
v 2553.62 -92.8914 430.594
v 2540.09 -86.3901 436.408
l 6315 6316
v 2545.24 -75.6655 436.725
v 2540.09 -86.3901 436.408
l 6317 6318
v 2412.68 -388.876 468.786
v 2412.68 -388.876 446.363
l 6319 6320
v 2407.27 -436.777 425.78
v 2422.65 -449.459 414.889
l 6321 6322
v 2390.77 -451.673 424.526
v 2382.91 -461.207 423.75
l 6323 6324
v 1212.53 -1106.41 451.501
v 1212.53 -1106.41 475.366
l 6325 6326
v 1210.44 -1106.46 475.366
v 1210.44 -1106.46 451.132
l 6327 6328
v 1315.48 -685.928 522.77
v 1315.48 -685.928 543.37
l 6329 6330
v 1318.01 -685.109 543.37
v 1318.01 -685.109 522.627
l 6331 6332
v 1325.38 -716.577 518.984
v 1325.38 -716.577 543.37
l 6333 6334
v 1327.92 -715.758 518.822
v 1327.92 -715.758 543.37
l 6335 6336
v 1344.38 -710.435 517.759
v 1344.38 -710.435 543.37
l 6337 6338
v 1346.12 -709.872 517.641
v 1346.12 -709.872 543.37
l 6339 6340
v 1336.21 -679.235 521.606
v 1336.21 -679.235 543.37
l 6341 6342
v 1334.47 -679.785 521.705
v 1334.47 -679.785 543.37
l 6343 6344
v 2197 -332.464 495.322
v 2197 -332.464 525.191
l 6345 6346
v 2215.05 -345.249 490.34
v 2215.05 -345.249 525.191
l 6347 6348
v 2215.88 -333.155 493.155
v 2215.88 -333.155 525.191
l 6349 6350
v 2205.33 -325.681 496.074
v 2205.33 -325.681 525.191
l 6351 6352
v 2245.5 -303.733 497.032
v 2245.5 -303.733 526.707
l 6353 6354
v 2241.96 -301.417 497.969
v 2241.96 -301.417 526.707
l 6355 6356
v 2235.3 -297.053 499.729
v 2235.3 -297.053 526.707
l 6357 6358
v 2232.16 -295.006 500.554
v 2232.16 -295.006 526.707
l 6359 6360
v 2225.51 -290.642 502.316
v 2225.51 -290.642 526.707
l 6361 6362
v 2221.7 -288.159 503.326
v 2221.7 -288.159 526.707
l 6363 6364
v 2215.05 -283.795 505.093
v 2215.05 -283.795 526.707
l 6365 6366
v 2210.5 -290.744 503.916
v 2210.5 -290.744 526.707
l 6367 6368
v 2217.16 -295.108 502.152
v 2217.16 -295.108 526.707
l 6369 6370
v 2220.95 -297.591 501.146
v 2220.95 -297.591 526.707
l 6371 6372
v 2227.61 -301.955 499.384
v 2227.61 -301.955 526.707
l 6373 6374
v 2230.75 -304.002 498.555
v 2230.75 -304.002 526.707
l 6375 6376
v 2237.41 -308.366 496.792
v 2237.41 -308.366 526.707
l 6377 6378
v 2240.95 -310.683 495.855
v 2240.95 -310.683 526.707
l 6379 6380
v 2247.6 -315.034 494.108
v 2247.6 -315.034 526.707
l 6381 6382
v 2252.16 -308.097 495.274
v 2252.16 -308.097 526.707
l 6383 6384
v 2112.65 -239.233 525.976
v 2112.65 -239.233 548.519
l 6385 6386
v 2164.33 -266.979 514.33
v 2164.33 -266.979 536.62
l 6387 6388
v 2161.96 -270.485 514.074
v 2161.96 -270.485 536.62
l 6389 6390
v 2157.49 -277.076 512.953
v 2157.49 -277.076 536.62
l 6391 6392
v 2155.4 -280.186 512.423
v 2155.4 -280.186 536.62
l 6393 6394
v 2150.93 -286.777 511.303
v 2150.93 -286.777 536.62
l 6395 6396
v 2148.4 -290.539 510.667
v 2148.4 -290.539 536.62
l 6397 6398
v 2143.94 -297.13 509.552
v 2143.94 -297.13 536.62
l 6399 6400
v 2150.81 -301.775 507.683
v 2150.81 -301.775 536.62
l 6401 6402
v 2155.28 -295.185 508.802
v 2155.28 -295.185 536.62
l 6403 6404
v 2157.81 -291.422 509.439
v 2157.81 -291.422 536.62
l 6405 6406
v 2162.27 -284.831 510.554
v 2162.27 -284.831 536.62
l 6407 6408
v 2164.37 -281.722 511.079
v 2164.37 -281.722 536.62
l 6409 6410
v 2168.82 -275.131 512.194
v 2168.82 -275.131 536.62
l 6411 6412
v 2171.19 -271.624 512.79
v 2171.19 -271.624 536.62
l 6413 6414
v 2175.66 -265.034 513.347
v 2175.66 -265.034 536.62
l 6415 6416
v 2168.78 -260.388 514.708
v 2168.78 -260.388 536.62
l 6417 6418
v 2266.2 -262.077 502.234
v 2266.2 -262.077 525.262
l 6419 6420
v 2276.22 -268.86 499.102
v 2276.22 -268.86 525.262
l 6421 6422
v 2288.84 -249.369 496.219
v 2288.84 -249.369 525.262
l 6423 6424
v 2288.27 -248.972 496.386
v 2288.27 -248.972 525.262
l 6425 6426
v 2280.96 -244.033 498.536
v 2280.96 -244.033 525.262
l 6427 6428
v 2279.2 -242.855 499.053
v 2279.2 -242.855 525.262
l 6429 6430
v 2209.29 -204.475 514.748
v 2209.29 -204.475 537.694
l 6431 6432
v 2206.92 -207.982 514.907
v 2206.92 -207.982 537.694
l 6433 6434
v 2202.46 -214.572 515.104
v 2202.46 -214.572 537.694
l 6435 6436
v 2200.36 -217.682 515.077
v 2200.36 -217.682 537.694
l 6437 6438
v 2195.91 -224.273 515.019
v 2195.91 -224.273 537.694
l 6439 6440
v 2193.37 -228.035 514.986
v 2193.37 -228.035 537.694
l 6441 6442
v 2188.91 -234.626 515.048
v 2188.91 -234.626 537.694
l 6443 6444
v 2195.79 -239.272 513.693
v 2195.79 -239.272 537.694
l 6445 6446
v 2200.24 -232.681 513.554
v 2200.24 -232.681 537.694
l 6447 6448
v 2202.79 -228.919 513.474
v 2202.79 -228.919 537.694
l 6449 6450
v 2207.24 -222.328 513.336
v 2207.24 -222.328 537.694
l 6451 6452
v 2209.34 -219.218 513.27
v 2209.34 -219.218 537.694
l 6453 6454
v 2213.8 -212.627 513.304
v 2213.8 -212.627 537.694
l 6455 6456
v 2216.17 -209.121 513.145
v 2216.17 -209.121 537.694
l 6457 6458
v 2220.62 -202.542 512.772
v 2220.62 -202.542 537.694
l 6459 6460
v 2213.75 -197.884 514.447
v 2213.75 -197.884 537.694
l 6461 6462
v 2139.75 -174.746 533.209
v 2139.75 -174.746 557.491
l 6463 6464
v 2137.38 -178.252 533.161
v 2137.38 -178.252 557.491
l 6465 6466
v 2132.92 -184.843 533.08
v 2132.92 -184.843 557.491
l 6467 6468
v 2130.82 -187.953 532.897
v 2130.82 -187.953 557.491
l 6469 6470
v 2126.37 -194.544 532.483
v 2126.37 -194.544 557.491
l 6471 6472
v 2123.82 -198.306 532.248
v 2123.82 -198.306 557.491
l 6473 6474
v 2119.36 -204.897 531.834
v 2119.36 -204.897 557.491
l 6475 6476
v 2126.24 -209.543 529.729
v 2126.24 -209.543 557.491
l 6477 6478
v 2130.7 -202.952 530.143
v 2130.7 -202.952 557.491
l 6479 6480
v 2133.25 -199.189 530.354
v 2133.25 -199.189 557.491
l 6481 6482
v 2137.7 -192.599 530.608
v 2137.7 -192.599 557.491
l 6483 6484
v 2139.8 -189.489 530.727
v 2139.8 -189.489 557.491
l 6485 6486
v 2144.26 -182.898 530.92
v 2144.26 -182.898 557.491
l 6487 6488
v 2146.63 -179.391 530.865
v 2146.63 -179.391 557.491
l 6489 6490
v 2151.08 -172.801 530.761
v 2151.08 -172.801 557.491
l 6491 6492
v 2153.17 -169.704 530.745
v 2153.17 -169.704 557.491
l 6493 6494
v 2157.64 -163.113 530.835
v 2157.64 -163.113 557.491
l 6495 6496
v 2150.76 -158.467 533.436
v 2150.76 -158.467 557.491
l 6497 6498
v 2146.3 -165.045 533.345
v 2146.3 -165.045 557.491
l 6499 6500
v 2144.2 -168.155 533.302
v 2144.2 -168.155 557.491
l 6501 6502
v 2245.34 -141.587 510.729
v 2245.34 -141.587 559.037
l 6503 6504
v 2252.42 -138.132 509.102
v 2252.42 -138.132 559.037
l 6505 6506
v 2244.47 -125.615 513.096
v 2244.47 -125.615 559.037
l 6507 6508
v 2202.87 -75.8319 537.278
v 2197.23 -93.544 536.137
l 6509 6510
v 2231.27 -42.1864 528.644
v 2200.34 -32.3192 545.551
l 6511 6512
v 2321.52 348.564 536.806
v 2321.52 348.564 512.38
l 6513 6514
v 2331.23 357.51 512.323
v 2331.23 357.51 536.806
l 6515 6516
v 2398.88 345.262 520.145
v 2396.41 337.775 523.428
l 6517 6518
v 2392.65 337.263 546.717
v 2392.65 337.263 523.595
l 6519 6520
v 2394.2 337.301 523.603
v 2394.2 337.301 546.717
l 6521 6522
v 2397.03 345.876 519.843
v 2397.03 345.876 546.717
l 6523 6524
v 2366.3 355.999 513.89
v 2366.3 355.999 546.717
l 6525 6526
v 2363.48 347.425 515.849
v 2363.48 347.425 546.717
l 6527 6528
v 2365.1 346.35 516.126
v 2365.1 346.35 546.717
l 6529 6530
v 2440.65 315.314 568.871
v 2440.65 315.314 540.648
l 6531 6532
v 2438.51 333.769 529.811
v 2438.51 333.769 568.871
l 6533 6534
v 2445.35 331.824 527.96
v 2445.35 331.824 568.871
l 6535 6536
v 132.011 -2532.35 485.494
v 132.011 -2532.35 523.472
l 6537 6538
v 122.215 -2543.84 492.668
v 122.215 -2543.84 523.472
l 6539 6540
v 186.057 -2556.67 471.102
v 186.057 -2556.67 523.472
l 6541 6542
v 193.159 -2544.5 466.983
v 193.159 -2544.5 523.472
l 6543 6544
v 225.03 -2628.31 459.51
v 225.03 -2628.31 488.725
l 6545 6546
v 88.8971 -2618.52 511.728
v 88.8971 -2618.52 536.48
l 6547 6548
v 79.78 -2652.8 514.589
v 79.78 -2652.8 536.48
l 6549 6550
v -1258.55 2057.88 586.764
v -1258.55 2057.88 560.845
l 6551 6552
v -1304.99 1947.07 574.661
v -1304.99 1947.07 548.904
l 6553 6554
v -1307.96 1954.14 550.721
v -1307.96 1954.14 574.661
l 6555 6556
v -1312.57 1952.21 551.021
v -1312.57 1952.21 574.661
l 6557 6558
v -1324.93 1953.52 553.07
v -1324.93 1953.52 574.661
l 6559 6560
v -1326.49 1945.2 551.702
v -1326.49 1945.2 574.661
l 6561 6562
v -1324.33 1940.07 550.404
v -1324.33 1940.07 574.661
l 6563 6564
v -1316.87 1936.16 548.548
v -1316.87 1936.16 574.661
l 6565 6566
v -1309.6 1945.13 549.232
v -1309.6 1945.13 574.661
l 6567 6568
v -1363.07 1909.28 581.167
v -1363.07 1909.28 550.442
l 6569 6570
v -1366.82 1922.59 554.102
v -1366.82 1922.59 581.167
l 6571 6572
v -1367.94 1917.74 553.308
v -1367.94 1917.74 581.167
l 6573 6574
v -1318.29 2027.35 566.794
v -1312.76 2021.39 564.523
l 6575 6576
v -1312.76 2021.39 564.523
v -1307.47 2015.71 562.462
l 6577 6578
v -1327.54 2007.66 564.431
v -1327.54 2007.66 586.794
l 6579 6580
v -922.507 1885.46 523.425
v -922.507 1885.46 502.689
l 6581 6582
v -929.365 1872.67 501.218
v -929.365 1872.67 523.425
l 6583 6584
v -929.186 1861.95 500.348
v -929.186 1861.95 523.425
l 6585 6586
v -921.951 1851.38 499.884
v -921.951 1851.38 523.425
l 6587 6588
v -918.522 1862.13 500.934
v -918.522 1862.13 523.425
l 6589 6590
v -913.88 1862.21 501.127
v -913.88 1862.21 523.425
l 6591 6592
v -911.409 1852.07 500.508
v -911.409 1852.07 523.425
l 6593 6594
v -903.238 1862.39 501.569
v -903.238 1862.39 523.425
l 6595 6596
v -903.416 1873.1 502.442
v -903.416 1873.1 523.425
l 6597 6598
v -911.954 1884.88 502.946
v -911.954 1884.88 523.425
l 6599 6600
v -914.058 1872.92 502
v -914.058 1872.92 523.425
l 6601 6602
v -918.7 1872.85 501.807
v -918.7 1872.85 523.425
l 6603 6604
v -1160.65 1996.81 534.127
v -1160.65 1996.81 560.156
l 6605 6606
v -1378.93 1799.15 582.446
v -1378.93 1799.15 554.457
l 6607 6608
v -1408.8 1795.24 559.849
v -1408.8 1795.24 582.446
l 6609 6610
v -1388.42 1791.93 555.701
v -1388.42 1791.93 582.446
l 6611 6612
v -1370.4 1750.97 540.495
v -1370.4 1750.97 563.371
l 6613 6614
v -1360.77 1744.42 536.525
v -1360.77 1744.42 563.371
l 6615 6616
v -1529.97 1770.25 574.9
v -1529.97 1770.25 595.812
l 6617 6618
v -1530.07 1761.75 573.025
v -1530.07 1761.75 595.812
l 6619 6620
v -1510.69 1744.29 589.84
v -1510.69 1744.29 566.649
l 6621 6622
v -1501.72 1752.63 566.816
v -1501.72 1752.63 589.84
l 6623 6624
v -1504.86 1755.82 568.133
v -1504.86 1755.82 589.84
l 6625 6626
v -1513.54 1748.58 568.158
v -1513.54 1748.58 589.84
l 6627 6628
v -1510.79 1733.83 564.164
v -1510.79 1733.83 589.84
l 6629 6630
v -1500.01 1733.73 561.938
v -1500.01 1733.73 589.84
l 6631 6632
v -1499.99 1736.25 562.501
v -1499.99 1736.25 589.84
l 6633 6634
v -1510.75 1736.34 564.722
v -1510.75 1736.34 589.84
l 6635 6636
v -1483.54 1808.13 573.508
v -1483.99 1797.06 573.292
l 6637 6638
v -1434.87 1746.77 551.99
v -1433.31 1736.59 548.958
l 6639 6640
v -4314.33 3216.12 605.513
v -4314.33 3216.12 580.059
l 6641 6642
v -4316.94 3216.14 580.278
v -4316.94 3216.14 605.513
l 6643 6644
v -4316.97 3210.91 580.456
v -4316.97 3210.91 605.513
l 6645 6646
v -4321.76 3207.15 580.896
v -4321.76 3207.15 605.513
l 6647 6648
v -4325.9 3207.16 581.166
v -4325.9 3207.16 605.513
l 6649 6650
v -4344.57 3207.27 582.383
v -4344.57 3207.27 605.513
l 6651 6652
v -4347.34 3207.28 582.583
v -4347.34 3207.28 605.513
l 6653 6654
v -4353.1 3209.48 583.068
v -4353.1 3209.48 605.513
l 6655 6656
v -4353.07 3213.96 583.05
v -4353.07 3213.96 605.513
l 6657 6658
v -4355.11 3213.97 583.224
v -4355.11 3213.97 605.513
l 6659 6660
v -4355.13 3209.49 583.242
v -4355.13 3209.49 605.513
l 6661 6662
v -4362.48 3206.11 583.827
v -4362.48 3206.11 605.513
l 6663 6664
v -4366.83 3206.14 584.111
v -4366.83 3206.14 605.513
l 6665 6666
v -4382.78 3206.22 585.154
v -4382.78 3206.22 605.513
l 6667 6668
v -4382.88 3187.09 584.889
v -4382.88 3187.09 605.513
l 6669 6670
v -4366.93 3187.01 584.041
v -4366.93 3187.01 605.513
l 6671 6672
v -4360.91 3199.29 583.748
v -4360.91 3199.29 605.513
l 6673 6674
v -4349.51 3199.24 582.976
v -4349.51 3199.24 605.513
l 6675 6676
v -4344.66 3188.14 582.725
v -4344.66 3188.14 605.513
l 6677 6678
v -4326 3188.05 581.63
v -4326 3188.05 605.513
l 6679 6680
v -4321.78 3201.31 581.093
v -4321.78 3201.31 605.513
l 6681 6682
v -4310.24 3201.26 580.252
v -4310.24 3201.26 605.513
l 6683 6684
v -4305.11 3187.85 580.456
v -4305.11 3187.85 605.513
l 6685 6686
v -4288.1 3187.76 579.378
v -4288.1 3187.76 605.513
l 6687 6688
v -4288 3206.88 578.44
v -4288 3206.88 605.513
l 6689 6690
v -4305.02 3206.96 579.571
v -4305.02 3206.96 605.513
l 6691 6692
v -4308.29 3206.98 579.85
v -4308.29 3206.98 605.513
l 6693 6694
v -4314.36 3210.9 580.237
v -4314.36 3210.9 605.513
l 6695 6696
v -2540.31 -413.229 489.842
v -2540.31 -413.229 516.612
l 6697 6698
v -2541.52 -417.005 489.938
v -2541.52 -417.005 516.612
l 6699 6700
v -2536.57 -421.957 492.056
v -2536.57 -421.957 516.612
l 6701 6702
v -2532.44 -423.288 493.479
v -2532.44 -423.288 516.612
l 6703 6704
v -2526.6 -425.157 495.425
v -2526.6 -425.157 516.612
l 6705 6706
v -2524.75 -419.385 495.341
v -2524.75 -419.385 516.612
l 6707 6708
v -2530.85 -416.249 493.095
v -2530.85 -416.249 516.612
l 6709 6710
v -2534.39 -415.123 491.877
v -2534.39 -415.123 516.612
l 6711 6712
v -2567.33 -394.225 474.153
v -2567.33 -394.225 506.532
l 6713 6714
v -2568.54 -398 473.787
v -2568.54 -398 506.532
l 6715 6716
v -2563.6 -402.966 477.792
v -2563.6 -402.966 506.532
l 6717 6718
v -2559.47 -404.284 480.788
v -2559.47 -404.284 506.532
l 6719 6720
v -2553.63 -406.152 484.915
v -2553.63 -406.152 506.532
l 6721 6722
v -2551.78 -400.381 484.823
v -2551.78 -400.381 506.532
l 6723 6724
v -2557.87 -397.258 481.019
v -2557.87 -397.258 506.532
l 6725 6726
v -2561.41 -396.119 478.45
v -2561.41 -396.119 506.532
l 6727 6728
v -2590.55 -369.103 450.325
v -2590.55 -369.103 487.687
l 6729 6730
v -2591.77 -372.879 449.989
v -2591.77 -372.879 487.687
l 6731 6732
v -2586.82 -377.831 454.733
v -2586.82 -377.831 487.687
l 6733 6734
v -2582.69 -379.162 458.259
v -2582.69 -379.162 487.687
l 6735 6736
v -2576.85 -381.031 463.247
v -2576.85 -381.031 487.687
l 6737 6738
v -2575 -375.259 463.723
v -2575 -375.259 487.687
l 6739 6740
v -2581.1 -372.124 458.326
v -2581.1 -372.124 487.687
l 6741 6742
v -2584.64 -370.997 455.33
v -2584.64 -370.997 487.687
l 6743 6744
v -2547.69 -345.249 477.612
v -2547.69 -345.249 506.597
l 6745 6746
v -2548.91 -349.024 477.823
v -2548.91 -349.024 506.597
l 6747 6748
v -2543.96 -353.977 480.382
v -2543.96 -353.977 506.597
l 6749 6750
v -2539.83 -355.295 482.029
v -2539.83 -355.295 506.597
l 6751 6752
v -2533.99 -357.176 484.387
v -2533.99 -357.176 506.597
l 6753 6754
v -2532.14 -351.404 484.133
v -2532.14 -351.404 506.597
l 6755 6756
v -2538.23 -348.269 481.524
v -2538.23 -348.269 506.597
l 6757 6758
v -2541.77 -347.143 480.097
v -2541.77 -347.143 506.597
l 6759 6760
v -2569.42 -318.643 458.522
v -2569.42 -318.643 493.996
l 6761 6762
v -2570.63 -322.418 458.227
v -2570.63 -322.418 493.996
l 6763 6764
v -2565.68 -327.371 462.983
v -2565.68 -327.371 493.996
l 6765 6766
v -2561.55 -328.702 466.461
v -2561.55 -328.702 493.996
l 6767 6768
v -2555.71 -330.57 471.396
v -2555.71 -330.57 493.996
l 6769 6770
v -2553.87 -324.798 471.823
v -2553.87 -324.798 493.996
l 6771 6772
v -2559.96 -321.663 466.509
v -2559.96 -321.663 493.996
l 6773 6774
v -2563.5 -320.537 463.522
v -2563.5 -320.537 493.996
l 6775 6776
v -2512.72 -358.571 492.05
v -2512.72 -358.571 536.333
l 6777 6778
v -2509.5 -340.168 490.378
v -2509.5 -340.168 536.333
l 6779 6780
v 2997.81 2459.17 570.65
v 2997.81 2459.17 550.276
l 6781 6782
v 3012.58 2453.25 546.683
v 3012.58 2453.25 570.65
l 6783 6784
v 2977.35 2450.65 572.037
v 2977.35 2450.65 551.651
l 6785 6786
v 2992.12 2444.74 548.089
v 2992.12 2444.74 572.037
l 6787 6788
v 2967.94 2419.15 569.029
v 2967.94 2419.15 547.089
l 6789 6790
v 2972.03 2406.9 544.071
v 2972.03 2406.9 569.029
l 6791 6792
v 2980.14 2404.1 541.958
v 2980.14 2404.1 569.029
l 6793 6794
v 2993.73 2399.39 538.436
v 2993.73 2399.39 569.029
l 6795 6796
v 2997.9 2397.96 537.389
v 2997.9 2397.96 569.029
l 6797 6798
v 3036.8 2445.05 541.03
v 3036.8 2445.05 569.029
l 6799 6800
v 3032.7 2441.23 540.826
v 3032.7 2441.23 569.029
l 6801 6802
v 3026.37 2430.29 539.368
v 3026.37 2430.29 569.029
l 6803 6804
v 3015.23 2403.52 535.408
v 3015.23 2403.52 569.029
l 6805 6806
v 3145.03 2719.23 534.614
v 3145.03 2719.23 555.518
l 6807 6808
v 3143.45 2723.74 534.369
v 3143.45 2723.74 555.518
l 6809 6810
v 3138.92 2734.29 533.964
v 3138.92 2734.29 555.518
l 6811 6812
v 3113.2 2725.29 534.75
v 3113.2 2725.29 555.518
l 6813 6814
v 3110.04 2713.96 535.335
v 3110.04 2713.96 555.518
l 6815 6816
v 3119.99 2715.52 534.688
v 3119.99 2715.52 555.518
l 6817 6818
v 3121.6 2710.95 534.758
v 3121.6 2710.95 555.518
l 6819 6820
v 3133.25 2711.64 534.861
v 3133.25 2711.64 555.518
l 6821 6822
v 3135.38 2712.4 534.847
v 3135.38 2712.4 555.518
l 6823 6824
v 3036.87 2654.28 568.846
v 3036.87 2654.28 543.97
l 6825 6826
v 3032.65 2650.67 544.685
v 3032.65 2650.67 568.846
l 6827 6828
v 3012.02 2631.92 548.467
v 3012.02 2631.92 568.846
l 6829 6830
v 3022.6 2631.68 547.26
v 3022.6 2631.68 568.846
l 6831 6832
v 3024.45 2629.64 547.197
v 3024.45 2629.64 568.846
l 6833 6834
v 3024.88 2621.99 547.801
v 3024.88 2621.99 568.846
l 6835 6836
v 3043.05 2638.5 544.527
v 3043.05 2638.5 568.846
l 6837 6838
v 3035.38 2639.58 545.193
v 3035.38 2639.58 568.846
l 6839 6840
v 3033.53 2641.61 545.256
v 3033.53 2641.61 568.846
l 6841 6842
v 3041.54 2649.16 543.882
v 3041.54 2649.16 568.846
l 6843 6844
v 3048.45 2655.45 542.793
v 3048.45 2655.45 568.846
l 6845 6846
v 3050.21 2653.5 542.718
v 3050.21 2653.5 568.846
l 6847 6848
v 3050.62 2646.23 543.218
v 3050.62 2646.23 568.846
l 6849 6850
v 3067.88 2661.93 540.608
v 3067.88 2661.93 568.846
l 6851 6852
v 3060.59 2662.95 541.269
v 3060.59 2662.95 568.846
l 6853 6854
v 3058.83 2664.88 541.35
v 3058.83 2664.88 568.846
l 6855 6856
v 3065.94 2671.33 540.364
v 3065.94 2671.33 568.846
l 6857 6858
v 3073.34 2677.99 539.338
v 3073.34 2677.99 568.846
l 6859 6860
v 3075.1 2676.06 539.257
v 3075.1 2676.06 568.846
l 6861 6862
v 3075.51 2668.77 539.553
v 3075.51 2668.77 568.846
l 6863 6864
v 3092.78 2684.47 537.48
v 3092.78 2684.47 568.846
l 6865 6866
v 3085.48 2685.49 538.033
v 3085.48 2685.49 568.846
l 6867 6868
v 3083.73 2687.42 538.092
v 3083.73 2687.42 568.846
l 6869 6870
v 3082.9 2696.04 537.743
v 3082.9 2696.04 568.846
l 6871 6872
v 3063.28 2678.21 540.136
v 3063.28 2678.21 568.846
l 6873 6874
v 3058.01 2673.5 540.898
v 3058.01 2673.5 568.846
l 6875 6876
v 3038.39 2655.67 543.758
v 3038.39 2655.67 568.846
l 6877 6878
v 3064.79 2592.43 564.758
v 3064.79 2592.43 544.493
l 6879 6880
v 3071.64 2593.22 543.562
v 3071.64 2593.22 564.758
l 6881 6882
v 3077.5 2590.22 542.802
v 3077.5 2590.22 564.758
l 6883 6884
v 3075.02 2585.38 543.191
v 3075.02 2585.38 564.758
l 6885 6886
v 3079.86 2577.21 542.626
v 3079.86 2577.21 564.758
l 6887 6888
v 3093.82 2604.46 540.393
v 3093.82 2604.46 564.758
l 6889 6890
v 3083.45 2601.85 541.775
v 3083.45 2601.85 564.758
l 6891 6892
v 3081.82 2598.67 542.11
v 3081.82 2598.67 564.758
l 6893 6894
v 3075.81 2601.75 542.715
v 3075.81 2601.75 564.758
l 6895 6896
v 3073.39 2608.19 542.743
v 3073.39 2608.19 564.758
l 6897 6898
v 3068.59 2605.45 543.516
v 3068.59 2605.45 564.758
l 6899 6900
v 3064.47 2596.9 544.465
v 3064.47 2596.9 564.758
l 6901 6902
v 3082.55 2627.17 561.01
v 3082.55 2627.17 540.772
l 6903 6904
v 3089.39 2627.97 539.965
v 3089.39 2627.97 561.01
l 6905 6906
v 3095.25 2624.96 539.343
v 3095.25 2624.96 561.01
l 6907 6908
v 3092.76 2620.12 539.854
v 3092.76 2620.12 561.01
l 6909 6910
v 3097.62 2611.95 539.668
v 3097.62 2611.95 561.01
l 6911 6912
v 3111.58 2639.2 537.194
v 3111.58 2639.2 561.01
l 6913 6914
v 3101.2 2636.59 538.442
v 3101.2 2636.59 561.01
l 6915 6916
v 3099.58 2633.41 538.688
v 3099.58 2633.41 561.01
l 6917 6918
v 3093.55 2636.49 539.29
v 3093.55 2636.49 561.01
l 6919 6920
v 3091.14 2642.93 539.228
v 3091.14 2642.93 561.01
l 6921 6922
v 3086.33 2640.19 539.82
v 3086.33 2640.19 561.01
l 6923 6924
v 3082.21 2631.64 540.614
v 3082.21 2631.64 561.01
l 6925 6926
v 3060.34 2529.89 545.806
v 3060.34 2529.89 568.242
l 6927 6928
v 3066.03 2532.78 544.998
v 3066.03 2532.78 568.242
l 6929 6930
v 3066.93 2546.31 544.721
v 3066.93 2546.31 568.242
l 6931 6932
v 3063.05 2548.62 545.222
v 3063.05 2548.62 568.242
l 6933 6934
v 3051.38 2543.24 546.869
v 3051.38 2543.24 568.242
l 6935 6936
v 3050.39 2538.67 547.054
v 3050.39 2538.67 568.242
l 6937 6938
v 3021.02 2585.48 574.57
v 3021.02 2585.48 550.477
l 6939 6940
v 3015.24 2592.41 551.165
v 3015.24 2592.41 574.57
l 6941 6942
v 3014.15 2593.71 551.295
v 3014.15 2593.71 574.57
l 6943 6944
v 3005.78 2599.69 552.141
v 3005.78 2599.69 574.57
l 6945 6946
v 3007.59 2594.63 552.165
v 3007.59 2594.63 574.57
l 6947 6948
v 3002.12 2590.06 552.962
v 3002.12 2590.06 574.57
l 6949 6950
v 2997.41 2592.66 553.562
v 2997.41 2592.66 574.57
l 6951 6952
v 2995.18 2584.14 553.973
v 2995.18 2584.14 574.57
l 6953 6954
v 3009.07 2567.5 552.309
v 3009.07 2567.5 574.57
l 6955 6956
v 3017.49 2568.58 551.157
v 3017.49 2568.58 574.57
l 6957 6958
v 3013.16 2576.83 551.644
v 3013.16 2576.83 574.57
l 6959 6960
v 3018.43 2581.22 550.879
v 3018.43 2581.22 574.57
l 6961 6962
v 3026.36 2575 549.88
v 3026.36 2575 574.57
l 6963 6964
v 3022.11 2584.18 550.345
v 3022.11 2584.18 574.57
l 6965 6966
v 2959.14 2566.15 559.084
v 2959.14 2566.15 579.907
l 6967 6968
v 2960.33 2564.45 579.907
v 2960.33 2564.45 558.947
l 6969 6970
v 2953.99 2573.45 559.68
v 2953.99 2573.45 579.907
l 6971 6972
v 2972.09 2547.74 557.584
v 2972.09 2547.74 579.907
l 6973 6974
v 2967.19 2554.71 558.157
v 2967.19 2554.71 579.907
l 6975 6976
v 2964.18 2558.98 558.503
v 2964.18 2558.98 579.907
l 6977 6978
v 2937.37 2601.28 556.298
v 2937.37 2601.28 579.797
l 6979 6980
v 2936.16 2603.25 555.739
v 2936.16 2603.25 579.797
l 6981 6982
v 2930.66 2612.16 553.207
v 2930.66 2612.16 579.797
l 6983 6984
v 2928.82 2615.14 552.523
v 2928.82 2615.14 579.797
l 6985 6986
v 2923.48 2623.78 550.574
v 2923.48 2623.78 579.797
l 6987 6988
v 2921.86 2626.43 549.922
v 2921.86 2626.43 579.797
l 6989 6990
v 2916.71 2635.27 547.773
v 2916.71 2635.27 579.797
l 6991 6992
v 2915.25 2637.64 547.281
v 2915.25 2637.64 579.797
l 6993 6994
v 2906.28 2632.1 546.034
v 2906.28 2632.1 579.797
l 6995 6996
v 2907.74 2629.73 546.533
v 2907.74 2629.73 579.797
l 6997 6998
v 2913.85 2621.49 548.65
v 2913.85 2621.49 579.797
l 6999 7000
v 2915.49 2618.84 549.247
v 2915.49 2618.84 579.797
l 7001 7002
v 2920.82 2610.2 551.193
v 2920.82 2610.2 579.797
l 7003 7004
v 2922.67 2607.22 551.866
v 2922.67 2607.22 579.797
l 7005 7006
v 2928.16 2598.31 554.393
v 2928.16 2598.31 579.797
l 7007 7008
v 2929.38 2596.34 554.949
v 2929.38 2596.34 579.797
l 7009 7010
v 2934.68 2587.75 556.46
v 2934.68 2587.75 579.797
l 7011 7012
v 2935.85 2585.86 556.781
v 2935.85 2585.86 579.797
l 7013 7014
v 2943.84 2590.81 558.656
v 2943.84 2590.81 579.797
l 7015 7016
v 2942.68 2592.69 558.341
v 2942.68 2592.69 579.797
l 7017 7018
v 2977.76 2796.41 538.581
v 2977.76 2796.41 559.307
l 7019 7020
v 2977.04 2794.27 538.742
v 2977.04 2794.27 559.307
l 7021 7022
v 2994.94 2788.18 538.203
v 2994.94 2788.18 559.307
l 7023 7024
v 2995.66 2790.32 538.055
v 2995.66 2790.32 559.307
l 7025 7026
v 2998.67 2799.13 537.456
v 2998.67 2799.13 559.307
l 7027 7028
v 2999.49 2801.57 537.302
v 2999.49 2801.57 559.307
l 7029 7030
v 2981.59 2807.66 537.797
v 2981.59 2807.66 559.307
l 7031 7032
v 2980.77 2805.23 537.965
v 2980.77 2805.23 559.307
l 7033 7034
v 2992.33 2762.24 539.71
v 2992.33 2762.24 560.983
l 7035 7036
v 2993.47 2765.58 539.473
v 2993.47 2765.58 560.983
l 7037 7038
v 3009.94 2860.09 532.55
v 3009.94 2860.09 555.042
l 7039 7040
v 3014.17 2857.81 532.579
v 3014.17 2857.81 555.042
l 7041 7042
v 2951.62 2866.2 534.132
v 2951.62 2866.2 555.042
l 7043 7044
v 2985.84 2865.38 532.959
v 2985.84 2865.38 555.042
l 7045 7046
v 2994.54 2868.4 532.357
v 2994.54 2868.4 555.042
l 7047 7048
v 2998.84 2866.07 532.423
v 2998.84 2866.07 555.042
l 7049 7050
v -732.674 2885.83 658.439
v -732.674 2885.83 627.512
l 7051 7052
v -729.791 2885.01 626.696
v -729.791 2885.01 658.439
l 7053 7054
v -730.926 2878.96 626.061
v -730.926 2878.96 658.439
l 7055 7056
v -730.158 2871.77 624.847
v -730.158 2871.77 658.439
l 7057 7058
v -721.141 2870.09 622.427
v -721.141 2870.09 658.439
l 7059 7060
v -717.256 2876.4 622.45
v -717.256 2876.4 658.439
l 7061 7062
v -716.121 2882.45 623.049
v -716.121 2882.45 658.439
l 7063 7064
v -712.548 2881.79 622.106
v -712.548 2881.79 658.439
l 7065 7066
v -709.72 2880.69 621.277
v -709.72 2880.69 658.439
l 7067 7068
v -710.844 2874.62 620.592
v -710.844 2874.62 658.439
l 7069 7070
v -710.076 2867.44 619.243
v -710.076 2867.44 658.439
l 7071 7072
v -701.059 2865.75 616.773
v -701.059 2865.75 658.439
l 7073 7074
v -697.174 2872.07 616.87
v -697.174 2872.07 658.439
l 7075 7076
v -696.039 2878.13 617.576
v -696.039 2878.13 658.439
l 7077 7078
v -692.566 2885.57 617.995
v -692.566 2885.57 658.439
l 7079 7080
v -708.763 2888.59 622.281
v -708.763 2888.59 658.439
l 7081 7082
v -710.622 2888.93 622.778
v -710.622 2888.93 658.439
l 7083 7084
v -712.648 2889.89 623.413
v -712.648 2889.89 658.439
l 7085 7086
v -728.845 2892.91 627.744
v -728.845 2892.91 658.439
l 7087 7088
v -729.824 2893.1 628.007
v -729.824 2893.1 658.439
l 7089 7090
v -731.906 2893.77 628.609
v -731.906 2893.77 658.439
l 7091 7092
v -748.103 2896.8 632.697
v -748.103 2896.8 658.439
l 7093 7094
v -749.239 2897.01 632.996
v -749.239 2897.01 658.439
l 7095 7096
v -751.309 2897.74 633.592
v -751.309 2897.74 658.439
l 7097 7098
v -767.506 2900.77 637.835
v -767.506 2900.77 658.439
l 7099 7100
v -768.463 2892.86 636.963
v -768.463 2892.86 658.439
l 7101 7102
v -769.599 2886.81 636.364
v -769.599 2886.81 658.439
l 7103 7104
v -768.831 2879.63 635.213
v -768.831 2879.63 658.439
l 7105 7106
v -759.803 2877.94 632.858
v -759.803 2877.94 658.439
l 7107 7108
v -755.918 2884.25 632.75
v -755.918 2884.25 658.439
l 7109 7110
v -754.782 2890.3 633.349
v -754.782 2890.3 658.439
l 7111 7112
v -751.921 2889.78 632.595
v -751.921 2889.78 658.439
l 7113 7114
v -749.049 2888.89 631.787
v -749.049 2888.89 658.439
l 7115 7116
v -750.185 2882.84 631.191
v -750.185 2882.84 658.439
l 7117 7118
v -749.417 2875.66 629.991
v -749.417 2875.66 658.439
l 7119 7120
v -740.4 2873.97 627.594
v -740.4 2873.97 658.439
l 7121 7122
v -736.515 2880.28 627.577
v -736.515 2880.28 658.439
l 7123 7124
v -735.379 2886.33 628.234
v -735.379 2886.33 658.439
l 7125 7126
v -784.749 2702.02 628.316
v -784.749 2702.02 603.692
l 7127 7128
v -782.312 2700.28 603.234
v -782.312 2700.28 628.316
l 7129 7130
v -785.339 2694.91 602.835
v -785.339 2694.91 628.316
l 7131 7132
v -786.942 2687.86 602.082
v -786.942 2687.86 628.316
l 7133 7134
v -778.95 2683.34 600.488
v -778.95 2683.34 628.316
l 7135 7136
v -773.228 2688.06 600.578
v -773.228 2688.06 628.316
l 7137 7138
v -770.2 2693.43 601.092
v -770.2 2693.43 628.316
l 7139 7140
v -766.627 2691.4 600.337
v -766.627 2691.4 628.316
l 7141 7142
v -764.089 2689.82 599.776
v -764.089 2689.82 628.316
l 7143 7144
v -767.128 2684.45 599.263
v -767.128 2684.45 628.316
l 7145 7146
v -768.731 2677.41 598.478
v -768.731 2677.41 628.316
l 7147 7148
v -760.738 2672.9 596.909
v -760.738 2672.9 628.316
l 7149 7150
v -755.016 2677.61 596.865
v -755.016 2677.61 628.316
l 7151 7152
v -751.977 2682.97 597.219
v -751.977 2682.97 628.316
l 7153 7154
v -746.289 2688.88 597.549
v -746.289 2688.88 628.316
l 7155 7156
v -760.626 2697 600.535
v -760.626 2697 628.316
l 7157 7158
v -762.675 2698.15 600.967
v -762.675 2698.15 628.316
l 7159 7160
v -764.5 2699.33 601.376
v -764.5 2699.33 628.316
l 7161 7162
v -778.838 2707.44 603.822
v -778.838 2707.44 628.316
l 7163 7164
v -780.564 2708.42 604.113
v -780.564 2708.42 628.316
l 7165 7166
v -782.868 2710.08 604.548
v -782.868 2710.08 628.316
l 7167 7168
v -797.206 2718.2 607.811
v -797.206 2718.2 628.316
l 7169 7170
v -800.668 2711.03 606.378
v -800.668 2711.03 628.316
l 7171 7172
v -803.707 2705.66 606.165
v -803.707 2705.66 628.316
l 7173 7174
v -805.31 2698.61 605.553
v -805.31 2698.61 628.316
l 7175 7176
v -797.317 2694.09 604.022
v -797.317 2694.09 628.316
l 7177 7178
v -791.596 2698.8 603.947
v -791.596 2698.8 628.316
l 7179 7180
v -788.557 2704.17 604.334
v -788.557 2704.17 628.316
l 7181 7182
v -747.368 2726.91 634.585
v -747.368 2726.91 604.164
l 7183 7184
v -745.632 2723.93 603.375
v -745.632 2723.93 634.585
l 7185 7186
v -748.66 2718.57 602.778
v -748.66 2718.57 634.585
l 7187 7188
v -750.263 2711.51 601.63
v -750.263 2711.51 634.585
l 7189 7190
v -742.27 2707 600.116
v -742.27 2707 634.585
l 7191 7192
v -736.548 2711.72 600.31
v -736.548 2711.72 634.585
l 7193 7194
v -733.52 2717.08 600.678
v -733.52 2717.08 634.585
l 7195 7196
v -727.821 2722.98 600.855
v -727.821 2722.98 634.585
l 7197 7198
v -742.159 2731.1 604.222
v -742.159 2731.1 634.585
l 7199 7200
v -744.107 2732.2 604.692
v -744.107 2732.2 634.585
l 7201 7202
v -745.142 2734.79 605.312
v -745.142 2734.79 634.585
l 7203 7204
v -759.48 2742.89 608.775
v -759.48 2742.89 634.585
l 7205 7206
v -761.306 2743.93 609.217
v -761.306 2743.93 634.585
l 7207 7208
v -761.272 2748.39 610.037
v -761.272 2748.39 634.585
l 7209 7210
v -775.61 2756.51 613.902
v -775.61 2756.51 634.585
l 7211 7212
v -779.072 2749.34 612.753
v -779.072 2749.34 634.585
l 7213 7214
v -782.111 2743.98 612.081
v -782.111 2743.98 634.585
l 7215 7216
v -783.714 2736.94 610.83
v -783.714 2736.94 634.585
l 7217 7218
v -775.721 2732.42 608.619
v -775.721 2732.42 634.585
l 7219 7220
v -770 2737.13 608.995
v -770 2737.13 634.585
l 7221 7222
v -766.961 2742.49 609.728
v -766.961 2742.49 634.585
l 7223 7224
v -763.61 2740.6 608.919
v -763.61 2740.6 634.585
l 7225 7226
v -762.942 2735.72 607.68
v -762.942 2735.72 634.585
l 7227 7228
v -765.981 2730.36 606.775
v -765.981 2730.36 634.585
l 7229 7230
v -767.584 2723.32 605.471
v -767.584 2723.32 634.585
l 7231 7232
v -759.591 2718.8 603.87
v -759.591 2718.8 634.585
l 7233 7234
v -753.869 2723.51 604.19
v -753.869 2723.51 634.585
l 7235 7236
v -750.83 2728.87 604.889
v -750.83 2728.87 634.585
l 7237 7238
v -758.255 2795.83 651.124
v -758.255 2795.83 619.142
l 7239 7240
v -755.372 2795.03 618.31
v -755.372 2795.03 651.124
l 7241 7242
v -756.508 2788.96 617.218
v -756.508 2788.96 651.124
l 7243 7244
v -755.74 2781.78 615.755
v -755.74 2781.78 651.124
l 7245 7246
v -746.723 2780.09 613.776
v -746.723 2780.09 651.124
l 7247 7248
v -742.826 2786.41 614.087
v -742.826 2786.41 651.124
l 7249 7250
v -741.691 2792.47 614.956
v -741.691 2792.47 651.124
l 7251 7252
v -738.118 2791.79 614.045
v -738.118 2791.79 651.124
l 7253 7254
v -735.29 2790.69 613.221
v -735.29 2790.69 651.124
l 7255 7256
v -736.426 2784.63 612.352
v -736.426 2784.63 651.124
l 7257 7258
v -735.658 2777.45 610.858
v -735.658 2777.45 651.124
l 7259 7260
v -726.641 2775.76 608.994
v -726.641 2775.76 651.124
l 7261 7262
v -722.744 2782.07 609.073
v -722.744 2782.07 651.124
l 7263 7264
v -721.62 2788.13 609.745
v -721.62 2788.13 651.124
l 7265 7266
v -718.147 2795.56 610.354
v -718.147 2795.56 651.124
l 7267 7268
v -734.344 2798.6 614.377
v -734.344 2798.6 651.124
l 7269 7270
v -736.192 2798.94 614.825
v -736.192 2798.94 651.124
l 7271 7272
v -738.218 2799.89 615.386
v -738.218 2799.89 651.124
l 7273 7274
v -754.415 2802.92 619.682
v -754.415 2802.92 651.124
l 7275 7276
v -755.406 2803.1 619.932
v -755.406 2803.1 651.124
l 7277 7278
v -757.476 2803.78 620.513
v -757.476 2803.78 651.124
l 7279 7280
v -773.673 2806.8 624.629
v -773.673 2806.8 651.124
l 7281 7282
v -774.82 2807.02 624.921
v -774.82 2807.02 651.124
l 7283 7284
v -776.89 2807.75 625.587
v -776.89 2807.75 651.124
l 7285 7286
v -793.087 2810.78 630.48
v -793.087 2810.78 651.124
l 7287 7288
v -794.045 2802.87 628.741
v -794.045 2802.87 651.124
l 7289 7290
v -795.169 2796.82 627.482
v -795.169 2796.82 651.124
l 7291 7292
v -794.412 2789.64 625.423
v -794.412 2789.64 651.124
l 7293 7294
v -785.384 2787.95 623.159
v -785.384 2787.95 651.124
l 7295 7296
v -781.499 2794.26 623.861
v -781.499 2794.26 651.124
l 7297 7298
v -780.363 2800.31 624.901
v -780.363 2800.31 651.124
l 7299 7300
v -777.503 2799.77 624.173
v -777.503 2799.77 651.124
l 7301 7302
v -774.63 2798.9 623.381
v -774.63 2798.9 651.124
l 7303 7304
v -775.766 2792.85 622.254
v -775.766 2792.85 651.124
l 7305 7306
v -774.998 2785.66 620.312
v -774.998 2785.66 651.124
l 7307 7308
v -765.981 2783.98 617.989
v -765.981 2783.98 651.124
l 7309 7310
v -762.085 2790.29 618.617
v -762.085 2790.29 651.124
l 7311 7312
v -760.96 2796.34 619.863
v -760.96 2796.34 651.124
l 7313 7314
v -746.311 2842.2 655.905
v -746.311 2842.2 624.418
l 7315 7316
v -743.428 2841.38 623.583
v -743.428 2841.38 655.905
l 7317 7318
v -744.563 2835.31 622.995
v -744.563 2835.31 655.905
l 7319 7320
v -743.795 2828.13 621.766
v -743.795 2828.13 655.905
l 7321 7322
v -734.767 2826.44 619.137
v -734.767 2826.44 655.905
l 7323 7324
v -730.882 2832.76 619.143
v -730.882 2832.76 655.905
l 7325 7326
v -729.746 2838.82 619.807
v -729.746 2838.82 655.905
l 7327 7328
v -726.173 2838.15 618.782
v -726.173 2838.15 655.905
l 7329 7330
v -723.346 2837.04 617.865
v -723.346 2837.04 655.905
l 7331 7332
v -724.481 2830.98 617.185
v -724.481 2830.98 655.905
l 7333 7334
v -723.713 2823.8 615.783
v -723.713 2823.8 655.905
l 7335 7336
v -714.696 2822.11 613.118
v -714.696 2822.11 655.905
l 7337 7338
v -710.8 2828.42 613.203
v -710.8 2828.42 655.905
l 7339 7340
v -709.664 2834.49 613.884
v -709.664 2834.49 655.905
l 7341 7342
v -706.191 2841.91 614.174
v -706.191 2841.91 655.905
l 7343 7344
v -722.388 2844.95 618.853
v -722.388 2844.95 655.905
l 7345 7346
v -724.247 2845.29 619.366
v -724.247 2845.29 655.905
l 7347 7348
v -726.273 2846.25 620.008
v -726.273 2846.25 655.905
l 7349 7350
v -742.47 2849.28 624.477
v -742.47 2849.28 655.905
l 7351 7352
v -743.45 2849.47 624.748
v -743.45 2849.47 655.905
l 7353 7354
v -745.532 2850.13 625.362
v -745.532 2850.13 655.905
l 7355 7356
v -761.729 2853.15 629.852
v -761.729 2853.15 655.905
l 7357 7358
v -762.875 2853.37 630.165
v -762.875 2853.37 655.905
l 7359 7360
v -764.935 2854.1 630.77
v -764.935 2854.1 655.905
l 7361 7362
v -781.132 2857.13 635.236
v -781.132 2857.13 655.905
l 7363 7364
v -782.089 2849.22 634.431
v -782.089 2849.22 655.905
l 7365 7366
v -783.224 2843.17 633.953
v -783.224 2843.17 655.905
l 7367 7368
v -782.456 2835.99 632.859
v -782.456 2835.99 655.905
l 7369 7370
v -773.439 2834.3 630.344
v -773.439 2834.3 655.905
l 7371 7372
v -769.543 2840.61 630.223
v -769.543 2840.61 655.905
l 7373 7374
v -768.419 2846.66 630.704
v -768.419 2846.66 655.905
l 7375 7376
v -765.558 2846.13 629.923
v -765.558 2846.13 655.905
l 7377 7378
v -762.686 2845.26 629.098
v -762.686 2845.26 655.905
l 7379 7380
v -763.821 2839.2 628.537
v -763.821 2839.2 655.905
l 7381 7382
v -763.053 2832.01 627.305
v -763.053 2832.01 655.905
l 7383 7384
v -754.025 2830.33 624.708
v -754.025 2830.33 655.905
l 7385 7386
v -750.14 2836.64 624.599
v -750.14 2836.64 655.905
l 7387 7388
v -749.005 2842.7 625.171
v -749.005 2842.7 655.905
l 7389 7390
v -811.188 2725.45 610.941
v -811.188 2725.45 641.866
l 7391 7392
v -825.904 2733.74 615.46
v -825.904 2733.74 641.866
l 7393 7394
v -828.242 2735.05 616.187
v -828.242 2735.05 641.866
l 7395 7396
v -830.925 2737.9 617.432
v -830.925 2737.9 641.866
l 7397 7398
v -844.161 2745.35 620.578
v -844.161 2745.35 641.866
l 7399 7400
v -846.988 2738.96 618.751
v -846.988 2738.96 641.866
l 7401 7402
v -850.038 2733.52 617.394
v -850.038 2733.52 641.866
l 7403 7404
v -856.294 2737.04 618.609
v -856.294 2737.04 641.866
l 7405 7406
v -867.382 2743.29 620.894
v -867.382 2743.29 641.866
l 7407 7408
v -873.271 2737.26 619.364
v -873.271 2737.26 641.866
l 7409 7410
v -867.115 2733.79 618.167
v -867.115 2733.79 641.866
l 7411 7412
v -864.777 2732.48 617.715
v -864.777 2732.48 641.866
l 7413 7414
v -858.844 2729.14 616.562
v -858.844 2729.14 641.866
l 7415 7416
v -856.217 2727.67 616.054
v -856.217 2727.67 641.866
l 7417 7418
v -854.101 2726.35 615.607
v -854.101 2726.35 641.866
l 7419 7420
v -844.996 2721.23 613.437
v -844.996 2721.23 641.866
l 7421 7422
v -840.955 2728.41 615.389
v -840.955 2728.41 641.866
l 7423 7424
v -837.893 2733.84 616.864
v -837.893 2733.84 641.866
l 7425 7426
v -831.081 2730.01 615.022
v -831.081 2730.01 641.866
l 7427 7428
v -828.12 2726.56 613.55
v -828.12 2726.56 641.866
l 7429 7430
v -831.326 2720.86 612.233
v -831.326 2720.86 641.866
l 7431 7432
v -835.088 2714.16 610.614
v -835.088 2714.16 641.866
l 7433 7434
v -825.57 2708.8 608.558
v -825.57 2708.8 641.866
l 7435 7436
v -821.541 2715.35 609.445
v -821.541 2715.35 641.866
l 7437 7438
v -818.335 2721.05 610.541
v -818.335 2721.05 641.866
l 7439 7440
v -875.397 2785.05 632.553
v -875.397 2785.05 657.289
l 7441 7442
v -873.961 2790.93 634.164
v -873.961 2790.93 657.289
l 7443 7444
v -866.58 2789.14 633.727
v -866.58 2789.14 657.289
l 7445 7446
v -868.451 2781.48 631.629
v -868.451 2781.48 657.289
l 7447 7448
v -855.27 2778.28 630.682
v -855.27 2778.28 657.289
l 7449 7450
v -853.4 2785.94 632.948
v -853.4 2785.94 657.289
l 7451 7452
v -846.498 2784.26 632.377
v -846.498 2784.26 657.289
l 7453 7454
v -847.957 2778.22 630.538
v -847.957 2778.22 657.289
l 7455 7456
v -834.053 2774.84 629.248
v -834.053 2774.84 657.289
l 7457 7458
v -832.583 2780.88 630.788
v -832.583 2780.88 657.289
l 7459 7460
v -831.092 2788 632.655
v -831.092 2788 657.289
l 7461 7462
v -844.717 2791.31 634.473
v -844.717 2791.31 657.289
l 7463 7464
v -851.419 2792.94 634.869
v -851.419 2792.94 657.289
l 7465 7466
v -864.755 2796.18 635.658
v -864.755 2796.18 657.289
l 7467 7468
v -872.091 2797.96 636.124
v -872.091 2797.96 657.289
l 7469 7470
v -886.095 2801.36 636.92
v -886.095 2801.36 657.289
l 7471 7472
v -886.841 2794.07 635.034
v -886.841 2794.07 657.289
l 7473 7474
v -888.265 2788.18 633.581
v -888.265 2788.18 657.289
l 7475 7476
v -565.828 2403.23 532.793
v -565.828 2403.23 555.926
l 7477 7478
v -559.172 2402.41 555.926
v -559.172 2402.41 531.676
l 7479 7480
v -568.923 2405.07 533.484
v -568.923 2405.07 555.926
l 7481 7482
v -577.361 2406.11 534.986
v -577.361 2406.11 555.926
l 7483 7484
v -582.226 2404.53 535.604
v -582.226 2404.53 555.926
l 7485 7486
v -585.554 2377.54 533.528
v -585.554 2377.54 555.926
l 7487 7488
v -581.168 2375.21 532.673
v -581.168 2375.21 555.926
l 7489 7490
v -572.73 2374.17 531.309
v -572.73 2374.17 555.926
l 7491 7492
v -569.335 2374.8 530.833
v -569.335 2374.8 555.926
l 7493 7494
v -562.678 2373.98 529.747
v -562.678 2373.98 555.926
l 7495 7496
v -558.938 2372.19 529.066
v -558.938 2372.19 555.926
l 7497 7498
v -550.489 2371.15 527.756
v -550.489 2371.15 555.926
l 7499 7500
v -546.225 2373.1 527.281
v -546.225 2373.1 555.926
l 7501 7502
v -542.897 2400.09 528.945
v -542.897 2400.09 555.926
l 7503 7504
v -546.648 2402.4 529.708
v -546.648 2402.4 555.926
l 7505 7506
v -555.086 2403.43 531.112
v -555.086 2403.43 555.926
l 7507 7508
v -572.697 2347.8 528.238
v -572.697 2347.8 550.747
l 7509 7510
v -566.04 2346.98 550.747
v -566.04 2346.98 527.163
l 7511 7512
v -575.792 2349.65 528.923
v -575.792 2349.65 550.747
l 7513 7514
v -584.23 2350.68 530.092
v -584.23 2350.68 550.747
l 7515 7516
v -589.094 2349.11 530.484
v -589.094 2349.11 550.747
l 7517 7518
v -592.423 2322.13 527.071
v -592.423 2322.13 550.747
l 7519 7520
v -588.037 2319.78 526.344
v -588.037 2319.78 550.747
l 7521 7522
v -579.588 2318.75 525.385
v -579.588 2318.75 550.747
l 7523 7524
v -576.203 2319.37 525.134
v -576.203 2319.37 550.747
l 7525 7526
v -569.535 2318.56 524.218
v -569.535 2318.56 550.747
l 7527 7528
v -565.806 2316.76 523.536
v -565.806 2316.76 550.747
l 7529 7530
v -557.357 2315.73 522.61
v -557.357 2315.73 550.747
l 7531 7532
v -553.094 2317.67 522.37
v -553.094 2317.67 550.747
l 7533 7534
v -549.765 2344.67 524.902
v -549.765 2344.67 550.747
l 7535 7536
v -553.517 2346.97 525.569
v -553.517 2346.97 550.747
l 7537 7538
v -561.955 2348.01 526.697
v -561.955 2348.01 550.747
l 7539 7540
v -981.117 1544.31 409.126
v -980.961 1537.92 407.008
l 7541 7542
v -988.631 1537.74 406.742
v -985.703 1537.81 406.842
l 7543 7544
v -971.621 1523.02 402.434
v -971.377 1512.39 398.903
l 7545 7546
v -973.002 1531.47 405.174
v -972.835 1524.02 402.75
l 7547 7548
v 91.1123 1905.56 455.198
v 91.1123 1905.56 483.424
l 7549 7550
v 91.1569 1908.37 455.254
v 91.1569 1908.37 483.424
l 7551 7552
v 98.6598 1917.84 453.483
v 98.6598 1917.84 483.424
l 7553 7554
v 75.305 1918.18 461.423
v 75.305 1918.18 483.424
l 7555 7556
v 82.5185 1908.51 458.275
v 82.5185 1908.51 483.424
l 7557 7558
v 82.4739 1905.72 458.216
v 82.4739 1905.72 483.424
l 7559 7560
v 5.45198 1868.28 473.064
v 5.45198 1868.28 494.266
l 7561 7562
v 4.92878 1845.47 471.63
v 4.92878 1845.47 494.266
l 7563 7564
v 14.3241 1850.68 472.715
v 14.3241 1850.68 494.266
l 7565 7566
v 17.3186 1850.67 473.003
v 17.3186 1850.67 494.266
l 7567 7568
v 17.3075 1865.14 474.051
v 17.3075 1865.14 494.266
l 7569 7570
v 14.3019 1865.14 473.762
v 14.3019 1865.14 494.266
l 7571 7572
v -73.1841 1914.95 463.074
v -73.1841 1914.95 485.856
l 7573 7574
v -80.2306 1913.38 462.129
v -80.2306 1913.38 485.856
l 7575 7576
v -84.2047 1913.46 461.538
v -84.2047 1913.46 485.856
l 7577 7578
v -90.5499 1915.3 460.492
v -90.5499 1915.3 485.856
l 7579 7580
v -92.3644 1910.7 460.501
v -92.3644 1910.7 485.856
l 7581 7582
v -95.1697 1910.76 460.084
v -95.1697 1910.76 485.856
l 7583 7584
v -95.4257 1898.09 460.619
v -95.4257 1898.09 485.856
l 7585 7586
v -66.6163 1897.51 464.634
v -66.6163 1897.51 485.856
l 7587 7588
v -66.3602 1910.18 464.366
v -66.3602 1910.18 485.856
l 7589 7590
v -71.4475 1910.29 463.61
v -71.4475 1910.29 485.856
l 7591 7592
v -51.9777 1974.35 463.134
v -51.9777 1974.35 483.77
l 7593 7594
v -53.603 1981.38 462.373
v -53.603 1981.38 483.77
l 7595 7596
v -53.5585 1985.35 462.144
v -53.5585 1985.35 483.77
l 7597 7598
v -51.7662 1991.71 462.135
v -51.7662 1991.71 483.77
l 7599 7600
v -56.386 1993.49 461.065
v -56.386 1993.49 483.77
l 7601 7602
v -56.3526 1996.3 460.959
v -56.3526 1996.3 483.77
l 7603 7604
v -69.0208 1996.46 458.251
v -69.0208 1996.46 483.77
l 7605 7606
v -69.3547 1967.63 460.1
v -69.3547 1967.63 483.77
l 7607 7608
v -56.6977 1967.49 462.543
v -56.6977 1967.49 483.77
l 7609 7610
v -56.6309 1972.57 462.27
v -56.6309 1972.57 483.77
l 7611 7612
v -1724.23 -45.6802 536.296
v -1724.23 -45.6802 562.596
l 7613 7614
v -1771.4 -61.4215 536.003
v -1771.4 -61.4215 562.596
l 7615 7616
v -1743.47 -48.6493 535.75
v -1743.47 -48.6493 562.596
l 7617 7618
v -1736.03 -46.1025 535.809
v -1736.03 -46.1025 562.596
l 7619 7620
v -1734.15 -50.1978 536.514
v -1734.15 -50.1978 562.596
l 7621 7622
v -1855.7 -245.3 549.034
v -1855.7 -245.3 570.187
l 7623 7624
v -1832.83 -237.16 547.125
v -1832.83 -237.16 570.187
l 7625 7626
v -1834.21 -229.712 546.879
v -1834.21 -229.712 570.187
l 7627 7628
v -1858.25 -238.133 548.546
v -1858.25 -238.133 570.187
l 7629 7630
v -1897.13 -243.905 540.445
v -1897.13 -243.905 564.861
l 7631 7632
v -1961.69 -170.983 526.789
v -1961.69 -170.983 550.413
l 7633 7634
v -1976.74 -166.312 524.999
v -1976.74 -166.312 550.413
l 7635 7636
v -1987.59 -165.954 523.871
v -1987.59 -165.954 550.413
l 7637 7638
v -1986.53 -173.453 522.965
v -1986.53 -173.453 550.413
l 7639 7640
v -1975.76 -173.3 524.338
v -1975.76 -173.3 550.413
l 7641 7642
v -1968.65 -181.017 525.134
v -1968.65 -181.017 550.413
l 7643 7644
v -1960.07 -182.399 526.491
v -1960.07 -182.399 550.413
l 7645 7646
v -1954.78 -186.904 526.986
v -1954.78 -186.904 550.413
l 7647 7648
v -1946.96 -188.375 528.372
v -1946.96 -188.375 550.413
l 7649 7650
v -1948.15 -179.942 528.37
v -1948.15 -179.942 550.413
l 7651 7652
v -1891.05 -166.632 536.195
v -1891.05 -166.632 558.86
l 7653 7654
v -1903.81 -168.437 534.879
v -1903.81 -168.437 558.86
l 7655 7656
v -1902.6 -176.947 535.324
v -1902.6 -176.947 558.86
l 7657 7658
v -1900.49 -184.792 536.333
v -1900.49 -184.792 558.86
l 7659 7660
v -1899.97 -188.439 536.555
v -1899.97 -188.439 558.86
l 7661 7662
v -1831.38 -169.179 565.861
v -1831.38 -169.179 543.224
l 7663 7664
v -1839.54 -167.438 542.718
v -1839.54 -167.438 565.861
l 7665 7666
v -1853.64 -174.477 542.171
v -1853.64 -174.477 565.861
l 7667 7668
v -1855.02 -185.15 542.752
v -1855.02 -185.15 565.861
l 7669 7670
v -1858.67 -191.025 543.284
v -1858.67 -191.025 565.861
l 7671 7672
v -1862.67 -205.588 544.87
v -1862.67 -205.588 565.861
l 7673 7674
v -1853.27 -197.347 544.35
v -1853.27 -197.347 565.861
l 7675 7676
v -1850.38 -188.043 543.355
v -1850.38 -188.043 565.861
l 7677 7678
v -1842.93 -176.064 542.909
v -1842.93 -176.064 565.861
l 7679 7680
v -1831.42 -176.141 543.522
v -1831.42 -176.141 565.861
l 7681 7682
v -1819.94 -179.724 544.448
v -1819.94 -179.724 565.861
l 7683 7684
v -1812.63 -175.322 545.038
v -1812.63 -175.322 565.861
l 7685 7686
v -1810.21 -171.764 545.142
v -1810.21 -171.764 565.861
l 7687 7688
v -1809.28 -170.407 545.183
v -1809.28 -170.407 565.861
l 7689 7690
v -1817.29 -164.943 544.094
v -1817.29 -164.943 565.861
l 7691 7692
v -1819.05 -167.541 544.018
v -1819.05 -167.541 565.861
l 7693 7694
v -1820.22 -169.243 543.967
v -1820.22 -169.243 565.861
l 7695 7696
v -1807.12 -156.42 566.591
v -1807.12 -156.42 544.811
l 7697 7698
v -1793.82 -154.692 546.098
v -1793.82 -154.692 566.591
l 7699 7700
v -1792.32 -148.51 545.463
v -1792.32 -148.51 566.591
l 7701 7702
v -1802.78 -145.989 544.027
v -1802.78 -145.989 566.591
l 7703 7704
v -1804.27 -152.183 544.662
v -1804.27 -152.183 566.591
l 7705 7706
v -1809.56 -135.495 542.203
v -1809.56 -135.495 563.986
l 7707 7708
v -1823.98 -132.027 540.5
v -1823.98 -132.027 563.986
l 7709 7710
v -1821.89 -137.888 541.327
v -1821.89 -137.888 563.986
l 7711 7712
v -1822.5 -140.41 541.538
v -1822.5 -140.41 563.986
l 7713 7714
v -1818.63 -152.017 543.121
v -1818.63 -152.017 563.986
l 7715 7716
v -1813.68 -142.534 542.57
v -1813.68 -142.534 563.986
l 7717 7718
v -1813.07 -140.013 542.359
v -1813.07 -140.013 563.986
l 7719 7720
v -1878.47 -121.341 533.869
v -1878.47 -121.341 545.635
l 7721 7722
v -1797.41 -60.2313 555.028
v -1797.41 -60.2313 534.377
l 7723 7724
v -1809.46 -64.9281 534.238
v -1809.46 -64.9281 555.028
l 7725 7726
v -1797.93 -116.823 541.069
v -1797.93 -116.823 561.148
l 7727 7728
v -1808.42 -97.8057 538.094
v -1808.42 -97.8057 561.148
l 7729 7730
v -1794.46 -94.747 559.152
v -1794.46 -94.747 538.771
l 7731 7732
v -1789.29 -91.8931 538.801
v -1789.29 -91.8931 559.152
l 7733 7734
v -1727.26 -159.427 552.789
v -1727.26 -159.427 575.142
l 7735 7736
v -1719.76 -156.253 553.962
v -1719.76 -156.253 575.142
l 7737 7738
v -1752.26 -162.255 550.349
v -1752.26 -162.255 575.142
l 7739 7740
v -1746.94 -171.099 549.851
v -1746.94 -171.099 575.142
l 7741 7742
v -1906.93 77.3846 500.539
v -1906.93 77.3846 522.95
l 7743 7744
v -1818.28 67.8245 523.128
v -1818.28 67.8245 499.871
l 7745 7746
v -1818.76 70.1537 499.229
v -1818.76 70.1537 523.128
l 7747 7748
v -1854.92 70.5121 500.587
v -1854.92 70.5121 521.94
l 7749 7750
v -1854.27 82.8621 497.91
v -1854.27 82.8621 521.94
l 7751 7752
v -1841.95 63.0381 526.376
v -1841.95 63.0381 501.894
l 7753 7754
v -1780.74 50.7008 524.907
v -1780.74 50.7008 503.875
l 7755 7756
v -1774.07 51.0464 503.49
v -1774.07 51.0464 524.907
l 7757 7758
v -1786.99 62.7181 500.182
v -1786.99 62.7181 524.907
l 7759 7760
v -1784.08 57.1254 501.901
v -1784.08 57.1254 524.907
l 7761 7762
v -1783.39 55.7944 502.31
v -1783.39 55.7944 524.907
l 7763 7764
v -1803.14 93.7404 493.42
v -1803.14 93.7404 519.785
l 7765 7766
v -1802.28 92.0767 493.714
v -1802.28 92.0767 519.785
l 7767 7768
v -1799.68 87.0854 494.609
v -1799.68 87.0854 519.785
l 7769 7770
v -1798.37 84.5642 495.071
v -1798.37 84.5642 519.785
l 7771 7772
v -1795.78 79.5858 495.984
v -1795.78 79.5858 519.785
l 7773 7774
v -1794.51 77.1414 496.433
v -1794.51 77.1414 519.785
l 7775 7776
v -1791.91 72.163 497.487
v -1791.91 72.163 519.785
l 7777 7778
v -1791.7 71.7535 497.595
v -1791.7 71.7535 519.785
l 7779 7780
v -1789.11 66.7751 498.936
v -1789.11 66.7751 519.785
l 7781 7782
v -1810.32 107.524 490.961
v -1810.32 107.524 519.785
l 7783 7784
v -1806.67 100.498 492.227
v -1806.67 100.498 519.785
l 7785 7786
v -1805.74 98.7188 492.541
v -1805.74 98.7188 519.785
l 7787 7788
v -1800.47 28.8163 510.793
v -1796.05 15.6473 514.956
l 7789 7790
v -1869.85 7.08549 516.267
v -1869.85 7.08549 540.606
l 7791 7792
v -1868.42 2.83659 517.59
v -1868.42 2.83659 540.606
l 7793 7794
v -1872.13 -3.3576 518.47
v -1872.13 -3.3576 540.606
l 7795 7796
v -1904.53 14.9946 510.432
v -1904.53 14.9946 534.32
l 7797 7798
v 4363.67 -187.864 669.639
v 4362.65 -191.101 669.574
l 7799 7800
v 4361.77 -193.891 669.515
v 4361.77 -193.891 691.916
l 7801 7802
v 4362.65 -191.101 669.574
v 4361.77 -193.891 669.515
l 7803 7804
v 4361.77 -193.891 669.515
v 4356.04 -192.087 666.026
l 7805 7806
v 4356.04 -192.087 666.026
v 4354.74 -196.208 665.925
l 7807 7808
v 4359.76 -197.782 668.99
v 4359.76 -197.782 691.916
l 7809 7810
v 4359.76 -197.782 668.99
v 4358.23 -202.632 668.889
l 7811 7812
v 4354.74 -196.208 665.925
v 4354.74 -196.208 689.639
l 7813 7814
v 4356.04 -192.087 666.026
v 4356.04 -192.087 689.639
l 7815 7816
v 4351.88 -187.71 663.562
v 4351.88 -187.71 689.639
l 7817 7818
v 4364.26 250.094 539.055
v 4364.26 250.094 568.185
l 7819 7820
v 4365.95 245.73 539.723
v 4365.95 245.73 568.185
l 7821 7822
v 4358.49 214.349 539.976
v 4388.65 207.182 546.166
l 7823 7824
v 4366.68 188.715 542.575
v 4366.68 188.715 566.91
l 7825 7826
v 4397.8 156.182 581.276
v 4397.8 156.182 558.308
l 7827 7828
v 4392.32 157.679 557.066
v 4392.32 157.679 581.276
l 7829 7830
v 4378.65 155.414 556.136
v 4378.65 155.414 581.276
l 7831 7832
v 4395.37 150.384 560.094
v 4395.37 150.384 581.276
l 7833 7834
v 4447.09 149.489 566.785
v 4447.09 149.489 594.711
l 7835 7836
v 4209.87 -108.172 640.941
v 4209.87 -108.172 616.625
l 7837 7838
v 4174.32 -232.387 579.571
v 4162.54 -231.478 573.986
l 7839 7840
v 4157.13 -185.24 617.878
v 4157.13 -185.24 578.421
l 7841 7842
v 4176.37 -196.246 584.873
v 4176.37 -196.246 617.878
l 7843 7844
v 4190.72 -171.892 593.968
v 4190.72 -171.892 617.878
l 7845 7846
v 4170.68 -160.438 587.28
v 4170.68 -160.438 617.878
l 7847 7848
v 4209.02 -208.596 623.084
v 4209.02 -208.596 598.463
l 7849 7850
v 4225.69 -211.117 629.945
v 4225.69 -211.117 606.059
l 7851 7852
v 4250.61 -190.231 642.533
v 4250.61 -190.231 617.911
l 7853 7854
v 4290.55 -136.89 633.169
v 4281.19 -137.428 630.534
l 7855 7856
v 4281.01 -134.139 630.464
v 4281.01 -134.139 653.169
l 7857 7858
v 4306.85 -179.647 665.955
v 4306.85 -179.647 641.589
l 7859 7860
v 4400.41 -47.9838 646.096
v 4400.41 -47.9838 670.351
l 7861 7862
v 4392.71 -49.3531 644.714
v 4396.77 -59.3227 649.041
l 7863 7864
v 4387.15 -51.6056 644.052
v 4391.22 -61.5879 648.258
l 7865 7866
v 4284.02 -75.0256 651.435
v 4284.02 -75.0256 631.017
l 7867 7868
v 4282.61 -78.4938 630.976
v 4282.61 -78.4938 651.435
l 7869 7870
v 4363.21 -129.301 699.326
v 4363.21 -129.301 658.041
l 7871 7872
v 4359.74 -135.943 658.134
v 4359.74 -135.943 699.326
l 7873 7874
v 2119.61 43.278 588.629
v 2119.61 43.278 559.79
l 7875 7876
v 2090.61 40.3345 571.356
v 2090.61 40.3345 600.624
l 7877 7878
v 2089.25 40.6928 600.624
v 2089.25 40.6928 571.425
l 7879 7880
v 2106.66 45.2745 563.367
v 2106.66 45.2745 600.624
l 7881 7882
v 2107.12 47.0022 562.571
v 2107.12 47.0022 600.624
l 7883 7884
v 2108.82 53.3372 559.655
v 2108.82 53.3372 600.624
l 7885 7886
v 2093.16 49.8434 566.174
v 2093.16 49.8434 600.624
l 7887 7888
v 2091.8 50.2145 566.37
v 2091.8 50.2145 600.624
l 7889 7890
v 2091.92 58.1236 562.546
v 2091.92 58.1236 600.624
l 7891 7892
v 2085.57 53.0173 564.446
v 2085.57 53.0173 600.624
l 7893 7894
v 2084.66 49.613 565.81
v 2084.66 49.613 600.624
l 7895 7896
v 2077.71 51.4687 562.879
v 2077.71 51.4687 600.624
l 7897 7898
v 2078.49 54.3994 561.703
v 2078.49 54.3994 600.624
l 7899 7900
v 2074.57 64.2667 555.837
v 2074.57 64.2667 600.624
l 7901 7902
v 2067.95 66.0328 553.319
v 2067.95 66.0328 600.624
l 7903 7904
v 2064.24 57.7781 555.929
v 2064.24 57.7781 600.624
l 7905 7906
v 2063.56 55.2441 556.911
v 2063.56 55.2441 600.624
l 7907 7908
v 2066.27 46.5031 561.896
v 2066.27 46.5031 600.624
l 7909 7910
v 2073.39 44.5962 564.872
v 2073.39 44.5962 600.624
l 7911 7912
v 2071.5 37.5317 567.387
v 2071.5 37.5317 600.624
l 7913 7914
v 2069.76 30.6593 569.928
v 2069.76 30.6593 600.624
l 7915 7916
v 2076.01 26.8327 573.782
v 2076.01 26.8327 600.624
l 7917 7918
v 2082.94 34.473 572.364
v 2082.94 34.473 600.624
l 7919 7920
v 2084.83 41.5375 569.591
v 2084.83 41.5375 600.624
l 7921 7922
v 2064.81 190.737 525.446
v 2064.81 190.737 554.33
l 7923 7924
v 2079.56 194.371 554.33
v 2079.56 194.371 526.783
l 7925 7926
v 2040.25 152.688 528.369
v 2040.25 152.688 554.33
l 7927 7928
v 2049.93 147.057 531.388
v 2049.93 147.057 554.33
l 7929 7930
v 2051.49 146.148 531.849
v 2051.49 146.148 554.33
l 7931 7932
v 2060.73 144.062 533.97
v 2060.73 144.062 554.33
l 7933 7934
v 2084.71 185.272 529.917
v 2084.71 185.272 554.33
l 7935 7936
v 2103.8 77.8709 611.663
v 2103.8 77.8709 551.042
l 7937 7938
v 2077.99 84.577 550.163
v 2077.99 84.577 573.43
l 7939 7940
v 2101.94 144.549 570.473
v 2101.94 144.549 537.906
l 7941 7942
v 2074.65 99.5123 546.22
v 2074.65 99.5123 570.473
l 7943 7944
v 2084.81 95.9417 549.439
v 2084.81 95.9417 570.473
l 7945 7946
v 2212.23 92.9597 549.664
v 2212.23 92.9597 520.906
l 7947 7948
v 2210.13 100.05 520.941
v 2210.13 100.05 549.664
l 7949 7950
v 2208.89 75.7848 522.711
v 2208.89 75.7848 549.664
l 7951 7952
v 2147.07 177.465 524.864
v 2147.07 177.465 613.37
l 7953 7954
v 2137.41 181.151 525.443
v 2137.41 181.151 613.37
l 7955 7956
v 2136.32 184.67 524.995
v 2136.32 184.67 613.37
l 7957 7958
v 1513.69 -220.024 562.071
v 1505.57 -215.212 560.535
l 7959 7960
v 1505.57 -215.212 560.535
v 1471.23 -219.704 552.717
l 7961 7962
v 1487.56 -262.448 554.403
v 1487.56 -262.448 594.041
l 7963 7964
v -1788.46 -250.175 545.02
v -1788.46 -250.175 565.912
l 7965 7966
v -1764.04 -256.625 563.662
v -1764.04 -256.625 543.002
l 7967 7968
v -1751.49 -261.437 541.301
v -1751.49 -261.437 563.662
l 7969 7970
v -1676.07 -225.54 537.796
v -1676.07 -225.54 563.035
l 7971 7972
v -1701.44 -237.391 540.958
v -1701.44 -237.391 563.035
l 7973 7974
v -1689.82 -233.078 540.213
v -1689.82 -233.078 563.035
l 7975 7976
v -1687.41 -239.566 538.498
v -1687.41 -239.566 563.035
l 7977 7978
v -1722.78 -198.562 547.896
v -1722.78 -198.562 570.188
l 7979 7980
v -1724.33 -199.138 547.746
v -1724.33 -199.138 570.188
l 7981 7982
v -1738.29 -201.749 546.768
v -1738.29 -201.749 570.188
l 7983 7984
v -3916.45 1167.78 514.314
v -3916.45 1167.78 488.631
l 7985 7986
v -3919.47 1168.33 488.521
v -3919.47 1168.33 514.314
l 7987 7988
v -3919.45 1172.87 489.669
v -3919.45 1172.87 514.314
l 7989 7990
v -3932.66 1180.67 490.882
v -3932.66 1180.67 514.314
l 7991 7992
v -3935.7 1181.22 490.883
v -3935.7 1181.22 514.314
l 7993 7994
v -3935.68 1185.76 492.066
v -3935.68 1185.76 514.314
l 7995 7996
v -3943.65 1185.81 491.784
v -3943.65 1185.81 514.314
l 7997 7998
v -3943.68 1181.27 490.521
v -3943.68 1181.27 514.314
l 7999 8000
v -3932.84 1173.73 489.069
v -3932.84 1173.73 514.314
l 8001 8002
v -3927.43 1172.92 489.158
v -3927.43 1172.92 514.314
l 8003 8004
v -3927.45 1168.38 487.974
v -3927.45 1168.38 514.314
l 8005 8006
v -3917 1160.84 486.876
v -3917 1160.84 514.314
l 8007 8008
v -3911.59 1160.05 487.1
v -3911.59 1160.05 514.314
l 8009 8010
v -3911.61 1155.49 485.913
v -3911.61 1155.49 514.314
l 8011 8012
v -3903.64 1155.45 486.537
v -3903.64 1155.45 514.314
l 8013 8014
v -3903.62 1160 487.721
v -3903.62 1160 514.314
l 8015 8016
v -4012.62 83.7836 423.758
v -4012.62 83.7836 453.395
l 8017 8018
v -4012.99 109.456 425.526
v -4012.62 83.7836 423.758
l 8019 8020
v -4023.17 73.9931 419.947
v -4023.17 73.9931 453.395
l 8021 8022
v -4023.31 83.63 420.618
v -4023.17 73.9931 419.947
l 8023 8024
v -4047.35 73.6348 412.778
v -4047.35 73.6348 453.395
l 8025 8026
v -4047.35 73.6348 412.778
v -4047.5 83.502 413.48
l 8027 8028
v -4058.51 83.3356 410.328
v -4058.51 83.3356 453.395
l 8029 8030
v -4099.19 66.9414 397.767
v -4099.19 66.9414 453.395
l 8031 8032
v -4099.19 66.9414 397.767
v -4109.88 66.7879 399.525
l 8033 8034
v -4109.74 57.151 399.936
v -4109.74 57.151 453.395
l 8035 8036
v -4109.88 66.7879 399.525
v -4109.74 57.151 399.936
l 8037 8038
v -4133.92 56.7926 407.649
v -4133.92 56.7926 453.395
l 8039 8040
v -4133.92 56.7926 407.649
v -4134.06 66.6471 407.577
l 8041 8042
v -4145.08 66.4935 411.27
v -4145.08 66.4935 453.395
l 8043 8044
v -4134.06 66.6471 407.577
v -4145.08 66.4935 411.27
l 8045 8046
v -2477.82 2294.53 627.564
v -2477.82 2294.53 650.69
l 8047 8048
v -2476.85 2288.41 650.69
v -2476.85 2288.41 627.699
l 8049 8050
v -2491.78 2292.31 626.383
v -2491.78 2292.31 650.69
l 8051 8052
v -2490.81 2286.2 626.517
v -2490.81 2286.2 650.69
l 8053 8054
v -2498.41 2284.98 625.873
v -2498.41 2284.98 650.69
l 8055 8056
v -2499.1 2289.33 625.786
v -2499.1 2289.33 650.69
l 8057 8058
v -2512.29 2287.22 624.802
v -2512.29 2287.22 650.69
l 8059 8060
v -2511.6 2282.88 624.798
v -2511.6 2282.88 650.69
l 8061 8062
v -2460.38 2291.03 628.977
v -2460.38 2291.03 650.69
l 8063 8064
v -2460.89 2294.21 628.914
v -2460.89 2294.21 650.69
l 8065 8066
v -2455.81 2295.02 629.266
v -2455.81 2295.02 650.69
l 8067 8068
v -2457.65 2306.5 629.04
v -2457.65 2306.5 650.69
l 8069 8070
v -2469.37 2292.85 628.305
v -2469.37 2292.85 650.69
l 8071 8072
v -2468.87 2289.69 628.374
v -2468.87 2289.69 650.69
l 8073 8074
v -2485.8 2500.74 663.601
v -2485.8 2500.74 635.38
l 8075 8076
v -2434.38 2499.86 641.159
v -2434.38 2499.86 663.601
l 8077 8078
v 2656.01 608.473 450.038
v 2656.01 608.473 525.637
l 8079 8080
v 2640.83 610.79 457.017
v 2640.83 610.79 525.637
l 8081 8082
v 2641.71 591.323 460.874
v 2641.71 591.323 525.637
l 8083 8084
v 2293.76 516.849 503.689
v 2293.76 516.849 473.429
l 8085 8086
v 2280.14 504.127 478.023
v 2280.14 504.127 503.689
l 8087 8088
v 2291.9 437.179 537.343
v 2291.9 437.179 506.625
l 8089 8090
v 2246.8 476.688 524.632
v 2246.8 476.688 491.465
l 8091 8092
v 2271.18 569.706 486.38
v 2271.18 569.706 465.553
l 8093 8094
v 2171.89 559.877 450.82
v 2171.89 559.877 495.852
l 8095 8096
v 2174.86 554.438 495.852
v 2174.86 554.438 452.979
l 8097 8098
v 2158.5 552.569 452.576
v 2158.5 552.569 495.852
l 8099 8100
v 2161.48 547.13 455.038
v 2161.48 547.13 495.852
l 8101 8102
v 2243.07 609.599 460.051
v 2243.07 609.599 502.346
l 8103 8104
v 2247.48 603.187 461.708
v 2247.48 603.187 502.346
l 8105 8106
v 2253.6 594.088 463.126
v 2253.6 594.088 502.346
l 8107 8108
v 2258 604.659 464.737
v 2258 604.659 502.346
l 8109 8110
v 2250.91 614.987 462.426
v 2250.91 614.987 502.346
l 8111 8112
v 2302.46 592.193 469.645
v 2302.46 592.193 507.034
l 8113 8114
v 2300.46 595.073 469.539
v 2300.46 595.073 507.034
l 8115 8116
v 2291.03 604.211 468.879
v 2291.03 604.211 507.034
l 8117 8118
v 2284.27 613.951 468.504
v 2284.27 613.951 507.034
l 8119 8120
v 2289.3 632.01 469.697
v 2289.3 632.01 507.034
l 8121 8122
v 2278.4 625.559 468.292
v 2278.4 625.559 507.034
l 8123 8124
v 2276.81 627.837 468.206
v 2276.81 627.837 507.034
l 8125 8126
v 2273.27 625.38 467.737
v 2273.27 625.38 507.034
l 8127 8128
v 2269.7 622.91 467.263
v 2269.7 622.91 507.034
l 8129 8130
v 2272.94 620.657 467.527
v 2272.94 620.657 507.034
l 8131 8132
v 2275.52 616.933 467.67
v 2275.52 616.933 507.034
l 8133 8134
v 2288.28 591.899 468.135
v 2288.28 591.899 507.034
l 8135 8136
v 2290.41 588.827 468.249
v 2290.41 588.827 507.034
l 8137 8138
v 2293.71 586.076 468.503
v 2293.71 586.076 507.034
l 8139 8140
v 2297.29 588.546 468.967
v 2297.29 588.546 507.034
l 8141 8142
v 2352.42 682.897 454.212
v 2352.42 682.897 526.708
l 8143 8144
v 2361.42 674.13 461.38
v 2361.42 674.13 526.708
l 8145 8146
v -4754.65 -1473.66 550.67
v -4754.65 -1473.66 520.594
l 8147 8148
v -4765.98 -1468.58 514.536
v -4765.98 -1468.58 550.67
l 8149 8150
v -4759.36 -1478.05 520.813
v -4759.36 -1478.05 550.67
l 8151 8152
v -4774.27 -1488.48 520.085
v -4774.27 -1488.48 550.67
l 8153 8154
v -4781.41 -1490.2 518.449
v -4781.41 -1490.2 550.67
l 8155 8156
v -4754.14 -1474.4 521.069
v -4754.14 -1474.4 550.67
l 8157 8158
v 528.576 54.1819 499.748
v 528.576 54.1819 528.163
l 8159 8160
v 541.8 69.5778 487.657
v 541.8 69.5778 528.163
l 8161 8162
v 526.728 70.8448 486.804
v 526.728 70.8448 528.163
l 8163 8164
v 521.685 63.2556 492.284
v 521.685 63.2556 528.163
l 8165 8166
v 553.177 105.335 470.061
v 553.177 105.335 496.662
l 8167 8168
v 549.637 107.69 496.662
v 549.637 107.69 468.857
l 8169 8170
v 558.209 112.899 466.576
v 558.209 112.899 496.662
l 8171 8172
v 562.662 119.605 463.56
v 562.662 119.605 496.662
l 8173 8174
v 569.319 126.478 460.501
v 569.319 126.478 496.662
l 8175 8176
v 564.331 129.805 458.963
v 564.331 129.805 496.662
l 8177 8178
v 554.725 217.395 437.799
v 554.725 217.395 458.647
l 8179 8180
v 506.935 136.793 489.68
v 506.935 136.793 464.375
l 8181 8182
v 512.891 132.595 464.772
v 512.891 132.595 489.68
l 8183 8184
v 518.245 140.184 460.003
v 518.245 140.184 489.68
l 8185 8186
v 520.449 143.307 458.04
v 520.449 143.307 489.68
l 8187 8188
v 525.258 150.116 453.941
v 525.258 150.116 489.68
l 8189 8190
v 519.314 154.313 454.822
v 519.314 154.313 489.68
l 8191 8192
v 516.175 156.527 455.288
v 516.175 156.527 489.68
l 8193 8194
v 510.564 160.495 456.033
v 510.564 160.495 489.68
l 8195 8196
v 505.744 153.674 459.837
v 505.744 153.674 489.68
l 8197 8198
v 503.551 150.564 461.531
v 503.551 150.564 489.68
l 8199 8200
v 498.185 142.974 465.61
v 498.185 142.974 489.68
l 8201 8202
v 503.807 139.007 464.836
v 503.807 139.007 489.68
l 8203 8204
v 478.705 115.459 476.464
v 478.705 115.459 505.347
l 8205 8206
v 477.246 116.418 476.394
v 477.246 116.418 505.347
l 8207 8208
v 464.689 97.311 482.992
v 464.689 97.311 505.347
l 8209 8210
v 467.639 95.3785 482.827
v 467.639 95.3785 505.347
l 8211 8212
v 484.304 95.5961 480.378
v 484.304 95.5961 505.347
l 8213 8214
v 486.386 98.7572 479.646
v 486.386 98.7572 505.347
l 8215 8216
v 447.713 69.4754 489.743
v 447.713 69.4754 525.536
l 8217 8218
v 446.311 70.5121 489.347
v 446.311 70.5121 525.536
l 8219 8220
v 432.674 52.1598 498.731
v 432.674 52.1598 525.536
l 8221 8222
v 435.513 50.0481 500.058
v 435.513 50.0481 525.536
l 8223 8224
v 452.166 49.3314 501.239
v 452.166 49.3314 525.536
l 8225 8226
v 454.415 52.3646 499.627
v 454.415 52.3646 525.536
l 8227 8228
v 411.401 25.5017 510.146
v 411.401 25.5017 543.047
l 8229 8230
v 410.221 26.7943 509.425
v 410.221 26.7943 543.047
l 8231 8232
v 393.389 11.3088 513.254
v 393.389 11.3088 543.047
l 8233 8234
v 395.783 8.71082 514.369
v 395.783 8.71082 543.047
l 8235 8236
v 412.002 4.87145 519.163
v 412.002 4.87145 543.047
l 8237 8238
v 414.785 7.43103 518.482
v 414.785 7.43103 543.047
l 8239 8240
v -2824.68 887.432 423.402
v -2824.68 887.432 594.864
l 8241 8242
v -2821.67 885.871 422.798
v -2821.67 885.871 594.864
l 8243 8244
v -2812.92 891.285 421.604
v -2812.92 891.285 594.864
l 8245 8246
v -2811.64 895.137 421.594
v -2811.64 895.137 594.864
l 8247 8248
v -2804.42 895.38 420.163
v -2804.42 895.38 594.864
l 8249 8250
v -2801.84 889.467 419.312
v -2801.84 889.467 594.864
l 8251 8252
v -2795.29 890.043 418.035
v -2795.29 890.043 594.864
l 8253 8254
v -2793.75 897.978 418.177
v -2793.75 897.978 594.864
l 8255 8256
v -2793.88 909.433 418.671
v -2793.88 909.433 594.864
l 8257 8258
v -2802.39 915.641 420.634
v -2802.39 915.641 594.864
l 8259 8260
v -2805.26 913.145 421.149
v -2805.26 913.145 594.864
l 8261 8262
v -2808.21 913.119 421.821
v -2808.21 913.119 594.864
l 8263 8264
v -2822.9 918.111 425.146
v -2822.9 918.111 594.864
l 8265 8266
v -2824.63 917.074 425.435
v -2824.63 917.074 594.864
l 8267 8268
v -2825.8 901.268 424.605
v -2825.8 901.268 594.864
l 8269 8270
v -2824.21 967.77 428.92
v -2824.21 967.77 595.248
l 8271 8272
v -2821.19 966.209 428.057
v -2821.19 966.209 595.248
l 8273 8274
v -2812.45 971.623 426.116
v -2812.45 971.623 595.248
l 8275 8276
v -2811.18 975.475 425.987
v -2811.18 975.475 595.248
l 8277 8278
v -2803.94 975.706 423.935
v -2803.94 975.706 595.248
l 8279 8280
v -2801.36 969.805 422.864
v -2801.36 969.805 595.248
l 8281 8282
v -2794.82 970.381 421.184
v -2794.82 970.381 595.248
l 8283 8284
v -2793.28 978.317 421.04
v -2793.28 978.317 595.248
l 8285 8286
v -2793.41 989.772 421.727
v -2793.41 989.772 595.248
l 8287 8288
v -2801.93 995.979 424.451
v -2801.93 995.979 595.248
l 8289 8290
v -2804.79 993.483 425.156
v -2804.79 993.483 595.248
l 8291 8292
v -2807.74 993.458 425.997
v -2807.74 993.458 595.248
l 8293 8294
v -2822.42 998.449 430.109
v -2822.42 998.449 595.248
l 8295 8296
v -2824.16 997.413 430.602
v -2824.16 997.413 595.248
l 8297 8298
v -2826.63 982.707 430.442
v -2826.63 982.707 595.248
l 8299 8300
v -2596.33 923.141 396.532
v -2596.33 923.141 432.148
l 8301 8302
v -2596.69 926.84 397.127
v -2596.69 926.84 432.148
l 8303 8304
v -2615.39 931.498 398.867
v -2615.39 931.498 432.148
l 8305 8306
v -2614.62 925.137 398.229
v -2614.62 925.137 432.148
l 8307 8308
v -2614.27 921.439 397.808
v -2614.27 921.439 432.148
l 8309 8310
v -2625.18 916.101 397.861
v -2625.18 916.101 432.148
l 8311 8312
v -2627.97 918.687 398.234
v -2627.97 918.687 432.148
l 8313 8314
v -2632.41 922.373 398.789
v -2632.41 922.373 432.148
l 8315 8316
v -2645.79 907.961 398.282
v -2645.79 907.961 432.148
l 8317 8318
v -2639.84 905.888 397.57
v -2639.84 905.888 432.148
l 8319 8320
v -2637.05 903.303 397.077
v -2637.05 903.303 432.148
l 8321 8322
v -2633.42 897.415 396.203
v -2633.42 897.415 432.148
l 8323 8324
v -2632.94 903.648 396.751
v -2632.94 903.648 432.148
l 8325 8326
v -2627.45 909.561 397.1
v -2627.45 909.561 432.148
l 8327 8328
v -2621.38 910.393 396.7
v -2621.38 910.393 432.148
l 8329 8330
v -2617.51 914.783 397.049
v -2617.51 914.783 432.148
l 8331 8332
v -2613.64 915.154 396.769
v -2613.64 915.154 432.148
l 8333 8334
v -2608.45 921.119 397.249
v -2608.45 921.119 432.148
l 8335 8336
v -2601.28 921.81 396.731
v -2601.28 921.81 432.148
l 8337 8338
v -2627.48 825.448 378.128
v -2627.48 825.448 405.509
l 8339 8340
v -2627.88 832.142 380.289
v -2627.88 832.142 405.509
l 8341 8342
v -2621.09 839.616 380.792
v -2621.09 839.616 405.509
l 8343 8344
v -2614.37 839.872 379.384
v -2614.37 839.872 405.509
l 8345 8346
v -2607.92 847.001 379.868
v -2607.92 847.001 405.509
l 8347 8348
v -2608.52 853.477 382.494
v -2608.52 853.477 405.509
l 8349 8350
v -2601.97 860.683 383.965
v -2601.97 860.683 405.509
l 8351 8352
v -2594.34 861.963 383.042
v -2594.34 861.963 405.509
l 8353 8354
v -2599.29 867.287 386.043
v -2599.29 867.287 405.509
l 8355 8356
v -2601.07 865.329 385.644
v -2601.07 865.329 405.509
l 8357 8358
v -2604.58 868.516 387.702
v -2604.58 868.516 405.509
l 8359 8360
v -2608.02 869.386 388.781
v -2608.02 869.386 405.509
l 8361 8362
v -2615.24 861.425 387.182
v -2615.24 861.425 405.509
l 8363 8364
v -2627.94 847.436 384.386
v -2627.94 847.436 405.509
l 8365 8366
v -2635.14 839.514 383.852
v -2635.14 839.514 405.509
l 8367 8368
v -2635.63 834.292 382.566
v -2635.63 834.292 405.509
l 8369 8370
v -2632.12 831.118 380.948
v -2632.12 831.118 405.509
l 8371 8372
v -2633.93 829.108 380.811
v -2633.93 829.108 405.509
l 8373 8374
v -2686.05 927.108 427.403
v -2686.05 927.108 402.262
l 8375 8376
v -2693.29 938.768 402.853
v -2693.29 938.768 427.403
l 8377 8378
v -2731.6 892.513 406.36
v -2731.6 892.513 427.403
l 8379 8380
v -2717.63 888.981 404.763
v -2717.63 888.981 427.403
l 8381 8382
v -2711.77 890.299 404.213
v -2711.77 890.299 427.403
l 8383 8384
v -2708.46 900.065 403.644
v -2708.46 900.065 427.403
l 8385 8386
v -2694.79 916.549 402.676
v -2694.79 916.549 427.403
l 8387 8388
v -2685.91 921.515 402.064
v -2685.91 921.515 427.403
l 8389 8390
v -1146.59 255.892 468.573
v -1146.59 255.892 490.594
l 8391 8392
v -1061.16 217.754 506.305
v -1061.16 217.754 483.852
l 8393 8394
v -1054.88 209.806 485.158
v -1054.88 209.806 506.305
l 8395 8396
v -1708.91 508.76 521.688
v -1708.91 508.76 499.648
l 8397 8398
v -1602.71 546.746 528.489
v -1602.71 546.746 507.608
l 8399 8400
v -1600.19 553.977 507.938
v -1600.19 553.977 528.489
l 8401 8402
v -1624.43 467.895 500.094
v -1624.43 467.895 521.574
l 8403 8404
v -1621.96 474.269 500.062
v -1621.96 474.269 521.574
l 8405 8406
v -1598.63 492.455 522.221
v -1598.63 492.455 501.724
l 8407 8408
v -1558.34 512.037 506.52
v -1558.34 512.037 530.256
l 8409 8410
v -1562.14 504.588 504.153
v -1562.14 504.588 530.256
l 8411 8412
v 5102.45 567.953 980.523
v 5110.36 558.188 985.326
l 8413 8414
v 5090.09 1573.89 670.455
v 5090.09 1573.89 708.365
l 8415 8416
v 1791.25 2112.31 422.767
v 1791.25 2112.31 398.132
l 8417 8418
v 1795.44 2088.82 400.662
v 1795.44 2088.82 422.767
l 8419 8420
v 1819.33 2035.74 425.047
v 1819.33 2035.74 403.179
l 8421 8422
v 1831.09 2014.99 402.391
v 1831.09 2014.99 425.047
l 8423 8424
v -1064.03 -169.832 499.472
v -1064.03 -169.832 519.542
l 8425 8426
v -1077.31 -167.886 499.128
v -1077.31 -167.886 519.542
l 8427 8428
v -1056.26 -248.499 500.317
v -1056.26 -248.499 521.626
l 8429 8430
v -1059.84 -229.392 500.141
v -1059.84 -229.392 521.626
l 8431 8432
v -1075.52 -231.926 500.232
v -1075.52 -231.926 521.626
l 8433 8434
v -1097.02 -252.236 500.693
v -1097.02 -252.236 521.626
l 8435 8436
v -1108.81 -308.52 508.943
v -1108.81 -308.52 538.331
l 8437 8438
v -1115.98 -323.749 511.971
v -1115.98 -323.749 538.331
l 8439 8440
v -1107.92 -331.504 513.877
v -1107.92 -331.504 538.331
l 8441 8442
v -1072.39 -309.262 510.086
v -1072.39 -309.262 538.331
l 8443 8444
v -987.885 -288.364 505.904
v -987.885 -288.364 530.122
l 8445 8446
v -955.335 -280.301 503.919
v -955.335 -280.301 530.122
l 8447 8448
v -991.47 -259.403 500.147
v -991.47 -259.403 530.122
l 8449 8450
v -1013.57 -261.783 499.856
v -1013.57 -261.783 530.122
l 8451 8452
v -1023.12 -275.822 501.489
v -1023.12 -275.822 530.122
l 8453 8454
v -1038.05 -282.541 503.535
v -1038.05 -282.541 530.122
l 8455 8456
v -919.068 -263.434 502.356
v -919.068 -263.434 523.125
l 8457 8458
v -921.895 -252.607 502.215
v -921.895 -252.607 523.125
l 8459 8460
v -1071.79 -404.514 538.346
v -1071.79 -404.514 567.941
l 8461 8462
v 641.42 -733.994 537.65
v 641.42 -733.994 559.996
l 8463 8464
v 113.309 3357.32 509.471
v 113.309 3357.32 530.83
l 8465 8466
v 180.58 3354.71 502.002
v 180.58 3354.71 530.83
l 8467 8468
v 189.964 3366.29 498.508
v 189.964 3366.29 530.83
l 8469 8470
v 260.017 3397.96 495.493
v 260.017 3397.96 530.83
l 8471 8472
v 260.017 3411.9 492.242
v 260.017 3411.9 530.83
l 8473 8474
v 300.115 3440.9 489.15
v 300.115 3440.9 530.83
l 8475 8476
v -2703.88 -948.87 654.497
v -2703.88 -948.87 682.559
l 8477 8478
v -2717.2 -951.097 654.477
v -2717.2 -951.097 682.559
l 8479 8480
v -2593.79 -917.978 652.595
v -2593.79 -917.978 678.45
l 8481 8482
v -2630.27 -993.736 665.496
v -2630.27 -993.736 686.695
l 8483 8484
v -2533.29 -979.071 653.731
v -2533.29 -979.071 685.314
l 8485 8486
v -2552.75 -974.771 663.294
v -2552.75 -974.771 685.314
l 8487 8488
v -2600.47 -959.504 665.314
v -2600.47 -959.504 685.314
l 8489 8490
v 2728.19 2206.22 398.367
v 2728.19 2206.22 466.57
l 8491 8492
v 2727.56 2205.52 397.873
v 2727.56 2205.52 466.57
l 8493 8494
v -2976.53 703.4 427.724
v -2976.53 703.4 451.466
l 8495 8496
v -2977.8 697.116 427.33
v -2977.8 697.116 451.466
l 8497 8498
v -1664.2 -482.873 561.831
v -1664.2 -482.873 536.033
l 8499 8500
v -1731.86 -493.38 561.817
v -1731.86 -493.38 533.454
l 8501 8502
v -1752.67 -500.098 529.812
v -1752.67 -500.098 561.817
l 8503 8504
v -1784.72 -510.451 523.309
v -1784.72 -510.451 561.817
l 8505 8506
v -1779.9 -525.386 525.395
v -1779.9 -525.386 561.817
l 8507 8508
v -1747.85 -515.033 532.238
v -1747.85 -515.033 561.817
l 8509 8510
v -1727.02 -508.314 536.367
v -1727.02 -508.314 561.817
l 8511 8512
v -1697.93 -498.908 541.477
v -1697.93 -498.908 561.817
l 8513 8514
v -1702.75 -483.974 538.04
v -1702.75 -483.974 561.817
l 8515 8516
v 1028.22 -333.769 551.169
v 1028.22 -333.769 560.559
l 8517 8518
v -541.16 431.01 464.692
v -541.16 431.01 483.224
l 8519 8520
v -525.753 394.01 470.165
v -525.753 394.01 483.224
l 8521 8522
v -499.627 417.124 474.764
v -499.627 417.124 487.328
l 8523 8524
v -485.478 416.369 475.328
v -485.478 416.369 487.328
l 8525 8526
v 579.883 -63.6355 570.063
v 579.883 -63.6355 594.521
l 8527 8528
v 564.287 -25.9459 565.454
v 564.287 -25.9459 594.521
l 8529 8530
v -2429.01 72.8541 401.262
v -2429.01 72.8541 463.621
l 8531 8532
v -2391.53 44.1995 428.283
v -2391.53 44.1995 463.621
l 8533 8534
v -2419.25 87.7125 402.673
v -2419.25 87.7125 463.621
l 8535 8536
v 2013.32 567.467 410.882
v 2013.32 567.467 533.605
l 8537 8538
v 2006.46 566.929 409.361
v 2006.46 566.929 533.605
l 8539 8540
v 842.842 -768.227 514.662
v 842.842 -768.227 542.17
l 8541 8542
v 806.451 -767.92 520.817
v 806.451 -767.92 542.17
l 8543 8544
v -242.635 -741.071 577.321
v -242.635 -741.071 605.266
l 8545 8546
v -246.965 -757.336 573.244
v -246.965 -757.336 605.266
l 8547 8548
v -250.394 -762.263 572.521
v -250.394 -762.263 605.266
l 8549 8550
v -262.939 -779.437 569.921
v -262.939 -779.437 605.266
l 8551 8552
v 3463.34 873.11 391.13
v 3463.34 873.11 415.173
l 8553 8554
v 3454.31 891.822 392.629
v 3454.31 891.822 415.173
l 8555 8556
v 2658.61 36.8279 401.712
v 2645.53 41.1152 406.679
l 8557 8558
v 2661.61 45.9784 400.603
v 2646.17 51.0464 406.263
l 8559 8560
v 2663.08 65.1753 400.58
v 2663.08 65.1753 425.782
l 8561 8562
v -1880.79 2360.04 662.489
v -1880.79 2360.04 684.531
l 8563 8564
v -1880.78 2367.93 664.2
v -1880.78 2367.93 684.531
l 8565 8566
v -1890.95 2367.55 664.435
v -1890.95 2367.55 684.531
l 8567 8568
v -1890.96 2361.24 662.932
v -1890.96 2361.24 684.531
l 8569 8570
v -711.089 244.284 458.447
v -711.089 244.284 490.235
l 8571 8572
v -703.631 250.542 457.745
v -703.631 250.542 490.235
l 8573 8574
v -681.044 223.564 467.15
v -681.044 223.564 490.235
l 8575 8576
v -2423.26 3481.61 633.314
v -2423.26 3481.61 656.178
l 8577 8578
v -2433.18 3479.75 633.555
v -2433.18 3479.75 656.178
l 8579 8580
v -551.468 358.789 465.141
v -551.468 358.789 486.228
l 8581 8582
v 1167.15 2167.07 534.218
v 1167.15 2167.07 470.354
l 8583 8584
v 1191.85 2209.34 471.876
v 1191.85 2209.34 534.218
l 8585 8586
v 1219.38 2242.27 469.179
v 1219.38 2242.27 534.218
l 8587 8588
v 1223.53 2257.32 468.336
v 1223.53 2257.32 534.218
l 8589 8590
v 1208.96 2289.93 463.519
v 1208.96 2289.93 534.218
l 8591 8592
v 1194.22 2344.74 448.241
v 1194.22 2344.74 534.218
l 8593 8594
v 1148.78 2354.2 443.961
v 1148.78 2354.2 534.218
l 8595 8596
v 1130.06 2366.4 437.198
v 1130.06 2366.4 534.218
l 8597 8598
v 1111.85 2363.24 438.032
v 1111.85 2363.24 534.218
l 8599 8600
v 1093.54 2367.68 434.472
v 1093.54 2367.68 534.218
l 8601 8602
v 1030.04 2357.71 445.581
v 1030.04 2357.71 534.218
l 8603 8604
v 1013.76 2364.42 445.413
v 1013.76 2364.42 534.218
l 8605 8606
v 981.813 2347.7 462.462
v 981.813 2347.7 534.218
l 8607 8608
v 980.7 2340.87 466.785
v 980.7 2340.87 534.218
l 8609 8610
v 1037.97 2254.9 514.218
v 1037.97 2254.9 534.218
l 8611 8612
v 1050.45 2190.82 498.117
v 1050.45 2190.82 534.218
l 8613 8614
v 1123.89 2183.39 481.73
v 1123.89 2183.39 534.218
l 8615 8616
v -4820.78 2237.5 582.352
v -4820.78 2237.5 609.669
l 8617 8618
v -4814.82 2252.51 586.821
v -4814.82 2252.51 609.669
l 8619 8620
v -4885.37 2206.35 556.354
v -4885.37 2206.35 584.034
l 8621 8622
v -4891.59 2212.92 555.11
v -4891.59 2212.92 584.034
l 8623 8624
v -4856.32 2300.83 571.883
v -4856.32 2300.83 603.223
l 8625 8626
v -4845.77 2307.09 575.219
v -4845.77 2307.09 603.223
l 8627 8628
v -4819.74 2205.42 577.485
v -4819.74 2205.42 600.73
l 8629 8630
v -4820.59 2198.48 575.923
v -4820.59 2198.48 600.73
l 8631 8632
v -4733.41 1891.46 598.741
v -4727.3 1892 600.336
l 8633 8634
v -4727.3 1892 600.336
v -4721.89 1891.05 601.821
l 8635 8636
v -4716.25 1888.41 603.576
v -4716.25 1888.41 629.43
l 8637 8638
v -4808.17 1993.56 571.174
v -4808.17 1993.56 604.094
l 8639 8640
v -4600.56 2222.38 591.057
v -4600.56 2222.38 634.125
l 8641 8642
v -4608.83 2246.21 591.533
v -4608.83 2246.21 634.125
l 8643 8644
v -4616.25 2286.9 608.359
v -4616.25 2286.9 634.125
l 8645 8646
v 2700.46 719.872 415.893
v 2700.46 719.872 502.876
l 8647 8648
v 2420.27 840.499 395.531
v 2420.27 840.499 502.876
l 8649 8650
v 2459.52 691.804 466.927
v 2459.52 691.804 502.876
l 8651 8652
v 2556.97 733.118 453.543
v 2556.97 733.118 502.876
l 8653 8654
v 1933.68 143.038 508.344
v 1933.68 143.038 536.088
l 8655 8656
v 1909.79 171.386 505.855
v 1909.79 171.386 536.088
l 8657 8658
v -4898.26 1803.27 562.502
v -4898.26 1803.27 604.008
l 8659 8660
v -4881.57 1783.1 571.561
v -4881.57 1783.1 604.008
l 8661 8662
v -4817.62 1854.51 580.983
v -4817.33 1853.34 581.342
l 8663 8664
v -4677.83 1725.79 629.007
v -4677.83 1725.79 652.284
l 8665 8666
v -4671.9 1703.02 630.897
v -4671.9 1703.02 652.284
l 8667 8668
v -4706.08 1733.06 625.925
v -4706.08 1733.06 652.284
l 8669 8670
v -4712.52 1762.18 621.625
v -4712.52 1762.18 652.284
l 8671 8672
v -4715.73 1776.36 619.342
v -4715.73 1776.36 652.284
l 8673 8674
v -4721.82 1802.45 614.648
v -4721.82 1802.45 652.284
l 8675 8676
v -4793.87 1740.58 615.654
v -4793.87 1740.58 644.651
l 8677 8678
v -4774.43 1745.12 618.258
v -4774.43 1745.12 644.651
l 8679 8680
v -4819.13 1504.34 610.139
v -4819.13 1504.34 643.082
l 8681 8682
v -4809.57 1534.84 615.527
v -4809.57 1534.84 643.082
l 8683 8684
v -4778.68 1687.98 630.916
v -4778.68 1687.98 652.416
l 8685 8686
v -4775.69 1675.81 632.416
v -4775.69 1675.81 652.416
l 8687 8688
v -4758.5 1691.89 630.26
v -4758.5 1691.89 652.416
l 8689 8690
v -4764.9 1699.73 628.586
v -4764.9 1699.73 652.416
l 8691 8692
v -807.548 -1145.31 374.269
v -807.548 -1145.31 409.016
l 8693 8694
v -795.848 -1129.82 379.35
v -795.848 -1129.82 409.016
l 8695 8696
v -783.146 -1125.08 381.102
v -783.146 -1125.08 409.016
l 8697 8698
v -779.016 -1124.2 381.446
v -779.016 -1124.2 409.016
l 8699 8700
v -790.07 -1115.73 384.07
v -790.07 -1115.73 409.016
l 8701 8702
v -835.467 -1118.83 382.507
v -835.467 -1118.83 409.016
l 8703 8704
v -850.773 -1130.15 379.425
v -850.773 -1130.15 409.016
l 8705 8706
v -1091.41 -1218.74 377.143
v -1091.41 -1218.74 399.427
l 8707 8708
v -1066.99 -1210.08 377.71
v -1066.99 -1210.08 399.427
l 8709 8710
v 453.457 -1015.06 502.971
v 453.457 -1015.06 526.401
l 8711 8712
v 482.155 -1032.1 497.748
v 482.155 -1032.1 526.401
l 8713 8714
v 462.563 -1004.61 503.173
v 462.563 -1004.61 526.401
l 8715 8716
v 434.845 -1025.31 502.654
v 434.845 -1025.31 526.062
l 8717 8718
v 417.512 -1044.74 500.314
v 417.512 -1044.74 522.514
l 8719 8720
v 131.61 -589.283 637.489
v 131.61 -589.283 659.334
l 8721 8722
v 138.757 -593.724 637.368
v 138.757 -593.724 659.334
l 8723 8724
v 142.742 -595.541 637.455
v 142.742 -595.541 659.334
l 8725 8726
v 148.353 -593.097 638.105
v 148.353 -593.097 659.334
l 8727 8728
v 175.47 -614.494 638.366
v 175.47 -614.494 659.809
l 8729 8730
v 294.115 -567.796 616.931
v 294.115 -567.796 642.308
l 8731 8732
v 275.09 -679.939 611.137
v 275.09 -679.939 636.687
l 8733 8734
v 282.337 -679.581 610.576
v 282.337 -679.581 636.687
l 8735 8736
v 289.94 -677.763 610.093
v 289.94 -677.763 636.687
l 8737 8738
v 348.605 -623.567 610.77
v 348.605 -623.567 630.878
l 8739 8740
v 353.815 -616.989 610.878
v 353.815 -616.989 630.878
l 8741 8742
v 350.431 -576.422 603.792
v 350.431 -576.422 630.878
l 8743 8744
v -3560.04 1060.38 454.307
v -3560.04 1060.38 483.876
l 8745 8746
v -3559.93 1043.83 453.513
v -3559.93 1043.83 483.876
l 8747 8748
v -3530.57 1043.73 460.319
v -3530.57 1043.73 483.876
l 8749 8750
v -3530.68 1060.28 461.034
v -3530.68 1060.28 483.876
l 8751 8752
v -3727.86 1083.28 479.939
v -3727.86 1083.28 509.428
l 8753 8754
v -3720.97 1073.28 477.056
v -3720.97 1073.28 509.428
l 8755 8756
v -3712.84 1065.94 474.474
v -3712.84 1065.94 509.428
l 8757 8758
v -3707.54 1017.19 467.117
v -3707.54 1017.19 509.428
l 8759 8760
v -3671.85 990.079 458.047
v -3671.85 990.079 509.428
l 8761 8762
v -3578.32 1095.09 451.97
v -3578.32 1095.09 509.428
l 8763 8764
v 200.517 -1139.9 416.947
v 200.517 -1139.9 439.683
l 8765 8766
v 58.1172 -1115.32 414.734
v 58.1172 -1115.32 440.953
l 8767 8768
v 24.1203 -1090.89 423.491
v 24.1203 -1090.89 447.971
l 8769 8770
v 66.7556 -1072.44 431.348
v 66.7556 -1072.44 452.251
l 8771 8772
v 8.14592 -1146.02 398.902
v 8.14592 -1146.02 429.019
l 8773 8774
v -51.2208 -1158.71 388.472
v -51.2208 -1158.71 425.751
l 8775 8776
v -60.3601 -1133.71 402.337
v -60.3601 -1133.71 425.751
l 8777 8778
v -77.9597 -1131.23 403.165
v -77.9597 -1131.23 425.751
l 8779 8780
v -96.1938 -1140.8 396.206
v -96.1938 -1140.8 425.751
l 8781 8782
v -80.0637 -1140.13 397.134
v -80.0637 -1140.13 425.751
l 8783 8784
v -97.5408 -1118.19 411
v -97.5408 -1118.19 435.957
l 8785 8786
v -150.841 -573.978 606.63
v -150.841 -573.978 632.127
l 8787 8788
v -3738.86 159.125 449.669
v -3738.86 159.125 473.756
l 8789 8790
v -3756.7 159.087 450.973
v -3756.7 159.087 473.756
l 8791 8792
v -3774.61 159.228 451.112
v -3774.61 159.228 473.756
l 8793 8794
v -3792.8 159.189 451.082
v -3792.8 159.189 473.756
l 8795 8796
v -3602.98 38.8499 432.396
v -3602.98 38.8499 453.356
l 8797 8798
v -3623.84 50.4065 430.795
v -3623.84 50.4065 453.356
l 8799 8800
v -3657.52 49.9201 429.969
v -3657.52 49.9201 453.356
l 8801 8802
v -3540.08 99.1411 448.642
v -3540.08 99.1411 415.988
l 8803 8804
v -3569.45 182.597 434.628
v -3569.45 182.597 455.669
l 8805 8806
v -3568.66 146.34 430.575
v -3568.66 146.34 455.669
l 8807 8808
v -3534.43 151.267 418.292
v -3534.43 151.267 455.669
l 8809 8810
v -3615.2 216.64 447.497
v -3615.2 216.64 469.789
l 8811 8812
v -3682.89 -78.9545 429.613
v -3682.89 -78.9545 453.681
l 8813 8814
v -3666.58 -78.8522 430.161
v -3666.58 -78.8522 453.681
l 8815 8816
v -3663.18 -78.865 430.392
v -3663.18 -78.865 453.681
l 8817 8818
v -3646.96 -78.7754 431.503
v -3646.96 -78.7754 453.681
l 8819 8820
v -3643.37 -78.7882 431.747
v -3643.37 -78.7882 453.681
l 8821 8822
v -3627.43 -78.6858 432.118
v -3627.43 -78.6858 453.681
l 8823 8824
v -3521.42 -73.1315 422.243
v -3521.42 -73.1315 447.068
l 8825 8826
v -3524.32 -78.0715 422.08
v -3524.32 -78.0715 447.068
l 8827 8828
v -3523.14 -89.6791 420.323
v -3523.14 -89.6791 447.068
l 8829 8830
v -3514.07 -94.9262 418.306
v -3514.07 -94.9262 447.068
l 8831 8832
v -3549.8 -34.5588 432.57
v -3549.8 -34.5588 458.596
l 8833 8834
v -3580.88 -96.4492 429.46
v -3580.88 -96.4492 452.454
l 8835 8836
v -3580.86 -98.292 429.153
v -3580.86 -98.292 452.454
l 8837 8838
v -3576.54 -106.047 426.751
v -3576.54 -106.047 452.454
l 8839 8840
v -3566.33 -105.894 425.073
v -3566.33 -105.894 452.454
l 8841 8842
v -3562.22 -97.9721 426.093
v -3562.22 -97.9721 452.454
l 8843 8844
v -3562.25 -96.1292 426.385
v -3562.25 -96.1292 452.454
l 8845 8846
v -3566.79 -91.3556 427.888
v -3566.79 -91.3556 452.454
l 8847 8848
v -3576.45 -91.5092 429.499
v -3576.45 -91.5092 452.454
l 8849 8850
v -3784.81 -128.418 426.807
v -3784.81 -128.418 448.137
l 8851 8852
v -3813 -132.129 423.358
v -3813 -132.129 448.137
l 8853 8854
v -3802.09 -136.519 425.048
v -3802.09 -136.519 448.137
l 8855 8856
v -3778.03 -152.26 429.155
v -3778.03 -152.26 452.2
l 8857 8858
v -3778.03 -156.394 429.426
v -3778.03 -156.394 452.2
l 8859 8860
v -3762.32 -156.522 431.844
v -3762.32 -156.522 452.2
l 8861 8862
v -3762.31 -152.196 431.571
v -3762.31 -152.196 452.2
l 8863 8864
v -3466.79 -150.648 407.509
v -3466.79 -150.648 429.408
l 8865 8866
v -3471.57 -153.604 407.822
v -3471.57 -153.604 429.408
l 8867 8868
v -3451.99 -185.675 404.266
v -3451.99 -185.675 429.408
l 8869 8870
v -3446.88 -182.514 403.908
v -3446.88 -182.514 429.408
l 8871 8872
v -3405.46 -247.066 391.926
v -3405.46 -247.066 423.885
l 8873 8874
v -3415.06 -231.197 395.342
v -3405.46 -247.066 391.926
l 8875 8876
v -3443.25 -269.935 397.389
v -3443.25 -269.935 423.885
l 8877 8878
v -3405.46 -247.066 391.926
v -3443.25 -269.935 397.389
l 8879 8880
v -3624.5 -238.235 426.578
v -3624.5 -238.235 447.39
l 8881 8882
v -3612.73 -221.982 424.77
v -3612.73 -221.982 447.39
l 8883 8884
v -3662.16 -182.13 425.628
v -3662.16 -182.13 446.663
l 8885 8886
v -3601.67 -166.543 419.771
v -3601.67 -166.543 442.654
l 8887 8888
v -3593.15 -161.347 418.699
v -3601.67 -166.543 419.771
l 8889 8890
v -3549.77 -257.995 419.278
v -3549.77 -257.995 440.533
l 8891 8892
v -3523.62 -242.766 413.806
v -3523.62 -242.766 440.533
l 8893 8894
v -3584.02 -283.82 421.43
v -3584.02 -283.82 447.677
l 8895 8896
v -3582.03 -269.653 426.49
v -3582.03 -269.653 447.677
l 8897 8898
v -3296.18 -179.519 384.818
v -3296.18 -179.519 408.229
l 8899 8900
v -3302.66 -171.29 387.533
v -3296.18 -179.519 384.818
l 8901 8902
v -3327.42 -204.078 384.432
v -3327.42 -204.078 408.229
l 8903 8904
v -3330.36 -105.907 419.756
v -3330.36 -105.907 395.167
l 8905 8906
v -3381.91 -154.257 399.277
v -3381.91 -154.257 419.756
l 8907 8908
v -3350.76 -154.602 395.888
v -3350.76 -154.602 419.756
l 8909 8910
v -3320.32 -131.234 393.454
v -3320.32 -131.234 419.756
l 8911 8912
v -3890.72 -46.8064 420.889
v -3868.14 -46.2945 421.133
l 8913 8914
v -3890.72 -46.8064 420.889
v -3890.72 -46.8064 450.279
l 8915 8916
v -1274.19 -245.056 492.758
v -1274.19 -245.056 515.276
l 8917 8918
v -3845.58 199.516 456.096
v -3845.58 199.516 480.997
l 8919 8920
v -4118.76 205.237 411.329
v -4118.76 205.237 437.252
l 8921 8922
v -4116.66 202.306 410.941
v -4116.66 202.306 437.252
l 8923 8924
v -4114.89 200.079 410.643
v -4114.89 200.079 437.252
l 8925 8926
v -4117 193.348 409.903
v -4117 193.348 437.252
l 8927 8928
v -4111.81 191.927 409.624
v -4111.81 191.927 437.252
l 8929 8930
v -4108.86 188.241 409.178
v -4108.86 188.241 437.252
l 8931 8932
v -4111.22 186.347 409.248
v -4111.22 186.347 437.252
l 8933 8934
v -4110.89 180.166 409.02
v -4110.89 180.166 437.252
l 8935 8936
v -4107.85 176.377 408.307
v -4107.85 176.377 437.252
l 8937 8938
v -4104.24 168.238 407.068
v -4104.24 168.238 437.252
l 8939 8940
v -4098.02 177.99 408.824
v -4098.02 177.99 437.252
l 8941 8942
v -4095.3 178.054 409.514
v -4095.3 178.054 437.252
l 8943 8944
v -4088.36 168.788 410.262
v -4088.36 168.788 437.252
l 8945 8946
v -4085.37 177.184 411.915
v -4085.37 177.184 437.252
l 8947 8948
v -4082.62 181.189 413.037
v -4082.62 181.189 437.252
l 8949 8950
v -4082.76 187.384 413.672
v -4082.76 187.384 437.252
l 8951 8952
v -4085.26 189.099 413.208
v -4085.26 189.099 437.252
l 8953 8954
v -4082.6 192.989 414.141
v -4082.6 192.989 437.252
l 8955 8956
v -4077.52 194.794 415.539
v -4077.52 194.794 437.252
l 8957 8958
v -4080.14 201.359 415.327
v -4080.14 201.359 437.252
l 8959 8960
v -4078.54 203.701 415.889
v -4078.54 203.701 437.252
l 8961 8962
v -4076.68 206.786 416.634
v -4076.68 206.786 437.252
l 8963 8964
v -4084.43 212.199 415.571
v -4084.43 212.199 437.252
l 8965 8966
v -4088.98 212.25 414.581
v -4088.98 212.25 437.252
l 8967 8968
v -4093.19 208.117 413.179
v -4093.19 208.117 437.252
l 8969 8970
v -4092.98 202.255 412.541
v -4092.98 202.255 437.252
l 8971 8972
v -4095.21 198.979 411.669
v -4095.21 198.979 437.252
l 8973 8974
v -4099.69 198.851 410.675
v -4099.69 198.851 437.252
l 8975 8976
v -4102.16 201.948 410.583
v -4102.16 201.948 437.252
l 8977 8978
v -4102.39 207.809 411.272
v -4102.39 207.809 437.252
l 8979 8980
v -4106.91 211.623 411.816
v -4106.91 211.623 437.252
l 8981 8982
v -4111.44 211.226 411.849
v -4111.44 211.226 437.252
l 8983 8984
v -3605.04 -161.039 419.688
v -3605.04 -161.039 441.975
l 8985 8986
v -4041.01 208.065 425.035
v -4041.01 208.065 456.086
l 8987 8988
v -4038.92 205.135 425.294
v -4038.92 205.135 456.086
l 8989 8990
v -4037.15 202.921 425.538
v -4037.15 202.921 456.086
l 8991 8992
v -4039.26 196.176 424.877
v -4039.26 196.176 456.086
l 8993 8994
v -4034.07 194.755 426.156
v -4034.07 194.755 456.086
l 8995 8996
v -4031.12 191.069 426.827
v -4031.12 191.069 456.086
l 8997 8998
v -4033.49 189.175 426.195
v -4033.49 189.175 456.086
l 8999 9000
v -4033.14 182.994 425.759
v -4033.14 182.994 456.086
l 9001 9002
v -4030.1 179.206 426.178
v -4030.1 179.206 456.086
l 9003 9004
v -4026.5 171.066 426.519
v -4026.5 171.066 456.086
l 9005 9006
v -4020.27 180.818 428.876
v -4020.27 180.818 456.086
l 9007 9008
v -4017.56 180.882 429.593
v -4017.56 180.882 456.086
l 9009 9010
v -4010.61 171.616 430.671
v -4010.61 171.616 456.086
l 9011 9012
v -4007.63 180.012 432.043
v -4007.63 180.012 456.086
l 9013 9014
v -4004.88 184.018 433.031
v -4004.88 184.018 456.086
l 9015 9016
v -4005.01 190.212 433.292
v -4005.01 190.212 456.086
l 9017 9018
v -4007.52 191.927 432.612
v -4007.52 191.927 456.086
l 9019 9020
v -4004.85 195.818 433.165
v -4004.85 195.818 456.086
l 9021 9022
v -3999.78 197.622 434.387
v -3999.78 197.622 456.086
l 9023 9024
v -4002.39 204.188 433.858
v -4002.39 204.188 456.086
l 9025 9026
v -4000.79 206.542 434.253
v -4000.79 206.542 456.086
l 9027 9028
v -3998.93 209.614 434.719
v -3998.93 209.614 456.086
l 9029 9030
v -4006.68 215.04 433.128
v -4006.68 215.04 456.086
l 9031 9032
v -4011.23 215.092 432.133
v -4011.23 215.092 456.086
l 9033 9034
v -4015.45 210.945 431.131
v -4015.45 210.945 456.086
l 9035 9036
v -4015.23 205.083 431.067
v -4015.23 205.083 456.086
l 9037 9038
v -4017.47 201.807 430.461
v -4017.47 201.807 456.086
l 9039 9040
v -4021.94 201.679 429.335
v -4021.94 201.679 456.086
l 9041 9042
v -4024.41 204.776 428.773
v -4024.41 204.776 456.086
l 9043 9044
v -4024.65 210.651 428.826
v -4024.65 210.651 456.086
l 9045 9046
v -4029.17 214.452 428.06
v -4029.17 214.452 456.086
l 9047 9048
v -4033.7 214.055 427.042
v -4033.7 214.055 456.086
l 9049 9050
v -4195.38 194.039 411.149
v -4195.38 194.039 434.79
l 9051 9052
v -4193.29 191.108 411.056
v -4193.29 191.108 434.79
l 9053 9054
v -4191.52 188.881 410.982
v -4191.52 188.881 434.79
l 9055 9056
v -4193.63 182.136 412.309
v -4193.63 182.136 434.79
l 9057 9058
v -4188.43 180.716 411.969
v -4188.43 180.716 434.79
l 9059 9060
v -4185.48 177.043 412.323
v -4185.48 177.043 434.79
l 9061 9062
v -4187.85 175.136 412.623
v -4187.85 175.136 434.79
l 9063 9064
v -4187.52 168.954 413.398
v -4187.52 168.954 434.79
l 9065 9066
v -4184.47 165.166 413.815
v -4184.47 165.166 434.79
l 9067 9068
v -4180.86 157.027 414.231
v -4180.86 157.027 434.79
l 9069 9070
v -4174.64 166.792 413.166
v -4174.64 166.792 434.79
l 9071 9072
v -4171.92 166.856 412.893
v -4171.92 166.856 434.79
l 9073 9074
v -4164.98 157.59 412.566
v -4164.98 157.59 434.79
l 9075 9076
v -4161.99 165.972 411.906
v -4161.99 165.972 434.79
l 9077 9078
v -4159.24 169.991 411.591
v -4159.24 169.991 434.79
l 9079 9080
v -4159.38 176.173 411.543
v -4159.38 176.173 434.79
l 9081 9082
v -4161.88 177.887 411.7
v -4161.88 177.887 434.79
l 9083 9084
v -4159.22 181.791 411.144
v -4159.22 181.791 434.79
l 9085 9086
v -4154.15 183.595 410.803
v -4154.15 183.595 434.79
l 9087 9088
v -4156.76 190.161 410.322
v -4156.76 190.161 434.79
l 9089 9090
v -4155.16 192.503 410.442
v -4155.16 192.503 434.79
l 9091 9092
v -4153.3 195.587 410.606
v -4153.3 195.587 434.79
l 9093 9094
v -4161.05 201.001 411.135
v -4161.05 201.001 434.79
l 9095 9096
v -4165.6 201.052 411.237
v -4165.6 201.052 434.79
l 9097 9098
v -4169.82 196.918 411.055
v -4169.82 196.918 434.79
l 9099 9100
v -4169.6 191.044 410.66
v -4169.6 191.044 434.79
l 9101 9102
v -4171.83 187.768 410.657
v -4171.83 187.768 434.79
l 9103 9104
v -4176.31 187.64 410.771
v -4176.31 187.64 434.79
l 9105 9106
v -4178.78 190.737 410.84
v -4178.78 190.737 434.79
l 9107 9108
v -4179.01 196.611 411.128
v -4179.01 196.611 434.79
l 9109 9110
v -4183.53 200.412 411.136
v -4183.53 200.412 434.79
l 9111 9112
v -4188.06 200.015 411.086
v -4188.06 200.015 434.79
l 9113 9114
v -4133.87 92.1022 408.102
v -4133.87 92.1022 431.27
l 9115 9116
v -4134.06 66.6471 407.577
v -4134.06 66.6471 431.27
l 9117 9118
v -4109.88 66.7879 399.525
v -4109.88 66.7879 431.27
l 9119 9120
v -4111.68 92.4222 401.965
v -4111.68 92.4222 431.27
l 9121 9122
v -4047.3 108.944 415.745
v -4047.3 108.944 445.526
l 9123 9124
v -4047.5 83.502 413.48
v -4047.5 83.502 445.526
l 9125 9126
v -4023.31 83.63 420.618
v -4023.31 83.63 445.526
l 9127 9128
v -4025.1 109.277 422.094
v -4025.1 109.277 445.526
l 9129 9130
v -4287.24 80.3409 453.496
v -4287.24 80.3409 476.003
l 9131 9132
v -4261.19 82.0942 448.154
v -4261.19 82.0942 476.003
l 9133 9134
v -4277.28 328.47 404.18
v -4277.28 328.47 427.791
l 9135 9136
v -4275.91 327.139 403.861
v -4277.28 328.47 404.18
l 9137 9138
v -4267.4 338.671 404.508
v -4267.4 338.671 427.791
l 9139 9140
v -4256.4 347.322 406.282
v -4265.82 356.435 404.979
l 9141 9142
v -4271.25 402.393 404.858
v -4271.25 402.393 429.121
l 9143 9144
v -4253.45 386.587 407.635
v -4251.56 423.19 409.121
l 9145 9146
v -4251.56 423.19 409.121
v -4289.41 425.136 407.659
l 9147 9148
v -4256.4 347.322 406.282
v -4256.4 347.322 430.277
l 9149 9150
v -4266.04 337.365 404.696
v -4266.04 337.365 430.277
l 9151 9152
v -4275.91 327.139 403.861
v -4275.91 327.139 430.277
l 9153 9154
v -4285.61 317.093 405.865
v -4285.61 317.093 430.277
l 9155 9156
v -4251.56 423.19 409.121
v -4251.56 423.19 430.277
l 9157 9158
v -4253.45 386.587 407.635
v -4253.45 386.587 430.277
l 9159 9160
v -4267.09 501.67 416.155
v -4267.09 501.67 438.01
l 9161 9162
v -4247.65 515.415 418.01
v -4247.65 515.415 446.541
l 9163 9164
v -4249.82 478.825 414.734
v -4249.82 478.825 446.541
l 9165 9166
v -4262.37 560.786 424.453
v -4262.37 560.786 446.541
l 9167 9168
v -4276.11 562.629 425.297
v -4262.37 560.786 424.453
l 9169 9170
v -4262.37 560.786 424.453
v -4264.12 547.795 422.298
l 9171 9172
v -4276.35 560.76 424.997
v -4276.35 560.76 447.717
l 9173 9174
v -4290.43 562.667 426.213
v -4290.43 562.667 447.717
l 9175 9176
v -4341.66 320.382 417.532
v -4341.66 320.382 440.401
l 9177 9178
v -4327.46 320.318 414.569
v -4327.46 320.318 440.401
l 9179 9180
v -4398.49 320.894 429.15
v -4398.49 320.894 452.289
l 9181 9182
v -4384.29 320.83 426.333
v -4384.29 320.83 452.289
l 9183 9184
v -4458.47 321.188 444.964
v -4458.47 321.188 471.67
l 9185 9186
v -4444.27 321.124 438.572
v -4444.27 321.124 471.67
l 9187 9188
v -4454.47 389.019 434.537
v -4454.47 389.019 459.029
l 9189 9190
v -4446.79 388.507 431.583
v -4446.79 388.507 459.029
l 9191 9192
v -4439.65 391.105 429.953
v -4439.65 391.105 459.029
l 9193 9194
v -4434.73 396.096 428.772
v -4434.73 396.096 459.029
l 9195 9196
v -4443.06 408.114 428.536
v -4443.06 408.114 459.029
l 9197 9198
v -4456.29 403.507 433.583
v -4456.29 403.507 459.029
l 9199 9200
v -4395.94 405.234 422.106
v -4395.94 405.234 443.63
l 9201 9202
v -4388.54 403.174 421.278
v -4388.54 403.174 443.63
l 9203 9204
v -4381.01 404.262 420.173
v -4381.01 404.262 443.63
l 9205 9206
v -4375.17 408.14 419.064
v -4375.17 408.14 443.63
l 9207 9208
v -4380.88 421.603 419.333
v -4380.88 421.603 443.63
l 9209 9210
v -4394.77 419.786 421.054
v -4394.77 419.786 443.63
l 9211 9212
v -4337.35 410.712 413.521
v -4337.35 410.712 435.292
l 9213 9214
v -4330.26 407.743 412.677
v -4330.26 407.743 435.292
l 9215 9216
v -4322.66 407.884 411.487
v -4322.66 407.884 435.292
l 9217 9218
v -4316.38 411.006 410.456
v -4316.38 411.006 435.292
l 9219 9220
v -4320.38 425.085 411.648
v -4320.38 425.085 435.292
l 9221 9222
v -4334.38 425.008 413.528
v -4334.38 425.008 435.292
l 9223 9224
v -4400.04 486.133 425.76
v -4400.04 486.133 447.381
l 9225 9226
v -4393.57 481.96 424.969
v -4393.57 481.96 447.381
l 9227 9228
v -4386.07 480.77 424.125
v -4386.07 480.77 447.381
l 9229 9230
v -4379.33 482.741 423.609
v -4379.33 482.741 447.381
l 9231 9232
v -4380.79 497.293 424.795
v -4380.79 497.293 447.381
l 9233 9234
v -4394.6 499.686 426.099
v -4394.6 499.686 447.381
l 9235 9236
v -4457.34 505.97 434.742
v -4457.34 505.97 458.071
l 9237 9238
v -4452.13 500.313 432.78
v -4452.13 500.313 458.071
l 9239 9240
v -4445.16 497.28 430.385
v -4445.16 497.28 458.071
l 9241 9242
v -4438.14 497.51 429.802
v -4438.14 497.51 458.071
l 9243 9244
v -4435.92 511.96 430.265
v -4435.92 511.96 458.071
l 9245 9246
v -4448.67 517.732 432.132
v -4448.67 517.732 458.071
l 9247 9248
v -4338.9 479.209 419.323
v -4338.9 479.209 441.596
l 9249 9250
v -4332.05 475.715 418.248
v -4332.05 475.715 441.596
l 9251 9252
v -4324.45 475.305 417.435
v -4324.45 475.305 441.596
l 9253 9254
v -4317.96 477.955 417.069
v -4317.96 477.955 441.596
l 9255 9256
v -4320.9 492.276 418.934
v -4320.9 492.276 441.596
l 9257 9258
v -4334.87 493.236 420.417
v -4334.87 493.236 441.596
l 9259 9260
v -4415.74 564.177 434.372
v -4415.74 564.177 456.491
l 9261 9262
v -4429.95 564.382 435.305
v -4429.95 564.382 456.491
l 9263 9264
v -4349.43 563.474 430.082
v -4349.43 563.474 452.225
l 9265 9266
v -4363.64 563.691 431.005
v -4363.64 563.691 452.225
l 9267 9268
v -4491.17 540.654 448.393
v -4491.17 540.654 478.388
l 9269 9270
v -4505.37 540.859 453.264
v -4505.37 540.859 478.388
l 9271 9272
v -4570.83 561.541 479.788
v -4570.83 561.541 500.622
l 9273 9274
v -4577.92 549.229 479.856
v -4577.92 549.229 500.622
l 9275 9276
v -4525.33 606.4 471.687
v -4525.33 606.4 498.036
l 9277 9278
v -4537.08 598.426 474.582
v -4537.08 598.426 498.036
l 9279 9280
v -4468.89 635.939 455.471
v -4468.89 635.939 484.042
l 9281 9282
v -4481.91 630.282 459.535
v -4481.91 630.282 484.042
l 9283 9284
v -4406.9 646.088 446.281
v -4406.9 646.088 468.206
l 9285 9286
v -4421.1 646.254 447.04
v -4421.1 646.254 468.206
l 9287 9288
v -4499.58 120.207 488.13
v -4499.58 120.207 511.787
l 9289 9290
v -4489.64 117.775 485.508
v -4489.64 117.775 511.787
l 9291 9292
v -4484.69 135.296 484.872
v -4484.69 135.296 511.787
l 9293 9294
v -4494.89 137.817 487.554
v -4494.89 137.817 511.787
l 9295 9296
v -4430.47 101.79 471.099
v -4430.47 101.79 493.542
l 9297 9298
v -4420.53 99.3459 469.287
v -4420.53 99.3459 493.542
l 9299 9300
v -4415.58 116.866 467.648
v -4415.58 116.866 493.542
l 9301 9302
v -4425.79 119.4 469.602
v -4425.79 119.4 493.542
l 9303 9304
v -4521.5 180.601 495.794
v -4521.5 180.601 519.427
l 9305 9306
v -4511.56 178.156 493.198
v -4511.56 178.156 519.427
l 9307 9308
v -4506.61 195.677 490.69
v -4506.61 195.677 519.427
l 9309 9310
v -4516.8 198.198 492.69
v -4516.8 198.198 519.427
l 9311 9312
v -4460.57 189.38 480.433
v -4460.57 189.38 501.852
l 9313 9314
v -4420.57 209.371 461.976
v -4420.57 209.371 501.852
l 9315 9316
v -4436.82 195.856 471.662
v -4436.82 195.856 501.852
l 9317 9318
v -4455.44 200.898 475.519
v -4455.44 200.898 501.852
l 9319 9320
v -4455.44 200.898 475.519
v -4452.76 210.83 471.721
l 9321 9322
v -4452.76 210.83 471.721
v -4455.14 211.47 472.159
l 9323 9324
v -4346.67 174.278 442.303
v -4346.67 174.278 473.068
l 9325 9326
v -4342.61 170.733 441.432
v -4346.67 174.278 442.303
l 9327 9328
v -4327.71 195.946 431.852
v -4357.35 221.875 437.504
l 9329 9330
v -4357.35 221.875 437.504
v -4370.65 206.67 445.311
l 9331 9332
v -4361.28 198.467 443.449
v -4361.28 198.467 473.068
l 9333 9334
v -4488.99 29.6866 485.288
v -4488.99 29.6866 509.117
l 9335 9336
v -4485.93 33.1548 484.393
v -4485.93 33.1548 509.117
l 9337 9338
v -4475.65 33.3084 481.773
v -4475.65 33.3084 509.117
l 9339 9340
v -4472.41 30.0066 481.061
v -4472.41 30.0066 509.117
l 9341 9342
v -4481.31 45.556 482.798
v -4481.31 45.556 509.117
l 9343 9344
v -4452.76 210.83 471.721
v -4452.76 210.83 495.519
l 9345 9346
v -4357.35 221.875 437.504
v -4357.35 221.875 465.311
l 9347 9348
v -4327.71 195.946 431.852
v -4327.71 195.946 465.311
l 9349 9350
v -4319.42 217.69 425.571
v -4319.42 217.69 465.311
l 9351 9352
v -4315.08 70.7168 481.951
v -4315.08 70.7168 458.583
l 9353 9354
v -4339.95 68.9635 461.293
v -4339.95 68.9635 481.951
l 9355 9356
v -4336.88 43.598 459.746
v -4336.88 43.598 481.951
l 9357 9358
v -4311.94 45.2233 456.59
v -4311.94 45.2233 481.951
l 9359 9360
v -3912.5 -116.964 412.656
v -3916.38 -122.915 411.747
l 9361 9362
v -3914.24 -124.297 411.889
v -3914.24 -124.297 433.722
l 9363 9364
v -3916.38 -122.915 411.747
v -3914.24 -124.297 411.889
l 9365 9366
v -3915.4 -126.076 411.617
v -3915.4 -126.076 433.722
l 9367 9368
v -3915.4 -126.076 411.617
v -3917.29 -124.847 411.492
l 9369 9370
v -3915.29 -140.819 409.691
v -3915.29 -140.819 433.722
l 9371 9372
v -3916.89 -143.276 409.175
v -3916.89 -143.276 433.722
l 9373 9374
v -3925.05 -149.854 407.347
v -3925.05 -149.854 433.722
l 9375 9376
v -3910.04 -158.301 408.806
v -3910.04 -158.301 433.722
l 9377 9378
v -3900.3 -136.634 412.047
v -3900.3 -136.634 433.722
l 9379 9380
v -3891.14 -142.585 413
v -3900.3 -136.634 412.047
l 9381 9382
v -3894.94 -128.367 413.722
v -3912.5 -116.964 412.656
l 9383 9384
v -3918.65 -198.767 403.613
v -3918.65 -198.767 427.594
l 9385 9386
v -3932.36 -199.817 401.776
v -3940.6 -212.499 401.141
l 9387 9388
v -3934.49 -216.466 400.372
v -3934.49 -216.466 427.594
l 9389 9390
v -3934.49 -216.466 400.372
v -3937.15 -220.562 400.227
l 9391 9392
v -3937.15 -220.562 400.227
v -3928.21 -226.372 399.211
l 9393 9394
v -3920.66 -226.743 400.618
v -3920.66 -226.743 427.594
l 9395 9396
v -3917.98 -216.62 402.152
v -3917.98 -216.62 427.594
l 9397 9398
v -3916.38 -214.15 402.708
v -3916.38 -214.15 427.594
l 9399 9400
v -3902.88 -208.263 405.762
v -3902.88 -208.263 427.594
l 9401 9402
v -3901.72 -206.484 406.113
v -3901.72 -206.484 427.594
l 9403 9404
v -3910.24 -276.295 398.711
v -3910.24 -276.295 423.626
l 9405 9406
v -3926.09 -293.995 394.303
v -3926.09 -293.995 423.626
l 9407 9408
v -3912.27 -304.271 396.762
v -3912.27 -304.271 423.626
l 9409 9410
v -3909.59 -294.148 397.881
v -3909.59 -294.148 423.626
l 9411 9412
v -3907.98 -291.678 398.387
v -3907.98 -291.678 423.626
l 9413 9414
v -3894.47 -285.791 401.674
v -3894.47 -285.791 423.626
l 9415 9416
v -3893.32 -284.012 402.036
v -3893.32 -284.012 423.626
l 9417 9418
v -3832.37 -215.468 418.819
v -3832.37 -215.468 444.161
l 9419 9420
v -3811.33 -215.148 422.862
v -3811.33 -215.148 444.161
l 9421 9422
v -3917.29 -124.847 411.492
v -3917.29 -124.847 440.772
l 9423 9424
v -3916.38 -122.915 411.747
v -3916.38 -122.915 440.772
l 9425 9426
v -3912.5 -116.964 412.656
v -3912.5 -116.964 440.772
l 9427 9428
v -3894.94 -128.367 413.722
v -3894.94 -128.367 440.772
l 9429 9430
v -3848.16 -170.727 417.871
v -3848.16 -170.727 440.772
l 9431 9432
v -3928.76 -298.09 393.508
v -3928.76 -298.09 423.667
l 9433 9434
v -3946.13 -280.557 396.074
v -3946.13 -280.557 423.667
l 9435 9436
v -3937.15 -220.562 400.227
v -3937.15 -220.562 423.667
l 9437 9438
v -3940.6 -212.499 401.141
v -3940.6 -212.499 423.667
l 9439 9440
v -3934.06 -442.855 382.231
v -3934.06 -442.855 405.921
l 9441 9442
v -3932.34 -449.907 381.159
v -3932.34 -449.907 405.921
l 9443 9444
v -3922.97 -454.348 380.788
v -3922.97 -454.348 405.921
l 9445 9446
v -3918.67 -453.733 381.075
v -3918.67 -453.733 405.921
l 9447 9448
v -3907.7 -443.905 382.871
v -3907.7 -443.905 405.921
l 9449 9450
v -3910.67 -433.424 384.874
v -3910.67 -433.424 405.921
l 9451 9452
v -3917.11 -430.544 384.927
v -3917.11 -430.544 405.921
l 9453 9454
v -3922.49 -433.155 383.998
v -3922.49 -433.155 405.921
l 9455 9456
v -3928.33 -434.46 383.186
v -3928.33 -434.46 405.921
l 9457 9458
v -3878.1 -426.795 388.455
v -3878.1 -426.795 414.501
l 9459 9460
v -3875.94 -434.371 387.012
v -3875.94 -434.371 414.501
l 9461 9462
v -3868.93 -446.643 383.953
v -3868.93 -446.643 414.501
l 9463 9464
v -3862.24 -443.674 384.935
v -3862.24 -443.674 414.501
l 9465 9466
v -3858.34 -440.194 386.061
v -3858.34 -440.194 414.501
l 9467 9468
v -3852.93 -440.411 386.253
v -3852.93 -440.411 414.501
l 9469 9470
v -3845.82 -439.746 386.805
v -3845.82 -439.746 414.501
l 9471 9472
v -3848.2 -427.153 390.654
v -3848.2 -427.153 414.501
l 9473 9474
v -3850.57 -419.308 393.008
v -3850.57 -419.308 414.501
l 9475 9476
v -3858.4 -417.248 392.741
v -3858.4 -417.248 414.501
l 9477 9478
v -3862.54 -420.997 391.453
v -3862.54 -420.997 414.501
l 9479 9480
v -3866.9 -422.674 390.602
v -3866.9 -422.674 414.501
l 9481 9482
v -3872.8 -421.855 390.134
v -3872.8 -421.855 414.501
l 9483 9484
v -3818.9 -405.909 400.982
v -3818.9 -405.909 429.975
l 9485 9486
v -3816.75 -413.485 398.147
v -3816.75 -413.485 429.975
l 9487 9488
v -3809.75 -425.745 394.458
v -3809.75 -425.745 429.975
l 9489 9490
v -3803.04 -422.776 395.991
v -3803.04 -422.776 429.975
l 9491 9492
v -3799.15 -419.308 397.696
v -3799.15 -419.308 429.975
l 9493 9494
v -3793.74 -419.513 398.208
v -3793.74 -419.513 429.975
l 9495 9496
v -3786.64 -418.86 399.256
v -3786.64 -418.86 429.975
l 9497 9498
v -3789.01 -406.267 404.782
v -3789.01 -406.267 429.975
l 9499 9500
v -3791.37 -398.41 407.655
v -3791.37 -398.41 429.975
l 9501 9502
v -3799.21 -396.362 407.14
v -3799.21 -396.362 429.975
l 9503 9504
v -3803.36 -400.112 405.056
v -3803.36 -400.112 429.975
l 9505 9506
v -3807.71 -401.776 403.899
v -3807.71 -401.776 429.975
l 9507 9508
v -3813.61 -400.956 403.583
v -3813.61 -400.956 429.975
l 9509 9510
v -3933.59 -382.247 390.033
v -3933.59 -382.247 416.314
l 9511 9512
v -3928.72 -386.726 389.367
v -3928.72 -386.726 416.314
l 9513 9514
v -3913.52 -387.609 391.869
v -3913.52 -387.609 416.314
l 9515 9516
v -3898.56 -374.146 395.511
v -3898.56 -374.146 416.314
l 9517 9518
v -3901.8 -368.835 395.302
v -3901.8 -368.835 416.314
l 9519 9520
v -3910.02 -367.03 393.911
v -3910.02 -367.03 416.314
l 9521 9522
v -3915.89 -370.78 392.652
v -3915.89 -370.78 416.314
l 9523 9524
v -3919.87 -372.52 391.833
v -3919.87 -372.52 416.314
l 9525 9526
v -3926.73 -371.522 390.6
v -3926.73 -371.522 416.314
l 9527 9528
v -3874.46 -356.715 400.974
v -3874.46 -356.715 428.771
l 9529 9530
v -3867.91 -357.701 402.129
v -3867.91 -357.701 428.771
l 9531 9532
v -3854.83 -349.894 405.206
v -3854.83 -349.894 428.771
l 9533 9534
v -3849.56 -330.596 407.85
v -3849.56 -330.596 428.771
l 9535 9536
v -3855.66 -327.78 406.812
v -3855.66 -327.78 428.771
l 9537 9538
v -3863.49 -330.903 405.038
v -3863.49 -330.903 428.771
l 9539 9540
v -3866.24 -337.289 404.069
v -3866.24 -337.289 428.771
l 9541 9542
v -3868.56 -340.974 403.364
v -3868.56 -340.974 428.771
l 9543 9544
v -3874.79 -343.995 401.916
v -3874.79 -343.995 428.771
l 9545 9546
v -3792.46 -318.579 420.577
v -3792.46 -318.579 445.196
l 9547 9548
v -3800.46 -332.259 417.374
v -3800.46 -332.259 445.196
l 9549 9550
v -3795.2 -344.059 417.153
v -3795.2 -344.059 445.196
l 9551 9552
v -3772.03 -334.576 422.822
v -3772.03 -334.576 445.196
l 9553 9554
v -3776.66 -320.677 423.539
v -3776.66 -320.677 445.196
l 9555 9556
v -3769.92 -278.241 430.214
v -3769.92 -278.241 453.726
l 9557 9558
v -3750.65 -277.882 432.58
v -3750.65 -277.882 453.726
l 9559 9560
v -3736.54 -262.269 432.832
v -3736.54 -262.269 453.726
l 9561 9562
v -3751.53 -254.757 433.382
v -3751.53 -254.757 453.726
l 9563 9564
v -3772.22 -266.544 430.542
v -3772.22 -266.544 453.726
l 9565 9566
v -3675.88 -250.495 429.811
v -3675.88 -250.495 452.075
l 9567 9568
v -3699.27 -245.991 430.736
v -3699.27 -245.991 452.075
l 9569 9570
v -3711.05 -257.918 431.683
v -3711.05 -257.918 452.075
l 9571 9572
v -3692.67 -268.169 431.298
v -3692.67 -268.169 452.075
l 9573 9574
v -3674.3 -262.32 430.316
v -3674.3 -262.32 452.075
l 9575 9576
v -3652.87 -299.037 421.37
v -3652.87 -299.037 443.8
l 9577 9578
v -3642.24 -315.213 415.719
v -3642.24 -315.213 443.8
l 9579 9580
v -3622.23 -311.438 414.71
v -3622.23 -311.438 443.8
l 9581 9582
v -3627.47 -295.927 420.33
v -3627.47 -295.927 443.8
l 9583 9584
v -3634.58 -296.938 420.524
v -3634.58 -296.938 443.8
l 9585 9586
v -3639.33 -291.755 422.629
v -3639.33 -291.755 443.8
l 9587 9588
v -3596.7 -336.483 402.759
v -3596.7 -336.483 429.137
l 9589 9590
v -3587.27 -339.823 399.809
v -3587.27 -339.823 429.137
l 9591 9592
v -3587.51 -341.358 399.239
v -3587.51 -341.358 429.137
l 9593 9594
v -3596.21 -342.766 400.178
v -3596.21 -342.766 429.137
l 9595 9596
v -3595.2 -349.664 397.263
v -3595.2 -349.664 429.137
l 9597 9598
v -3568.96 -350.445 392.327
v -3568.96 -350.445 429.137
l 9599 9600
v -3567.59 -343.611 394.682
v -3567.59 -343.611 429.137
l 9601 9602
v -3576.21 -341.742 397.018
v -3576.21 -341.742 429.137
l 9603 9604
v -3576.35 -340.194 397.66
v -3576.35 -340.194 429.137
l 9605 9606
v -3566.78 -337.353 397.018
v -3566.78 -337.353 429.137
l 9607 9608
v -3566.58 -323.25 402.508
v -3566.58 -323.25 429.137
l 9609 9610
v -3573.77 -326.859 402.472
v -3573.77 -326.859 429.137
l 9611 9612
v -3589.17 -326.36 405.336
v -3589.17 -326.36 429.137
l 9613 9614
v -3596.16 -322.392 407.803
v -3596.16 -322.392 429.137
l 9615 9616
v -3541.51 -330.48 395.135
v -3541.51 -330.48 423.085
l 9617 9618
v -3531.82 -328.036 394.269
v -3531.82 -328.036 423.085
l 9619 9620
v -3531.16 -329.444 393.613
v -3531.16 -329.444 423.085
l 9621 9622
v -3537.62 -335.446 392.536
v -3537.62 -335.446 423.085
l 9623 9624
v -3532.97 -340.629 389.713
v -3532.97 -340.629 423.085
l 9625 9626
v -3510.69 -326.756 390.834
v -3510.69 -326.756 423.085
l 9627 9628
v -3513.32 -320.306 393.643
v -3513.32 -320.306 423.085
l 9629 9630
v -3521.54 -323.519 394.006
v -3521.54 -323.519 423.085
l 9631 9632
v -3522.52 -322.316 394.621
v -3522.52 -322.316 423.085
l 9633 9634
v -3516.11 -314.65 396.194
v -3516.11 -314.65 423.085
l 9635 9636
v -3523.74 -302.799 402.092
v -3523.74 -302.799 423.085
l 9637 9638
v -3527.74 -309.774 400.24
v -3527.74 -309.774 423.085
l 9639 9640
v -3540.84 -317.875 399.759
v -3540.84 -317.875 423.085
l 9641 9642
v -3548.86 -318.438 401.053
v -3548.86 -318.438 423.085
l 9643 9644
v -4156.88 451.091 424.54
v -4156.88 451.091 447.696
l 9645 9646
v -4160.25 447.776 424.347
v -4160.25 447.776 447.696
l 9647 9648
v -4161.37 446.048 424.295
v -4161.37 446.048 447.696
l 9649 9650
v -4163 441.671 424.117
v -4163 441.671 447.696
l 9651 9652
v -4164.75 428.771 424.349
v -4164.75 428.771 447.696
l 9653 9654
v -4159.61 425.443 425.607
v -4159.61 425.443 447.696
l 9655 9656
v -4148.61 432.29 427.113
v -4148.61 432.29 447.696
l 9657 9658
v -4145.23 435.63 427.472
v -4145.23 435.63 447.696
l 9659 9660
v -4144.12 437.358 427.504
v -4144.12 437.358 447.696
l 9661 9662
v -4142.47 441.761 427.363
v -4142.47 441.761 447.696
l 9663 9664
v -4140.68 454.61 426.325
v -4140.68 454.61 447.696
l 9665 9666
v -4145.82 457.938 425.519
v -4145.82 457.938 447.696
l 9667 9668
v -4133.54 410.84 430.48
v -4133.54 410.84 452.85
l 9669 9670
v -4129.28 400.256 430.228
v -4129.28 400.256 452.85
l 9671 9672
v -4122.85 395.713 430.754
v -4122.85 395.713 452.85
l 9673 9674
v -4129.22 388.085 428.718
v -4122.85 395.713 430.754
l 9675 9676
v -4108.44 383.682 431.784
v -4108.44 383.682 452.85
l 9677 9678
v -4108.44 383.682 431.784
v -4114.77 376.08 429.845
l 9679 9680
v -4114.77 376.08 429.845
v -4108.65 370.986 430.112
l 9681 9682
v -4102.68 378.153 431.939
v -4102.68 378.153 452.85
l 9683 9684
v -4108.65 370.986 430.112
v -4102.68 378.153 431.939
l 9685 9686
v -4091.51 375.888 432.005
v -4091.51 375.888 452.85
l 9687 9688
v -4067.44 454.329 456.078
v -4067.44 454.329 432.977
l 9689 9690
v -4074.25 448.506 433.331
v -4074.25 448.506 456.078
l 9691 9692
v -4076.04 446.893 433.432
v -4076.04 446.893 456.078
l 9693 9694
v -4081.57 447.981 433.161
v -4081.57 447.981 456.078
l 9695 9696
v -4069.7 436.347 435.085
v -4069.7 436.347 456.078
l 9697 9698
v -4067.79 438.152 434.89
v -4067.79 438.152 456.078
l 9699 9700
v -4058.58 437.896 434.82
v -4058.58 437.896 456.078
l 9701 9702
v -4056.76 436.014 435.055
v -4056.76 436.014 456.078
l 9703 9704
v -4044.38 447.111 434.395
v -4044.38 447.111 456.078
l 9705 9706
v -4049.96 446.266 434.276
v -4049.96 446.266 456.078
l 9707 9708
v -4051.69 447.955 434.147
v -4051.69 447.955 456.078
l 9709 9710
v -4058.23 454.086 433.301
v -4058.23 454.086 456.078
l 9711 9712
v -4060.75 451.513 433.449
v -4060.75 451.513 456.078
l 9713 9714
v -4065.03 451.654 433.306
v -4065.03 451.654 456.078
l 9715 9716
v -3965.76 461.01 458.626
v -3965.76 461.01 437.475
l 9717 9718
v -3972.57 455.186 436.824
v -3972.57 455.186 458.626
l 9719 9720
v -3974.36 453.561 436.715
v -3974.36 453.561 458.626
l 9721 9722
v -3979.9 454.662 436.579
v -3979.9 454.662 458.626
l 9723 9724
v -3968.02 443.028 436.609
v -3968.02 443.028 458.626
l 9725 9726
v -3966.13 444.832 436.717
v -3966.13 444.832 458.626
l 9727 9728
v -3956.9 444.576 436.987
v -3956.9 444.576 458.626
l 9729 9730
v -3955.08 442.695 436.989
v -3955.08 442.695 458.626
l 9731 9732
v -3942.72 453.791 438.12
v -3942.72 453.791 458.626
l 9733 9734
v -3948.28 452.947 437.876
v -3948.28 452.947 458.626
l 9735 9736
v -3950.01 454.636 437.976
v -3950.01 454.636 458.626
l 9737 9738
v -3956.55 460.766 438.125
v -3956.55 460.766 458.626
l 9739 9740
v -3959.08 458.194 437.873
v -3959.08 458.194 458.626
l 9741 9742
v -3963.35 458.335 437.571
v -3963.35 458.335 458.626
l 9743 9744
v -3968.42 407.193 456.862
v -3968.42 407.193 435.922
l 9745 9746
v -3974.08 407.717 435.934
v -3974.08 407.717 456.862
l 9747 9748
v -3979.16 401.19 435.952
v -3979.16 401.19 456.862
l 9749 9750
v -3978.1 398.439 436.029
v -3978.1 398.439 456.862
l 9751 9752
v -3979.02 397.607 436.026
v -3979.02 397.607 456.862
l 9753 9754
v -3984.54 399.322 435.871
v -3984.54 399.322 456.862
l 9755 9756
v -3988.45 397.21 435.828
v -3988.45 397.21 456.862
l 9757 9758
v -3984.9 394.394 435.961
v -3984.9 394.394 456.862
l 9759 9760
v -3982.9 392.18 436.048
v -3982.9 392.18 456.862
l 9761 9762
v -3975.18 386.191 436.257
v -3975.18 386.191 456.862
l 9763 9764
v -3973.04 383.823 436.422
v -3973.04 383.823 456.862
l 9765 9766
v -3971.04 384.028 436.469
v -3971.04 384.028 456.862
l 9767 9768
v -3969.19 385.704 436.476
v -3969.19 385.704 456.862
l 9769 9770
v -3963.47 385.576 436.604
v -3963.47 385.576 456.862
l 9771 9772
v -3961.69 383.836 436.677
v -3961.69 383.836 456.862
l 9773 9774
v -3959.69 383.529 436.727
v -3959.69 383.529 456.862
l 9775 9776
v -3957.46 385.807 436.73
v -3957.46 385.807 456.862
l 9777 9778
v -3949.47 391.451 436.685
v -3949.47 391.451 456.862
l 9779 9780
v -3947.38 393.575 436.583
v -3947.38 393.575 456.862
l 9781 9782
v -3943.71 396.237 436.478
v -3943.71 396.237 456.862
l 9783 9784
v -3947.53 398.515 436.237
v -3947.53 398.515 456.862
l 9785 9786
v -3953.11 397.044 436.217
v -3953.11 397.044 456.862
l 9787 9788
v -3953.99 397.914 436.137
v -3953.99 397.914 456.862
l 9789 9790
v -3952.81 400.614 435.975
v -3952.81 400.614 456.862
l 9791 9792
v -3957.6 407.359 435.797
v -3957.6 407.359 456.862
l 9793 9794
v -3963.29 407.09 435.866
v -3963.29 407.09 456.862
l 9795 9796
v -3965 405.337 435.92
v -3965 405.337 456.862
l 9797 9798
v -3966.77 405.375 435.94
v -3966.77 405.375 456.862
l 9799 9800
v -3986.87 328.023 457.909
v -3986.87 328.023 436.106
l 9801 9802
v -3981.2 327.523 436.59
v -3981.2 327.523 457.909
l 9803 9804
v -3976.15 334.076 437.125
v -3976.15 334.076 457.909
l 9805 9806
v -3977.21 336.828 436.977
v -3977.21 336.828 457.909
l 9807 9808
v -3976.3 337.66 437.041
v -3976.3 337.66 457.909
l 9809 9810
v -3970.78 335.97 437.493
v -3970.78 335.97 457.909
l 9811 9812
v -3966.88 338.108 437.665
v -3966.88 338.108 457.909
l 9813 9814
v -3970.45 340.898 437.414
v -3970.45 340.898 457.909
l 9815 9816
v -3972.46 343.112 437.259
v -3972.46 343.112 457.909
l 9817 9818
v -3980.21 349.05 436.471
v -3980.21 349.05 457.909
l 9819 9820
v -3982.36 351.418 436.235
v -3982.36 351.418 457.909
l 9821 9822
v -3984.36 351.2 436.063
v -3984.36 351.2 457.909
l 9823 9824
v -3986.2 349.524 435.934
v -3986.2 349.524 457.909
l 9825 9826
v -3991.92 349.613 435.515
v -3991.92 349.613 457.909
l 9827 9828
v -3993.71 351.354 435.469
v -3993.71 351.354 457.909
l 9829 9830
v -3995.7 351.635 435.368
v -3995.7 351.635 457.909
l 9831 9832
v -3997.93 349.344 435.177
v -3997.93 349.344 457.909
l 9833 9834
v -4005.88 343.675 434.571
v -4005.88 343.675 457.909
l 9835 9836
v -4007.96 341.537 434.392
v -4007.96 341.537 457.909
l 9837 9838
v -4011.62 338.85 434.111
v -4011.62 338.85 457.909
l 9839 9840
v -4007.8 336.585 434.287
v -4007.8 336.585 457.909
l 9841 9842
v -4002.22 338.082 434.75
v -4002.22 338.082 457.909
l 9843 9844
v -4001.34 337.224 434.844
v -4001.34 337.224 457.909
l 9845 9846
v -4002.49 334.511 434.796
v -4002.49 334.511 457.909
l 9847 9848
v -3997.67 327.792 435.147
v -3997.67 327.792 457.909
l 9849 9850
v -3992 328.099 435.657
v -3992 328.099 457.909
l 9851 9852
v -3990.28 329.853 435.86
v -3990.28 329.853 457.909
l 9853 9854
v -3988.51 329.84 436.015
v -3988.51 329.84 457.909
l 9855 9856
v -4112.49 363.653 428.584
v -4112.49 363.653 452.005
l 9857 9858
v -4095.08 334.844 426.924
v -4095.08 334.844 452.005
l 9859 9860
v -4079.21 311.577 425.796
v -4079.21 311.577 452.005
l 9861 9862
v -4069.61 314.021 427.153
v -4074.25 332.22 428.549
l 9863 9864
v -4083.87 329.763 427.399
v -4083.87 329.763 452.005
l 9865 9866
v -4085.81 337.365 427.941
v -4085.81 337.365 452.005
l 9867 9868
v -4079.27 349.396 429.595
v -4079.27 349.396 452.005
l 9869 9870
v -4079.27 349.396 429.595
v -4074.04 350.739 430.056
l 9871 9872
v -4074.04 350.739 430.056
v -4074.49 352.506 430.26
l 9873 9874
v -4094.98 371.729 431.391
v -4094.98 371.729 452.005
l 9875 9876
v -4108.65 370.986 430.112
v -4108.65 370.986 452.005
l 9877 9878
v -4114.77 376.08 429.845
v -4114.77 376.08 452.005
l 9879 9880
v -4129.22 388.085 428.718
v -4129.22 388.085 452.005
l 9881 9882
v -4074.04 350.739 430.056
v -4074.04 350.739 451.043
l 9883 9884
v -4076.79 339.669 428.919
v -4076.79 339.669 451.043
l 9885 9886
v -4074.25 332.22 428.549
v -4074.25 332.22 451.043
l 9887 9888
v -4069.61 314.021 427.153
v -4069.61 314.021 451.043
l 9889 9890
v -4068.18 306.163 426.7
v -4068.18 306.163 451.043
l 9891 9892
v -4060.46 297.78 426.98
v -4060.46 297.78 451.043
l 9893 9894
v -3448.2 127.821 385.062
v -3448.2 127.821 410.421
l 9895 9896
v -3444.19 128.666 383.633
v -3444.19 128.666 410.421
l 9897 9898
v -3441.99 118.108 382.402
v -3441.99 118.108 410.421
l 9899 9900
v -3422.58 67.5301 375.985
v -3422.58 67.5301 401.412
l 9901 9902
v -3416.33 68.9123 373.696
v -3416.33 68.9123 401.412
l 9903 9904
v -3412.13 87.2902 372.355
v -3412.13 87.2902 401.412
l 9905 9906
v -3372.53 10.1442 390.866
v -3372.53 10.1442 417.079
l 9907 9908
v -3369.39 15.3145 390.318
v -3369.39 15.3145 417.079
l 9909 9910
v -3358.51 15.8521 391.328
v -3358.51 15.8521 417.079
l 9911 9912
v -3349.85 10.5921 392.962
v -3349.85 10.5921 417.079
l 9913 9914
v -3339.3 4.09078 394.485
v -3339.3 4.09078 417.079
l 9915 9916
v -3330.57 -1.20755 395.043
v -3330.57 -1.20755 417.079
l 9917 9918
v -3326.03 -11.2539 395.76
v -3326.03 -11.2539 417.079
l 9919 9920
v -3328.99 -16.1299 395.888
v -3328.99 -16.1299 417.079
l 9921 9922
v -3311.48 -26.9953 396.947
v -3311.48 -26.9953 417.079
l 9923 9924
v -3308.3 -21.7482 396.806
v -3308.3 -21.7482 417.079
l 9925 9926
v -3327.48 1.07048 395.067
v -3327.48 1.07048 417.079
l 9927 9928
v -3358.03 20.3185 391.084
v -3358.03 20.3185 417.079
l 9929 9930
v -3387.21 25.86 386.995
v -3387.21 25.86 417.079
l 9931 9932
v -3390.12 21.0608 387.404
v -3390.12 21.0608 417.079
l 9933 9934
v -3243.7 -91.6628 389.888
v -3174.88 -88.9368 381.449
l 9935 9936
v -3195.72 -73.1315 386.09
v -3195.72 -73.1315 414.622
l 9937 9938
v -3236.32 -74.7185 390.679
v -3236.32 -74.7185 414.622
l 9939 9940
v -3241.01 -70.4952 391.596
v -3241.01 -70.4952 414.622
l 9941 9942
v -3245.26 -52.0535 393.548
v -3245.26 -52.0535 414.622
l 9943 9944
v -3237.92 12.9725 401.984
v -3237.92 12.9725 427.756
l 9945 9946
v -3241.92 17.3878 402.994
v -3241.92 17.3878 427.756
l 9947 9948
v -3206.83 49.1267 404.444
v -3206.83 49.1267 427.756
l 9949 9950
v -3240.85 39.0675 406.104
v -3240.85 39.0675 427.756
l 9951 9952
v -3240.88 33.1165 405.228
v -3240.88 33.1165 427.756
l 9953 9954
v -3064.55 168.494 399.483
v -3064.55 168.494 421.564
l 9955 9956
v -3012.3 169.761 390.693
v -3012.3 169.761 421.564
l 9957 9958
v -3017.48 169.658 391.484
v -3017.48 169.658 421.564
l 9959 9960
v -3029.44 168.199 393.259
v -3029.44 168.199 421.564
l 9961 9962
v -3046.91 167.828 396.411
v -3046.91 167.828 421.564
l 9963 9964
v -3089.63 49.7538 393.696
v -3089.63 49.7538 417.206
l 9965 9966
v -3083 42.4333 392.051
v -3083 42.4333 417.206
l 9967 9968
v -3083.17 31.4783 390.519
v -3083.17 31.4783 417.206
l 9969 9970
v -3116.55 -1.07957 388.951
v -3116.55 -1.07957 417.206
l 9971 9972
v -3130.26 -14.223 388.31
v -3130.26 -14.223 417.206
l 9973 9974
v -3045.56 302.17 403.263
v -3045.56 302.17 425.22
l 9975 9976
v -3044.48 297.652 403.069
v -3044.48 297.652 425.22
l 9977 9978
v -3010.91 293.672 400.653
v -3010.91 293.672 425.22
l 9979 9980
v -3010.04 290.037 400.366
v -3010.04 290.037 425.22
l 9981 9982
v -2992.16 292.213 399.267
v -2992.16 292.213 425.22
l 9983 9984
v -2993.29 296.936 399.838
v -2993.29 296.936 425.22
l 9985 9986
v -3015.43 302.349 401.481
v -3015.43 302.349 425.22
l 9987 9988
v -3097.78 278.673 409.015
v -3097.78 278.673 437.44
l 9989 9990
v -3094.73 273.464 408.3
v -3094.73 273.464 437.44
l 9991 9992
v -3099.39 263.788 408.739
v -3099.39 263.788 437.44
l 9993 9994
v -3100.09 262.701 408.82
v -3100.09 262.701 437.44
l 9995 9996
v -3114.4 256.621 411.131
v -3114.4 256.621 437.44
l 9997 9998
v -3118.26 250.837 411.555
v -3118.26 250.837 437.44
l 9999 10000
v -3129.15 233.866 412.588
v -3129.15 233.866 437.44
l 10001 10002
v -3136.95 224.281 413.468
v -3136.95 224.281 437.44
l 10003 10004
v -3139.61 220.134 413.731
v -3139.61 220.134 437.44
l 10005 10006
v -3112.31 243.286 410.219
v -3112.31 243.286 437.44
l 10007 10008
v -3081.49 281.015 406.152
v -3081.49 281.015 437.44
l 10009 10010
v -3084.26 285.75 406.788
v -3084.26 285.75 437.44
l 10011 10012
v -3210.89 237.168 426.583
v -3210.89 237.168 449.123
l 10013 10014
v -3219.4 225.061 427.174
v -3219.4 225.061 449.123
l 10015 10016
v -3222.49 222.207 427.491
v -3222.49 222.207 449.123
l 10017 10018
v -3213.02 215.245 425.457
v -3213.02 215.245 449.123
l 10019 10020
v -3211.61 213.735 425.109
v -3211.61 213.735 449.123
l 10021 10022
v -3205.25 224.498 424.823
v -3205.25 224.498 449.123
l 10023 10024
v -3416.87 197.558 377.223
v -3416.87 197.558 407.8
l 10025 10026
v -3406.59 191.786 376.642
v -3406.59 191.786 407.8
l 10027 10028
v -3404.61 203.253 380.199
v -3404.61 203.253 407.8
l 10029 10030
v -3414.66 216.538 381.434
v -3414.66 216.538 407.8
l 10031 10032
v -3425.58 204.149 382.443
v -3425.58 204.149 407.8
l 10033 10034
v -3353.03 224.37 399.883
v -3353.03 224.37 444.123
l 10035 10036
v -3352.66 218.893 399.043
v -3352.66 218.893 444.123
l 10037 10038
v -3305.91 205.135 409.984
v -3305.91 205.135 444.123
l 10039 10040
v -3270.3 201.436 420.244
v -3270.3 201.436 444.123
l 10041 10042
v -3274.84 203.356 419.19
v -3274.84 203.356 444.123
l 10043 10044
v -3286.7 206.875 416.197
v -3286.7 206.875 444.123
l 10045 10046
v -3305.27 214.733 411.83
v -3305.27 214.733 444.123
l 10047 10048
v -3311.71 217.331 410.44
v -3311.71 217.331 444.123
l 10049 10050
v -3326.95 214.272 405.569
v -3326.95 214.272 444.123
l 10051 10052
v -3328.14 214.784 405.31
v -3328.14 214.784 444.123
l 10053 10054
v -3337.46 220.134 403.589
v -3337.46 220.134 444.123
l 10055 10056
v -3337.88 226.149 404.51
v -3337.88 226.149 444.123
l 10057 10058
v -3198.25 -121.866 380.111
v -3198.25 -121.866 412.119
l 10059 10060
v -3168.51 -82.8067 381.584
v -3168.51 -82.8067 412.119
l 10061 10062
v -3063.45 29.1107 387.232
v -3063.45 29.1107 412.119
l 10063 10064
v -3125.2 -31.1674 385.435
v -3125.2 -31.1674 412.119
l 10065 10066
v -3174.88 -88.9368 381.449
v -3174.88 -88.9368 412.119
l 10067 10068
v -3271.85 664.403 474.574
v -3271.85 664.403 495.75
l 10069 10070
v -3268.8 660.128 474.548
v -3268.8 660.128 495.75
l 10071 10072
v -3269.53 654.919 474.992
v -3269.53 654.919 495.75
l 10073 10074
v -3263.82 652.462 474.981
v -3263.82 652.462 495.75
l 10075 10076
v -3248.91 662.649 473.299
v -3248.91 662.649 495.75
l 10077 10078
v -3249.39 668.857 472.702
v -3249.39 668.857 495.75
l 10079 10080
v -3254.55 669.842 472.954
v -3254.55 669.842 495.75
l 10081 10082
v -3257.6 674.117 472.98
v -3257.6 674.117 495.75
l 10083 10084
v -3268.87 677.329 473.629
v -3268.87 677.329 495.75
l 10085 10086
v -3344.59 692.559 479.685
v -3344.59 692.559 501.917
l 10087 10088
v -3341.34 688.438 479.43
v -3341.34 688.438 501.917
l 10089 10090
v -3341.81 683.204 479.465
v -3341.81 683.204 501.917
l 10091 10092
v -3335.98 681.028 479.01
v -3335.98 681.028 501.917
l 10093 10094
v -3321.59 691.945 477.68
v -3321.59 691.945 501.917
l 10095 10096
v -3322.37 698.114 477.769
v -3322.37 698.114 501.917
l 10097 10098
v -3327.58 698.844 478.349
v -3327.58 698.844 501.917
l 10099 10100
v -3330.84 702.952 478.633
v -3330.84 702.952 501.917
l 10101 10102
v -3420.76 668.037 482.378
v -3420.76 668.037 506.697
l 10103 10104
v -3417.73 663.75 482.792
v -3417.73 663.75 506.697
l 10105 10106
v -3418.49 658.541 482.059
v -3418.49 658.541 506.697
l 10107 10108
v -3412.79 656.058 483.014
v -3412.79 656.058 506.697
l 10109 10110
v -3397.82 666.182 482.86
v -3397.82 666.182 506.697
l 10111 10112
v -3398.26 672.389 483.516
v -3398.26 672.389 506.697
l 10113 10114
v -3403.43 673.4 484.021
v -3403.43 673.4 506.697
l 10115 10116
v -3406.47 677.675 484.598
v -3406.47 677.675 506.697
l 10117 10118
v -3475.07 613.208 462.317
v -3475.07 613.208 490.122
l 10119 10120
v -3470.23 611.186 463.46
v -3470.23 611.186 490.122
l 10121 10122
v -3468.12 606.361 463.584
v -3468.12 606.361 490.122
l 10123 10124
v -3461.96 607.283 465.255
v -3461.96 607.283 490.122
l 10125 10126
v -3454.65 623.806 468.705
v -3454.65 623.806 490.122
l 10127 10128
v -3458.31 628.823 468.162
v -3458.31 628.823 490.122
l 10129 10130
v -3463.23 626.954 466.672
v -3463.23 626.954 490.122
l 10131 10132
v -3468.07 628.963 465.559
v -3468.07 628.963 490.122
l 10133 10134
v -3411.15 562.13 472.927
v -3411.15 562.13 495.59
l 10135 10136
v -3407.49 565.88 473.161
v -3407.49 565.88 495.59
l 10137 10138
v -3402.23 566.072 472.932
v -3402.23 566.072 495.59
l 10139 10140
v -3400.82 572.138 473.523
v -3400.82 572.138 495.59
l 10141 10142
v -3413.49 585.013 475.5
v -3413.49 585.013 495.59
l 10143 10144
v -3419.51 583.452 473.953
v -3419.51 583.452 495.59
l 10145 10146
v -3419.57 578.192 473.374
v -3419.57 578.192 495.59
l 10147 10148
v -3423.23 574.429 472.063
v -3423.23 574.429 495.59
l 10149 10150
v -3344.62 539.758 467.299
v -3344.62 539.758 490.597
l 10151 10152
v -3343.05 544.762 467.776
v -3343.05 544.762 490.597
l 10153 10154
v -3338.44 547.309 467.833
v -3338.44 547.309 490.597
l 10155 10156
v -3339.92 553.35 468.573
v -3339.92 553.35 490.597
l 10157 10158
v -3357.04 559.122 470.019
v -3357.04 559.122 490.597
l 10159 10160
v -3361.71 555.014 469.793
v -3361.71 555.014 490.597
l 10161 10162
v -3359.39 550.291 469.168
v -3359.39 550.291 490.597
l 10163 10164
v -3360.95 545.287 468.696
v -3360.95 545.287 490.597
l 10165 10166
v -3292.92 582.863 469.615
v -3292.92 582.863 492.259
l 10167 10168
v -3289.88 578.589 468.991
v -3289.88 578.589 492.259
l 10169 10170
v -3290.62 573.38 468.442
v -3290.62 573.38 492.259
l 10171 10172
v -3284.9 570.922 467.894
v -3284.9 570.922 492.259
l 10173 10174
v -3269.98 581.11 468.339
v -3269.98 581.11 492.259
l 10175 10176
v -3270.46 587.317 469.056
v -3270.46 587.317 492.259
l 10177 10178
v -3275.62 588.303 469.408
v -3275.62 588.303 492.259
l 10179 10180
v -3278.68 592.565 470.032
v -3278.68 592.565 492.259
l 10181 10182
v -3289.94 595.79 470.915
v -3289.94 595.79 492.259
l 10183 10184
v -3411.32 -27.3536 396.489
v -3411.32 -27.3536 419.822
l 10185 10186
v -3406.18 -31.0778 397.576
v -3406.18 -31.0778 419.822
l 10187 10188
v -3403.08 -36.1458 398.661
v -3403.08 -36.1458 419.822
l 10189 10190
v -3391.9 -38.7949 398.707
v -3391.9 -38.7949 419.822
l 10191 10192
v -3386.98 -42.3655 398.879
v -3386.98 -42.3655 419.822
l 10193 10194
v -3382.95 -50.5561 398.926
v -3382.95 -50.5561 419.822
l 10195 10196
v -3370.62 -54.0244 398.304
v -3370.62 -54.0244 419.822
l 10197 10198
v -3702.3 419.658 440.51
v -3702.3 419.658 469.495
l 10199 10200
v -3706.66 409.304 443.312
v -3706.66 409.304 469.495
l 10201 10202
v -3703.79 398.349 446.423
v -3703.79 398.349 469.495
l 10203 10204
v -3699.02 395.162 446.932
v -3699.02 395.162 469.495
l 10205 10206
v -3687.77 396.711 445.762
v -3687.77 396.711 469.495
l 10207 10208
v -3679.88 404.71 443.307
v -3679.88 404.71 469.495
l 10209 10210
v -3684.93 414.859 440.95
v -3684.93 414.859 469.495
l 10211 10212
v -3690.96 418.877 440.184
v -3690.96 418.877 469.495
l 10213 10214
v -3734.45 346.58 464.836
v -3734.45 346.58 492.914
l 10215 10216
v -3733.83 329.302 469.953
v -3733.83 329.302 492.914
l 10217 10218
v -3705.35 330.313 465.327
v -3705.35 330.313 492.914
l 10219 10220
v -3705.97 347.591 460.693
v -3705.97 347.591 492.914
l 10221 10222
v -3788.62 347.578 462.014
v -3788.62 347.578 493.44
l 10223 10224
v -3799.03 347.194 460.712
v -3799.03 347.194 493.44
l 10225 10226
v -3806.67 342.728 460.652
v -3806.67 342.728 493.44
l 10227 10228
v -3806.22 330.531 464.043
v -3806.22 330.531 493.44
l 10229 10230
v -3777.31 329.533 469.684
v -3777.31 329.533 493.44
l 10231 10232
v -3830.6 398.989 443.42
v -3830.6 398.989 474.767
l 10233 10234
v -3837.34 380.803 447.247
v -3837.34 380.803 474.767
l 10235 10236
v -3835.48 369.694 449.738
v -3835.48 369.694 474.767
l 10237 10238
v -3823.07 365.086 452.459
v -3823.07 365.086 474.767
l 10239 10240
v -3808.24 382.492 449.604
v -3808.24 382.492 474.767
l 10241 10242
v -3818.88 392.833 446.116
v -3818.88 392.833 474.767
l 10243 10244
v -3825.3 395.201 444.886
v -3825.3 395.201 474.767
l 10245 10246
v -3812.17 436.59 439.498
v -3812.17 436.59 461.303
l 10247 10248
v -3793.79 430.409 440.312
v -3793.79 430.409 461.303
l 10249 10250
v -3782.74 432.597 440.374
v -3782.74 432.597 461.303
l 10251 10252
v -3778.52 445.152 439.938
v -3778.52 445.152 461.303
l 10253 10254
v -3796.36 459.448 439.011
v -3796.36 459.448 461.303
l 10255 10256
v -3806.37 448.48 439.436
v -3806.37 448.48 461.303
l 10257 10258
v -3808.55 442.004 439.462
v -3808.55 442.004 461.303
l 10259 10260
v -3628.17 326.947 454.418
v -3628.17 326.947 479.646
l 10261 10262
v -3627.36 324.273 454.78
v -3627.36 324.273 479.646
l 10263 10264
v -3637.34 315.775 458.095
v -3637.34 315.775 479.646
l 10265 10266
v -3606.4 324.439 451.673
v -3606.4 324.439 479.646
l 10267 10268
v -3615.97 327.447 452.537
v -3615.97 327.447 479.646
l 10269 10270
v -3616.71 329.878 452.208
v -3616.71 329.878 479.646
l 10271 10272
v -3614.93 339.541 450.637
v -3614.93 339.541 479.646
l 10273 10274
v -3625.48 336.853 452.367
v -3625.48 336.853 479.646
l 10275 10276
v -3628.06 336.073 452.79
v -3628.06 336.073 479.646
l 10277 10278
v 40.8405 1906.28 472.652
v 40.8405 1906.28 497.991
l 10279 10280
v 40.885 1909.07 472.825
v 40.885 1909.07 497.991
l 10281 10282
v 48.3879 1918.54 470.638
v 48.3879 1918.54 497.991
l 10283 10284
v 25.0331 1918.89 477.958
v 25.0331 1918.89 497.991
l 10285 10286
v 32.2466 1909.21 475.845
v 32.2466 1909.21 497.991
l 10287 10288
v 32.2021 1906.42 475.677
v 32.2021 1906.42 497.991
l 10289 10290
v 14.9141 2117.66 482.409
v 14.9141 2117.66 503.227
l 10291 10292
v 14.8807 2106.13 481.58
v 14.8807 2106.13 503.227
l 10293 10294
v 47.5308 2105.81 477.178
v 47.5308 2105.81 503.227
l 10295 10296
v 47.72 2117.34 477.589
v 47.72 2117.34 503.227
l 10297 10298
v -3872.73 754.3 448.324
v -3872.73 754.3 468.999
l 10299 10300
v -3922.69 725.209 452.14
v -3922.69 725.209 472.14
l 10301 10302
v -3860.55 819.714 470.274
v -3860.55 819.714 449.656
l 10303 10304
v -3871.29 814.902 449.986
v -3871.29 814.902 470.274
l 10305 10306
v -3872.33 807.85 449.803
v -3872.33 807.85 470.274
l 10307 10308
v -3875.88 806.122 449.909
v -3875.88 806.122 470.274
l 10309 10310
v -3843 830.606 449.311
v -3843 830.606 470.274
l 10311 10312
v -3845.7 827.726 449.31
v -3845.7 827.726 470.274
l 10313 10314
v -3852.74 828.827 449.677
v -3852.74 828.827 470.274
l 10315 10316
v -3919.63 952.348 453.16
v -3919.63 952.348 474.726
l 10317 10318
v -3918.62 948.508 453.332
v -3918.62 948.508 474.726
l 10319 10320
v -3903.67 951.554 454.454
v -3903.67 951.554 474.726
l 10321 10322
v -3904.98 956.571 454.229
v -3904.98 956.571 474.726
l 10323 10324
v -3894.73 959.31 454.982
v -3894.73 959.31 476.946
l 10325 10326
v -3893.41 954.293 454.988
v -3893.41 954.293 476.946
l 10327 10328
v -3878.89 958.978 456.053
v -3878.89 958.978 476.946
l 10329 10330
v -3879.89 962.817 456.114
v -3879.89 962.817 476.946
l 10331 10332
v -3852.54 967.066 458.681
v -3852.54 967.066 481.454
l 10333 10334
v -3852.49 961.333 458.239
v -3852.49 961.333 481.454
l 10335 10336
v -3836.66 961.64 459.462
v -3836.66 961.64 481.454
l 10337 10338
v -3836.71 967.002 460.193
v -3836.71 967.002 481.454
l 10339 10340
v -3866.93 905.005 453.725
v -3866.93 905.005 474.916
l 10341 10342
v -3866.38 898.452 453.512
v -3866.38 898.452 474.916
l 10343 10344
v -3865.45 883.49 452.608
v -3865.45 883.49 474.916
l 10345 10346
v -3864.85 876.361 451.959
v -3864.85 876.361 474.916
l 10347 10348
v -3850.33 876.796 451.497
v -3850.33 876.796 474.916
l 10349 10350
v -3851.11 886.076 452.356
v -3851.11 886.076 474.916
l 10351 10352
v -3852.64 899.77 453.612
v -3852.64 899.77 474.916
l 10353 10354
v -3853.23 906.784 453.929
v -3853.23 906.784 474.916
l 10355 10356
v -3769.49 812.752 445.141
v -3769.49 812.752 465.866
l 10357 10358
v -3747.16 829.428 445.045
v -3747.16 829.428 465.866
l 10359 10360
v -3747.16 829.428 445.045
v -3747.02 834.292 445.328
l 10361 10362
v -3747.02 834.292 445.328
v -3758.14 834.612 445.866
l 10363 10364
v -3758.28 829.735 445.582
v -3758.28 829.735 465.866
l 10365 10366
v -3760.61 823.528 445.319
v -3760.61 823.528 465.866
l 10367 10368
v -3762.21 822.299 445.319
v -3762.21 822.299 465.866
l 10369 10370
v -3768.6 820.61 445.51
v -3768.6 820.61 465.866
l 10371 10372
v -3747.02 834.292 445.328
v -3747.02 834.292 468.026
l 10373 10374
v -3687.18 884.271 446.13
v -3680.69 890.222 446.55
l 10375 10376
v -3678.59 888.085 446.203
v -3678.59 888.085 466.55
l 10377 10378
v -3685.01 881.98 445.761
v -3685.01 881.98 466.55
l 10379 10380
v -3691.39 870.96 445.046
v -3691.39 870.96 466.55
l 10381 10382
v -3686.38 865.943 444.505
v -3686.38 865.943 466.55
l 10383 10384
v -3675.03 870.896 444.303
v -3675.03 870.896 466.55
l 10385 10386
v -3671.6 876.643 444.526
v -3671.6 876.643 466.55
l 10387 10388
v -3760.2 722.649 441.528
v -3760.2 722.649 462.579
l 10389 10390
v -3749.03 728.741 440.949
v -3749.03 728.741 462.579
l 10391 10392
v -3747.31 748.182 440.902
v -3747.31 748.182 462.579
l 10393 10394
v -3651.01 818.37 439.648
v -3651.01 818.37 462.573
l 10395 10396
v -3655.43 850.252 442.026
v -3655.43 850.252 462.573
l 10397 10398
v -3660.14 839.526 441.526
v -3660.14 839.526 462.573
l 10399 10400
v -3659.52 829.339 440.821
v -3659.52 829.339 462.573
l 10401 10402
v -3680.3 802.538 440.05
v -3680.3 802.538 460.861
l 10403 10404
v -3690.44 801.348 440.491
v -3690.44 801.348 460.861
l 10405 10406
v -3700.15 794.808 440.554
v -3700.15 794.808 460.861
l 10407 10408
v -3668 796.113 439.003
v -3668 796.113 460.861
l 10409 10410
v -3712.76 460.152 437.703
v -3712.76 460.152 458.537
l 10411 10412
v -3704.09 460.766 437.409
v -3704.09 460.766 458.537
l 10413 10414
v -3688.65 465.233 436.622
v -3688.65 465.233 458.537
l 10415 10416
v -3699.08 474.089 436.225
v -3699.08 474.089 458.537
l 10417 10418
v -3709.46 472.298 436.659
v -3709.46 472.298 458.537
l 10419 10420
v -3725.77 473.283 437.052
v -3725.77 473.283 458.537
l 10421 10422
v -3644.16 426.032 438.102
v -3644.16 426.032 463.448
l 10423 10424
v -3642.58 423.779 438.206
v -3642.58 423.779 463.448
l 10425 10426
v -3483.59 524.182 452.152
v -3483.59 524.182 475.385
l 10427 10428
v -3433.51 479.708 449.204
v -3433.51 479.708 473.621
l 10429 10430
v -3580.1 452.14 434.999
v -3580.1 452.14 456.739
l 10431 10432
v -3572.12 434.351 435.976
v -3572.12 434.351 456.739
l 10433 10434
v -3559.15 438.779 436.027
v -3559.15 438.779 456.739
l 10435 10436
v -3568.35 458.501 435.716
v -3568.35 458.501 456.739
l 10437 10438
v -3546.47 572.752 440.883
v -3546.47 572.752 469.534
l 10439 10440
v -3545.45 552.928 439.958
v -3545.45 552.928 469.534
l 10441 10442
v -3525.64 553.491 444.863
v -3525.64 553.491 469.534
l 10443 10444
v -3526.77 572.88 445.928
v -3526.77 572.88 469.534
l 10445 10446
v -3593.23 619.889 433.359
v -3593.23 619.889 460.317
l 10447 10448
v -3592.2 600.064 432.401
v -3592.2 600.064 460.317
l 10449 10450
v -3572.39 600.628 435.837
v -3572.39 600.628 460.317
l 10451 10452
v -3573.53 620.017 436.431
v -3573.53 620.017 460.317
l 10453 10454
v -3611.07 673.003 434.944
v -3611.07 673.003 455.327
l 10455 10456
v -3597.74 668.741 434.427
v -3597.74 668.741 455.327
l 10457 10458
v -3598.93 676.1 434.387
v -3598.93 676.1 455.327
l 10459 10460
v 664.875 -1123.07 438.906
v 664.875 -1123.07 566.048
l 10461 10462
v 663.217 -1122.69 439.241
v 663.217 -1122.69 566.048
l 10463 10464
v 656.103 -1129.38 439.031
v 656.103 -1129.38 566.048
l 10465 10466
v 653.387 -1131.35 438.85
v 653.387 -1131.35 566.048
l 10467 10468
v 650.304 -1140.81 436.041
v 650.304 -1140.81 566.048
l 10469 10470
v 649.791 -1142.78 435.435
v 649.791 -1142.78 566.048
l 10471 10472
v 682.274 -1151.15 430.67
v 682.274 -1151.15 566.048
l 10473 10474
v 682.141 -1140.23 432.81
v 682.141 -1140.23 566.048
l 10475 10476
v 673.614 -1124.29 437.01
v 673.614 -1124.29 566.048
l 10477 10478
v 724.008 -1136.1 429.326
v 724.008 -1136.1 556.228
l 10479 10480
v 724.476 -1138.83 429.184
v 724.476 -1138.83 556.228
l 10481 10482
v 726.502 -1148.49 428.668
v 726.502 -1148.49 556.228
l 10483 10484
v 727.025 -1151.61 428.479
v 727.025 -1151.61 556.228
l 10485 10486
v 737.3 -1160.81 427.564
v 737.3 -1160.81 556.228
l 10487 10488
v 740.45 -1160.26 427.473
v 740.45 -1160.26 556.228
l 10489 10490
v 749.356 -1159.06 427.199
v 749.356 -1159.06 556.228
l 10491 10492
v 752.55 -1158.51 427.107
v 752.55 -1158.51 556.228
l 10493 10494
v 757.46 -1144.87 427.768
v 757.46 -1144.87 556.228
l 10495 10496
v 756.981 -1142.17 427.947
v 756.981 -1142.17 556.228
l 10497 10498
v 755.734 -1134.6 428.455
v 755.734 -1134.6 556.228
l 10499 10500
v 754.788 -1129.09 428.81
v 754.788 -1129.09 556.228
l 10501 10502
v 744.535 -1120.9 429.599
v 744.535 -1120.9 556.228
l 10503 10504
v 741.552 -1121.41 429.651
v 741.552 -1121.41 556.228
l 10505 10506
v 732.335 -1123.04 429.809
v 732.335 -1123.04 556.228
l 10507 10508
v 729.162 -1123.57 429.865
v 729.162 -1123.57 556.228
l 10509 10510
v 774.848 -998.573 453.132
v 774.848 -998.573 633.659
l 10511 10512
v 771.586 -1010.5 450.334
v 771.586 -1010.5 633.659
l 10513 10514
v 770.117 -1013.98 449.721
v 770.117 -1013.98 633.659
l 10515 10516
v 775.705 -1024.78 445.473
v 775.705 -1024.78 633.659
l 10517 10518
v 811.071 -1011.17 444.267
v 811.071 -1011.17 633.659
l 10519 10520
v 803.546 -999.61 448.185
v 803.546 -999.61 633.659
l 10521 10522
v 800.084 -998.151 449.236
v 800.084 -998.151 633.659
l 10523 10524
v 791.156 -995.796 451.059
v 791.156 -995.796 633.659
l 10525 10526
v 787.828 -994.401 451.864
v 787.828 -994.401 633.659
l 10527 10528
v 800.707 -936.316 472.134
v 800.707 -936.316 662.133
l 10529 10530
v 802.054 -938.735 470.303
v 802.054 -938.735 662.133
l 10531 10532
v 807.164 -947.181 463.815
v 807.164 -947.181 662.133
l 10533 10534
v 808.7 -949.958 461.715
v 808.7 -949.958 662.133
l 10535 10536
v 821.435 -955.23 454.771
v 821.435 -955.23 662.133
l 10537 10538
v 824.229 -953.669 455.092
v 824.229 -953.669 662.133
l 10539 10540
v 832.233 -949.586 455.744
v 832.233 -949.586 662.133
l 10541 10542
v 835.072 -948 456.071
v 835.072 -948 662.133
l 10543 10544
v 835.172 -933.513 465.968
v 835.172 -933.513 662.133
l 10545 10546
v 833.836 -931.12 467.781
v 833.836 -931.12 662.133
l 10547 10548
v 830.151 -924.389 473.152
v 830.151 -924.389 662.133
l 10549 10550
v 827.413 -919.501 477.147
v 827.413 -919.501 662.133
l 10551 10552
v 815.034 -915.175 482.741
v 815.034 -915.175 662.133
l 10553 10554
v 812.385 -916.647 482.32
v 812.385 -916.647 662.133
l 10555 10556
v 804.236 -921.228 480.991
v 804.236 -921.228 662.133
l 10557 10558
v 801.42 -922.79 480.545
v 801.42 -922.79 662.133
l 10559 10560
v 874.067 -905.667 477.177
v 874.067 -905.667 558.352
l 10561 10562
v 873.922 -908.79 475.036
v 873.922 -908.79 558.352
l 10563 10564
v 905.971 -910.901 467.11
v 905.971 -910.901 558.352
l 10565 10566
v 906.082 -908.355 468.994
v 906.082 -908.355 558.352
l 10567 10568
v 900.316 -896.94 478.191
v 900.316 -896.94 558.352
l 10569 10570
v 896.375 -896.761 479.014
v 896.375 -896.761 558.352
l 10571 10572
v 887.659 -896.261 481.21
v 887.659 -896.261 558.352
l 10573 10574
v 885.655 -896.172 481.769
v 885.655 -896.172 558.352
l 10575 10576
v -602.119 -808.832 630.275
v -602.119 -808.832 653.454
l 10577 10578
v -620.809 -816.433 630.062
v -620.809 -816.433 653.454
l 10579 10580
v -669.367 -775.432 653.955
v -669.367 -775.432 677.63
l 10581 10582
v -80.4978 2610.15 554.502
v -214.259 2589.26 532.618
l 10583 10584
v -168.273 2805.42 544.693
v -80.4978 2610.15 554.502
l 10585 10586
v -362.949 2820.36 530.179
v -310.996 2827.51 518.826
l 10587 10588
v -269.195 2232.14 460.29
v -325.479 2514.45 500.462
l 10589 10590
v 335.136 2785.12 503.172
v 381.712 2835.89 484.06
l 10591 10592
v -4946.96 2478.8 586.421
v -4900.93 2471.71 586.534
l 10593 10594
v -3742.55 412.222 443.996
v -3735.67 397.491 448.539
l 10595 10596
v -238.816 1627.06 428.925
v -216.742 1776.03 456.358
l 10597 10598
v 209.734 1953.05 427.398
v 198.747 2067.14 434.488
l 10599 10600
v 165.652 2040.19 444.758
v 176.261 1939.82 430.533
l 10601 10602
v -7.12712 2057.41 473.149
v 106.508 2051.06 459.366
l 10603 10604
v 935.148 -897.682 471.165
v 1084.43 -756.543 491.409
l 10605 10606
v 1034.1 -1060.2 422.802
v 890.063 -1159.22 422.366
l 10607 10608
v 1034.1 -1060.2 422.802
v 1192.76 -902.263 474.142
l 10609 10610
v 1716.47 -2456.63 435.718
v 1805.49 -2175.71 404.966
l 10611 10612
v 2033.89 -2354.92 438.936
v 2024.63 -2420.32 437.982
l 10613 10614
v 3306.78 1527.87 381.634
v 3525.89 1341.4 416.733
l 10615 10616
v 3545.78 1298.94 430.069
v 3525.89 1341.4 416.733
l 10617 10618
v -3673.8 1655.18 556.267
v -3706.17 1670.15 541.599
l 10619 10620
v -3403.86 1736.1 530.56
v -3673.8 1655.18 556.267
l 10621 10622
v -3403.86 1736.1 530.56
v -3633.39 2154.25 532.42
l 10623 10624
v -3251.88 2617.14 578.975
v -3216.29 2549.45 584.137
l 10625 10626
v -3429.87 2520.97 560.525
v -3319.76 2624.41 574.365
l 10627 10628
v -3506.59 2447.86 555.533
v -3303.12 2408.05 567.918
l 10629 10630
v -3719.12 2455.17 557.925
v -3514.76 2448.87 555.705
l 10631 10632
v 819.164 3152.55 534.059
v 1037.73 3276.76 472.919
l 10633 10634
v 929.048 2910.1 498.827
v 1105.8 2775.15 475.014
l 10635 10636
v 1121.33 2580.48 437.002
v 929.048 2910.1 498.827
l 10637 10638
v 1164.32 2760.81 451.705
v 1207.32 2616.3 443.196
l 10639 10640
v 2827.26 -2463.39 463.598
v 2756.88 -2503.2 451.095
l 10641 10642
v 2896.01 -2115.22 486.731
v 3005.48 -2166.01 501.125
l 10643 10644
v 3011.16 -2135.18 504.922
v 2921.62 -2104.33 494.96
l 10645 10646
v -3107.73 -1438.47 673.343
v -3127.82 -1382.92 685.942
l 10647 10648
v -3038.39 -1395.13 680.745
v -3067.95 -1439.25 672.661
l 10649 10650
v -3337.18 -1684.8 636.695
v -3340.42 -1660.16 638.721
l 10651 10652
v -3157.84 -1722.74 617.724
v -3337.18 -1684.8 636.695
l 10653 10654
v 1395.4 -2541.61 496.803
v 1358.97 -2514.74 487.375
l 10655 10656
v 1358.97 -2514.74 487.375
v 1354.49 -2511.45 486.242
l 10657 10658
v 1407.04 -2547.88 499.621
v 1395.4 -2541.61 496.803
l 10659 10660
v 1213.26 -2578.64 494.961
v 1337.47 -2518.92 488.411
l 10661 10662
v 1189.57 -2758.04 502.483
v 1538.71 -2672.99 484.547
l 10663 10664
v -1981.01 2227.8 641.661
v -1916.55 2264.12 636.555
l 10665 10666
v -1796.98 2392.43 633.846
v -1856.48 2491.13 619.992
l 10667 10668
v -2404.26 -1164.56 558.152
v -2372.66 -1060.51 538.78
l 10669 10670
v -2326.44 -1040.34 542.492
v -2298.36 -1025.41 544.831
l 10671 10672
v -2298.36 -1200.38 491.445
v -2355.09 -1152.01 531.257
l 10673 10674
v 3718.07 775.034 489.737
v 3783.16 949.404 520.381
l 10675 10676
v 3688.8 106.218 502.004
v 3728.22 222.066 482.226
l 10677 10678
v 3755.09 363 498.3
v 3773 301.492 467.857
l 10679 10680
v 3722.84 63.8187 486.156
v 3700.16 23.2109 480.527
l 10681 10682
v 3610.58 -19.7901 457.666
v 3608.49 245.359 481.007
l 10683 10684
v 3726.43 404.799 507.502
v 3679.25 291.33 480.514
l 10685 10686
v 3786.74 632.317 539.961
v 3867.36 813.251 547.815
l 10687 10688
v 3679.25 291.33 480.514
v 3786.74 632.317 539.961
l 10689 10690
v 3947.98 794.744 572.003
v 4007.1 878.947 593.149
l 10691 10692
v 3807.65 490.19 561.329
v 3947.98 794.744 572.003
l 10693 10694
v 3977.23 552.301 507.814
v 3967.68 534.383 509.596
l 10695 10696
v 4057.26 914.77 580.466
v 3996.95 845.503 589.203
l 10697 10698
v 4007.1 878.947 593.149
v 3974.25 809.667 583.537
l 10699 10700
v 3903.19 652.026 535.087
v 3807.65 490.19 561.329
l 10701 10702
v 3974.25 809.667 583.537
v 3903.19 652.026 535.087
l 10703 10704
v -2961.97 -1159.14 727.071
v -2968.46 -1222.53 725.169
l 10705 10706
v -3480.26 -1189.39 550.275
v -3073.48 -1026.01 602.897
l 10707 10708
v -3542.98 -1293.13 659.892
v -3543.1 -1324.12 666.438
l 10709 10710
v -3745.88 -1506.51 677.307
v -3926.83 -1790.97 699.239
l 10711 10712
v -4161.51 -1305.48 488.95
v -3745.88 -1506.51 677.307
l 10713 10714
v -3952.17 -1436.81 716.78
v -4481.59 -1598.63 695.782
l 10715 10716
v -4481.59 -1598.63 695.782
v -4835.59 -1676.31 672.358
l 10717 10718
v -4663.93 -2749.71 674.855
v -4547.04 -2542.8 684.01
l 10719 10720
v -4268.65 -2313.18 659.846
v -4211.09 -2441.88 625.089
l 10721 10722
v -4196.75 -2515.34 639.018
v -4161.51 -2620.44 641.432
l 10723 10724
v 3096.07 2587.82 540.329
v 3052.17 2391.36 525.599
l 10725 10726
v 3066.33 2811.17 533.772
v 2995.34 2322.82 522.884
l 10727 10728
v 3456.02 1860.88 436.301
v 3173.13 1910.53 440.993
l 10729 10730
v 3158.83 1913.54 442.948
v 3127.24 1909.03 442.121
l 10731 10732
v 3127.24 1909.03 442.121
v 3097.9 1893.22 423.95
l 10733 10734
v 2951.9 2351.85 536.273
v 2947.13 2366.48 539.845
l 10735 10736
v 3005.35 2088.85 466.743
v 3060.27 1860.12 392.474
l 10737 10738
v 2959.07 3278.95 511.539
v 2958.47 3255.06 516.135
l 10739 10740
v 2960.86 3290.29 510.384
v 2909.04 2951.08 519.901
l 10741 10742
v 2745.53 3179.99 456.598
v 2995.34 2322.82 522.884
l 10743 10744
v 2849.2 2444.11 528.185
v 2830.97 2565.93 531.591
l 10745 10746
v 2831.17 2832.9 513.368
v 2627.56 2893.53 446.644
l 10747 10748
v 3583.71 3053.22 538.343
v 3644.02 2988.13 536.298
l 10749 10750
v 3965.89 2619.68 540.2
v 3644.02 2988.13 536.298
l 10751 10752
v 4527.23 2561.75 490.851
v 4471.69 2241.68 487.666
l 10753 10754
v 4211.93 1898.9 545.661
v 4208.34 2011.76 547.442
l 10755 10756
v 5152.92 2867.77 602.574
v 5212.64 2867.77 601.466
l 10757 10758
v 5207.9 2771.09 632.935
v 5212.64 2867.77 601.466
l 10759 10760
v 4664.57 2037.44 502.43
v 4689.65 2322.88 484.516
l 10761 10762
v 4733.85 2011.16 532.819
v 4717.13 2552.2 478.703
l 10763 10764
v 4811.47 1923.98 541.581
v 4717.82 2861.14 461.846
l 10765 10766
v 4855.66 1961.01 557.254
v 4846.11 1912.04 536.94
l 10767 10768
v 4855.66 1961.01 557.254
v 4811.47 1923.98 541.581
l 10769 10770
v 4904.63 1959.81 565.494
v 4935.85 3047.89 498.877
l 10771 10772
v 5008.84 3079.17 505.217
v 5047.7 3070.64 506.13
l 10773 10774
v 4904.63 1959.81 565.494
v 5095.1 2941.72 576.426
l 10775 10776
v 4903.44 1913.23 553.957
v 5089.41 2882.94 588.42
l 10777 10778
v 5078.04 2656.38 619.72
v 5060.97 2619.41 617.919
l 10779 10780
v 5092.25 2698.1 625.194
v 5078.04 2656.38 619.72
l 10781 10782
v 4924.94 1649.29 612.134
v 4942.85 1784.25 575.91
l 10783 10784
v 4903.44 1913.23 553.957
v 5060.97 2619.41 617.919
l 10785 10786
v 4903.44 1913.23 553.957
v 5064.77 2581.5 621.689
l 10787 10788
v 4703.98 1849.94 558.963
v 4658.6 1772.31 567.685
l 10789 10790
v 4701.6 1915.62 544.447
v 4651.44 1748.42 564.948
l 10791 10792
v 4523.49 1412.69 558.514
v 4670.54 1729.31 570.573
l 10793 10794
v 4491.26 1393.74 551.623
v 4470.41 1397.52 547.849
l 10795 10796
v 4496.95 1301.79 577.345
v 4487.46 1346.34 567.832
l 10797 10798
v 4511.16 1395.63 557.491
v 4491.26 1393.74 551.623
l 10799 10800
v 4541.5 1262.92 587.68
v 4558.56 1251.54 591.213
l 10801 10802
v 4577.52 1251.54 593.84
v 4523.49 1412.69 558.514
l 10803 10804
v 4540.55 1371.93 573.267
v 4577.52 1251.54 593.84
l 10805 10806
v 5065.71 2346.41 658.695
v 5041.07 2319.87 671.882
l 10807 10808
v 5041.07 2319.87 671.882
v 5001.25 2202.33 659.786
l 10809 10810
v 4540.55 1371.93 573.267
v 4548.13 1390.89 572.606
l 10811 10812
v 5064.77 2581.5 621.689
v 4998.41 2133.12 623.757
l 10813 10814
v 4548.13 1390.89 572.606
v 4555.73 1409.85 573.799
l 10815 10816
v 4903.44 1913.23 553.957
v 4937.74 2061.08 593.115
l 10817 10818
v 4942.85 1784.25 575.91
v 4988.92 2055.4 595.005
l 10819 10820
v 4628.71 1357.71 597.017
v 4589.84 1402.26 589.049
l 10821 10822
v 4560.46 1459.14 571.046
v 4619.23 1394.68 600.028
l 10823 10824
v 5043.91 2065.82 606.76
v 5028.74 2026.01 590.16
l 10825 10826
v 5025.89 2069.61 604.28
v 5028.74 2026.01 590.16
l 10827 10828
v 4924.94 1649.29 612.134
v 5024 2006.11 588.083
l 10829 10830
v 5045.81 1971.02 595.038
v 5009.79 1853.48 581.347
l 10831 10832
v 5045.81 1971.02 595.038
v 5003.15 1834.53 579.369
l 10833 10834
v 4924.94 1649.29 612.134
v 5003.15 1834.53 579.369
l 10835 10836
v 5042.01 1784.29 592.944
v 5120.69 1730.25 627.643
l 10837 10838
v 5120.69 1730.25 627.643
v 5179.46 1681.9 641.381
l 10839 10840
v 5120.69 1730.25 627.643
v 5036.32 1680.96 608.009
l 10841 10842
v 4893.88 1612.26 621.165
v 5036.32 1680.96 608.009
l 10843 10844
v 4893.88 1612.26 621.165
v 5017.37 1668.63 607.953
l 10845 10846
v 4893.88 1612.26 621.165
v 4977.55 1580.48 637.476
l 10847 10848
v 4871.38 1575.74 628.636
v 4843.9 1605.12 619.65
l 10849 10850
v 4948.17 1508.43 658.437
v 4871.38 1575.74 628.636
l 10851 10852
v 4663.78 1383.3 614.214
v 4670.54 1729.31 570.573
l 10853 10854
v 4738.67 1508.43 637.269
v 4722.56 1522.65 635.076
l 10855 10856
v 4722.56 1522.65 635.076
v 4706.44 1537.82 633.39
l 10857 10858
v 4665.69 1581.43 620.195
v 4706.44 1537.82 633.39
l 10859 10860
v 4721.61 1600.38 614.833
v 4665.69 1581.43 620.195
l 10861 10862
v 4721.61 1600.38 614.833
v 4746.26 1624.09 606.293
l 10863 10864
v 4746.26 1624.09 606.293
v 4760.48 1639.25 602.109
l 10865 10866
v -1372.56 -71.8006 474.606
v -1378.75 -224.107 489.751
l 10867 10868
v -2062.32 -2905.69 408.628
v -2067.86 -2888.56 408.128
l 10869 10870
v 4470.41 1397.52 547.849
v 4452.4 1389.93 548.347
l 10871 10872
v 4598.38 1505.59 594.009
v 4661.89 1364.35 607.026
l 10873 10874
v 4616.38 1413.64 602.198
v 4598.38 1505.59 594.009
l 10875 10876
v 4644.83 1361.51 601.933
v 4616.38 1413.64 602.198
l 10877 10878
v 4705.18 1315.47 610.68
v 4678.31 1338.16 602.26
l 10879 10880
v 4665.69 1581.43 620.195
v 4704.55 1591.86 617.756
l 10881 10882
v 4750.57 1612.26 611.461
v 4801.92 1516.71 637.614
l 10883 10884
v 4738.67 1508.43 637.269
v 4680.85 1568.15 629.523
l 10885 10886
v 4434.06 671.135 601.991
v 4324.78 1014.5 567.326
l 10887 10888
v 4324.78 1014.5 567.326
v 4496.95 1301.79 577.345
l 10889 10890
v 4510.22 1288.51 580.663
v 4541.5 1262.92 587.68
l 10891 10892
v 4815.06 1227.09 631.959
v 4761.31 1331.6 626.881
l 10893 10894
v 4558.56 1251.54 591.213
v 4811.47 1215.15 631.2
l 10895 10896
v 4683.69 1397.52 623.057
v 4702.66 1454.4 641.365
l 10897 10898
v 4815.06 1227.09 631.959
v 4801.92 1516.71 637.614
l 10899 10900
v 4799.2 1699.39 590.363
v 4829.67 1618.39 615.872
l 10901 10902
v 4801.92 1516.71 637.614
v 4799.2 1699.39 590.363
l 10903 10904
v 4815.06 1227.09 631.959
v 4857.17 1589 624.262
l 10905 10906
v 4811.47 1215.15 631.2
v 4913.09 1493.26 656.742
l 10907 10908
v 4963.33 1521.7 656.325
v 4975.66 1559.62 644.669
l 10909 10910
v 4993.61 1536.42 655.539
v 4891.5 1421.77 667.132
l 10911 10912
v 4811.47 1215.15 631.2
v 4974.5 1184.69 685.633
l 10913 10914
v 4558.56 1251.54 591.213
v 5006.15 1088.55 697.285
l 10915 10916
v 4909.68 1050.13 694.589
v 4845.51 1078.99 660.646
l 10917 10918
v 4558.56 1251.54 591.213
v 4845.51 1078.99 660.646
l 10919 10920
v 4541.5 1262.92 587.68
v 4801.32 1043.17 670.773
l 10921 10922
v 4801.32 1043.17 670.773
v 4744 840.128 718.496
l 10923 10924
v 4651.71 1131.35 630.936
v 4551.12 1221.71 593.21
l 10925 10926
v 2218.88 63.5116 521.523
v 2165.14 -75.32 555.396
l 10927 10928
v 2271.65 128.295 507.759
v 2218.88 63.5116 521.523
l 10929 10930
v 2159.41 6.57357 557.045
v 2218.88 63.5116 521.523
l 10931 10932
v 2109.86 -274.005 518.884
v 2005.14 -141.203 551.803
l 10933 10934
v -1375.25 1932.72 557.667
v -1293.76 1988.46 554.839
l 10935 10936
v -4878.95 3506.48 644.164
v -4777.81 3540.47 637.77
l 10937 10938
v -4828.7 3543.64 639.776
v -4946.96 3512.09 628.019
l 10939 10940
v -2627.04 -427.921 442.264
v -2512.82 -158.096 449.69
l 10941 10942
v 2600.94 2490.1 457.139
v 2666.93 2574.42 474.188
l 10943 10944
v 2666.93 2574.42 474.188
v 2779.62 2703.85 521.356
l 10945 10946
v 2824.12 2622.36 528.515
v 2840.24 2471.29 533.627
l 10947 10948
v -344.102 2438.8 500.374
v -360.566 2335.98 491.229
l 10949 10950
v -4089.54 1115.23 461.921
v -4023.66 1035.43 452.498
l 10951 10952
v -2971.22 427.184 405.463
v -3193.66 288.642 427.037
l 10953 10954
v -3483.43 84.7178 395.355
v -3497.77 194.589 407.99
l 10955 10956
v -3508.51 255.508 422.2
v -3402.52 268.639 397.593
l 10957 10958
v -3497.77 194.589 407.99
v -3164.95 282.384 421.404
l 10959 10960
v -2992.27 86.8039 376.298
v -3111.4 -61.8822 378.578
l 10961 10962
v -3578.53 -388.21 379.396
v -3945.14 -488.913 376.389
l 10963 10964
v -3785.72 -220.178 427.75
v -3929.54 -338.069 391.559
l 10965 10966
v -3815.16 -188.491 422.781
v -3785.72 -220.178 427.75
l 10967 10968
v -3929.81 -81.2965 415.972
v -3823.82 -178.931 421.569
l 10969 10970
v -4209.62 170.721 415.367
v -4223.14 229.553 410.78
l 10971 10972
v -4209.62 170.721 415.367
v -4207.7 163.131 416.143
l 10973 10974
v -3718.72 525.718 432.734
v -3820.83 541.243 438.299
l 10975 10976
v -2264.03 2292.14 656.371
v -2158.54 2148.92 650.884
l 10977 10978
v -2246.71 2313.63 657.327
v -2159.52 2374.54 660.011
l 10979 10980
v -2153.85 2170.32 653.601
v -2249.1 2299 658.392
l 10981 10982
v -2614.26 2413.06 621.822
v -2594.45 2446.44 623.426
l 10983 10984
v -2667.41 2295.72 615.487
v -2648.71 2313.76 617.115
l 10985 10986
v -2648.71 2313.76 617.115
v -2629.15 2332.6 618.854
l 10987 10988
v -2336.29 2916.77 627.957
v -2563.5 2920.34 613.79
l 10989 10990
v -4225.11 -2346.04 640.964
v -3971.51 -2050.23 658.921
l 10991 10992
v -3925.52 -2055.78 644.577
v -3892.2 -2135.54 616.268
l 10993 10994
v -3971.25 -2197.61 621.672
v -4225.11 -2346.04 640.964
l 10995 10996
v 5053.32 -2481.89 878.001
v 4996.59 -2485.48 871.027
l 10997 10998
v 5057.51 -2481.89 878.857
v 5053.32 -2481.89 878.001
l 10999 11000
v 4968.98 -2572.78 873.258
v 4996.59 -2485.48 871.027
l 11001 11002
v 4968.98 -2572.78 873.258
v 4966.86 -2581.65 874.734
l 11003 11004
v 4966.86 -2581.65 874.734
v 5065.87 -2481.3 880.245
l 11005 11006
v 4929.28 -2625.14 881.086
v 4966.86 -2581.65 874.734
l 11007 11008
v 5080.8 -2452.04 879.174
v 5080.8 -2456.21 879.534
l 11009 11010
v 5080.8 -2447.26 878.949
v 5080.8 -2452.04 879.174
l 11011 11012
v 4969.82 -2644.56 885.623
v 5065.87 -2481.3 880.245
l 11013 11014
v 5080.8 -2456.21 879.534
v 5065.87 -2481.3 880.245
l 11015 11016
v 5080.2 -2443.08 879.167
v 5080.8 -2447.26 878.949
l 11017 11018
v 4975.73 -2661.89 888.805
v 5080.8 -2456.21 879.534
l 11019 11020
v 4973.2 -2668.64 889.881
v 4975.73 -2661.89 888.805
l 11021 11022
v 4938.68 -2716.88 890.197
v 4971.51 -2671.17 890.26
l 11023 11024
v 5117.82 -2393.51 888.045
v 5069.45 -2431.73 878.403
l 11025 11026
v 5147.08 -2454.42 888.583
v 5150.66 -2450.84 888.239
l 11027 11028
v 5144.09 -2458 889.004
v 5147.08 -2454.42 888.583
l 11029 11030
v 5144.09 -2461.59 889.802
v 5155.44 -2495.64 899.419
l 11031 11032
v 4973.2 -2668.64 889.881
v 5144.09 -2461.59 889.802
l 11033 11034
v 4973.2 -2668.64 889.881
v 4971.51 -2671.17 890.26
l 11035 11036
v 5155.44 -2495.64 899.419
v 5163.21 -2524.3 908.349
l 11037 11038
v 5070.64 -2563.71 890.196
v 5039 -2603.72 887.771
l 11039 11040
v 4938.68 -2716.88 890.197
v 5039 -2603.72 887.771
l 11041 11042
v 4586.4 -2490.44 880.061
v 4456.76 -2524 889.224
l 11043 11044
v 4446.01 -2526.69 893.364
v 4456.76 -2524 889.224
l 11045 11046
v 5109.58 -1000.29 997.375
v 5154.35 -996.91 981.61
l 11047 11048
v 5281.03 -1206.35 953.81
v 5181.12 -1348.18 926.883
l 11049 11050
v 5088.56 -1394.47 920.572
v 5098.41 -1390.28 921.155
l 11051 11052
v 5079.61 -1395.36 921.077
v 5088.56 -1394.47 920.572
l 11053 11054
v 5015.41 -1341.31 946.366
v 5059 -1384.91 926.593
l 11055 11056
v 5088.56 -1394.47 920.572
v 5015.41 -1341.31 946.366
l 11057 11058
v 5000.48 -1328.18 954.003
v 5015.41 -1341.31 946.366
l 11059 11060
v 4938.07 -1671.55 905.148
v 4841.45 -1949.53 885.28
l 11061 11062
v 5013.31 -1543.75 896.235
v 4966.14 -1605.26 904.496
l 11063 11064
v 4614.28 -1642.55 957.056
v 4751.09 -1510.38 989.391
l 11065 11066
v 4751.09 -1510.38 989.391
v 5079.61 -1395.36 921.077
l 11067 11068
v 4642.14 -1700.82 951.521
v 5088.56 -1394.47 920.572
l 11069 11070
v 5075.42 -1453.58 907.712
v 5013.31 -1543.75 896.235
l 11071 11072
v 4506.32 -2895.73 875.875
v 4507.68 -2905.69 875.627
l 11073 11074
v 4192.02 -2488.75 932.808
v 4209.76 -2490.44 932.715
l 11075 11076
v 4181.04 -2644.14 911.49
v 4179.35 -2576.58 911.658
l 11077 11078
v 4238.46 -2706.64 915.432
v 4230.86 -2697.35 914.006
l 11079 11080
v 4192.02 -2488.75 932.808
v 4215.67 -2552.09 920.236
l 11081 11082
v 4260.43 -2734.51 918.928
v 4238.46 -2706.64 915.432
l 11083 11084
v 4238.46 -2706.64 915.432
v 4219.04 -2572.36 919.023
l 11085 11086
v 4260.43 -2734.51 918.928
v 4278.16 -2617.96 920.243
l 11087 11088
v 4284.92 -2815.58 931.343
v 4298.43 -2610.36 924.562
l 11089 11090
v 4294.2 -2845.14 936.288
v 4284.92 -2821.49 932.764
l 11091 11092
v 4300.96 -2860.34 937.385
v 4296.74 -2850.2 936.134
l 11093 11094
v 5053.32 -2481.89 878.001
v 4992.42 -2478.8 871.031
l 11095 11096
v 5150.66 -2450.84 888.239
v 5290.4 -2391.12 925.45
l 11097 11098
v 5039 -2603.72 887.771
v 5163.21 -2524.3 908.349
l 11099 11100
v 5092.74 -2763.76 915.754
v 5111.25 -2791.82 919.401
l 11101 11102
v 5031.83 -2760.77 899.036
v 5039 -2603.72 887.771
l 11103 11104
v 5282.64 -2742.26 971.878
v 5270.7 -2695.68 971.7
l 11105 11106
v 5301.74 -2741.06 977.52
v 5321.95 -2772.42 981.849
l 11107 11108
v 5300.55 -2735.69 977.553
v 5270.7 -2695.68 971.7
l 11109 11110
v 5150.66 -2450.84 888.239
v 5321.95 -2390.39 937.777
l 11111 11112
v 5209.18 -2588.79 936.335
v 5216.35 -2592.37 938.808
l 11113 11114
v 5216.35 -2592.37 938.808
v 5156.64 -2649.7 934.492
l 11115 11116
v 5310.1 -2415.61 924.142
v 5296.97 -2459.21 916.569
l 11117 11118
v 5295.18 -2462.19 917.169
v 5275.47 -2504.59 926.689
l 11119 11120
v 5310.1 -2415.61 924.142
v 5251.58 -2466.37 910.08
l 11121 11122
v 5321.95 -2404.67 931.008
v 5194.25 -2439.5 895.15
l 11123 11124
v 3394.8 -2688.06 629.961
v 3399.86 -2664.41 630.101
l 11125 11126
v 3426.89 -2649.21 632.35
v 3610.99 -2412.75 589.322
l 11127 11128
v 3401.55 -2779.27 616.734
v 3431.96 -2755.62 630.995
l 11129 11130
v 3340.74 -2870.47 613.031
v 3330.29 -2905.69 612.992
l 11131 11132
v 3230.19 -2099.11 539.201
v 3270.79 -2124.79 547.73
l 11133 11134
v 3163.9 -2067.16 517.173
v 3270.79 -2124.79 547.73
l 11135 11136
v 3099.11 -2066.26 506.949
v 3080 -2099.42 511.501
l 11137 11138
v 3121.5 -2168.39 508.643
v 3117.32 -2177.93 507.46
l 11139 11140
v 3119.7 -2173.16 508.072
v 3121.5 -2168.39 508.643
l 11141 11142
v 3125.68 -2157.64 510.619
v 3121.5 -2168.39 508.643
l 11143 11144
v 3051.93 -2174.35 503.326
v 3063.28 -2063.58 506.276
l 11145 11146
v 3128.06 -2152.27 511.675
v 3107.47 -2151.96 509.248
l 11147 11148
v 3128.06 -2152.27 511.675
v 3326.93 -2127.19 557.773
l 11149 11150
v 3237.95 -2237.06 523.108
v 3255.86 -2223.92 531.525
l 11151 11152
v 3232.57 -2235.27 522.809
v 3237.95 -2237.06 523.108
l 11153 11154
v 3263.63 -2217.95 535.177
v 3255.86 -2223.92 531.525
l 11155 11156
v 3313.79 -2189.89 545.846
v 3263.63 -2217.95 535.177
l 11157 11158
v 3325.73 -2181.52 547.912
v 3232.57 -2235.27 522.809
l 11159 11160
v 3377.09 -2189.89 548.017
v 3381.27 -2188.09 548.746
l 11161 11162
v 3381.27 -2188.09 548.746
v 3384.84 -2185.7 549.712
l 11163 11164
v 3331.1 -2075.82 554.659
v 3329.91 -2082.99 556.315
l 11165 11166
v 3416.5 -2164.81 558.191
v 3329.91 -2082.99 556.315
l 11167 11168
v 3458.89 -2171.37 558.849
v 3480.39 -2161.81 565.993
l 11169 11170
v 3467.86 -2069.85 574.707
v 3500.69 -2128.38 582.466
l 11171 11172
v 3449.94 -2167.19 559.968
v 3363.95 -2039.39 548.828
l 11173 11174
v 3455.91 -2015.52 551.878
v 3449.94 -2167.19 559.968
l 11175 11176
v 3634.21 -1661.55 521.446
v 3699.67 -1633.26 521.022
l 11177 11178
v 3510.49 -1732.92 547.606
v 3634.21 -1661.55 521.446
l 11179 11180
v 3514.3 -1781.46 548.156
v 3498.25 -1783.15 548.507
l 11181 11182
v 3598.89 -1929.78 561.539
v 3585.65 -1925.04 558.346
l 11183 11184
v 3741.04 -1829.18 571.92
v 3753.71 -1899.7 599.525
l 11185 11186
v 3633.88 -1409.37 489.258
v 3641.06 -1414.24 489.058
l 11187 11188
v 3628.79 -1504.34 487.573
v 3638.34 -1475.08 486.251
l 11189 11190
v 3641.06 -1414.24 489.058
v 3649.6 -1424.41 490.431
l 11191 11192
v 3652.28 -1435.47 490.658
v 3646.13 -1457.85 488.534
l 11193 11194
v 3798.99 -1655.13 534.117
v 3765.25 -1624.97 526.47
l 11195 11196
v 2105.22 480.361 486.267
v 2037.34 384.642 522.091
l 11197 11198
v 2035.96 525.961 447.625
v 2031.98 395.533 525.548
l 11199 11200
v 2685.72 578.717 440.141
v 2782.31 536.098 387.312
l 11201 11202
v 2684.52 392.257 433.309
v 2685.72 578.717 440.141
l 11203 11204
v 2597.36 739.095 453.742
v 2683.82 716.083 423.271
l 11205 11206
v -2605.3 803.703 363.208
v -2742.99 637.718 406.289
l 11207 11208
v -2776.73 2568.01 626.41
v -2771.87 2599.68 627.773
l 11209 11210
v -2771.87 2530.85 624.273
v -2776.73 2568.01 626.41
l 11211 11212
v 728.706 203.868 434.21
v 767.501 257.824 452.562
l 11213 11214
v 711.93 168.967 438.636
v 756.102 141.08 470.36
l 11215 11216
v 523.856 121.013 465.636
v 427.375 -5.44365 526.183
l 11217 11218
v 523.856 121.013 465.636
v 404.354 -19.5981 527.437
l 11219 11220
v 571.612 342.689 438.811
v 490.994 214.298 458.02
l 11221 11222
v 571.612 342.689 438.811
v 358.424 100.536 496.239
l 11223 11224
v 261.676 206.837 489.487
v 571.612 342.689 438.811
l 11225 11226
v 1356.55 1329.94 459.11
v 1445.18 1359.59 462.434
l 11227 11228
v 1855.3 1713.75 422.49
v 1807.31 1939.92 403.852
l 11229 11230
v 1677.68 1988.28 443.967
v 1688.86 2101.16 436.269
l 11231 11232
v 5141.51 386.037 970.23
v 5260.23 432.226 1020
l 11233 11234
v 5321.95 478.567 1056.18
v 5314.08 483.688 1052.9
l 11235 11236
v 5202.75 166.177 956.418
v 5321.95 302.45 1020.81
l 11237 11238
v 1146.81 1939.19 511.468
v 1133.78 1779.7 532.679
l 11239 11240
v 836.274 2503.85 471.868
v 865.707 2468.74 470.773
l 11241 11242
v 523.154 2406.38 532.564
v 527.507 2442.14 542.515
l 11243 11244
v 527.507 2442.14 542.515
v 567.638 2487.71 550.218
l 11245 11246
v 1334.65 2470.39 382.659
v 1396.11 2358.2 385.342
l 11247 11248
v 1292.21 2532.77 398.826
v 1334.65 2470.39 382.659
l 11249 11250
v 1647.95 1975.62 452.455
v 1516.18 1972.93 482.979
l 11251 11252
v 1531.68 2099.87 466.832
v 1627.5 2100.16 458.061
l 11253 11254
v 1205.36 2050.92 460.337
v 1219.48 2049.79 457.362
l 11255 11256
v 1316.9 1988.95 483.223
v 1345.03 1970.5 493.391
l 11257 11258
v 1637.6 2117.13 452.986
v 1470.79 2141.99 437.863
l 11259 11260
v 976.859 1493.76 449.447
v 1110.44 1689.85 513.981
l 11261 11262
v 1133.7 1378.9 451.225
v 976.859 1484.09 448.132
l 11263 11264
v 1233.77 1481.67 499.46
v 1213.67 1416.4 486.223
l 11265 11266
v 534.698 1762.6 483.254
v 651.762 1763.67 506.584
l 11267 11268
v 523.511 1652.4 454.66
v 768.825 1648.46 464.741
l 11269 11270
v 1354.49 -2511.45 486.242
v 1235.05 -2561.31 497.546
l 11271 11272
v 1206.69 -2581.33 493.314
v 1409.25 -2379 459.819
l 11273 11274
v 1397.19 -2364.56 456.683
v 1196.25 -2514.14 477.875
l 11275 11276
v 1417.8 -2338.58 458.812
v 1397.19 -2364.56 456.683
l 11277 11278
v -2700.89 -1750.78 405.866
v -2516.2 -1627.91 403.572
l 11279 11280
v -2862.32 -1875 412.903
v -2700.89 -1750.78 405.866
l 11281 11282
v -2921.33 -1966.56 413.953
v -2862.32 -1875 412.903
l 11283 11284
v -2727.62 -921.753 639.856
v -2610.13 -1024.76 663.683
l 11285 11286
v 2631.22 2256.59 380.749
v 2614.03 2264.96 378.319
l 11287 11288
v 2631.22 2256.59 380.749
v 2668.14 2238.86 388.045
l 11289 11290
v 2679.85 2174.81 369.476
v 2673.74 2201.5 376.804
l 11291 11292
v -4101.97 2183.27 550.353
v -4141.09 2268.37 567.928
l 11293 11294
v -4081.67 2147.44 544.63
v -4101.97 2183.27 550.353
l 11295 11296
v 732.313 1780.95 525.502
v 723.396 1936.28 525.953
l 11297 11298
v 893.425 1949.29 499.896
v 886.891 1756.02 501.147
l 11299 11300
v 519.637 1941.93 533.053
v 613.902 1948.64 536.971
l 11301 11302
v 1242.56 -264.906 519.303
v 1312.87 -220.267 535.722
l 11303 11304
v -3892.2 -2135.54 616.268
v -3896.2 -1986.24 619.943
l 11305 11306
v -3337.97 -1717.36 631.618
v -3287.87 -1815.07 621.318
l 11307 11308
v -3195.11 -2174.5 507.423
v -3295.13 -2238.38 513.62
l 11309 11310
v -3015.51 -1980.93 498.325
v -3295.13 -2238.38 513.62
l 11311 11312
v -3287.87 -1815.07 621.318
v -3015.51 -1980.93 498.325
l 11313 11314
v -1988.04 -701.681 537.021
v -2148.85 -732.702 566.206
l 11315 11316
v -2148.85 -732.702 566.206
v -2072.03 -714.069 548.002
l 11317 11318
v -1866.02 -582.027 499.602
v -1868.13 -619.126 499.601
l 11319 11320
v -1950.35 -615.057 502.846
v -1971.57 -618.96 505.531
l 11321 11322
v -1875.39 -631.847 505.207
v -1877.33 -639.448 508.438
l 11323 11324
v 4621.49 2893.58 446.205
v 4561.7 2152.6 485.717
l 11325 11326
v -1807.4 -1063.71 421.601
v -1913.09 -1344.37 396.937
l 11327 11328
v -1913.09 -1344.37 396.937
v -1972.97 -1496.27 386.231
l 11329 11330
v -1972.97 -1496.27 386.231
v -2691.36 -1831.28 386.639
l 11331 11332
v 2547.49 2591.55 435.696
v 2343.04 2525.02 372.881
l 11333 11334
v 3242.33 2469.83 537.525
v 3328.1 2451.03 540.917
l 11335 11336
v 3142.86 2322.89 510.553
v 3125.51 2602.57 536.81
l 11337 11338
v 3447.38 2706.69 532.356
v 3395.43 2569.94 545.47
l 11339 11340
v -3941.41 -1578.58 756.525
v -3887.05 -1632.55 719.561
l 11341 11342
v -4900.03 669.714 563.196
v -4946.96 580.016 569.689
l 11343 11344
v 1100.5 -746.523 496.898
v 456.708 -59.6042 555.581
l 11345 11346
v 1845.77 -588.822 514.988
v 1416.33 -807.808 513.714
l 11347 11348
v 1973.26 -343.79 540.964
v 1416.33 -807.808 513.714
l 11349 11350
v -4894.65 2334.38 562.718
v -4921.66 2243.82 546.636
l 11351 11352
v -612.716 503.475 437.975
v -820.528 290.293 433.479
l 11353 11354
v -3870.28 1634.28 535.008
v -3906.01 1701.19 537.137
l 11355 11356
v -3781.47 1621.3 519.039
v -3870.28 1634.28 535.008
l 11357 11358
v -3723.35 1658.43 530.845
v -3781.47 1621.3 519.039
l 11359 11360
v -4422.54 2742.48 599.344
v -4226.31 2695.92 562.833
l 11361 11362
v -4071.29 2699.49 556.41
v -4164.81 2615.92 564.659
l 11363 11364
v -4164.81 2615.92 564.659
v -4253.21 2547.27 590.15
l 11365 11366
v -4275.42 2341.12 601.311
v -4256.54 2364.34 594.696
l 11367 11368
v -3183.13 1240 510.052
v -3082.78 1185.29 514.489
l 11369 11370
v -3144.1 1122.43 501.778
v -3313.44 1145.87 503.441
l 11371 11372
v -3735.34 1049.11 476.588
v -3626.02 1140.5 468.433
l 11373 11374
v -4641.36 436.885 498.798
v -4621.11 454.354 491.763
l 11375 11376
v -4580.17 293.16 505.738
v -4463.75 291.113 452.349
l 11377 11378
v -4250.79 320.433 406.333
v -4366.1 289.385 426.401
l 11379 11380
v -4468.97 -509.748 391.465
v -4482.96 -481.772 401.756
l 11381 11382
v -4058.78 -500.252 377.639
v -4299.53 -528.534 380.483
l 11383 11384
v -4299.53 -528.534 380.483
v -4213.85 178.131 414.037
l 11385 11386
v -1446.24 -478.279 525.591
v -1323.52 -648.394 545.483
l 11387 11388
v -3802.98 486.158 438.065
v -3742.55 412.222 443.996
l 11389 11390
v 336.438 2144.32 448.964
v 342.416 2099.74 444.87
l 11391 11392
v 323.38 2196.37 462.203
v 336.438 2144.32 448.964
l 11393 11394
v 161.444 3169.5 492.375
v 198.191 3192.95 493.432
l 11395 11396
v -87.3217 2512.67 542.677
v -174.251 2513.72 536.759
l 11397 11398
v -191.094 3495.09 575.01
v -253.856 3644.57 555.935
l 11399 11400
v -707.338 2810.4 609.891
v -908.96 2758.71 626.253
l 11401 11402
v 862.556 -1222.97 412.728
v 878.575 -1153.95 422.891
l 11403 11404
v 1215.84 -1076.26 455.506
v 1236.1 -1121.32 452.717
l 11405 11406
v 792.381 -1058.4 435.217
v 788.974 -1075.9 431.71
l 11407 11408
v 772.744 -1128.42 428.369
v 788.974 -1075.9 431.71
l 11409 11410
v 775.783 -1051.82 437.708
v 725.767 -1087.91 431.788
l 11411 11412
v 727.971 -1035.1 446.835
v 749.823 -985.571 462.576
l 11413 11414
v -578.174 -677.392 656.218
v -540.002 -728.747 648.601
l 11415 11416
v -225.191 689.193 408.383
v -60.0595 576.502 408.559
l 11417 11418
v -1374.25 472.131 448.148
v -1342.44 468.727 440.256
l 11419 11420
v 589.312 1392.52 370.254
v 691.881 1379.59 369.772
l 11421 11422
v -2310.91 1267.1 437.82
v -2467.96 1218.13 423.281
l 11423 11424
v 5321.95 895.16 894.797
v 5303.24 879.241 900.733
l 11425 11426
v 3338.87 -1922.95 522.508
v 3261.84 -1899.06 507.955
l 11427 11428
v 3594.75 -2222.73 572.465
v 3629.09 -2251.09 573.405
l 11429 11430
v 3675.07 -2314.09 580.646
v 3619.44 -2402.61 585.664
l 11431 11432
v 3619.44 -2402.61 585.664
v 3595.78 -2427.95 594.022
l 11433 11434
v 3595.78 -2427.95 594.022
v 3470.07 -2592.64 623.103
l 11435 11436
v 3392.61 -1930.12 529.206
v 3251.68 -1858.46 502.039
l 11437 11438
v 3392.61 -1930.12 529.206
v 3543.01 -1997.67 562.256
l 11439 11440
v 3247.5 -2489.66 567.148
v 3244.52 -2481.89 563.209
l 11441 11442
v 3236.16 -2658.66 585.328
v 3247.5 -2489.66 567.148
l 11443 11444
v 3244.52 -2481.89 563.209
v 3225.4 -2462.79 549.652
l 11445 11446
v 3122.1 -2321.26 482.595
v 3123.89 -2163.6 509.635
l 11447 11448
v 3146.58 -2168.98 514.314
v 3152.55 -2178.54 514.727
l 11449 11450
v 3244.52 -2481.89 563.209
v 3123.89 -2163.6 509.635
l 11451 11452
v 3185.99 -2197.65 520.29
v 3232.57 -2235.27 522.809
l 11453 11454
v 3329.91 -2082.99 556.315
v 3328.12 -2093.14 558.828
l 11455 11456
v 3328.12 -2093.14 558.828
v 3343.04 -2118.23 562.103
l 11457 11458
v 3247.5 -2489.66 567.148
v 3237.95 -2237.06 523.108
l 11459 11460
v 3260.04 -2220.94 533.568
v 3317.96 -2188.68 546.226
l 11461 11462
v 3346.04 -2176.74 550.038
v 3351.4 -2183.91 548.808
l 11463 11464
v 3384.84 -2185.7 549.712
v 3406.94 -2164.81 557.375
l 11465 11466
v 3411.72 -2165.39 557.62
v 3421.28 -2164.81 558.428
l 11467 11468
v 3480.39 -2161.81 565.993
v 3486.97 -2156.44 569.21
l 11469 11470
v 3486.97 -2156.44 569.21
v 3492.33 -2150.47 572.417
l 11471 11472
v 3236.16 -2658.66 585.328
v 3492.33 -2150.47 572.417
l 11473 11474
v 3510.56 -2111.36 590.098
v 3492.33 -2150.47 572.417
l 11475 11476
v -2550.37 987.481 407.244
v -2558.43 979.712 406.277
l 11477 11478
v 1744.61 1360.34 424.465
v 1771.85 1330.16 420.847
l 11479 11480
v 1784.09 1205.81 383.006
v 1706.6 1333.11 428.212
l 11481 11482
v -3172.51 -229.136 354.897
v -2920.12 -27.648 339.147
l 11483 11484
v -3325.43 -333.462 354.588
v -2862.31 -39.2428 327.491
l 11485 11486
v -3672.04 -498.153 353.09
v -3020.35 -265.085 329.624
l 11487 11488
v -3364.6 -450.995 335.61
v -3825.43 -593.365 335.285
l 11489 11490
v -3984.45 -567.643 352.775
v -3364.6 -450.995 335.61
l 11491 11492
v -4311.12 -562.46 364.03
v -4228.8 -573.389 359.638
l 11493 11494
v -3933.79 -607.225 335.461
v -4625.28 -555.805 351.114
l 11495 11496
v 632.704 1207.1 336.972
v 737.378 1186.17 335.624
l 11497 11498
v 959.883 1130.2 332.971
v 1105.01 1080.61 333.165
l 11499 11500
v 1245.3 1062.97 330.901
v 1390.44 1065.36 339.298
l 11501 11502
v 1405.92 1065.54 339.404
v 1521.09 1069.23 332.695
l 11503 11504
v 1521.09 1069.23 332.695
v 1653.36 1065.35 331.799
l 11505 11506
v 1217.6 1061.55 330.15
v 1653.36 1065.35 331.799
l 11507 11508
v 1217.6 1061.55 330.15
v 1684.08 1024.48 329.68
l 11509 11510
v 1193.92 1062.78 330.877
v 1719.37 997.118 327.38
l 11511 11512
v 1172.54 1065.31 331.58
v 1690.35 962.523 326.437
l 11513 11514
v 870.037 1146.61 330.355
v 1728.71 880.674 322.312
l 11515 11516
v 436.826 1169.42 334.778
v 397.597 1173.5 337.195
l 11517 11518
v 436.826 1169.42 334.778
v 870.037 1146.61 330.355
l 11519 11520
v 445.632 1123.02 328.508
v 1551.87 857.393 332.026
l 11521 11522
v 432.418 1099.83 326.669
v 1422.78 819.573 333.358
l 11523 11524
v 409.809 1103.35 328.398
v 432.418 1099.83 326.669
l 11525 11526
v 388.959 1105.12 329.886
v 401.872 1103.64 328.931
l 11527 11528
v 433.108 1092.43 326.03
v 388.959 1105.12 329.886
l 11529 11530
v 433.108 1092.43 326.03
v 1422.78 819.573 333.358
l 11531 11532
v 436.804 1090.95 325.683
v 1422.78 819.573 333.358
l 11533 11534
v 446.177 1086.51 324.769
v 1384.89 828.686 333.437
l 11535 11536
v 459.491 1067.03 322.469
v 449.873 1071.22 323.362
l 11537 11538
v 459.491 1067.03 322.469
v 1324.38 798.366 335.307
l 11539 11540
v 1319 771.655 336.948
v 1323.11 755.529 336.298
l 11541 11542
v 422.867 949.954 318.179
v 1309.09 740.785 334.701
l 11543 11544
v 419.349 948.777 318.284
v 1264.29 735.128 336.058
l 11545 11546
v 383.816 956.418 319.495
v 419.349 948.777 318.284
l 11547 11548
v 374.999 939.383 319.076
v 1264.29 735.128 336.058
l 11549 11550
v 374.999 939.383 319.076
v 1218.96 722.227 335.351
l 11551 11552
v 1145.8 712.948 330.222
v 1092.38 719.001 327.912
l 11553 11554
v 402.762 923.998 318.11
v 389.471 928.542 318.451
l 11555 11556
v 402.762 923.998 318.11
v 1066.74 721.471 326.59
l 11557 11558
v 422.7 867.696 317.417
v 387.723 886.92 317.06
l 11559 11560
v 387.723 886.92 317.06
v 1020.86 688.182 325.244
l 11561 11562
v 460.76 838.311 318.925
v 422.7 867.696 317.417
l 11563 11564
v 497.473 811.382 321.691
v 460.76 838.311 318.925
l 11565 11566
v 547.333 790.111 325.849
v 534.108 800.03 324.647
l 11567 11568
v 555.637 794.577 325.587
v 422.7 867.696 317.417
l 11569 11570
v 562.005 788.575 325.738
v 558.454 793.477 325.572
l 11571 11572
v 566.179 783.174 326.066
v 562.005 788.575 325.738
l 11573 11574
v 834.315 726.86 324.379
v 706.921 745.674 319.166
l 11575 11576
v 634.073 756.591 323.284
v 706.921 745.674 319.166
l 11577 11578
v -4724.29 1438.39 602.765
v -4856.69 1390.65 601.842
l 11579 11580
v -4686.44 -8.10562 522.627
v -4725 250.747 522.535
l 11581 11582
v -4686.44 -8.10562 522.627
v -4696.84 244.476 522.38
l 11583 11584
v -4638.4 -150.916 491.128
v -4723.37 -454.578 409.455
l 11585 11586
v -4628.33 20.2417 519.12
v -4628.19 -68.1276 512.411
l 11587 11588
v -4679.57 94.0859 526.587
v -4638.4 -150.916 491.128
l 11589 11590
v -4643.36 425.853 499.419
v -4562.5 235.927 502.285
l 11591 11592
v -4602.28 165.499 515.741
v -4657.41 335.458 517.482
l 11593 11594
v -4562.5 235.927 502.285
v -4559.74 -487.787 394.179
l 11595 11596
