v 5321.95 -2821.09 977.724
v 5321.95 -2815.98 978.239
v 5314.29 -2821.09 975.327
v 5321.95 -2792.42 980.724
v 5314.29 -2792.42 978.351
v 5321.95 -2815.98 978.239
v 5314.29 -2821.09 975.327
v 5321.95 -2706.43 985.367
v 5321.95 -2701.32 985.584
v 5314.29 -2706.43 983.21
v 5321.95 -2677.77 986.915
v 5314.29 -2677.77 984.83
v 5321.95 -2701.32 985.584
v 5314.29 -2706.43 983.21
v 5321.95 -2591.78 963.028
v 5321.95 -2586.67 961.521
v 5314.29 -2591.78 961.261
v 5321.95 -2563.11 955.065
v 5314.29 -2563.11 953.404
v 5321.95 -2586.67 961.521
v 5314.29 -2591.78 961.261
v 5321.95 -2477.12 927.226
v 5321.95 -2472.01 925.528
v 5314.29 -2477.12 925.723
v 5321.95 -2448.46 917.946
v 5314.29 -2448.46 916.496
v 5321.95 -2472.01 925.528
v 5314.29 -2477.12 925.723
v 5321.95 -2362.46 941.092
v 5321.95 -2357.36 942.662
v 5314.29 -2362.46 938.928
v 5321.95 -2333.8 948.807
v 5314.29 -2333.8 946.405
v 5321.95 -2357.36 942.662
v 5314.29 -2362.46 938.928
v 5321.95 -2247.81 959.928
v 5321.95 -2242.7 960.597
v 5314.29 -2247.81 957.496
v 5321.95 -2219.14 963.635
v 5314.29 -2219.14 961.194
v 5321.95 -2242.7 960.597
v 5314.29 -2247.81 957.496
v 5321.95 -2133.15 959.896
v 5321.95 -2128.04 959.576
v 5314.29 -2133.15 957.812
v 5321.95 -2104.49 958.649
v 5314.29 -2104.49 956.684
v 5321.95 -2128.04 959.576
v 5314.29 -2133.15 957.812
v 5321.95 -2018.5 947.235
v 5321.95 -2013.39 946.564
v 5314.29 -2018.5 945.24
v 5321.95 -1989.83 943.43
v 5314.29 -1989.83 941.426
v 5321.95 -2013.39 946.564
v 5314.29 -2018.5 945.24
v 5321.95 -1903.84 936.504
v 5321.95 -1898.73 936.144
v 5314.29 -1903.84 934.311
v 5321.95 -1875.18 934.195
v 5314.29 -1875.18 931.939
v 5321.95 -1898.73 936.144
v 5314.29 -1903.84 934.311
v 5321.95 -1789.19 936.613
v 5321.95 -1784.08 936.74
v 5314.29 -1789.19 934.417
v 5321.95 -1760.52 937.418
v 5314.29 -1760.52 935.243
v 5321.95 -1784.08 936.74
v 5314.29 -1789.19 934.417
v 5321.95 -1674.53 918.717
v 5321.95 -1669.42 917.564
v 5314.29 -1674.53 916.694
v 5321.95 -1645.87 912.483
v 5314.29 -1645.87 910.511
v 5321.95 -1669.42 917.564
v 5314.29 -1674.53 916.694
v 5321.95 -1559.88 899.035
v 5321.95 -1554.77 897.885
v 5314.29 -1559.88 898.342
v 5321.95 -1531.21 894.552
v 5314.29 -1531.21 894.285
v 5321.95 -1554.77 897.885
v 5314.29 -1559.88 898.342
v 5321.95 -1445.22 899.149
v 5321.95 -1440.11 899.317
v 5314.29 -1445.22 899.266
v 5321.95 -1416.56 900.681
v 5314.29 -1416.56 900.926
v 5321.95 -1440.11 899.317
v 5314.29 -1445.22 899.266
v 5321.95 -1330.56 915.535
v 5321.95 -1325.46 916.232
v 5314.29 -1330.56 916.457
v 5321.95 -1301.9 920.486
v 5314.29 -1301.9 921.635
v 5321.95 -1325.46 916.232
v 5314.29 -1330.56 916.457
v 5321.95 -1215.91 942.487
v 5321.95 -1210.8 943.661
v 5314.29 -1215.91 944.122
v 5321.95 -1187.24 949.821
v 5314.29 -1187.24 951.617
v 5321.95 -1210.8 943.661
v 5314.29 -1215.91 944.122
v 5321.95 -1101.25 945.869
v 5321.95 -1096.14 945.495
v 5314.29 -1101.25 948.175
v 5321.95 -1072.59 944.552
v 5314.29 -1072.59 947.027
v 5321.95 -1096.14 945.495
v 5314.29 -1101.25 948.175
v 5321.95 -986.598 929.093
v 5321.95 -981.489 928.243
v 5314.29 -986.598 931.318
v 5321.95 -957.934 923.94
v 5314.29 -957.934 926.082
v 5321.95 -981.489 928.243
v 5314.29 -986.598 931.318
v 5321.95 -871.942 927.258
v 5321.95 -866.833 927.351
v 5314.29 -871.942 929.78
v 5321.95 -843.278 928.364
v 5314.29 -843.278 931.013
v 5321.95 -866.833 927.351
v 5314.29 -871.942 929.78
v 5013.32 -728.623 991.663
v 5321.95 -757.286 923.608
v 5321.95 -752.177 923.245
v 5314.29 -757.286 926.55
v 5321.95 -728.622 922.023
v 5314.29 -728.622 925.062
v 5321.95 -752.177 923.245
v 5314.29 -757.286 926.55
v 5321.95 -642.631 913.928
v 5321.95 -637.521 913.57
v 5314.29 -642.631 916.519
v 5321.95 -613.967 911.23
v 5314.29 -613.967 913.671
v 5321.95 -637.521 913.57
v 5314.29 -642.631 916.519
v 5321.95 -527.975 922.81
v 5321.95 -522.866 923.222
v 5314.29 -527.975 926.26
v 5321.95 -499.311 926.671
v 5314.29 -499.311 930.456
v 5321.95 -522.866 923.222
v 5314.29 -527.975 926.26
v 5321.95 -413.32 950.411
v 5321.95 -408.21 951.798
v 5314.29 -413.32 954.283
v 5321.95 -384.656 958.325
v 5314.29 -384.656 962.226
v 5321.95 -408.21 951.798
v 5314.29 -413.32 954.283
v 5321.95 -298.664 963.375
v 5321.95 -293.555 963.882
v 5314.29 -298.664 966.517
v 5321.95 -270 965.058
v 5314.29 -270 967.948
v 5321.95 -293.555 963.882
v 5314.29 -298.664 966.517
v 5321.95 -184.009 909.264
v 5321.95 -178.9 906.341
v 5314.29 -184.009 910.726
v 5321.95 -155.345 890.666
v 5314.29 -155.345 891.653
v 5321.95 -178.9 906.341
v 5314.29 -184.009 910.726
v 5321.95 -69.3531 930.903
v 5321.95 -64.2439 934.45
v 5314.29 -69.3531 927.666
v 5321.95 -40.6892 944.315
v 5314.29 -40.6892 939.67
v 5321.95 -64.2439 934.45
v 5314.29 -69.3531 927.666
v 5321.95 45.3024 977.48
v 5321.95 50.4114 979.427
v 5314.29 45.3024 972.917
v 5321.95 73.9663 988.534
v 5314.29 73.9663 984
v 5321.95 50.4114 979.427
v 5314.29 45.3024 972.917
v 5321.95 159.958 1005.69
v 5321.95 165.067 1006.37
v 5314.29 159.958 1002.37
v 5321.95 188.622 1011.41
v 5314.29 188.622 1008.5
v 5321.95 165.067 1006.37
v 5314.29 159.958 1002.37
v 5321.95 274.613 1031.03
v 5321.95 279.722 1032.36
v 5314.29 274.613 1027.51
v 5321.95 303.277 1037.57
v 5314.29 303.277 1033.84
v 5321.95 279.722 1032.36
v 5314.29 274.613 1027.51
v 1057.7 417.933 401.475
v 5321.95 389.269 1050.15
v 5321.95 394.378 1051.07
v 5314.29 389.269 1045.81
v 5321.95 417.933 1054.35
v 5314.29 417.933 1049.8
v 5321.95 394.378 1051.07
v 5314.29 389.269 1045.81
v 5321.95 503.924 1056.85
v 5321.95 509.033 1056.54
v 5314.29 503.924 1053.98
v 5321.95 532.588 1057.69
v 5314.29 532.588 1055.37
v 5321.95 509.033 1056.54
v 5314.29 503.924 1053.98
v 5321.95 618.58 994.626
v 5321.95 623.689 990.538
v 5314.29 618.58 993.561
v 5321.95 647.244 973.606
v 5314.29 647.244 972.957
v 5321.95 623.689 990.538
v 5314.29 618.58 993.561
v 5321.95 733.236 945.698
v 5321.95 738.345 943.455
v 5314.29 733.236 947.183
v 5321.95 761.9 936.395
v 5314.29 761.9 938.592
v 5321.95 738.345 943.455
v 5314.29 733.236 947.183
v 5321.95 847.891 906.716
v 5321.95 853 905.018
v 5314.29 847.891 908.674
v 5321.95 876.555 896.823
v 5314.29 876.555 898.701
v 5321.95 853 905.018
v 5314.29 847.891 908.674
v 5321.95 962.547 877.867
v 5321.95 967.656 877.498
v 5314.29 962.547 876.983
v 5321.95 991.211 871.549
v 5314.29 991.211 869.743
v 5321.95 967.656 877.498
v 5314.29 962.547 876.983
v 5321.95 1077.2 906.889
v 5321.95 1082.31 909.376
v 5314.29 1077.2 903.668
v 5321.95 1105.87 918.668
v 5314.29 1105.87 914.977
v 5321.95 1082.31 909.376
v 5314.29 1077.2 903.668
v 5321.95 1191.86 982.747
v 5321.95 1196.97 987.533
v 5314.29 1191.86 975.48
v 5321.95 1220.52 1004.11
v 5314.29 1220.52 995.648
v 5321.95 1196.97 987.533
v 5314.29 1191.86 975.48
v 5321.95 1306.51 966.574
v 5321.95 1311.62 963.989
v 5314.29 1306.51 959.411
v 5314.29 1306.51 959.411
v 5321.95 1311.62 963.989
v 5314.29 1335.18 947.332
v 5321.95 1335.18 954.063
v 5321.95 1421.17 891.121
v 5321.95 1426.28 887.375
v 5314.29 1421.17 884.411
v 5314.29 1449.83 863.437
v 5314.29 1421.17 884.411
v 5321.95 1449.83 870.14
v 5321.95 1426.28 887.375
v 5321.95 1535.82 802.022
v 5321.95 1540.93 797.401
v 5314.29 1535.82 797.418
v 5314.29 1535.82 797.418
v 5321.95 1540.93 797.401
v 5314.29 1564.49 775.412
v 5321.95 1564.49 779.317
v 5321.95 1650.48 757.025
v 5321.95 1655.59 756.133
v 5314.29 1650.48 751.538
v 5314.29 1650.48 751.538
v 5321.95 1655.59 756.133
v 5314.29 1679.14 743.581
v 5321.95 1679.14 749.594
v 5321.95 1765.14 750.06
v 5321.95 1770.24 749.928
v 5314.29 1765.14 744.633
v 5321.95 1793.8 750.216
v 5314.29 1793.8 744.984
v 5321.95 1770.24 749.928
v 5314.29 1765.14 744.633
v 5321.95 1879.79 713.22
v 5321.95 1884.9 710.711
v 5314.29 1879.79 709.121
v 5314.29 1879.79 709.121
v 5321.95 1884.9 710.711
v 5314.29 1908.45 697.167
v 5321.95 1908.45 700.888
v 5321.95 1994.45 703.345
v 5321.95 1999.56 703.467
v 5314.29 1994.45 699.712
v 5321.95 2023.11 704.164
v 5314.29 2023.11 700.56
v 5321.95 1999.56 703.467
v 5314.29 1994.45 699.712
v 5321.95 2109.1 710.045
v 5321.95 2114.21 710.552
v 5314.29 2109.1 705.869
v 5321.95 2137.77 712.006
v 5314.29 2137.77 707.638
v 5321.95 2114.21 710.552
v 5314.29 2109.1 705.869
v 5321.95 2223.76 690.975
v 5321.95 2228.87 689.333
v 5314.29 2223.76 688.039
v 5321.95 2252.42 683.964
v 5314.29 2252.42 681.506
v 5321.95 2228.87 689.333
v 5314.29 2223.76 688.039
v 5321.95 2338.41 650.241
v 5321.95 2343.52 648.043
v 5314.29 2338.41 648.494
v 5321.95 2367.08 639
v 5314.29 2367.08 637.49
v 5321.95 2343.52 648.043
v 5314.29 2338.41 648.494
v 5321.95 2453.07 619.366
v 5321.95 2458.18 617.877
v 5314.29 2453.07 619.032
v 5321.95 2481.73 612.821
v 5314.29 2481.73 612.879
v 5321.95 2458.18 617.877
v 5314.29 2453.07 619.032
v 5321.95 2567.72 588.072
v 5321.95 2572.83 586.236
v 5314.29 2567.72 589.463
v 5321.95 2596.39 579.822
v 5314.29 2596.39 581.658
v 5321.95 2572.83 586.236
v 5314.29 2567.72 589.463
v 5321.95 2682.38 588.682
v 5321.95 2687.49 588.855
v 5314.29 2682.38 591.809
v 5321.95 2711.04 591.635
v 5314.29 2711.04 595.193
v 5321.95 2687.49 588.855
v 5314.29 2682.38 591.809
v 5321.95 2797.04 585.124
v 5321.95 2802.14 584.925
v 5314.29 2797.04 587.993
v 5321.95 2825.7 582.953
v 5314.29 2825.7 585.593
v 5321.95 2802.14 584.925
v 5314.29 2797.04 587.993
v 5321.95 2911.69 555.579
v 5321.95 2916.8 554.189
v 5314.29 2911.69 557.356
v 5321.95 2940.35 546.455
v 5314.29 2940.35 547.944
v 5321.95 2916.8 554.189
v 5314.29 2911.69 557.356
v 5321.95 3026.35 523.087
v 5321.95 3031.46 522.131
v 5314.29 3026.35 522.996
v 5321.95 3055.01 515.297
v 5314.29 3055.01 514.681
v 5321.95 3031.46 522.131
v 5314.29 3026.35 522.996
v 5321.95 3141 539.386
v 5321.95 3146.11 541.082
v 5314.29 3141 537.801
v 5321.95 3169.67 547.416
v 5314.29 3169.67 545.508
v 5321.95 3146.11 541.082
v 5314.29 3141 537.801
v 5321.95 3255.66 581.655
v 5321.95 3260.77 583.663
v 5314.29 3255.66 579.842
v 5321.95 3284.32 593.068
v 5314.29 3284.32 591.287
v 5321.95 3260.77 583.663
v 5314.29 3255.66 579.842
v 5321.95 3370.31 619.337
v 5321.95 3375.42 620.533
v 5314.29 3370.31 618.888
v 5321.95 3398.98 628.094
v 5314.29 3398.98 628.089
v 5321.95 3375.42 620.533
v 5314.29 3370.31 618.888
v 5321.95 3484.97 630.117
v 5321.95 3490.08 630.006
v 5314.29 3484.97 630.958
v 5321.95 3513.63 630.792
v 5314.29 3513.63 631.915
v 5321.95 3490.08 630.006
v 5314.29 3484.97 630.958
v 5321.95 3599.62 624.992
v 5321.95 3604.73 624.596
v 5314.29 3599.62 626.302
v 5321.95 3628.29 623.059
v 5314.29 3628.29 624.431
v 5321.95 3604.73 624.596
v 5314.29 3599.62 626.302
v 5228.3 3685.62 643.806
v 5185.3 3685.62 650.454
v 5228.3 3693.49 644.353
v 5197.11 3693.49 649.175
v 5228.3 3685.62 643.806
v 5185.3 3685.62 650.454
v 5197.11 3693.49 649.175
v 5185.3 3693.49 650.856
v 5271.29 3685.62 637.159
v 5271.29 3693.49 637.849
v 5240.11 3693.49 642.671
v 5271.29 3685.62 637.159
v 5240.11 3693.49 642.671
v 5228.3 3693.49 644.353
v 5314.29 3628.29 624.431
v 5314.29 3656.95 627.471
v 5314.29 3685.62 630.511
v 5283.1 3693.49 636.168
v 5314.29 3685.62 630.511
v 5283.1 3693.49 636.168
v 5271.29 3693.49 637.849
v 5321.95 3628.29 623.059
v 5321.95 3633.4 623.694
v 5321.95 3656.95 626.193
v 5314.29 3656.95 627.471
v 5321.95 3633.4 623.694
v 5321.95 3656.95 626.193
v 5321.95 3662.06 626.828
v 5321.95 3685.62 629.326
v 5321.95 3662.06 626.828
v 5321.95 3685.62 629.326
v 5321.95 3690.73 629.962
v 5321.95 3690.73 629.962
v 5321.95 3693.49 630.255
v 5056.31 3685.62 598.655
v 5013.32 3685.62 581.389
v 5056.31 3693.49 597.776
v 5025.13 3693.49 585.252
v 5056.31 3685.62 598.655
v 5013.32 3685.62 581.389
v 5025.13 3693.49 585.252
v 5013.32 3693.49 580.082
v 5099.31 3685.62 615.921
v 5099.31 3693.49 615.469
v 5068.12 3693.49 602.945
v 5099.31 3685.62 615.921
v 5068.12 3693.49 602.945
v 5056.31 3693.49 597.776
v 5142.3 3685.62 633.188
v 5142.3 3693.49 633.163
v 5111.12 3693.49 620.639
v 5142.3 3685.62 633.188
v 5111.12 3693.49 620.639
v 5099.31 3693.49 615.469
v 5185.3 3693.49 650.856
v 5154.11 3693.49 638.332
v 5154.11 3693.49 638.332
v 5142.3 3693.49 633.163
v 4884.33 3685.62 501.685
v 4841.33 3685.62 475.117
v 4884.33 3693.49 501.35
v 4884.33 3685.62 501.685
v 4841.33 3685.62 475.117
v 4841.33 3693.49 475.106
v 4927.33 3685.62 528.253
v 4927.33 3693.49 527.594
v 4896.14 3693.49 508.323
v 4927.33 3685.62 528.253
v 4896.14 3693.49 508.323
v 4884.33 3693.49 501.35
v 4970.32 3685.62 554.821
v 4970.32 3693.49 553.838
v 4939.13 3693.49 534.567
v 4970.32 3685.62 554.821
v 4939.13 3693.49 534.567
v 4927.33 3693.49 527.594
v 5013.32 3693.49 580.082
v 4982.13 3693.49 560.811
v 4982.13 3693.49 560.811
v 4970.32 3693.49 553.838
v 4712.35 3685.62 436.995
v 4669.35 3685.62 424.288
v 4712.35 3693.49 435.51
v 4681.16 3693.49 426.293
v 4712.35 3685.62 436.995
v 4669.35 3685.62 424.288
v 4681.16 3693.49 426.293
v 4669.35 3693.49 422.311
v 4755.34 3685.62 449.702
v 4755.34 3693.49 448.709
v 4724.15 3693.49 439.492
v 4755.34 3685.62 449.702
v 4724.15 3693.49 439.492
v 4712.35 3693.49 435.51
v 4798.34 3685.62 462.409
v 4798.34 3693.49 461.907
v 4767.15 3693.49 452.69
v 4798.34 3685.62 462.409
v 4767.15 3693.49 452.69
v 4755.34 3693.49 448.709
v 4841.33 3693.49 475.106
v 4810.15 3693.49 465.889
v 4810.15 3693.49 465.889
v 4798.34 3693.49 461.907
v 4540.36 3685.62 438.963
v 4497.37 3685.62 443.855
v 4540.36 3693.49 438.172
v 4509.18 3693.49 441.72
v 4540.36 3685.62 438.963
v 4497.37 3685.62 443.855
v 4509.18 3693.49 441.72
v 4497.37 3693.49 443.459
v 4583.36 3685.62 434.072
v 4583.36 3693.49 432.885
v 4552.17 3693.49 436.433
v 4583.36 3685.62 434.072
v 4552.17 3693.49 436.433
v 4540.36 3693.49 438.172
v 4626.35 3685.62 429.18
v 4626.35 3693.49 427.598
v 4595.17 3693.49 431.146
v 4626.35 3685.62 429.18
v 4595.17 3693.49 431.146
v 4583.36 3693.49 432.885
v 4669.35 3693.49 422.311
v 4638.16 3693.49 425.859
v 4638.16 3693.49 425.859
v 4626.35 3693.49 427.598
v 4368.38 3685.62 478.28
v 4325.38 3685.62 489.755
v 4368.38 3693.49 476.339
v 4337.19 3693.49 484.662
v 4368.38 3685.62 478.28
v 4325.38 3685.62 489.755
v 4337.19 3693.49 484.662
v 4325.38 3693.49 487.299
v 4411.38 3685.62 466.805
v 4411.38 3693.49 465.379
v 4380.19 3693.49 473.702
v 4411.38 3685.62 466.805
v 4380.19 3693.49 473.702
v 4368.38 3693.49 476.339
v 4454.37 3685.62 455.33
v 4454.37 3693.49 454.419
v 4423.18 3693.49 462.742
v 4454.37 3685.62 455.33
v 4423.18 3693.49 462.742
v 4411.38 3693.49 465.379
v 4497.37 3693.49 443.459
v 4466.18 3693.49 451.782
v 4466.18 3693.49 451.782
v 4454.37 3693.49 454.419
v 4196.4 3685.62 520.924
v 4153.4 3685.62 531.314
v 4196.4 3693.49 520.445
v 4165.21 3693.49 527.982
v 4196.4 3685.62 520.924
v 4153.4 3685.62 531.314
v 4165.21 3693.49 527.982
v 4153.4 3693.49 531.494
v 4239.39 3685.62 510.534
v 4239.39 3693.49 509.396
v 4208.21 3693.49 516.933
v 4239.39 3685.62 510.534
v 4208.21 3693.49 516.933
v 4196.4 3693.49 520.445
v 4282.39 3685.62 500.145
v 4282.39 3693.49 498.348
v 4251.2 3693.49 505.884
v 4282.39 3685.62 500.145
v 4251.2 3693.49 505.884
v 4239.39 3693.49 509.396
v 4325.38 3693.49 487.299
v 4294.2 3693.49 494.835
v 4294.2 3693.49 494.835
v 4282.39 3693.49 498.348
v 4024.41 3685.62 529.53
v 3981.42 3685.62 528.935
v 4024.41 3693.49 529.054
v 3993.23 3693.49 528.623
v 4024.41 3685.62 529.53
v 3981.42 3685.62 528.935
v 3993.23 3693.49 528.623
v 3981.42 3693.49 528.241
v 4067.41 3685.62 530.124
v 4067.41 3693.49 529.868
v 4036.22 3693.49 529.436
v 4067.41 3685.62 530.124
v 4036.22 3693.49 529.436
v 4024.41 3693.49 529.054
v 4110.4 3685.62 530.719
v 4110.4 3693.49 530.681
v 4079.22 3693.49 530.25
v 4110.4 3685.62 530.719
v 4079.22 3693.49 530.25
v 4067.41 3693.49 529.868
v 4153.4 3693.49 531.494
v 4122.21 3693.49 531.063
v 4122.21 3693.49 531.063
v 4110.4 3693.49 530.681
v 3852.43 3685.62 545.04
v 3809.43 3685.62 550.408
v 3852.43 3693.49 544.835
v 3821.24 3693.49 548.728
v 3852.43 3685.62 545.04
v 3809.43 3685.62 550.408
v 3821.24 3693.49 548.728
v 3809.43 3693.49 550.366
v 3895.43 3685.62 539.671
v 3895.43 3693.49 539.303
v 3864.24 3693.49 543.197
v 3895.43 3685.62 539.671
v 3864.24 3693.49 543.197
v 3852.43 3693.49 544.835
v 3938.42 3685.62 534.303
v 3938.42 3693.49 533.772
v 3907.23 3693.49 537.666
v 3938.42 3685.62 534.303
v 3907.23 3693.49 537.666
v 3895.43 3693.49 539.303
v 3981.42 3693.49 528.241
v 3950.23 3693.49 532.135
v 3950.23 3693.49 532.135
v 3938.42 3693.49 533.772
v 3680.45 3685.62 565.619
v 3637.45 3685.62 570.689
v 3680.45 3693.49 564.766
v 3649.26 3693.49 568.444
v 3680.45 3685.62 565.619
v 3637.45 3685.62 570.689
v 3649.26 3693.49 568.444
v 3637.45 3693.49 569.566
v 3723.44 3685.62 560.549
v 3723.44 3693.49 559.966
v 3692.26 3693.49 563.644
v 3723.44 3685.62 560.549
v 3692.26 3693.49 563.644
v 3680.45 3693.49 564.766
v 3766.44 3685.62 555.478
v 3766.44 3693.49 555.166
v 3735.25 3693.49 558.844
v 3766.44 3685.62 555.478
v 3735.25 3693.49 558.844
v 3723.44 3693.49 559.966
v 3809.43 3693.49 550.366
v 3778.25 3693.49 554.044
v 3778.25 3693.49 554.044
v 3766.44 3693.49 555.166
v 3508.46 3685.62 559.993
v 3465.47 3685.62 556.427
v 3508.46 3693.49 559.693
v 3477.28 3693.49 557.107
v 3508.46 3685.62 559.993
v 3465.47 3685.62 556.427
v 3477.28 3693.49 557.107
v 3465.47 3693.49 556.402
v 3551.46 3685.62 563.558
v 3551.46 3693.49 562.984
v 3520.27 3693.49 560.398
v 3551.46 3685.62 563.558
v 3520.27 3693.49 560.398
v 3508.46 3693.49 559.693
v 3594.45 3685.62 567.124
v 3594.45 3693.49 566.275
v 3563.27 3693.49 563.689
v 3594.45 3685.62 567.124
v 3563.27 3693.49 563.689
v 3551.46 3693.49 562.984
v 3637.45 3693.49 569.566
v 3606.26 3693.49 566.98
v 3606.26 3693.49 566.98
v 3594.45 3693.49 566.275
v 3336.48 3685.62 551.382
v 3293.48 3685.62 549.701
v 3336.48 3693.49 552.152
v 3305.29 3693.49 550.932
v 3336.48 3685.62 551.382
v 3293.48 3685.62 549.701
v 3305.29 3693.49 550.932
v 3293.48 3693.49 550.735
v 3379.48 3685.62 553.064
v 3379.48 3693.49 553.568
v 3348.29 3693.49 552.349
v 3379.48 3685.62 553.064
v 3348.29 3693.49 552.349
v 3336.48 3693.49 552.152
v 3422.47 3685.62 554.745
v 3422.47 3693.49 554.985
v 3391.28 3693.49 553.765
v 3422.47 3685.62 554.745
v 3391.28 3693.49 553.765
v 3379.48 3693.49 553.568
v 3465.47 3693.49 556.402
v 3434.28 3693.49 555.182
v 3434.28 3693.49 555.182
v 3422.47 3693.49 554.985
v 3164.5 3685.62 547.295
v 3121.5 3685.62 546.493
v 3164.5 3693.49 547.81
v 3133.31 3693.49 547.228
v 3164.5 3685.62 547.295
v 3121.5 3685.62 546.493
v 3133.31 3693.49 547.228
v 3121.5 3693.49 546.835
v 3207.49 3685.62 548.097
v 3207.49 3693.49 548.785
v 3176.31 3693.49 548.203
v 3207.49 3685.62 548.097
v 3176.31 3693.49 548.203
v 3164.5 3693.49 547.81
v 3250.49 3685.62 548.899
v 3250.49 3693.49 549.76
v 3219.3 3693.49 549.178
v 3250.49 3685.62 548.899
v 3219.3 3693.49 549.178
v 3207.49 3693.49 548.785
v 3293.48 3693.49 550.735
v 3262.3 3693.49 550.153
v 3262.3 3693.49 550.153
v 3250.49 3693.49 549.76
v 2992.51 3685.62 511.631
v 2949.52 3685.62 500.01
v 2992.51 3693.49 511.263
v 2961.33 3693.49 502.834
v 2992.51 3685.62 511.631
v 2949.52 3685.62 500.01
v 2961.33 3693.49 502.834
v 2949.52 3693.49 499.405
v 3035.51 3685.62 523.251
v 3035.51 3693.49 523.12
v 3004.32 3693.49 514.691
v 3035.51 3685.62 523.251
v 3004.32 3693.49 514.691
v 2992.51 3693.49 511.263
v 3078.5 3685.62 534.872
v 3078.5 3693.49 534.978
v 3047.32 3693.49 526.549
v 3078.5 3685.62 534.872
v 3047.32 3693.49 526.549
v 3035.51 3693.49 523.12
v 3121.5 3693.49 546.835
v 3090.31 3693.49 538.406
v 3090.31 3693.49 538.406
v 3078.5 3693.49 534.978
v 2820.53 3685.62 463.787
v 2777.53 3685.62 451.713
v 2820.53 3693.49 461.191
v 2789.34 3693.49 452.433
v 2820.53 3685.62 463.787
v 2777.53 3685.62 451.713
v 2789.34 3693.49 452.433
v 2777.53 3693.49 448.453
v 2863.53 3685.62 475.861
v 2863.53 3693.49 473.929
v 2832.34 3693.49 465.171
v 2863.53 3685.62 475.861
v 2832.34 3693.49 465.171
v 2820.53 3693.49 461.191
v 2906.52 3685.62 487.936
v 2906.52 3693.49 486.667
v 2875.33 3693.49 477.909
v 2906.52 3685.62 487.936
v 2875.33 3693.49 477.909
v 2863.53 3693.49 473.929
v 2949.52 3693.49 499.405
v 2918.33 3693.49 490.647
v 2918.33 3693.49 490.647
v 2906.52 3693.49 486.667
v 2648.55 3685.62 433.844
v 2605.55 3685.62 427.888
v 2648.55 3693.49 432.193
v 2617.36 3693.49 427.873
v 2648.55 3685.62 433.844
v 2605.55 3685.62 427.888
v 2617.36 3693.49 427.873
v 2605.55 3693.49 426.773
v 2691.54 3685.62 439.801
v 2691.54 3693.49 437.613
v 2660.36 3693.49 433.293
v 2691.54 3685.62 439.801
v 2660.36 3693.49 433.293
v 2648.55 3693.49 432.193
v 2734.54 3685.62 445.757
v 2734.54 3693.49 443.033
v 2703.35 3693.49 438.713
v 2734.54 3685.62 445.757
v 2703.35 3693.49 438.713
v 2691.54 3693.49 437.613
v 2777.53 3693.49 448.453
v 2746.35 3693.49 444.133
v 2746.35 3693.49 444.133
v 2734.54 3693.49 443.033
v 2476.56 3685.62 413.709
v 2433.57 3685.62 408.983
v 2476.56 3693.49 413.512
v 2445.38 3693.49 410.084
v 2476.56 3685.62 413.709
v 2433.57 3685.62 408.983
v 2445.38 3693.49 410.084
v 2433.57 3693.49 409.092
v 2519.56 3685.62 418.436
v 2519.56 3693.49 417.933
v 2488.37 3693.49 414.504
v 2519.56 3685.62 418.436
v 2488.37 3693.49 414.504
v 2476.56 3693.49 413.512
v 2562.55 3685.62 423.162
v 2562.55 3693.49 422.353
v 2531.37 3693.49 418.924
v 2562.55 3685.62 423.162
v 2531.37 3693.49 418.924
v 2519.56 3693.49 417.933
v 2605.55 3693.49 426.773
v 2574.36 3693.49 423.345
v 2574.36 3693.49 423.345
v 2562.55 3693.49 422.353
v 2304.58 3685.62 374.662
v 2261.58 3685.62 363.222
v 2304.58 3693.49 374.251
v 2273.39 3693.49 365.953
v 2304.58 3685.62 374.662
v 2261.58 3685.62 363.222
v 2273.39 3693.49 365.953
v 2261.58 3693.49 362.638
v 2347.58 3685.62 386.102
v 2347.58 3693.49 385.865
v 2316.39 3693.49 377.567
v 2347.58 3685.62 386.102
v 2316.39 3693.49 377.567
v 2304.58 3693.49 374.251
v 2390.57 3685.62 397.543
v 2390.57 3693.49 397.479
v 2359.38 3693.49 389.181
v 2390.57 3685.62 397.543
v 2359.38 3693.49 389.181
v 2347.58 3693.49 385.865
v 2433.57 3693.49 409.092
v 2402.38 3693.49 400.794
v 2402.38 3693.49 400.794
v 2390.57 3693.49 397.479
v 2132.6 3685.62 336.839
v 2089.6 3685.62 328.045
v 2132.6 3693.49 336.058
v 2101.41 3693.49 329.68
v 2132.6 3685.62 336.839
v 2089.6 3685.62 328.045
v 2101.41 3693.49 329.68
v 2089.6 3693.49 327.199
v 2175.59 3685.62 345.633
v 2175.59 3693.49 344.918
v 2144.41 3693.49 338.539
v 2175.59 3685.62 345.633
v 2144.41 3693.49 338.539
v 2132.6 3693.49 336.058
v 2218.59 3685.62 354.427
v 2218.59 3693.49 353.778
v 2187.4 3693.49 347.399
v 2218.59 3685.62 354.427
v 2187.4 3693.49 347.399
v 2175.59 3693.49 344.918
v 2261.58 3693.49 362.638
v 2230.4 3693.49 356.259
v 2230.4 3693.49 356.259
v 2218.59 3693.49 353.778
v 1960.61 3685.62 314.511
v 1917.62 3685.62 310
v 1960.61 3693.49 314.3
v 1929.43 3693.49 311.027
v 1960.61 3685.62 314.511
v 1917.62 3685.62 310
v 1929.43 3693.49 311.027
v 1917.62 3693.49 310
v 2003.61 3685.62 319.022
v 2003.61 3693.49 318.599
v 1972.42 3693.49 315.327
v 2003.61 3685.62 319.022
v 1972.42 3693.49 315.327
v 1960.61 3693.49 314.3
v 2046.6 3685.62 323.534
v 2046.6 3693.49 322.899
v 2015.42 3693.49 319.627
v 2046.6 3685.62 323.534
v 2015.42 3693.49 319.627
v 2003.61 3693.49 318.599
v 2089.6 3693.49 327.199
v 2058.41 3693.49 323.926
v 2058.41 3693.49 323.926
v 2046.6 3693.49 322.899
v 1788.63 3685.62 310
v 1745.63 3685.62 310
v 1788.63 3693.49 310
v 1757.44 3693.49 310
v 1788.63 3685.62 310
v 1745.63 3685.62 310
v 1757.44 3693.49 310
v 1745.63 3693.49 310
v 1831.63 3685.62 310
v 1831.63 3693.49 310
v 1800.44 3693.49 310
v 1831.63 3685.62 310
v 1800.44 3693.49 310
v 1788.63 3693.49 310
v 1874.62 3685.62 310
v 1874.62 3693.49 310
v 1843.43 3693.49 310
v 1874.62 3685.62 310
v 1843.43 3693.49 310
v 1831.63 3693.49 310
v 1917.62 3693.49 310
v 1886.43 3693.49 310
v 1886.43 3693.49 310
v 1874.62 3693.49 310
v 1616.65 3685.62 318.288
v 1573.65 3685.62 321.05
v 1616.65 3693.49 318.31
v 1585.46 3693.49 320.314
v 1616.65 3685.62 318.288
v 1573.65 3685.62 321.05
v 1585.46 3693.49 320.314
v 1573.65 3693.49 321.08
v 1659.64 3685.62 315.525
v 1659.64 3693.49 315.54
v 1628.46 3693.49 317.544
v 1659.64 3685.62 315.525
v 1628.46 3693.49 317.544
v 1616.65 3693.49 318.31
v 1702.64 3685.62 312.763
v 1702.64 3693.49 312.77
v 1671.45 3693.49 314.774
v 1702.64 3685.62 312.763
v 1671.45 3693.49 314.774
v 1659.64 3693.49 315.54
v 1745.63 3693.49 310
v 1714.45 3693.49 312.004
v 1714.45 3693.49 312.004
v 1702.64 3693.49 312.77
v 1444.66 3685.62 319.75
v 1401.67 3685.62 319.316
v 1444.66 3693.49 319.62
v 1413.48 3693.49 319.306
v 1444.66 3685.62 319.75
v 1401.67 3685.62 319.316
v 1413.48 3693.49 319.306
v 1401.67 3693.49 319.134
v 1487.66 3685.62 320.183
v 1487.66 3693.49 320.107
v 1456.47 3693.49 319.793
v 1487.66 3685.62 320.183
v 1456.47 3693.49 319.793
v 1444.66 3693.49 319.62
v 1530.65 3685.62 320.617
v 1530.65 3693.49 320.594
v 1499.47 3693.49 320.279
v 1530.65 3685.62 320.617
v 1499.47 3693.49 320.279
v 1487.66 3693.49 320.107
v 1573.65 3693.49 321.08
v 1542.46 3693.49 320.766
v 1542.46 3693.49 320.766
v 1530.65 3693.49 320.594
v 1272.68 3685.62 371.201
v 1229.68 3685.62 388.496
v 1272.68 3693.49 371.014
v 1241.49 3693.49 383.559
v 1272.68 3685.62 371.201
v 1229.68 3685.62 388.496
v 1241.49 3693.49 383.559
v 1229.68 3693.49 388.307
v 1315.68 3685.62 353.906
v 1315.68 3693.49 353.721
v 1284.49 3693.49 366.265
v 1315.68 3685.62 353.906
v 1284.49 3693.49 366.265
v 1272.68 3693.49 371.014
v 1358.67 3685.62 336.611
v 1358.67 3693.49 336.427
v 1327.48 3693.49 348.972
v 1358.67 3685.62 336.611
v 1327.48 3693.49 348.972
v 1315.68 3693.49 353.721
v 1401.67 3693.49 319.134
v 1370.48 3693.49 331.679
v 1370.48 3693.49 331.679
v 1358.67 3693.49 336.427
v 1100.7 3685.62 474.611
v 1057.7 3685.62 503.315
v 1100.7 3693.49 474.005
v 1100.7 3685.62 474.611
v 1057.7 3685.62 503.315
v 1057.7 3693.49 502.57
v 1143.69 3685.62 445.906
v 1143.69 3693.49 445.439
v 1143.69 3685.62 445.906
v 1100.7 3693.49 474.005
v 1186.69 3685.62 417.201
v 1186.69 3693.49 416.873
v 1186.69 3685.62 417.201
v 1143.69 3693.49 445.439
v 1229.68 3693.49 388.307
v 1186.69 3693.49 416.873
v 928.713 3685.62 521.392
v 885.717 3685.62 527.418
v 928.713 3693.49 521.218
v 897.526 3693.49 525.588
v 928.713 3685.62 521.392
v 885.717 3685.62 527.418
v 897.526 3693.49 525.588
v 885.717 3693.49 527.434
v 971.709 3685.62 515.367
v 971.709 3693.49 515.002
v 940.522 3693.49 519.373
v 971.709 3685.62 515.367
v 940.522 3693.49 519.373
v 928.713 3693.49 521.218
v 1014.7 3685.62 509.341
v 1014.7 3693.49 508.786
v 983.518 3693.49 513.157
v 1014.7 3685.62 509.341
v 983.518 3693.49 513.157
v 971.709 3693.49 515.002
v 1057.7 3693.49 502.57
v 1026.51 3693.49 506.941
v 1026.51 3693.49 506.941
v 1014.7 3693.49 508.786
v 756.73 3685.62 513.393
v 713.734 3685.62 508.718
v 756.73 3693.49 510.786
v 725.543 3693.49 507.395
v 756.73 3685.62 513.393
v 713.734 3685.62 508.718
v 725.543 3693.49 507.395
v 713.734 3693.49 505.236
v 799.726 3685.62 518.068
v 799.726 3693.49 516.335
v 768.539 3693.49 512.944
v 799.726 3685.62 518.068
v 768.539 3693.49 512.944
v 756.73 3693.49 510.786
v 842.721 3685.62 522.743
v 842.721 3693.49 521.884
v 811.535 3693.49 518.493
v 842.721 3685.62 522.743
v 811.535 3693.49 518.493
v 799.726 3693.49 516.335
v 885.717 3693.49 527.434
v 854.53 3693.49 524.043
v 854.53 3693.49 524.043
v 842.721 3693.49 521.884
v 584.746 3685.62 475.718
v 541.75 3685.62 464.719
v 584.746 3693.49 472.749
v 553.56 3693.49 464.77
v 584.746 3685.62 475.718
v 541.75 3685.62 464.719
v 553.56 3693.49 464.77
v 541.751 3693.49 461.919
v 627.742 3685.62 486.718
v 627.742 3693.49 483.578
v 596.555 3693.49 475.599
v 627.742 3685.62 486.718
v 596.555 3693.49 475.599
v 584.746 3693.49 472.749
v 670.738 3685.62 497.718
v 670.738 3693.49 494.407
v 639.551 3693.49 486.428
v 670.738 3685.62 497.718
v 639.551 3693.49 486.428
v 627.742 3693.49 483.578
v 713.734 3693.49 505.236
v 682.547 3693.49 497.258
v 682.547 3693.49 497.258
v 670.738 3693.49 494.407
v 412.763 3685.62 450.323
v 369.767 3685.62 445.524
v 412.763 3693.49 448.944
v 381.576 3693.49 445.463
v 412.763 3685.62 450.323
v 369.767 3685.62 445.524
v 381.576 3693.49 445.463
v 369.767 3693.49 444.618
v 455.759 3685.62 455.121
v 455.759 3693.49 453.269
v 424.572 3693.49 449.788
v 455.759 3685.62 455.121
v 424.572 3693.49 449.788
v 412.763 3693.49 448.944
v 498.755 3685.62 459.92
v 498.755 3693.49 457.594
v 467.568 3693.49 454.113
v 498.755 3685.62 459.92
v 467.568 3693.49 454.113
v 455.759 3693.49 453.269
v 541.751 3693.49 461.919
v 510.564 3693.49 458.439
v 510.564 3693.49 458.439
v 498.755 3693.49 457.594
v 240.78 3685.62 468.072
v 197.784 3685.62 475.588
v 240.78 3693.49 468.234
v 209.593 3693.49 473.686
v 240.78 3685.62 468.072
v 197.784 3685.62 475.588
v 209.593 3693.49 473.686
v 197.784 3693.49 476.106
v 283.776 3685.62 460.556
v 283.776 3693.49 460.362
v 252.589 3693.49 465.814
v 283.776 3685.62 460.556
v 252.589 3693.49 465.814
v 240.78 3693.49 468.234
v 326.771 3685.62 453.04
v 326.771 3693.49 452.49
v 295.584 3693.49 457.942
v 326.771 3685.62 453.04
v 295.584 3693.49 457.942
v 283.776 3693.49 460.362
v 369.767 3693.49 444.618
v 338.58 3693.49 450.07
v 338.58 3693.49 450.07
v 326.771 3693.49 452.49
v 68.7966 3685.62 536.729
v 25.8008 3685.62 557.11
v 68.7966 3693.49 535.44
v 37.6094 3693.49 550.223
v 68.7966 3685.62 536.729
v 25.8008 3685.62 557.11
v 37.6094 3693.49 550.223
v 25.8008 3693.49 555.218
v 111.792 3685.62 516.349
v 111.792 3693.49 515.662
v 80.6052 3693.49 530.445
v 111.792 3685.62 516.349
v 80.6052 3693.49 530.445
v 68.7966 3693.49 535.44
v 154.788 3685.62 495.968
v 154.788 3693.49 495.884
v 123.601 3693.49 510.667
v 154.788 3685.62 495.968
v 123.601 3693.49 510.667
v 111.792 3693.49 515.662
v 197.784 3693.49 476.106
v 166.597 3693.49 490.889
v 166.597 3693.49 490.889
v 154.788 3693.49 495.884
v -103.187 3685.62 550.153
v -146.183 3685.62 547.834
v -103.187 3693.49 548.382
v -134.374 3693.49 546.7
v -103.187 3685.62 550.153
v -146.183 3685.62 547.834
v -134.374 3693.49 546.7
v -146.183 3693.49 546.103
v -60.191 3685.62 552.472
v -60.191 3693.49 550.66
v -91.3777 3693.49 548.978
v -60.191 3685.62 552.472
v -91.3777 3693.49 548.978
v -103.187 3693.49 548.382
v -17.1951 3685.62 554.791
v -17.1951 3693.49 552.939
v -48.3818 3693.49 551.257
v -17.1951 3685.62 554.791
v -48.3818 3693.49 551.257
v -60.191 3693.49 550.66
v 25.8008 3693.49 555.218
v -5.38616 3693.49 553.536
v -5.38616 3693.49 553.536
v -17.1951 3693.49 552.939
v -275.17 3685.62 555.127
v -318.166 3685.62 557.557
v -275.17 3693.49 554.916
v -306.357 3693.49 556.679
v -275.17 3685.62 555.127
v -318.166 3685.62 557.557
v -306.357 3693.49 556.679
v -318.166 3693.49 557.854
v -232.174 3685.62 552.696
v -232.174 3693.49 551.978
v -263.361 3693.49 553.741
v -232.174 3685.62 552.696
v -263.361 3693.49 553.741
v -275.17 3693.49 554.916
v -189.179 3685.62 550.265
v -189.179 3693.49 549.041
v -220.365 3693.49 550.804
v -189.179 3685.62 550.265
v -220.365 3693.49 550.804
v -232.174 3693.49 551.978
v -146.183 3693.49 546.103
v -177.369 3693.49 547.866
v -177.369 3693.49 547.866
v -189.179 3693.49 549.041
v -447.154 3685.62 567.406
v -490.149 3685.62 570.689
v -447.154 3693.49 567.471
v -478.34 3693.49 569.853
v -447.154 3685.62 567.406
v -490.149 3685.62 570.689
v -478.34 3693.49 569.853
v -490.149 3693.49 570.677
v -404.158 3685.62 564.123
v -404.158 3693.49 564.265
v -435.344 3693.49 566.647
v -404.158 3685.62 564.123
v -435.344 3693.49 566.647
v -447.154 3693.49 567.471
v -361.162 3685.62 560.84
v -361.162 3693.49 561.06
v -392.349 3693.49 563.441
v -361.162 3685.62 560.84
v -392.349 3693.49 563.441
v -404.158 3693.49 564.265
v -318.166 3693.49 557.854
v -349.353 3693.49 560.235
v -349.353 3693.49 560.235
v -361.162 3693.49 561.06
v -619.137 3685.62 533.939
v -662.133 3685.62 521.69
v -619.137 3693.49 532.179
v -650.324 3693.49 523.294
v -619.137 3685.62 533.939
v -662.133 3685.62 521.69
v -650.324 3693.49 523.294
v -662.133 3693.49 519.346
v -576.141 3685.62 546.189
v -576.141 3693.49 545.012
v -607.328 3693.49 536.126
v -576.141 3685.62 546.189
v -607.328 3693.49 536.126
v -619.137 3693.49 532.179
v -533.145 3685.62 558.439
v -533.145 3693.49 557.844
v -564.332 3693.49 548.959
v -533.145 3685.62 558.439
v -564.332 3693.49 548.959
v -576.141 3693.49 545.012
v -490.149 3693.49 570.677
v -521.336 3693.49 561.792
v -521.336 3693.49 561.792
v -533.145 3693.49 557.844
v -791.12 3685.62 484.772
v -834.116 3685.62 472.467
v -791.12 3693.49 483.59
v -822.308 3693.49 474.664
v -791.12 3685.62 484.772
v -834.116 3685.62 472.467
v -822.308 3693.49 474.664
v -834.116 3693.49 471.671
v -748.124 3685.62 497.078
v -748.125 3693.49 495.509
v -779.312 3693.49 486.583
v -748.124 3685.62 497.078
v -779.312 3693.49 486.583
v -791.12 3693.49 483.59
v -705.129 3685.62 509.384
v -705.129 3693.49 507.427
v -736.316 3693.49 498.502
v -705.129 3685.62 509.384
v -736.316 3693.49 498.502
v -748.125 3693.49 495.509
v -662.133 3693.49 519.346
v -693.32 3693.49 510.42
v -693.32 3693.49 510.42
v -705.129 3693.49 507.427
v -963.103 3685.62 476.648
v -1006.1 3685.62 478.042
v -963.103 3693.49 475.084
v -994.291 3693.49 476.095
v -963.103 3685.62 476.648
v -1006.1 3685.62 478.042
v -994.291 3693.49 476.095
v -1006.1 3693.49 476.221
v -920.108 3685.62 475.254
v -920.108 3693.49 473.946
v -951.295 3693.49 474.957
v -920.108 3685.62 475.254
v -951.295 3693.49 474.957
v -963.103 3693.49 475.084
v -877.112 3685.62 473.861
v -877.112 3693.49 472.809
v -908.299 3693.49 473.82
v -877.112 3685.62 473.861
v -908.299 3693.49 473.82
v -920.108 3693.49 473.946
v -834.116 3693.49 471.671
v -865.303 3693.49 472.682
v -865.303 3693.49 472.682
v -877.112 3693.49 472.809
v -1135.09 3685.62 484.818
v -1178.08 3685.62 487.076
v -1135.09 3693.49 484.194
v -1166.27 3693.49 485.833
v -1135.09 3685.62 484.818
v -1178.08 3685.62 487.076
v -1166.27 3693.49 485.833
v -1178.08 3693.49 486.852
v -1092.09 3685.62 482.559
v -1092.09 3693.49 481.536
v -1123.28 3693.49 483.175
v -1092.09 3685.62 482.559
v -1123.28 3693.49 483.175
v -1135.09 3693.49 484.194
v -1049.1 3685.62 480.301
v -1049.1 3693.49 478.879
v -1080.28 3693.49 480.517
v -1049.1 3685.62 480.301
v -1080.28 3693.49 480.517
v -1092.09 3693.49 481.536
v -1006.1 3693.49 476.221
v -1037.29 3693.49 477.859
v -1037.29 3693.49 477.859
v -1049.1 3693.49 478.879
v -1307.07 3685.62 525.427
v -1350.07 3685.62 538.211
v -1307.07 3693.49 526.559
v -1338.26 3693.49 535.832
v -1307.07 3685.62 525.427
v -1350.07 3685.62 538.211
v -1338.26 3693.49 535.832
v -1350.07 3693.49 539.795
v -1264.07 3685.62 512.644
v -1264.07 3693.49 513.324
v -1295.26 3693.49 522.596
v -1264.07 3685.62 512.644
v -1295.26 3693.49 522.596
v -1307.07 3693.49 526.559
v -1221.08 3685.62 499.86
v -1221.08 3693.49 500.088
v -1252.27 3693.49 509.36
v -1221.08 3685.62 499.86
v -1252.27 3693.49 509.36
v -1264.07 3693.49 513.324
v -1178.08 3693.49 486.852
v -1209.27 3693.49 496.125
v -1209.27 3693.49 496.125
v -1221.08 3693.49 500.088
v -1479.05 3685.62 588.521
v -1522.05 3685.62 605.291
v -1479.05 3693.49 586.763
v -1510.24 3693.49 598.927
v -1479.05 3685.62 588.521
v -1522.05 3685.62 605.291
v -1510.24 3693.49 598.927
v -1522.05 3693.49 602.419
v -1436.06 3685.62 571.751
v -1436.06 3693.49 571.107
v -1467.24 3693.49 583.271
v -1436.06 3685.62 571.751
v -1467.24 3693.49 583.271
v -1479.05 3693.49 586.763
v -1393.06 3685.62 554.981
v -1393.06 3693.49 555.451
v -1424.25 3693.49 567.615
v -1393.06 3685.62 554.981
v -1424.25 3693.49 567.615
v -1436.06 3693.49 571.107
v -1350.07 3693.49 539.795
v -1381.25 3693.49 551.959
v -1381.25 3693.49 551.959
v -1393.06 3693.49 555.451
v -1651.04 3685.62 639.913
v -1694.03 3685.62 651.454
v -1651.04 3693.49 638.878
v -1682.22 3693.49 647.249
v -1651.04 3685.62 639.913
v -1694.03 3685.62 651.454
v -1682.22 3693.49 647.249
v -1694.03 3693.49 651.03
v -1608.04 3685.62 628.372
v -1608.04 3693.49 626.725
v -1639.23 3693.49 635.096
v -1608.04 3685.62 628.372
v -1639.23 3693.49 635.096
v -1651.04 3693.49 638.878
v -1565.04 3685.62 616.832
v -1565.04 3693.49 614.572
v -1596.23 3693.49 622.943
v -1565.04 3685.62 616.832
v -1596.23 3693.49 622.943
v -1608.04 3693.49 626.725
v -1522.05 3693.49 602.419
v -1553.24 3693.49 610.791
v -1553.24 3693.49 610.791
v -1565.04 3693.49 614.572
v -1823.02 3685.62 637.366
v -1866.02 3685.62 632.669
v -1823.02 3693.49 635.597
v -1854.21 3693.49 632.191
v -1823.02 3685.62 637.366
v -1866.02 3685.62 632.669
v -1854.21 3693.49 632.191
v -1866.02 3693.49 630.453
v -1780.02 3685.62 642.062
v -1780.02 3693.49 640.741
v -1811.21 3693.49 637.335
v -1780.02 3685.62 642.062
v -1811.21 3693.49 637.335
v -1823.02 3693.49 635.597
v -1737.03 3685.62 646.758
v -1737.03 3693.49 645.886
v -1768.22 3693.49 642.479
v -1737.03 3685.62 646.758
v -1768.22 3693.49 642.479
v -1780.02 3693.49 640.741
v -1694.03 3693.49 651.03
v -1725.22 3693.49 647.624
v -1725.22 3693.49 647.624
v -1737.03 3693.49 645.886
v -1995 3685.62 640.613
v -2038 3685.62 643.261
v -1995 3693.49 638.137
v -2026.19 3693.49 640.057
v -1995 3685.62 640.613
v -2038 3685.62 643.261
v -2026.19 3693.49 640.057
v -2038 3693.49 640.698
v -1952.01 3685.62 637.965
v -1952.01 3693.49 635.575
v -1983.19 3693.49 637.496
v -1952.01 3685.62 637.965
v -1983.19 3693.49 637.496
v -1995 3693.49 638.137
v -1909.01 3685.62 635.317
v -1909.01 3693.49 633.014
v -1940.2 3693.49 634.935
v -1909.01 3685.62 635.317
v -1940.2 3693.49 634.935
v -1952.01 3693.49 635.575
v -1866.02 3693.49 630.453
v -1897.2 3693.49 632.373
v -1897.2 3693.49 632.373
v -1909.01 3693.49 633.014
v -2166.99 3685.62 666.561
v -2209.98 3685.62 674.327
v -2166.99 3693.49 666.209
v -2198.17 3693.49 671.843
v -2166.99 3685.62 666.561
v -2209.98 3685.62 674.327
v -2198.17 3693.49 671.843
v -2209.98 3693.49 674.713
v -2123.99 3685.62 658.794
v -2123.99 3693.49 657.706
v -2155.18 3693.49 663.339
v -2123.99 3685.62 658.794
v -2155.18 3693.49 663.339
v -2166.99 3693.49 666.209
v -2081 3685.62 651.028
v -2081 3693.49 649.202
v -2112.18 3693.49 654.835
v -2081 3685.62 651.028
v -2112.18 3693.49 654.835
v -2123.99 3693.49 657.706
v -2038 3693.49 640.698
v -2069.19 3693.49 646.331
v -2069.19 3693.49 646.331
v -2081 3693.49 649.202
v -2338.97 3685.62 646.158
v -2381.97 3685.62 636.768
v -2338.97 3693.49 646.674
v -2370.16 3693.49 639.863
v -2338.97 3685.62 646.158
v -2381.97 3685.62 636.768
v -2370.16 3693.49 639.863
v -2381.97 3693.49 637.327
v -2295.97 3685.62 655.548
v -2295.97 3693.49 656.02
v -2327.16 3693.49 649.209
v -2295.97 3685.62 655.548
v -2327.16 3693.49 649.209
v -2338.97 3693.49 646.674
v -2252.98 3685.62 664.938
v -2252.98 3693.49 665.367
v -2284.17 3693.49 658.556
v -2252.98 3685.62 664.938
v -2284.17 3693.49 658.556
v -2295.97 3693.49 656.02
v -2209.98 3693.49 674.713
v -2241.17 3693.49 667.902
v -2241.17 3693.49 667.902
v -2252.98 3693.49 665.367
v -2510.95 3685.62 627.837
v -2553.95 3685.62 624.86
v -2510.95 3693.49 629.747
v -2542.14 3693.49 627.588
v -2510.95 3685.62 627.837
v -2553.95 3685.62 624.86
v -2542.14 3693.49 627.588
v -2553.95 3693.49 627.22
v -2467.96 3685.62 630.814
v -2467.96 3693.49 632.274
v -2499.14 3693.49 630.115
v -2467.96 3685.62 630.814
v -2499.14 3693.49 630.115
v -2510.95 3693.49 629.747
v -2424.96 3685.62 633.791
v -2424.96 3693.49 634.801
v -2456.15 3693.49 632.641
v -2424.96 3685.62 633.791
v -2456.15 3693.49 632.641
v -2467.96 3693.49 632.274
v -2381.97 3693.49 637.327
v -2413.15 3693.49 635.168
v -2413.15 3693.49 635.168
v -2424.96 3693.49 634.801
v -2682.94 3685.62 625.619
v -2725.93 3685.62 625.872
v -2682.94 3693.49 626.933
v -2714.12 3693.49 627.116
v -2682.94 3685.62 625.619
v -2725.93 3685.62 625.872
v -2714.12 3693.49 627.116
v -2725.93 3693.49 626.837
v -2639.94 3685.62 625.366
v -2639.94 3693.49 627.029
v -2671.13 3693.49 627.212
v -2639.94 3685.62 625.366
v -2671.13 3693.49 627.212
v -2682.94 3693.49 626.933
v -2596.94 3685.62 625.113
v -2596.94 3693.49 627.124
v -2628.13 3693.49 627.308
v -2596.94 3685.62 625.113
v -2628.13 3693.49 627.308
v -2639.94 3693.49 627.029
v -2553.95 3693.49 627.22
v -2585.14 3693.49 627.404
v -2585.14 3693.49 627.404
v -2596.94 3693.49 627.124
v -2854.92 3685.62 623.101
v -2897.92 3685.62 622.177
v -2854.92 3693.49 623.978
v -2886.11 3693.49 623.308
v -2854.92 3685.62 623.101
v -2897.92 3685.62 622.177
v -2886.11 3693.49 623.308
v -2897.92 3693.49 623.025
v -2811.92 3685.62 624.025
v -2811.92 3693.49 624.931
v -2843.11 3693.49 624.261
v -2811.92 3685.62 624.025
v -2843.11 3693.49 624.261
v -2854.92 3693.49 623.978
v -2768.93 3685.62 624.948
v -2768.93 3693.49 625.884
v -2800.12 3693.49 625.214
v -2768.93 3685.62 624.948
v -2800.12 3693.49 625.214
v -2811.92 3693.49 624.931
v -2725.93 3693.49 626.837
v -2757.12 3693.49 626.167
v -2757.12 3693.49 626.167
v -2768.93 3693.49 625.884
v -3026.9 3685.62 617.848
v -3069.9 3685.62 616.405
v -3026.9 3693.49 618.756
v -3058.09 3693.49 617.709
v -3026.9 3685.62 617.848
v -3069.9 3685.62 616.405
v -3058.09 3693.49 617.709
v -3069.9 3693.49 617.333
v -2983.91 3685.62 619.291
v -2983.91 3693.49 620.179
v -3015.09 3693.49 619.132
v -2983.91 3685.62 619.291
v -3015.09 3693.49 619.132
v -3026.9 3693.49 618.756
v -2940.91 3685.62 620.734
v -2940.91 3693.49 621.602
v -2972.1 3693.49 620.555
v -2940.91 3685.62 620.734
v -2972.1 3693.49 620.555
v -2983.91 3693.49 620.179
v -2897.92 3693.49 623.025
v -2929.1 3693.49 621.978
v -2929.1 3693.49 621.978
v -2940.91 3693.49 621.602
v -3198.89 3685.62 613.803
v -3241.88 3685.62 612.936
v -3198.89 3693.49 613.355
v -3230.07 3693.49 612.727
v -3198.89 3685.62 613.803
v -3241.88 3685.62 612.936
v -3230.07 3693.49 612.727
v -3241.88 3693.49 612.03
v -3155.89 3685.62 614.671
v -3155.89 3693.49 614.681
v -3187.08 3693.49 614.052
v -3155.89 3685.62 614.671
v -3187.08 3693.49 614.052
v -3198.89 3693.49 613.355
v -3112.89 3685.62 615.538
v -3112.89 3693.49 616.007
v -3144.08 3693.49 615.378
v -3112.89 3685.62 615.538
v -3144.08 3693.49 615.378
v -3155.89 3693.49 614.681
v -3069.9 3693.49 617.333
v -3101.09 3693.49 616.704
v -3101.09 3693.49 616.704
v -3112.89 3693.49 616.007
v -3370.87 3685.62 610.216
v -3413.87 3685.62 609.309
v -3370.87 3693.49 609.443
v -3402.06 3693.49 608.785
v -3370.87 3685.62 610.216
v -3413.87 3685.62 609.309
v -3402.06 3693.49 608.785
v -3413.87 3693.49 608.581
v -3327.87 3685.62 611.123
v -3327.87 3693.49 610.305
v -3359.06 3693.49 609.648
v -3327.87 3685.62 611.123
v -3359.06 3693.49 609.648
v -3370.87 3693.49 609.443
v -3284.88 3685.62 612.03
v -3284.88 3693.49 611.167
v -3316.07 3693.49 610.51
v -3284.88 3685.62 612.03
v -3316.07 3693.49 610.51
v -3327.87 3693.49 610.305
v -3241.88 3693.49 612.03
v -3273.07 3693.49 611.372
v -3273.07 3693.49 611.372
v -3284.88 3693.49 611.167
v -3542.85 3685.62 617.316
v -3585.85 3685.62 619.984
v -3542.85 3693.49 615.897
v -3574.04 3693.49 617.833
v -3542.85 3685.62 617.316
v -3585.85 3685.62 619.984
v -3574.04 3693.49 617.833
v -3585.85 3693.49 618.336
v -3499.86 3685.62 614.647
v -3499.86 3693.49 613.459
v -3531.04 3693.49 615.394
v -3499.86 3685.62 614.647
v -3531.04 3693.49 615.394
v -3542.85 3693.49 615.897
v -3456.86 3685.62 611.978
v -3456.86 3693.49 611.02
v -3488.05 3693.49 612.955
v -3456.86 3685.62 611.978
v -3488.05 3693.49 612.955
v -3499.86 3693.49 613.459
v -3413.87 3693.49 608.581
v -3445.05 3693.49 610.516
v -3445.05 3693.49 610.516
v -3456.86 3693.49 611.02
v -3714.84 3685.62 658.138
v -3757.83 3685.62 670.856
v -3714.84 3693.49 658.731
v -3746.02 3693.49 667.956
v -3714.84 3685.62 658.138
v -3757.83 3685.62 670.856
v -3746.02 3693.49 667.956
v -3757.83 3693.49 672.196
v -3671.84 3685.62 645.42
v -3671.84 3693.49 645.266
v -3703.03 3693.49 654.491
v -3671.84 3685.62 645.42
v -3703.03 3693.49 654.491
v -3714.84 3693.49 658.731
v -3628.84 3685.62 632.702
v -3628.84 3693.49 631.801
v -3660.03 3693.49 641.026
v -3628.84 3685.62 632.702
v -3660.03 3693.49 641.026
v -3671.84 3693.49 645.266
v -3585.85 3693.49 618.336
v -3617.04 3693.49 627.561
v -3617.04 3693.49 627.561
v -3628.84 3693.49 631.801
v -3886.82 3685.62 642.954
v -3929.82 3685.62 633.653
v -3886.82 3693.49 642.161
v -3918.01 3693.49 635.415
v -3886.82 3685.62 642.954
v -3929.82 3685.62 633.653
v -3918.01 3693.49 635.415
v -3929.82 3693.49 632.149
v -3843.82 3685.62 652.255
v -3843.82 3693.49 652.173
v -3875.01 3693.49 645.427
v -3843.82 3685.62 652.255
v -3875.01 3693.49 645.427
v -3886.82 3693.49 642.161
v -3800.83 3685.62 661.555
v -3800.83 3693.49 662.184
v -3832.02 3693.49 655.438
v -3800.83 3685.62 661.555
v -3832.02 3693.49 655.438
v -3843.82 3693.49 652.173
v -3757.83 3693.49 672.196
v -3789.02 3693.49 665.45
v -3789.02 3693.49 665.45
v -3800.83 3693.49 662.184
v -4058.8 3685.62 616.133
v -4101.8 3685.62 610.293
v -4058.8 3693.49 615.115
v -4089.99 3693.49 610.879
v -4058.8 3685.62 616.133
v -4101.8 3685.62 610.293
v -4089.99 3693.49 610.879
v -4101.8 3693.49 609.436
v -4015.81 3685.62 621.973
v -4015.81 3693.49 620.793
v -4046.99 3693.49 616.557
v -4015.81 3685.62 621.973
v -4046.99 3693.49 616.557
v -4058.8 3693.49 615.115
v -3972.81 3685.62 627.813
v -3972.81 3693.49 626.471
v -4004 3693.49 622.235
v -3972.81 3685.62 627.813
v -4004 3693.49 622.235
v -4015.81 3693.49 620.793
v -3929.82 3693.49 632.149
v -3961 3693.49 627.913
v -3961 3693.49 627.913
v -3972.81 3693.49 626.471
v -4230.79 3685.62 603.741
v -4273.78 3685.62 601.556
v -4230.79 3693.49 603.438
v -4261.97 3693.49 601.853
v -4230.79 3685.62 603.741
v -4273.78 3685.62 601.556
v -4261.97 3693.49 601.853
v -4273.78 3693.49 601.438
v -4187.79 3685.62 605.925
v -4187.79 3693.49 605.437
v -4218.98 3693.49 603.853
v -4187.79 3685.62 605.925
v -4218.98 3693.49 603.853
v -4230.79 3693.49 603.438
v -4144.79 3685.62 608.109
v -4144.79 3693.49 607.437
v -4175.98 3693.49 605.852
v -4144.79 3685.62 608.109
v -4175.98 3693.49 605.852
v -4187.79 3693.49 605.437
v -4101.8 3693.49 609.436
v -4132.99 3693.49 607.852
v -4132.99 3693.49 607.852
v -4144.79 3693.49 607.437
v -4402.77 3685.62 612.864
v -4445.77 3685.62 616.634
v -4402.77 3693.49 614.216
v -4433.96 3693.49 616.95
v -4402.77 3685.62 612.864
v -4445.77 3685.62 616.634
v -4433.96 3693.49 616.95
v -4445.77 3693.49 618.475
v -4359.77 3685.62 609.095
v -4359.77 3693.49 609.957
v -4390.96 3693.49 612.691
v -4359.77 3685.62 609.095
v -4390.96 3693.49 612.691
v -4402.77 3693.49 614.216
v -4316.78 3685.62 605.326
v -4316.78 3693.49 605.698
v -4347.97 3693.49 608.432
v -4316.78 3685.62 605.326
v -4347.97 3693.49 608.432
v -4359.77 3693.49 609.957
v -4273.78 3693.49 601.438
v -4304.97 3693.49 604.172
v -4304.97 3693.49 604.172
v -4316.78 3693.49 605.698
v -4574.75 3685.62 620.572
v -4617.75 3685.62 621.884
v -4574.75 3693.49 623.037
v -4605.94 3693.49 623.989
v -4574.75 3685.62 620.572
v -4617.75 3685.62 621.884
v -4605.94 3693.49 623.989
v -4617.75 3693.49 624.558
v -4531.76 3685.62 619.259
v -4531.76 3693.49 621.516
v -4562.95 3693.49 622.468
v -4531.76 3685.62 619.259
v -4562.95 3693.49 622.468
v -4574.75 3693.49 623.037
v -4488.76 3685.62 617.946
v -4488.76 3693.49 619.996
v -4519.95 3693.49 620.948
v -4488.76 3685.62 617.946
v -4519.95 3693.49 620.948
v -4531.76 3693.49 621.516
v -4445.77 3693.49 618.475
v -4476.95 3693.49 619.427
v -4476.95 3693.49 619.427
v -4488.76 3693.49 619.996
v -4746.74 3685.62 622.658
v -4789.73 3685.62 622.916
v -4746.74 3693.49 623.275
v -4777.92 3693.49 623.462
v -4746.74 3685.62 622.658
v -4789.73 3685.62 622.916
v -4777.92 3693.49 623.462
v -4789.73 3693.49 622.847
v -4703.74 3685.62 622.4
v -4703.74 3693.49 623.702
v -4734.93 3693.49 623.889
v -4703.74 3685.62 622.4
v -4734.93 3693.49 623.889
v -4746.74 3693.49 623.275
v -4660.75 3685.62 622.142
v -4660.75 3693.49 624.13
v -4691.93 3693.49 624.317
v -4660.75 3685.62 622.142
v -4691.93 3693.49 624.317
v -4703.74 3693.49 623.702
v -4617.75 3693.49 624.558
v -4648.94 3693.49 624.745
v -4648.94 3693.49 624.745
v -4660.75 3693.49 624.13
v -4918.72 3656.95 630.021
v -4946.96 3638.13 632.601
v -4918.72 3628.29 631.317
v -4946.96 3628.29 633.046
v -4918.72 3656.95 630.021
v -4946.96 3656.95 631.521
v -4946.96 3638.13 632.601
v -4918.72 3685.62 628.724
v -4946.96 3666.79 631.076
v -4946.96 3656.95 631.521
v -4918.72 3685.62 628.724
v -4946.96 3685.62 629.996
v -4946.96 3666.79 631.076
v -4918.72 3693.49 628.368
v -4946.96 3693.49 629.64
v -4946.96 3685.62 629.996
v -4918.72 3628.29 631.317
v -4875.72 3685.62 626.788
v -4875.72 3693.49 626.528
v -4906.91 3693.49 627.932
v -4875.72 3685.62 626.788
v -4906.91 3693.49 627.932
v -4918.72 3693.49 628.368
v -4832.73 3685.62 624.852
v -4832.73 3693.49 624.687
v -4863.92 3693.49 626.092
v -4832.73 3685.62 624.852
v -4863.92 3693.49 626.092
v -4875.72 3693.49 626.528
v -4789.73 3693.49 622.847
v -4820.92 3693.49 624.251
v -4820.92 3693.49 624.251
v -4832.73 3693.49 624.687
v 5314.29 3513.63 631.915
v 5314.29 3542.3 630.044
v 5314.29 3570.96 628.173
v 5321.95 3513.63 630.792
v 5321.95 3518.74 630.396
v 5321.95 3542.3 628.859
v 5314.29 3542.3 630.044
v 5321.95 3518.74 630.396
v 5321.95 3542.3 628.859
v 5321.95 3547.41 628.463
v 5321.95 3570.96 626.925
v 5314.29 3570.96 628.173
v 5321.95 3547.41 628.463
v 5321.95 3570.96 626.925
v 5321.95 3576.07 626.53
v 5321.95 3599.62 624.992
v 5321.95 3576.07 626.53
v -4946.96 3609.46 634.771
v -4918.72 3599.62 634.628
v -4946.96 3599.62 635.908
v -4946.96 3628.29 633.046
v -4946.96 3609.46 634.771
v -4918.72 3599.62 634.628
v -4918.72 3542.3 641.249
v -4946.96 3523.47 643.358
v -4918.72 3513.63 644.56
v -4946.96 3513.63 644.495
v -4918.72 3542.3 641.249
v -4946.96 3542.3 641.633
v -4946.96 3523.47 643.358
v -4918.72 3570.96 637.938
v -4946.96 3552.14 640.496
v -4946.96 3542.3 641.633
v -4918.72 3570.96 637.938
v -4946.96 3570.96 638.77
v -4946.96 3552.14 640.496
v -4946.96 3580.8 637.634
v -4946.96 3570.96 638.77
v -4946.96 3599.62 635.908
v -4946.96 3580.8 637.634
v -4918.72 3513.63 644.56
v 5314.29 3398.98 628.089
v 5314.29 3427.64 629.045
v 5314.29 3456.3 630.002
v 5321.95 3398.98 628.094
v 5321.95 3404.09 627.982
v 5321.95 3427.64 628.768
v 5314.29 3427.64 629.045
v 5321.95 3404.09 627.982
v 5321.95 3427.64 628.768
v 5321.95 3432.75 628.657
v 5321.95 3456.3 629.443
v 5314.29 3456.3 630.002
v 5321.95 3432.75 628.657
v 5321.95 3456.3 629.443
v 5321.95 3461.41 629.331
v 5321.95 3484.97 630.117
v 5321.95 3461.41 629.331
v -4946.96 3494.81 643.829
v -4918.72 3484.97 642.992
v -4946.96 3484.97 643.291
v -4946.96 3513.63 644.495
v -4946.96 3494.81 643.829
v -4918.72 3484.97 642.992
v -4918.72 3427.64 639.857
v -4946.96 3408.82 640.217
v -4918.72 3398.98 638.289
v -4946.96 3398.98 639.678
v -4918.72 3427.64 639.857
v -4946.96 3427.64 640.883
v -4946.96 3408.82 640.217
v -4918.72 3456.3 641.424
v -4946.96 3437.48 641.421
v -4946.96 3427.64 640.883
v -4918.72 3456.3 641.424
v -4946.96 3456.3 642.087
v -4946.96 3437.48 641.421
v -4946.96 3466.14 642.625
v -4946.96 3456.3 642.087
v -4946.96 3484.97 643.291
v -4946.96 3466.14 642.625
v -4918.72 3398.98 638.289
v 5314.29 3284.32 591.287
v 5314.29 3312.99 600.487
v 5314.29 3341.65 609.688
v 5321.95 3284.32 593.068
v 5321.95 3289.43 594.263
v 5321.95 3312.99 601.824
v 5314.29 3312.99 600.487
v 5321.95 3289.43 594.263
v 5321.95 3312.99 601.824
v 5321.95 3318.09 603.02
v 5321.95 3341.65 610.581
v 5314.29 3341.65 609.688
v 5321.95 3318.09 603.02
v 5321.95 3341.65 610.581
v 5321.95 3346.76 611.777
v 5321.95 3370.31 619.337
v 5321.95 3346.76 611.777
v -4946.96 3380.15 637.847
v -4918.72 3370.31 635.475
v -4946.96 3370.31 636.881
v -4946.96 3398.98 639.678
v -4946.96 3380.15 637.847
v -4918.72 3370.31 635.475
v -4918.72 3312.99 629.849
v -4946.96 3294.16 629.455
v -4918.72 3284.32 627.036
v -4946.96 3284.32 628.489
v -4918.72 3312.99 629.849
v -4946.96 3312.99 631.287
v -4946.96 3294.16 629.455
v -4918.72 3341.65 632.662
v -4946.96 3322.82 632.252
v -4946.96 3312.99 631.287
v -4918.72 3341.65 632.662
v -4946.96 3341.65 634.084
v -4946.96 3322.82 632.252
v -4946.96 3351.49 635.05
v -4946.96 3341.65 634.084
v -4946.96 3370.31 636.881
v -4946.96 3351.49 635.05
v -4918.72 3284.32 627.036
v 5314.29 3169.67 545.508
v 5314.29 3198.33 556.953
v 5314.29 3226.99 568.397
v 5321.95 3169.67 547.416
v 5321.95 3174.78 549.424
v 5321.95 3198.33 558.829
v 5314.29 3198.33 556.953
v 5321.95 3174.78 549.424
v 5321.95 3198.33 558.829
v 5321.95 3203.44 560.837
v 5321.95 3226.99 570.242
v 5314.29 3226.99 568.397
v 5321.95 3203.44 560.837
v 5321.95 3226.99 570.242
v 5321.95 3232.1 572.25
v 5321.95 3255.66 581.655
v 5321.95 3232.1 572.25
v -4946.96 3265.5 624.453
v -4918.72 3255.66 622.098
v -4946.96 3255.66 622.758
v -4946.96 3284.32 628.489
v -4946.96 3265.5 624.453
v -4918.72 3255.66 622.098
v -4918.72 3198.33 612.223
v -4946.96 3179.51 607.258
v -4918.72 3169.67 607.285
v -4946.96 3169.67 605.563
v -4918.72 3198.33 612.223
v -4946.96 3198.33 611.295
v -4946.96 3179.51 607.258
v -4918.72 3226.99 617.16
v -4946.96 3208.17 612.99
v -4946.96 3198.33 611.295
v -4918.72 3226.99 617.16
v -4946.96 3226.99 617.026
v -4946.96 3208.17 612.99
v -4946.96 3236.83 618.721
v -4946.96 3226.99 617.026
v -4946.96 3255.66 622.758
v -4946.96 3236.83 618.721
v -4918.72 3169.67 607.285
v 5314.29 3055.01 514.681
v 5314.29 3083.67 522.387
v 5314.29 3112.34 530.094
v 5321.95 3055.01 515.297
v 5321.95 3060.12 516.994
v 5321.95 3083.67 523.327
v 5314.29 3083.67 522.387
v 5321.95 3060.12 516.994
v 5321.95 3083.67 523.327
v 5321.95 3088.78 525.023
v 5321.95 3112.34 531.357
v 5314.29 3112.34 530.094
v 5321.95 3088.78 525.023
v 5321.95 3112.34 531.357
v 5321.95 3117.45 533.053
v 5321.95 3141 539.386
v 5321.95 3117.45 533.053
v -4946.96 3150.84 602.444
v -4918.72 3141 603.628
v -4946.96 3141 601.189
v -4946.96 3169.67 605.563
v -4946.96 3150.84 602.444
v -4918.72 3141 603.628
v -4918.72 3083.67 596.314
v -4946.96 3064.85 589.32
v -4918.72 3055.01 592.656
v -4946.96 3055.01 588.065
v -4918.72 3083.67 596.314
v -4946.96 3083.67 592.44
v -4946.96 3064.85 589.32
v -4918.72 3112.34 599.971
v -4946.96 3093.51 593.695
v -4946.96 3083.67 592.44
v -4918.72 3112.34 599.971
v -4946.96 3112.34 596.814
v -4946.96 3093.51 593.695
v -4946.96 3122.18 598.07
v -4946.96 3112.34 596.814
v -4946.96 3141 601.189
v -4946.96 3122.18 598.07
v -4918.72 3055.01 592.656
v 5314.29 2940.35 547.944
v 5314.29 2969.02 539.628
v 5314.29 2997.68 531.312
v 5321.95 2940.35 546.455
v 5321.95 2945.46 545.499
v 5321.95 2969.02 538.665
v 5314.29 2969.02 539.628
v 5321.95 2945.46 545.499
v 5321.95 2969.02 538.665
v 5321.95 2974.13 537.71
v 5321.95 2997.68 530.876
v 5314.29 2997.68 531.312
v 5321.95 2974.13 537.71
v 5321.95 2997.68 530.876
v 5321.95 3002.79 529.92
v 5321.95 3026.35 523.087
v 5321.95 3002.79 529.92
v -4946.96 3036.19 591.629
v -4918.72 3026.35 597.649
v -4946.96 3026.35 593.343
v -4946.96 3055.01 588.065
v -4946.96 3036.19 591.629
v -4918.72 3026.35 597.649
v -4918.72 2969.02 607.633
v -4946.96 2950.19 607.462
v -4918.72 2940.35 612.625
v -4946.96 2940.35 609.176
v -4918.72 2969.02 607.633
v -4946.96 2969.02 603.898
v -4946.96 2950.19 607.462
v -4918.72 2997.68 602.641
v -4946.96 2978.86 602.185
v -4946.96 2969.02 603.898
v -4918.72 2997.68 602.641
v -4946.96 2997.68 598.62
v -4946.96 2978.86 602.185
v -4946.96 3007.52 596.907
v -4946.96 2997.68 598.62
v -4946.96 3026.35 593.343
v -4946.96 3007.52 596.907
v -4918.72 2940.35 612.625
v 5314.29 2825.7 585.593
v 5314.29 2854.36 576.181
v 5314.29 2883.03 566.768
v 5321.95 2825.7 582.953
v 5321.95 2830.81 581.563
v 5321.95 2854.36 573.828
v 5314.29 2854.36 576.181
v 5321.95 2830.81 581.563
v 5321.95 2854.36 573.828
v 5321.95 2859.47 572.438
v 5321.95 2883.03 564.704
v 5314.29 2883.03 566.768
v 5321.95 2859.47 572.438
v 5321.95 2883.03 564.704
v 5321.95 2888.14 563.314
v 5321.95 2911.69 555.579
v 5321.95 2888.14 563.314
v -4946.96 2921.53 613.259
v -4918.72 2911.69 617.138
v -4946.96 2911.69 614.808
v -4946.96 2940.35 609.176
v -4946.96 2921.53 613.259
v -4918.72 2911.69 617.138
v -4918.72 2854.36 626.166
v -4946.96 2835.54 630.156
v -4918.72 2825.7 630.68
v -4946.96 2825.7 631.706
v -4918.72 2854.36 626.166
v -4946.96 2854.36 626.073
v -4946.96 2835.54 630.156
v -4918.72 2883.03 621.652
v -4946.96 2864.2 624.524
v -4946.96 2854.36 626.073
v -4918.72 2883.03 621.652
v -4946.96 2883.03 620.441
v -4946.96 2864.2 624.524
v -4946.96 2892.87 618.891
v -4946.96 2883.03 620.441
v -4946.96 2911.69 614.808
v -4946.96 2892.87 618.891
v -4918.72 2825.7 630.68
v 5314.29 2711.04 595.193
v 5314.29 2739.71 592.793
v 5314.29 2768.37 590.393
v 5321.95 2711.04 591.635
v 5321.95 2716.15 591.437
v 5321.95 2739.71 589.465
v 5314.29 2739.71 592.793
v 5321.95 2716.15 591.437
v 5321.95 2739.71 589.465
v 5321.95 2744.82 589.266
v 5321.95 2768.37 587.294
v 5314.29 2768.37 590.393
v 5321.95 2744.82 589.266
v 5321.95 2768.37 587.294
v 5321.95 2773.48 587.096
v 5321.95 2797.04 585.124
v 5321.95 2773.48 587.096
v -4946.96 2806.87 632.134
v -4918.72 2797.04 631.374
v -4946.96 2797.04 632.373
v -4946.96 2825.7 631.706
v -4946.96 2806.87 632.134
v -4918.72 2797.04 631.374
v -4918.72 2739.71 632.763
v -4946.96 2720.88 634.135
v -4918.72 2711.04 633.457
v -4946.96 2711.04 634.373
v -4918.72 2739.71 632.763
v -4946.96 2739.71 633.706
v -4946.96 2720.88 634.135
v -4918.72 2768.37 632.068
v -4946.96 2749.55 633.468
v -4946.96 2739.71 633.706
v -4918.72 2768.37 632.068
v -4946.96 2768.37 633.04
v -4946.96 2749.55 633.468
v -4946.96 2778.21 632.801
v -4946.96 2768.37 633.04
v -4946.96 2797.04 632.373
v -4946.96 2778.21 632.801
v -4918.72 2711.04 633.457
v 5314.29 2596.39 581.658
v 5314.29 2625.05 585.042
v 5314.29 2653.72 588.425
v 5321.95 2596.39 579.822
v 5321.95 2601.5 579.995
v 5321.95 2625.05 582.775
v 5314.29 2625.05 585.042
v 5321.95 2601.5 579.995
v 5321.95 2625.05 582.775
v 5321.95 2630.16 582.948
v 5321.95 2653.72 585.729
v 5314.29 2653.72 588.425
v 5321.95 2630.16 582.948
v 5321.95 2653.72 585.729
v 5321.95 2658.82 585.901
v 5321.95 2682.38 588.682
v 5321.95 2658.82 585.901
v -4946.96 2692.22 629.707
v -4918.72 2682.38 626.937
v -4946.96 2682.38 627.469
v -4946.96 2711.04 634.373
v -4946.96 2692.22 629.707
v -4918.72 2682.38 626.937
v -4918.72 2625.05 613.896
v -4946.96 2606.23 608.993
v -4918.72 2596.39 607.375
v -4946.96 2596.39 606.754
v -4918.72 2625.05 613.896
v -4946.96 2625.05 613.659
v -4946.96 2606.23 608.993
v -4918.72 2653.72 620.416
v -4946.96 2634.89 615.897
v -4946.96 2625.05 613.659
v -4918.72 2653.72 620.416
v -4946.96 2653.72 620.564
v -4946.96 2634.89 615.897
v -4946.96 2663.56 622.802
v -4946.96 2653.72 620.564
v -4946.96 2682.38 627.469
v -4946.96 2663.56 622.802
v -4918.72 2596.39 607.375
v 5314.29 2481.73 612.879
v 5314.29 2510.4 605.074
v 5314.29 2539.06 597.268
v 5321.95 2481.73 612.821
v 5321.95 2486.84 610.985
v 5321.95 2510.4 604.571
v 5314.29 2510.4 605.074
v 5321.95 2486.84 610.985
v 5321.95 2510.4 604.571
v 5321.95 2515.51 602.736
v 5321.95 2539.06 596.322
v 5314.29 2539.06 597.268
v 5321.95 2515.51 602.736
v 5321.95 2539.06 596.322
v 5321.95 2544.17 594.486
v 5321.95 2567.72 588.072
v 5321.95 2544.17 594.486
v -4946.96 2577.56 604.797
v -4918.72 2567.72 603.222
v -4946.96 2567.72 603.371
v -4946.96 2596.39 606.754
v -4946.96 2577.56 604.797
v -4918.72 2567.72 603.222
v -4918.72 2510.4 594.914
v -4946.96 2491.57 594.646
v -4918.72 2481.73 590.761
v -4946.96 2481.73 593.22
v -4918.72 2510.4 594.914
v -4946.96 2510.4 596.604
v -4946.96 2491.57 594.646
v -4918.72 2539.06 599.068
v -4946.96 2520.24 598.029
v -4946.96 2510.4 596.604
v -4918.72 2539.06 599.068
v -4946.96 2539.06 599.987
v -4946.96 2520.24 598.029
v -4946.96 2548.9 601.413
v -4946.96 2539.06 599.987
v -4946.96 2567.72 603.371
v -4946.96 2548.9 601.413
v -4918.72 2481.73 590.761
v 5314.29 2367.08 637.49
v 5314.29 2395.74 631.337
v 5314.29 2424.41 625.184
v 5321.95 2367.08 639
v 5321.95 2372.19 637.512
v 5321.95 2395.74 632.456
v 5314.29 2395.74 631.337
v 5321.95 2372.19 637.512
v 5321.95 2395.74 632.456
v 5321.95 2400.85 630.967
v 5321.95 2424.41 625.911
v 5314.29 2424.41 625.184
v 5321.95 2400.85 630.967
v 5321.95 2424.41 625.911
v 5321.95 2429.51 624.422
v 5321.95 2453.07 619.366
v 5321.95 2429.51 624.422
v -4946.96 2462.91 586.1
v -4918.72 2453.07 583.102
v -4946.96 2453.07 583.472
v -4946.96 2481.73 593.22
v -4946.96 2462.91 586.1
v -4918.72 2453.07 583.102
v -4918.72 2395.74 567.786
v -4946.96 2376.92 556.855
v -4918.72 2367.08 560.127
v -4946.96 2367.08 554.227
v -4918.72 2395.74 567.786
v -4946.96 2395.74 563.975
v -4946.96 2376.92 556.855
v -4918.72 2424.41 575.444
v -4946.96 2405.58 566.604
v -4946.96 2395.74 563.975
v -4918.72 2424.41 575.444
v -4946.96 2424.41 573.723
v -4946.96 2405.58 566.604
v -4946.96 2434.24 576.352
v -4946.96 2424.41 573.723
v -4946.96 2453.07 583.472
v -4946.96 2434.24 576.352
v -4918.72 2367.08 560.127
v 5314.29 2252.42 681.506
v 5314.29 2281.09 670.502
v 5314.29 2309.75 659.498
v 5321.95 2252.42 683.964
v 5321.95 2257.53 681.766
v 5321.95 2281.09 672.723
v 5314.29 2281.09 670.502
v 5321.95 2257.53 681.766
v 5321.95 2281.09 672.723
v 5321.95 2286.19 670.525
v 5321.95 2309.75 661.482
v 5314.29 2309.75 659.498
v 5321.95 2286.19 670.525
v 5321.95 2309.75 661.482
v 5321.95 2314.86 659.284
v 5321.95 2338.41 650.241
v 5321.95 2314.86 659.284
v -4946.96 2348.25 551.103
v -4918.72 2338.41 557.128
v -4946.96 2338.41 550.074
v -4946.96 2367.08 554.227
v -4946.96 2348.25 551.103
v -4918.72 2338.41 557.128
v -4918.72 2281.09 551.131
v -4946.96 2262.26 538.646
v -4918.72 2252.42 548.132
v -4946.96 2252.42 537.617
v -4918.72 2281.09 551.131
v -4946.96 2281.09 541.769
v -4946.96 2262.26 538.646
v -4918.72 2309.75 554.13
v -4946.96 2290.93 542.798
v -4946.96 2281.09 541.769
v -4918.72 2309.75 554.13
v -4946.96 2309.75 545.922
v -4946.96 2290.93 542.798
v -4946.96 2319.59 546.951
v -4946.96 2309.75 545.922
v -4946.96 2338.41 550.074
v -4946.96 2319.59 546.951
v -4918.72 2252.42 548.132
v 5314.29 2137.77 707.638
v 5314.29 2166.43 701.105
v 5314.29 2195.09 694.572
v 5321.95 2137.77 712.006
v 5321.95 2142.88 710.364
v 5321.95 2166.43 704.995
v 5314.29 2166.43 701.105
v 5321.95 2142.88 710.364
v 5321.95 2166.43 704.995
v 5321.95 2171.54 703.354
v 5321.95 2195.09 697.985
v 5314.29 2195.09 694.572
v 5321.95 2171.54 703.354
v 5321.95 2195.09 697.985
v 5321.95 2200.2 696.343
v 5321.95 2223.76 690.975
v 5321.95 2200.2 696.343
v -4946.96 2233.6 537.42
v -4918.72 2223.76 546.489
v -4946.96 2223.76 536.856
v -4946.96 2252.42 537.617
v -4946.96 2233.6 537.42
v -4918.72 2223.76 546.489
v -4918.72 2166.43 543.202
v -4946.96 2147.61 535.138
v -4918.72 2137.77 541.558
v -4946.96 2137.77 534.574
v -4918.72 2166.43 543.202
v -4946.96 2166.43 535.334
v -4946.96 2147.61 535.138
v -4918.72 2195.09 544.845
v -4946.96 2176.27 535.899
v -4946.96 2166.43 535.334
v -4918.72 2195.09 544.845
v -4946.96 2195.09 536.095
v -4946.96 2176.27 535.899
v -4946.96 2204.93 536.659
v -4946.96 2195.09 536.095
v -4946.96 2223.76 536.856
v -4946.96 2204.93 536.659
v -4918.72 2137.77 541.558
v 5314.29 2023.11 700.56
v 5314.29 2051.77 702.33
v 5314.29 2080.44 704.099
v 5321.95 2023.11 704.164
v 5321.95 2028.22 704.671
v 5321.95 2051.77 706.125
v 5314.29 2051.77 702.33
v 5321.95 2028.22 704.671
v 5321.95 2051.77 706.125
v 5321.95 2056.88 706.631
v 5321.95 2080.44 708.085
v 5314.29 2080.44 704.099
v 5321.95 2056.88 706.631
v 5321.95 2080.44 708.085
v 5321.95 2085.55 708.592
v 5321.95 2109.1 710.045
v 5321.95 2085.55 708.592
v -4946.96 2118.94 531.95
v -4918.72 2109.1 538.801
v -4946.96 2109.1 531.003
v -4946.96 2137.77 534.574
v -4946.96 2118.94 531.95
v -4918.72 2109.1 538.801
v -4918.72 2051.77 533.287
v -4946.96 2032.95 521.237
v -4918.72 2023.11 530.53
v -4946.96 2023.11 520.291
v -4918.72 2051.77 533.287
v -4946.96 2051.77 523.862
v -4946.96 2032.95 521.237
v -4918.72 2080.44 536.044
v -4946.96 2061.61 524.808
v -4946.96 2051.77 523.862
v -4918.72 2080.44 536.044
v -4946.96 2080.44 527.432
v -4946.96 2061.61 524.808
v -4946.96 2090.28 528.379
v -4946.96 2080.44 527.432
v -4946.96 2109.1 531.003
v -4946.96 2090.28 528.379
v -4918.72 2023.11 530.53
v 5314.29 1908.45 697.167
v 5314.29 1937.12 698.015
v 5314.29 1965.78 698.864
v 5321.95 1908.45 700.888
v 5321.95 1913.56 701.01
v 5321.95 1937.12 701.707
v 5314.29 1937.12 698.015
v 5321.95 1913.56 701.01
v 5321.95 1937.12 701.707
v 5321.95 1942.23 701.829
v 5321.95 1965.78 702.526
v 5314.29 1965.78 698.864
v 5321.95 1942.23 701.829
v 5321.95 1965.78 702.526
v 5321.95 1970.89 702.648
v 5321.95 1994.45 703.345
v 5321.95 1970.89 702.648
v -4946.96 2004.29 519.952
v -4918.72 1994.45 530.311
v -4946.96 1994.45 519.877
v -4946.96 2023.11 520.291
v -4946.96 2004.29 519.952
v -4918.72 1994.45 530.311
v -4918.72 1937.12 529.874
v -4946.96 1918.29 518.71
v -4918.72 1908.45 529.656
v -4946.96 1908.45 518.635
v -4918.72 1937.12 529.874
v -4946.96 1937.12 519.049
v -4946.96 1918.29 518.71
v -4918.72 1965.78 530.093
v -4946.96 1946.96 519.124
v -4946.96 1937.12 519.049
v -4918.72 1965.78 530.093
v -4946.96 1965.78 519.463
v -4946.96 1946.96 519.124
v -4946.96 1975.62 519.538
v -4946.96 1965.78 519.463
v -4946.96 1994.45 519.877
v -4946.96 1975.62 519.538
v -4918.72 1908.45 529.656
v 5314.29 1793.8 744.984
v 5314.29 1822.46 733.03
v 5314.29 1851.13 721.075
v 5321.95 1793.8 750.216
v 5321.95 1798.91 747.708
v 5321.95 1798.91 747.708
v 5314.29 1822.46 733.03
v 5321.95 1822.46 737.884
v 5321.95 1822.46 737.884
v 5321.95 1827.57 735.375
v 5321.95 1827.57 735.375
v 5314.29 1851.13 721.075
v 5321.95 1851.13 725.552
v 5321.95 1851.13 725.552
v 5321.95 1856.24 723.043
v 5321.95 1856.24 723.043
v 5321.95 1879.79 713.22
v -4946.96 1889.63 523.318
v -4918.72 1879.79 536.537
v -4946.96 1879.79 525.68
v -4946.96 1908.45 518.635
v -4946.96 1889.63 523.318
v -4918.72 1879.79 536.537
v -4918.72 1822.46 550.301
v -4946.96 1803.64 544.454
v -4918.72 1793.8 557.183
v -4946.96 1793.8 546.817
v -4918.72 1822.46 550.301
v -4946.96 1822.46 539.771
v -4946.96 1803.64 544.454
v -4918.72 1851.13 543.419
v -4946.96 1832.3 537.409
v -4946.96 1822.46 539.771
v -4918.72 1851.13 543.419
v -4946.96 1851.13 532.726
v -4946.96 1832.3 537.409
v -4946.96 1860.97 530.363
v -4946.96 1851.13 532.726
v -4946.96 1879.79 525.68
v -4946.96 1860.97 530.363
v -4918.72 1793.8 557.183
v 5314.29 1679.14 743.581
v 5314.29 1707.81 743.931
v 5314.29 1736.47 744.282
v 5321.95 1679.14 749.594
v 5321.95 1684.25 749.461
v 5321.95 1707.81 749.749
v 5314.29 1707.81 743.931
v 5321.95 1684.25 749.461
v 5321.95 1707.81 749.749
v 5321.95 1712.92 749.617
v 5321.95 1736.47 749.905
v 5314.29 1736.47 744.282
v 5321.95 1712.92 749.617
v 5321.95 1736.47 749.905
v 5321.95 1741.58 749.772
v 5321.95 1765.14 750.06
v 5321.95 1741.58 749.772
v -4946.96 1774.97 545.83
v -4918.72 1765.14 557.812
v -4946.96 1765.14 546.046
v -4946.96 1793.8 546.817
v -4946.96 1774.97 545.83
v -4918.72 1765.14 557.812
v -4918.72 1707.81 559.072
v -4946.96 1688.98 543.518
v -4918.72 1679.14 559.702
v -4946.96 1679.14 543.734
v -4918.72 1707.81 559.072
v -4946.96 1707.81 544.505
v -4946.96 1688.98 543.518
v -4918.72 1736.47 558.442
v -4946.96 1717.65 544.289
v -4946.96 1707.81 544.505
v -4918.72 1736.47 558.442
v -4946.96 1736.47 545.276
v -4946.96 1717.65 544.289
v -4946.96 1746.31 545.06
v -4946.96 1736.47 545.276
v -4946.96 1765.14 546.046
v -4946.96 1746.31 545.06
v -4918.72 1679.14 559.702
v 5314.29 1564.49 775.412
v 5314.29 1593.15 767.454
v 5314.29 1621.82 759.496
v 5321.95 1564.49 779.317
v 5321.95 1569.6 778.426
v 5321.95 1569.6 778.426
v 5314.29 1593.15 767.454
v 5321.95 1593.15 771.886
v 5321.95 1593.15 771.886
v 5321.95 1598.26 770.995
v 5321.95 1598.26 770.995
v 5314.29 1621.82 759.496
v 5321.95 1621.82 764.455
v 5321.95 1621.82 764.455
v 5321.95 1626.93 763.564
v 5321.95 1626.93 763.564
v 5321.95 1650.48 757.025
v -4946.96 1660.32 546.742
v -4918.72 1650.48 562.706
v -4946.96 1650.48 547.774
v -4946.96 1679.14 543.734
v -4946.96 1660.32 546.742
v -4918.72 1650.48 562.706
v -4918.72 1593.15 568.715
v -4946.96 1574.33 558.861
v -4918.72 1564.49 571.719
v -4946.96 1564.49 559.892
v -4918.72 1593.15 568.715
v -4946.96 1593.15 555.852
v -4946.96 1574.33 558.861
v -4918.72 1621.82 565.711
v -4946.96 1602.99 554.821
v -4946.96 1593.15 555.852
v -4918.72 1621.82 565.711
v -4946.96 1621.82 551.813
v -4946.96 1602.99 554.821
v -4946.96 1631.66 550.782
v -4946.96 1621.82 551.813
v -4946.96 1650.48 547.774
v -4946.96 1631.66 550.782
v -4918.72 1564.49 571.719
v 5314.29 1449.83 863.437
v 5314.29 1478.5 841.431
v 5314.29 1507.16 819.425
v 5321.95 1449.83 870.14
v 5321.95 1454.94 865.518
v 5314.29 1478.5 841.431
v 5321.95 1478.5 847.434
v 5321.95 1454.94 865.518
v 5321.95 1478.5 847.434
v 5321.95 1483.61 842.812
v 5314.29 1507.16 819.425
v 5321.95 1507.16 824.728
v 5321.95 1483.61 842.812
v 5321.95 1507.16 824.728
v 5321.95 1512.27 820.106
v 5321.95 1512.27 820.106
v 5321.95 1535.82 802.022
v -4946.96 1545.66 561.61
v -4918.72 1535.82 573.068
v -4946.96 1535.82 562.073
v -4946.96 1564.49 559.892
v -4946.96 1545.66 561.61
v -4918.72 1535.82 573.068
v -4918.72 1478.5 575.764
v -4946.96 1459.67 568.152
v -4918.72 1449.83 577.113
v -4946.96 1449.83 568.615
v -4918.72 1478.5 575.764
v -4946.96 1478.5 566.434
v -4946.96 1459.67 568.152
v -4918.72 1507.16 574.416
v -4946.96 1488.34 565.972
v -4946.96 1478.5 566.434
v -4918.72 1507.16 574.416
v -4946.96 1507.16 564.254
v -4946.96 1488.34 565.972
v -4946.96 1517 563.791
v -4946.96 1507.16 564.254
v -4946.96 1535.82 562.073
v -4946.96 1517 563.791
v -4918.72 1449.83 577.113
v 5314.29 1335.18 947.332
v 5314.29 1363.84 926.358
v 5314.29 1392.5 905.384
v 5321.95 1335.18 954.063
v 5321.95 1340.29 950.317
v 5314.29 1363.84 926.358
v 5321.95 1363.84 933.082
v 5321.95 1340.29 950.317
v 5321.95 1363.84 933.082
v 5321.95 1368.95 929.336
v 5314.29 1392.5 905.384
v 5321.95 1392.5 912.101
v 5321.95 1368.95 929.336
v 5321.95 1392.5 912.101
v 5321.95 1397.61 908.356
v 5321.95 1421.17 891.121
v 5321.95 1397.61 908.356
v -4946.96 1431.01 573.449
v -4918.72 1421.17 582.651
v -4946.96 1421.17 575.35
v -4946.96 1449.83 568.615
v -4946.96 1431.01 573.449
v -4918.72 1421.17 582.651
v -4918.72 1363.84 593.729
v -4946.96 1345.02 593.653
v -4918.72 1335.18 599.268
v -4946.96 1335.18 595.555
v -4918.72 1363.84 593.729
v -4946.96 1363.84 588.82
v -4946.96 1345.02 593.653
v -4918.72 1392.5 588.19
v -4946.96 1373.68 586.919
v -4946.96 1363.84 588.82
v -4918.72 1392.5 588.19
v -4946.96 1392.51 582.085
v -4946.96 1373.68 586.919
v -4946.96 1402.34 580.184
v -4946.96 1392.51 582.085
v -4946.96 1421.17 575.35
v -4946.96 1402.34 580.184
v -4918.72 1335.18 599.268
v 5314.29 1220.52 995.648
v 5314.29 1249.19 983.569
v 5314.29 1277.85 971.49
v 5321.95 1220.52 1004.11
v 5321.95 1225.63 1001.52
v 5314.29 1249.19 983.569
v 5321.95 1249.19 991.595
v 5321.95 1225.63 1001.52
v 5321.95 1249.19 991.595
v 5321.95 1254.29 989.01
v 5314.29 1277.85 971.49
v 5321.95 1277.85 979.084
v 5321.95 1254.29 989.01
v 5321.95 1277.85 979.084
v 5321.95 1282.96 976.5
v 5321.95 1306.51 966.574
v 5321.95 1282.96 976.5
v -4946.96 1316.35 593.668
v -4918.72 1306.51 594.633
v -4946.96 1306.51 592.077
v -4946.96 1335.18 595.555
v -4946.96 1316.35 593.668
v -4918.72 1306.51 594.633
v -4918.72 1249.19 585.364
v -4946.96 1230.36 583.235
v -4918.72 1220.52 580.729
v -4946.96 1220.52 581.644
v -4918.72 1249.19 585.364
v -4946.96 1249.19 585.122
v -4946.96 1230.36 583.235
v -4918.72 1277.85 589.999
v -4946.96 1259.02 586.712
v -4946.96 1249.19 585.122
v -4918.72 1277.85 589.999
v -4946.96 1277.85 588.599
v -4946.96 1259.02 586.712
v -4946.96 1287.69 590.19
v -4946.96 1277.85 588.599
v -4946.96 1306.51 592.077
v -4946.96 1287.69 590.19
v -4918.72 1220.52 580.729
v 5314.29 1105.87 914.977
v 5314.29 1134.53 935.144
v 5314.29 1163.19 955.312
v 5321.95 1105.87 918.668
v 5321.95 1110.98 923.455
v 5321.95 1134.53 940.028
v 5314.29 1134.53 935.144
v 5321.95 1110.98 923.455
v 5321.95 1134.53 940.028
v 5321.95 1139.64 944.815
v 5321.95 1163.19 961.388
v 5314.29 1163.19 955.312
v 5321.95 1139.64 944.815
v 5321.95 1163.19 961.388
v 5321.95 1168.3 966.174
v 5321.95 1191.86 982.747
v 5321.95 1168.3 966.174
v -4946.96 1201.7 584.547
v -4918.72 1191.86 582.843
v -4946.96 1191.86 585.273
v -4946.96 1220.52 581.644
v -4946.96 1201.7 584.547
v -4918.72 1191.86 582.843
v -4918.72 1134.53 587.071
v -4946.96 1115.71 595.432
v -4918.72 1105.87 589.185
v -4946.96 1105.87 596.158
v -4918.72 1134.53 587.071
v -4946.96 1134.53 592.53
v -4946.96 1115.71 595.432
v -4918.72 1163.19 584.957
v -4946.96 1144.37 591.804
v -4946.96 1134.53 592.53
v -4918.72 1163.19 584.957
v -4946.96 1163.19 588.901
v -4946.96 1144.37 591.804
v -4946.96 1173.03 588.175
v -4946.96 1163.19 588.901
v -4946.96 1191.86 585.273
v -4946.96 1173.03 588.175
v -4918.72 1105.87 589.185
v 5314.29 991.211 869.743
v 5314.29 1019.87 881.052
v 5314.29 1048.54 892.36
v 5321.95 991.211 871.549
v 5321.95 996.32 874.036
v 5321.95 1019.87 883.329
v 5314.29 1019.87 881.052
v 5321.95 996.32 874.036
v 5321.95 1019.87 883.329
v 5321.95 1024.98 885.816
v 5321.95 1048.54 895.109
v 5314.29 1048.54 892.36
v 5321.95 1024.98 885.816
v 5321.95 1048.54 895.109
v 5321.95 1053.65 897.596
v 5321.95 1077.2 906.889
v 5321.95 1053.65 897.596
v -4946.96 1087.04 593.609
v -4918.72 1077.2 586.009
v -4946.96 1077.2 592.519
v -4946.96 1105.87 596.158
v -4946.96 1087.04 593.609
v -4918.72 1077.2 586.009
v -4918.72 1019.87 579.658
v -4946.96 1001.05 582.692
v -4918.72 991.211 576.482
v -4946.96 991.211 581.602
v -4918.72 1019.87 579.658
v -4946.96 1019.87 585.241
v -4946.96 1001.05 582.692
v -4918.72 1048.54 582.834
v -4946.96 1029.71 586.331
v -4946.96 1019.87 585.241
v -4918.72 1048.54 582.834
v -4946.96 1048.54 588.88
v -4946.96 1029.71 586.331
v -4946.96 1058.38 589.97
v -4946.96 1048.54 588.88
v -4946.96 1077.2 592.519
v -4946.96 1058.38 589.97
v -4918.72 991.211 576.482
v 5314.29 876.555 898.701
v 5314.29 905.219 891.462
v 5314.29 933.883 884.222
v 5321.95 876.555 896.823
v 5321.95 881.664 896.453
v 5321.95 905.219 890.504
v 5314.29 905.219 891.462
v 5321.95 881.664 896.453
v 5321.95 905.219 890.504
v 5321.95 910.328 890.135
v 5321.95 933.883 884.186
v 5314.29 933.883 884.222
v 5321.95 910.328 890.135
v 5321.95 933.883 884.186
v 5321.95 938.992 883.817
v 5321.95 962.547 877.867
v 5321.95 938.992 883.817
v -4946.96 972.386 573.987
v -4918.72 962.547 566.746
v -4946.96 962.547 570.644
v -4946.96 991.211 581.602
v -4946.96 972.386 573.987
v -4918.72 962.547 566.746
v -4918.72 905.219 547.272
v -4946.96 886.394 541.115
v -4918.72 876.555 537.536
v -4946.96 876.555 537.772
v -4918.72 905.219 547.272
v -4946.96 905.219 548.73
v -4946.96 886.394 541.115
v -4918.72 933.883 557.009
v -4946.96 915.058 552.072
v -4946.96 905.219 548.73
v -4918.72 933.883 557.009
v -4946.96 933.883 559.687
v -4946.96 915.058 552.072
v -4946.96 943.722 563.029
v -4946.96 933.883 559.687
v -4946.96 962.547 570.644
v -4946.96 943.722 563.029
v -4918.72 876.555 537.536
v 5314.29 761.9 938.592
v 5314.29 790.563 928.619
v 5314.29 819.227 918.647
v 5321.95 761.9 936.395
v 5321.95 767.009 934.697
v 5321.95 790.563 926.502
v 5314.29 790.563 928.619
v 5321.95 767.009 934.697
v 5321.95 790.563 926.502
v 5321.95 795.673 924.804
v 5321.95 819.227 916.609
v 5314.29 819.227 918.647
v 5321.95 795.673 924.804
v 5321.95 819.227 916.609
v 5321.95 824.336 914.911
v 5321.95 847.891 906.716
v 5321.95 824.336 914.911
v -4946.96 857.73 534.77
v -4918.72 847.891 535.817
v -4946.96 847.891 534.18
v -4946.96 876.555 537.772
v -4946.96 857.73 534.77
v -4918.72 847.891 535.817
v -4918.72 790.563 532.379
v -4946.96 771.738 523.994
v -4918.72 761.899 530.66
v -4946.96 761.899 523.404
v -4918.72 790.563 532.379
v -4946.96 790.563 526.996
v -4946.96 771.738 523.994
v -4918.72 819.227 534.098
v -4946.96 800.402 527.586
v -4946.96 790.563 526.996
v -4918.72 819.227 534.098
v -4946.96 819.227 530.588
v -4946.96 800.402 527.586
v -4946.96 829.066 531.178
v -4946.96 819.227 530.588
v -4946.96 847.891 534.18
v -4946.96 829.066 531.178
v -4918.72 761.899 530.66
v 5314.29 647.244 972.957
v 5314.29 675.908 964.366
v 5314.29 704.572 955.775
v 5321.95 647.244 973.606
v 5321.95 652.353 971.363
v 5321.95 675.908 964.303
v 5314.29 675.908 964.366
v 5321.95 652.353 971.363
v 5321.95 675.908 964.303
v 5321.95 681.017 962.061
v 5321.95 704.572 955.001
v 5314.29 704.572 955.775
v 5321.95 681.017 962.061
v 5321.95 704.572 955.001
v 5321.95 709.681 952.758
v 5321.95 733.236 945.698
v 5321.95 709.681 952.758
v -4946.96 743.075 530.5
v -4918.72 733.235 539.913
v -4946.96 733.235 533.676
v -4946.96 761.899 523.404
v -4946.96 743.075 530.5
v -4918.72 733.235 539.913
v -4918.72 675.908 558.418
v -4946.96 657.083 561.317
v -4918.72 647.244 567.671
v -4946.96 647.244 564.493
v -4918.72 675.908 558.418
v -4946.96 675.908 554.221
v -4946.96 657.083 561.317
v -4918.72 704.572 549.165
v -4946.96 685.747 551.045
v -4946.96 675.908 554.221
v -4918.72 704.572 549.165
v -4946.96 704.572 543.948
v -4946.96 685.747 551.045
v -4946.96 714.411 540.772
v -4946.96 704.572 543.948
v -4946.96 733.235 533.676
v -4946.96 714.411 540.772
v -4918.72 647.244 567.671
v 5314.29 532.588 1055.37
v 5314.29 561.252 1034.77
v 5314.29 589.916 1014.17
v 5321.95 532.588 1057.69
v 5321.95 537.697 1053.6
v 5321.95 561.252 1036.67
v 5314.29 561.252 1034.77
v 5321.95 537.697 1053.6
v 5321.95 561.252 1036.67
v 5321.95 566.361 1032.58
v 5321.95 589.916 1015.65
v 5314.29 589.916 1014.17
v 5321.95 566.361 1032.58
v 5321.95 589.916 1015.65
v 5321.95 595.025 1011.56
v 5321.95 618.58 994.626
v 5321.95 595.025 1011.56
v -4946.96 628.419 567.985
v -4918.72 618.58 570.106
v -4946.96 618.58 568.821
v -4946.96 647.244 564.493
v -4946.96 628.419 567.985
v -4918.72 618.58 570.106
v -4918.72 561.252 574.974
v -4946.96 542.428 580.968
v -4918.72 532.588 577.408
v -4946.96 532.588 581.803
v -4918.72 561.252 574.974
v -4946.96 561.252 577.476
v -4946.96 542.428 580.968
v -4918.72 589.916 572.54
v -4946.96 571.092 576.64
v -4946.96 561.252 577.476
v -4918.72 589.916 572.54
v -4946.96 589.916 573.148
v -4946.96 571.092 576.64
v -4946.96 599.755 572.313
v -4946.96 589.916 573.148
v -4946.96 618.58 568.821
v -4946.96 599.755 572.313
v -4918.72 532.588 577.408
v 5314.29 417.933 1049.8
v 5314.29 446.597 1051.2
v 5314.29 475.261 1052.59
v 5321.95 417.933 1054.35
v 5321.95 423.042 1054.04
v 5321.95 446.597 1055.18
v 5314.29 446.597 1051.2
v 5321.95 423.042 1054.04
v 5321.95 446.597 1055.18
v 5321.95 451.706 1054.87
v 5321.95 475.261 1056.02
v 5314.29 475.261 1052.59
v 5321.95 451.706 1054.87
v 5321.95 475.261 1056.02
v 5321.95 480.37 1055.71
v 5321.95 503.924 1056.85
v 5321.95 480.37 1055.71
v -4946.96 513.764 577.215
v -4918.72 503.924 571.658
v -4946.96 503.925 575.241
v -4946.96 532.588 581.803
v -4946.96 513.764 577.215
v -4918.72 503.924 571.658
v -4918.72 446.597 560.156
v -4946.96 427.772 557.527
v -4918.72 417.933 554.406
v -4946.96 417.933 555.553
v -4918.72 446.597 560.156
v -4946.96 446.597 562.116
v -4946.96 427.772 557.527
v -4918.72 475.261 565.907
v -4946.96 456.436 564.09
v -4946.96 446.597 562.116
v -4918.72 475.261 565.907
v -4946.96 475.261 568.678
v -4946.96 456.436 564.09
v -4946.96 485.1 570.652
v -4946.96 475.261 568.678
v -4946.96 503.925 575.241
v -4946.96 485.1 570.652
v -4918.72 417.933 554.406
v 5314.29 303.277 1033.84
v 5314.29 331.941 1037.83
v 5314.29 360.605 1041.82
v 5321.95 303.277 1037.57
v 5321.95 308.386 1038.49
v 5321.95 331.941 1041.76
v 5314.29 331.941 1037.83
v 5321.95 308.386 1038.49
v 5321.95 331.941 1041.76
v 5321.95 337.05 1042.68
v 5321.95 360.605 1045.96
v 5314.29 360.605 1041.82
v 5321.95 337.05 1042.68
v 5321.95 360.605 1045.96
v 5321.95 365.714 1046.88
v 5321.95 389.269 1050.15
v 5321.95 365.714 1046.88
v -4946.96 399.108 551.965
v -4918.72 389.269 548.57
v -4946.96 389.269 549.961
v -4946.96 417.933 555.553
v -4946.96 399.108 551.965
v -4918.72 389.269 548.57
v -4918.72 331.941 536.898
v -4946.96 313.116 535.189
v -4918.72 303.277 531.062
v -4946.96 303.277 533.186
v -4918.72 331.941 536.898
v -4946.96 331.941 538.778
v -4946.96 313.116 535.189
v -4918.72 360.605 542.734
v -4946.96 341.78 540.781
v -4946.96 331.941 538.778
v -4918.72 360.605 542.734
v -4946.96 360.605 544.37
v -4946.96 341.78 540.781
v -4946.96 370.444 546.373
v -4946.96 360.605 544.37
v -4946.96 389.269 549.961
v -4946.96 370.444 546.373
v -4918.72 303.277 531.062
v 5314.29 188.622 1008.5
v 5314.29 217.286 1014.83
v 5314.29 245.95 1021.17
v 5321.95 188.622 1011.41
v 5321.95 193.731 1012.74
v 5321.95 217.286 1017.95
v 5314.29 217.286 1014.83
v 5321.95 193.731 1012.74
v 5321.95 217.286 1017.95
v 5321.95 222.395 1019.28
v 5321.95 245.95 1024.49
v 5314.29 245.95 1021.17
v 5321.95 222.395 1019.28
v 5321.95 245.95 1024.49
v 5321.95 251.059 1025.82
v 5321.95 274.613 1031.03
v 5321.95 251.059 1025.82
v -4946.96 284.453 530.084
v -4918.72 274.613 527.71
v -4946.96 274.613 528.934
v -4946.96 303.277 533.186
v -4946.96 284.453 530.084
v -4918.72 274.613 527.71
v -4918.72 217.286 521.007
v -4946.96 198.461 517.327
v -4918.72 188.622 517.656
v -4946.96 188.622 516.176
v -4918.72 217.286 521.007
v -4946.96 217.286 520.429
v -4946.96 198.461 517.327
v -4918.72 245.95 524.359
v -4946.96 227.125 521.579
v -4946.96 217.286 520.429
v -4918.72 245.95 524.359
v -4946.96 245.95 524.681
v -4946.96 227.125 521.579
v -4946.96 255.789 525.832
v -4946.96 245.95 524.681
v -4946.96 274.613 528.934
v -4946.96 255.789 525.832
v -4918.72 188.622 517.656
v 5314.29 73.9663 984
v 5314.29 102.63 990.124
v 5314.29 131.294 996.247
v 5321.95 73.9663 988.534
v 5321.95 79.0753 989.22
v 5321.95 102.63 994.252
v 5314.29 102.63 990.124
v 5321.95 79.0753 989.22
v 5321.95 102.63 994.252
v 5321.95 107.739 994.938
v 5321.95 131.294 999.97
v 5314.29 131.294 996.247
v 5321.95 107.739 994.938
v 5321.95 131.294 999.97
v 5321.95 136.403 1000.66
v 5321.95 159.958 1005.69
v 5321.95 136.403 1000.66
v -4946.96 169.797 514.521
v -4918.72 159.958 517.118
v -4946.96 159.958 514.336
v -4946.96 188.622 516.176
v -4946.96 169.797 514.521
v -4918.72 159.958 517.118
v -4918.72 102.63 516.043
v -4946.96 83.8056 509
v -4918.72 73.9665 515.505
v -4946.96 73.9665 508.816
v -4918.72 102.63 516.043
v -4946.96 102.63 510.656
v -4946.96 83.8056 509
v -4918.72 131.294 516.581
v -4946.96 112.469 510.84
v -4946.96 102.63 510.656
v -4918.72 131.294 516.581
v -4946.96 131.294 512.496
v -4946.96 112.469 510.84
v -4946.96 141.133 512.681
v -4946.96 131.294 512.496
v -4946.96 159.958 514.336
v -4946.96 141.133 512.681
v -4918.72 73.9665 515.505
v 5314.29 -40.6892 939.67
v 5314.29 -12.0253 950.752
v 5314.29 16.6385 961.835
v 5321.95 -40.6892 944.315
v 5321.95 -35.5798 946.263
v 5321.95 -12.0253 955.37
v 5314.29 -12.0253 950.752
v 5321.95 -35.5798 946.263
v 5321.95 -12.0253 955.37
v 5321.95 -6.91602 957.318
v 5321.95 16.6385 966.425
v 5314.29 16.6385 961.835
v 5321.95 -6.91602 957.318
v 5321.95 16.6385 966.425
v 5321.95 21.7478 968.373
v 5321.95 45.3024 977.48
v 5321.95 21.7478 968.373
v -4946.96 55.1418 510.753
v -4918.72 45.3026 516.189
v -4946.96 45.3026 510.988
v -4946.96 73.9665 508.816
v -4946.96 55.1418 510.753
v -4918.72 45.3026 516.189
v -4918.72 -12.0252 517.557
v -4946.96 -30.8499 517.269
v -4918.72 -40.6891 518.241
v -4946.96 -40.6891 517.504
v -4918.72 -12.0252 517.557
v -4946.96 -12.0252 515.332
v -4946.96 -30.8499 517.269
v -4918.72 16.6387 516.873
v -4946.96 -2.18601 515.097
v -4946.96 -12.0252 515.332
v -4918.72 16.6387 516.873
v -4946.96 16.6387 513.16
v -4946.96 -2.18601 515.097
v -4946.96 26.4779 512.925
v -4946.96 16.6387 513.16
v -4946.96 45.3026 510.988
v -4946.96 26.4779 512.925
v -4918.72 -40.6891 518.241
v 5314.29 -155.345 891.653
v 5314.29 -126.681 903.657
v 5314.29 -98.0169 915.661
v 5321.95 -155.345 890.666
v 5321.95 -150.236 894.214
v 5321.95 -126.681 904.079
v 5314.29 -126.681 903.657
v 5321.95 -150.236 894.214
v 5321.95 -126.681 904.079
v 5321.95 -121.572 907.626
v 5321.95 -98.0169 917.491
v 5314.29 -98.0169 915.661
v 5321.95 -121.572 907.626
v 5321.95 -98.0169 917.491
v 5321.95 -92.9078 921.038
v 5321.95 -69.3531 930.903
v 5321.95 -92.9078 921.038
v -4946.96 -59.5138 512.72
v -4918.72 -69.353 511.997
v -4946.96 -69.353 510.577
v -4946.96 -40.6891 517.504
v -4946.96 -59.5138 512.72
v -4918.72 -69.353 511.997
v -4918.72 -126.681 499.509
v -4946.96 -145.506 491.938
v -4918.72 -155.345 493.265
v -4946.96 -155.345 489.795
v -4918.72 -126.681 499.509
v -4946.96 -126.681 496.722
v -4946.96 -145.506 491.938
v -4918.72 -98.0169 505.753
v -4946.96 -116.842 498.866
v -4946.96 -126.681 496.722
v -4918.72 -98.0169 505.753
v -4946.96 -98.0169 503.65
v -4946.96 -116.842 498.866
v -4946.96 -88.1781 505.793
v -4946.96 -98.0169 503.65
v -4946.96 -69.353 510.577
v -4946.96 -88.1781 505.793
v -4918.72 -155.345 493.265
v 5314.29 -270 967.948
v 5314.29 -241.336 948.874
v 5314.29 -212.672 929.8
v 5321.95 -270 965.058
v 5321.95 -264.891 962.134
v 5321.95 -241.336 946.46
v 5314.29 -241.336 948.874
v 5321.95 -264.891 962.134
v 5321.95 -241.336 946.46
v 5321.95 -236.227 943.536
v 5321.95 -212.672 927.862
v 5314.29 -212.672 929.8
v 5321.95 -236.227 943.536
v 5321.95 -212.672 927.862
v 5321.95 -207.563 924.938
v 5321.95 -184.009 909.264
v 5321.95 -207.563 924.938
v -4946.96 -174.17 485.629
v -4918.72 -184.009 487.12
v -4946.96 -184.009 483.52
v -4946.96 -155.345 489.795
v -4946.96 -174.17 485.629
v -4918.72 -184.009 487.12
v -4918.72 -241.337 474.831
v -4946.96 -260.161 466.802
v -4918.72 -270 468.686
v -4946.96 -270 464.693
v -4918.72 -241.337 474.831
v -4946.96 -241.337 470.968
v -4946.96 -260.161 466.802
v -4918.72 -212.673 480.975
v -4946.96 -231.497 473.078
v -4946.96 -241.337 470.968
v -4918.72 -212.673 480.975
v -4946.96 -212.673 477.244
v -4946.96 -231.497 473.078
v -4946.96 -202.834 479.353
v -4946.96 -212.673 477.244
v -4946.96 -184.009 483.52
v -4946.96 -202.834 479.353
v -4918.72 -270 468.686
v 5314.29 -384.656 962.226
v 5314.29 -355.992 963.656
v 5314.29 -327.328 965.087
v 5321.95 -384.656 958.325
v 5321.95 -379.546 958.832
v 5321.95 -355.992 960.008
v 5314.29 -355.992 963.656
v 5321.95 -379.546 958.832
v 5321.95 -355.992 960.008
v 5321.95 -350.882 960.516
v 5321.95 -327.328 961.691
v 5314.29 -327.328 965.087
v 5321.95 -350.882 960.516
v 5321.95 -327.328 961.691
v 5321.95 -322.219 962.199
v 5321.95 -298.664 963.375
v 5321.95 -322.219 962.199
v -4946.96 -288.825 453.497
v -4918.72 -298.664 454.664
v -4946.96 -298.664 448.684
v -4946.96 -270 464.693
v -4946.96 -288.825 453.497
v -4918.72 -298.664 454.664
v -4918.72 -355.992 426.619
v -4946.96 -374.817 405.47
v -4918.72 -384.656 412.597
v -4946.96 -384.656 400.657
v -4918.72 -355.992 426.619
v -4946.96 -355.992 416.666
v -4946.96 -374.817 405.47
v -4918.72 -327.328 440.641
v -4946.96 -346.153 421.479
v -4946.96 -355.992 416.666
v -4918.72 -327.328 440.641
v -4946.96 -327.328 432.675
v -4946.96 -346.153 421.479
v -4946.96 -317.489 437.488
v -4946.96 -327.328 432.675
v -4946.96 -298.664 448.684
v -4946.96 -317.489 437.488
v -4918.72 -384.656 412.597
v 5314.29 -499.311 930.456
v 5314.29 -470.648 938.398
v 5314.29 -441.984 946.341
v 5321.95 -499.311 926.671
v 5321.95 -494.202 928.057
v 5321.95 -470.648 934.584
v 5314.29 -470.648 938.398
v 5321.95 -494.202 928.057
v 5321.95 -470.648 934.584
v 5321.95 -465.538 935.971
v 5321.95 -441.984 942.498
v 5314.29 -441.984 946.341
v 5321.95 -465.538 935.971
v 5321.95 -441.984 942.498
v 5321.95 -436.874 943.885
v 5321.95 -413.32 950.411
v 5321.95 -436.874 943.885
v -4946.96 -403.481 387.454
v -4918.72 -413.32 391.569
v -4946.96 -413.32 380.236
v -4946.96 -384.656 400.657
v -4946.96 -403.481 387.454
v -4918.72 -413.32 391.569
v -4918.72 -470.648 349.513
v -4946.96 -489.472 326.191
v -4918.72 -499.312 328.486
v -4946.96 -499.312 318.972
v -4918.72 -470.648 349.513
v -4946.96 -470.648 339.394
v -4946.96 -489.472 326.191
v -4918.72 -441.984 370.541
v -4946.96 -460.809 346.612
v -4946.96 -470.648 339.394
v -4918.72 -441.984 370.541
v -4946.96 -441.984 359.815
v -4946.96 -460.809 346.612
v -4946.96 -432.145 367.033
v -4946.96 -441.984 359.815
v -4946.96 -413.32 380.236
v -4946.96 -432.145 367.033
v -4918.72 -499.312 328.486
v 5314.29 -613.967 913.671
v 5314.29 -585.303 917.868
v 5314.29 -556.639 922.064
v 5321.95 -613.967 911.23
v 5321.95 -608.857 911.642
v 5321.95 -585.303 915.09
v 5314.29 -585.303 917.868
v 5321.95 -608.857 911.642
v 5321.95 -585.303 915.09
v 5321.95 -580.194 915.502
v 5321.95 -556.639 918.95
v 5314.29 -556.639 922.064
v 5321.95 -580.194 915.502
v 5321.95 -556.639 918.95
v 5321.95 -551.53 919.362
v 5321.95 -527.975 922.81
v 5321.95 -551.53 919.362
v -4946.96 -518.136 318.972
v -4918.72 -527.975 324.864
v -4946.96 -527.975 317.729
v -4946.96 -499.312 318.972
v -4946.96 -518.136 318.972
v -4918.72 -527.975 324.864
v -4918.72 -585.303 317.621
v -4946.96 -604.128 315.243
v -4918.72 -613.967 314
v -4946.96 -613.967 314
v -4918.72 -585.303 317.621
v -4946.96 -585.303 315.243
v -4946.96 -604.128 315.243
v -4918.72 -556.639 321.243
v -4946.96 -575.464 316.486
v -4946.96 -585.303 315.243
v -4918.72 -556.639 321.243
v -4946.96 -556.639 316.486
v -4946.96 -575.464 316.486
v -4946.96 -546.8 317.729
v -4946.96 -556.639 316.486
v -4946.96 -527.975 317.729
v -4946.96 -546.8 317.729
v -4918.72 -613.967 314
v 5314.29 -728.622 925.062
v 5314.29 -699.959 922.215
v 5314.29 -671.295 919.367
v 5321.95 -728.622 922.023
v 5321.95 -723.513 921.665
v 5321.95 -699.959 919.324
v 5314.29 -699.959 922.215
v 5321.95 -723.513 921.665
v 5321.95 -699.959 919.324
v 5321.95 -694.85 918.966
v 5321.95 -671.295 916.626
v 5314.29 -671.295 919.367
v 5321.95 -694.85 918.966
v 5321.95 -671.295 916.626
v 5321.95 -666.185 916.268
v 5321.95 -642.631 913.928
v 5321.95 -666.185 916.268
v -4946.96 -632.792 314
v -4918.72 -642.631 314
v -4946.96 -642.631 314
v -4946.96 -613.967 314
v -4946.96 -632.792 314
v -4918.72 -642.631 314
v -4918.72 -699.958 314
v -4946.96 -718.783 314
v -4918.72 -728.622 314
v -4946.96 -728.622 314
v -4918.72 -699.958 314
v -4946.96 -699.958 314
v -4946.96 -718.783 314
v -4918.72 -671.295 314
v -4946.96 -690.119 314
v -4946.96 -699.958 314
v -4918.72 -671.295 314
v -4946.96 -671.295 314
v -4946.96 -690.119 314
v -4946.96 -661.456 314
v -4946.96 -671.295 314
v -4946.96 -642.631 314
v -4946.96 -661.456 314
v -4918.72 -728.622 314
v 5314.29 -843.278 931.013
v 5314.29 -814.614 929.525
v 5314.29 -785.95 928.038
v 5321.95 -843.278 928.364
v 5321.95 -838.169 928.001
v 5321.95 -814.614 926.779
v 5314.29 -814.614 929.525
v 5321.95 -838.169 928.001
v 5321.95 -814.614 926.779
v 5321.95 -809.505 926.416
v 5321.95 -785.95 925.194
v 5314.29 -785.95 928.038
v 5321.95 -809.505 926.416
v 5321.95 -785.95 925.194
v 5321.95 -780.841 924.831
v 5321.95 -757.286 923.608
v 5321.95 -780.841 924.831
v -4946.96 -747.447 314.072
v -4918.72 -757.286 314.385
v -4946.96 -757.286 314.205
v -4946.96 -728.622 314
v -4946.96 -747.447 314.072
v -4918.72 -757.286 314.385
v -4918.72 -814.614 315.156
v -4946.96 -833.439 314.686
v -4918.72 -843.278 315.541
v -4946.96 -843.278 314.819
v -4918.72 -814.614 315.156
v -4946.96 -814.614 314.614
v -4946.96 -833.439 314.686
v -4918.72 -785.95 314.771
v -4946.96 -804.775 314.482
v -4946.96 -814.614 314.614
v -4918.72 -785.95 314.771
v -4946.96 -785.95 314.409
v -4946.96 -804.775 314.482
v -4946.96 -776.111 314.277
v -4946.96 -785.95 314.409
v -4946.96 -757.286 314.205
v -4946.96 -776.111 314.277
v -4918.72 -843.278 315.541
v 5314.29 -957.934 926.082
v 5314.29 -929.27 927.314
v 5314.29 -900.606 928.547
v 5321.95 -957.934 923.94
v 5321.95 -952.825 924.033
v 5321.95 -929.27 925.046
v 5314.29 -929.27 927.314
v 5321.95 -952.825 924.033
v 5321.95 -929.27 925.046
v 5321.95 -924.161 925.139
v 5321.95 -900.606 926.152
v 5314.29 -900.606 928.547
v 5321.95 -924.161 925.139
v 5321.95 -900.606 926.152
v 5321.95 -895.497 926.245
v 5321.95 -871.942 927.258
v 5321.95 -895.497 926.245
v -4946.96 -862.103 319.624
v -4918.72 -871.942 322.376
v -4946.96 -871.942 321.97
v -4946.96 -843.278 314.819
v -4946.96 -862.103 319.624
v -4918.72 -871.942 322.376
v -4918.72 -929.27 336.047
v -4946.96 -948.094 341.08
v -4918.72 -957.934 342.882
v -4946.96 -957.934 343.426
v -4918.72 -929.27 336.047
v -4946.96 -929.27 336.274
v -4946.96 -948.094 341.08
v -4918.72 -900.606 329.212
v -4946.96 -919.431 333.928
v -4946.96 -929.27 336.274
v -4918.72 -900.606 329.212
v -4946.96 -900.606 329.122
v -4946.96 -919.431 333.928
v -4946.96 -890.767 326.776
v -4946.96 -900.606 329.122
v -4946.96 -871.942 321.97
v -4946.96 -890.767 326.776
v -4918.72 -957.934 342.882
v 5314.29 -1072.59 947.027
v 5314.29 -1043.93 941.791
v 5314.29 -1015.26 936.554
v 5321.95 -1072.59 944.552
v 5321.95 -1067.48 943.702
v 5321.95 -1043.93 939.399
v 5314.29 -1043.93 941.791
v 5321.95 -1067.48 943.702
v 5321.95 -1043.93 939.399
v 5321.95 -1038.82 938.549
v 5321.95 -1015.26 934.246
v 5314.29 -1015.26 936.554
v 5321.95 -1038.82 938.549
v 5321.95 -1015.26 934.246
v 5321.95 -1010.15 933.396
v 5321.95 -986.598 929.093
v 5321.95 -1010.15 933.396
v -4946.96 -976.758 353.668
v -4918.72 -986.598 355.385
v -4946.96 -986.598 357.96
v -4946.96 -957.934 343.426
v -4946.96 -976.758 353.668
v -4918.72 -986.598 355.385
v -4918.72 -1043.93 380.39
v -4946.96 -1062.75 397.271
v -4918.72 -1072.59 392.893
v -4946.96 -1072.59 401.563
v -4918.72 -1043.93 380.39
v -4946.96 -1043.93 387.029
v -4946.96 -1062.75 397.271
v -4918.72 -1015.26 367.888
v -4946.96 -1034.09 382.737
v -4946.96 -1043.93 387.029
v -4918.72 -1015.26 367.888
v -4946.96 -1015.26 372.494
v -4946.96 -1034.09 382.737
v -4946.96 -1005.42 368.203
v -4946.96 -1015.26 372.494
v -4946.96 -986.598 357.96
v -4946.96 -1005.42 368.203
v -4918.72 -1072.59 392.893
v 5314.29 -1187.24 951.617
v 5314.29 -1158.58 950.47
v 5314.29 -1129.92 949.322
v 5321.95 -1187.24 949.821
v 5321.95 -1182.14 949.447
v 5321.95 -1158.58 948.504
v 5314.29 -1158.58 950.47
v 5321.95 -1182.14 949.447
v 5321.95 -1158.58 948.504
v 5321.95 -1153.47 948.13
v 5321.95 -1129.92 947.187
v 5314.29 -1129.92 949.322
v 5321.95 -1153.47 948.13
v 5321.95 -1129.92 947.187
v 5321.95 -1124.81 946.812
v 5321.95 -1101.25 945.869
v 5321.95 -1124.81 946.812
v -4946.96 -1091.41 399.664
v -4918.72 -1101.25 392.718
v -4946.96 -1101.25 399.604
v -4946.96 -1072.59 401.563
v -4946.96 -1091.41 399.664
v -4918.72 -1101.25 392.718
v -4918.72 -1158.58 392.368
v -4946.96 -1177.41 393.789
v -4918.72 -1187.24 392.193
v -4946.96 -1187.24 393.729
v -4918.72 -1158.58 392.368
v -4946.96 -1158.58 395.687
v -4946.96 -1177.41 393.789
v -4918.72 -1129.92 392.543
v -4946.96 -1148.74 395.747
v -4946.96 -1158.58 395.687
v -4918.72 -1129.92 392.543
v -4946.96 -1129.92 397.646
v -4946.96 -1148.74 395.747
v -4946.96 -1120.08 397.706
v -4946.96 -1129.92 397.646
v -4946.96 -1101.25 399.604
v -4946.96 -1120.08 397.706
v -4918.72 -1187.24 392.193
v 5314.29 -1301.9 921.635
v 5314.29 -1273.24 929.13
v 5314.29 -1244.57 936.626
v 5321.95 -1301.9 920.486
v 5321.95 -1296.79 921.66
v 5321.95 -1273.24 927.82
v 5314.29 -1273.24 929.13
v 5321.95 -1296.79 921.66
v 5321.95 -1273.24 927.82
v 5321.95 -1268.13 928.994
v 5321.95 -1244.57 935.154
v 5314.29 -1244.57 936.626
v 5321.95 -1268.13 928.994
v 5321.95 -1244.57 935.154
v 5321.95 -1239.46 936.328
v 5321.95 -1215.91 942.487
v 5321.95 -1239.46 936.328
v -4946.96 -1206.07 397.183
v -4918.72 -1215.91 398.047
v -4946.96 -1215.91 399.193
v -4946.96 -1187.24 393.729
v -4946.96 -1206.07 397.183
v -4918.72 -1215.91 398.047
v -4918.72 -1273.24 409.754
v -4946.96 -1292.06 413.576
v -4918.72 -1301.9 415.607
v -4946.96 -1301.9 415.585
v -4918.72 -1273.24 409.754
v -4946.96 -1273.24 410.121
v -4946.96 -1292.06 413.576
v -4918.72 -1244.57 403.9
v -4946.96 -1263.4 408.112
v -4946.96 -1273.24 410.121
v -4918.72 -1244.57 403.9
v -4946.96 -1244.57 404.657
v -4946.96 -1263.4 408.112
v -4946.96 -1234.73 402.647
v -4946.96 -1244.57 404.657
v -4946.96 -1215.91 399.193
v -4946.96 -1234.73 402.647
v -4918.72 -1301.9 415.607
v 5314.29 -1416.56 900.926
v 5314.29 -1387.89 906.103
v 5314.29 -1359.23 911.28
v 5321.95 -1416.56 900.681
v 5321.95 -1411.45 901.378
v 5321.95 -1387.89 905.632
v 5314.29 -1387.89 906.103
v 5321.95 -1411.45 901.378
v 5321.95 -1387.89 905.632
v 5321.95 -1382.78 906.329
v 5321.95 -1359.23 910.583
v 5314.29 -1359.23 911.28
v 5321.95 -1382.78 906.329
v 5321.95 -1359.23 910.583
v 5321.95 -1354.12 911.28
v 5321.95 -1330.56 915.535
v 5321.95 -1354.12 911.28
v -4946.96 -1320.73 422.371
v -4918.72 -1330.56 427.799
v -4946.96 -1330.56 426.556
v -4946.96 -1301.9 415.585
v -4946.96 -1320.73 422.371
v -4918.72 -1330.56 427.799
v -4918.72 -1387.89 452.182
v -4946.96 -1406.72 455.283
v -4918.72 -1416.56 464.373
v -4946.96 -1416.56 459.468
v -4918.72 -1387.89 452.182
v -4946.96 -1387.89 448.497
v -4946.96 -1406.72 455.283
v -4918.72 -1359.23 439.99
v -4946.96 -1378.05 444.312
v -4946.96 -1387.89 448.497
v -4918.72 -1359.23 439.99
v -4946.96 -1359.23 437.526
v -4946.96 -1378.05 444.312
v -4946.96 -1349.39 433.341
v -4946.96 -1359.23 437.526
v -4946.96 -1330.56 426.556
v -4946.96 -1349.39 433.341
v -4918.72 -1416.56 464.373
v 5314.29 -1531.21 894.285
v 5314.29 -1502.55 895.945
v 5314.29 -1473.88 897.606
v 5321.95 -1531.21 894.552
v 5321.95 -1526.1 894.72
v 5321.95 -1502.55 896.084
v 5314.29 -1502.55 895.945
v 5321.95 -1526.1 894.72
v 5321.95 -1502.55 896.084
v 5321.95 -1497.44 896.252
v 5321.95 -1473.88 897.616
v 5314.29 -1473.88 897.606
v 5321.95 -1497.44 896.252
v 5321.95 -1473.88 897.616
v 5321.95 -1468.77 897.784
v 5321.95 -1445.22 899.149
v 5321.95 -1468.77 897.784
v -4946.96 -1435.38 466.494
v -4918.72 -1445.22 475.216
v -4946.96 -1445.22 470.216
v -4946.96 -1416.56 459.468
v -4946.96 -1435.38 466.494
v -4918.72 -1445.22 475.216
v -4918.72 -1502.55 496.902
v -4946.96 -1521.37 498.737
v -4918.72 -1531.21 507.745
v -4946.96 -1531.21 502.459
v -4918.72 -1502.55 496.902
v -4946.96 -1502.55 491.711
v -4946.96 -1521.37 498.737
v -4918.72 -1473.88 486.059
v -4946.96 -1492.71 487.989
v -4946.96 -1502.55 491.711
v -4918.72 -1473.88 486.059
v -4946.96 -1473.88 480.963
v -4946.96 -1492.71 487.989
v -4946.96 -1464.04 477.242
v -4946.96 -1473.88 480.963
v -4946.96 -1445.22 470.216
v -4946.96 -1464.04 477.242
v -4918.72 -1531.21 507.745
v 5314.29 -1645.87 910.511
v 5314.29 -1617.2 906.454
v 5314.29 -1588.54 902.398
v 5321.95 -1645.87 912.483
v 5321.95 -1640.76 911.334
v 5321.95 -1617.2 908
v 5314.29 -1617.2 906.454
v 5321.95 -1640.76 911.334
v 5321.95 -1617.2 908
v 5321.95 -1612.09 906.851
v 5321.95 -1588.54 903.518
v 5314.29 -1588.54 902.398
v 5321.95 -1612.09 906.851
v 5321.95 -1588.54 903.518
v 5321.95 -1583.43 902.368
v 5321.95 -1559.88 899.035
v 5321.95 -1583.43 902.368
v -4946.96 -1550.04 527.186
v -4918.72 -1559.88 544.71
v -4946.96 -1559.88 539.875
v -4946.96 -1531.21 502.459
v -4946.96 -1550.04 527.186
v -4918.72 -1559.88 544.71
v -4918.72 -1617.2 618.641
v -4946.96 -1636.03 639.432
v -4918.72 -1645.87 655.606
v -4946.96 -1645.87 652.121
v -4918.72 -1617.2 618.641
v -4946.96 -1617.2 614.705
v -4946.96 -1636.03 639.432
v -4918.72 -1588.54 581.675
v -4946.96 -1607.36 602.016
v -4946.96 -1617.2 614.705
v -4918.72 -1588.54 581.675
v -4946.96 -1588.54 577.29
v -4946.96 -1607.36 602.016
v -4946.96 -1578.7 564.601
v -4946.96 -1588.54 577.29
v -4946.96 -1559.88 539.875
v -4946.96 -1578.7 564.601
v -4918.72 -1645.87 655.606
v 5314.29 -1760.52 935.243
v 5314.29 -1731.86 929.06
v 5314.29 -1703.19 922.877
v 5321.95 -1760.52 937.418
v 5321.95 -1755.41 936.266
v 5321.95 -1731.86 931.185
v 5314.29 -1731.86 929.06
v 5321.95 -1755.41 936.266
v 5321.95 -1731.86 931.185
v 5321.95 -1726.75 930.032
v 5321.95 -1703.19 924.951
v 5314.29 -1703.19 922.877
v 5321.95 -1726.75 930.032
v 5321.95 -1703.19 924.951
v 5321.95 -1698.09 923.798
v 5321.95 -1674.53 918.717
v 5321.95 -1698.09 923.798
v -4946.96 -1664.69 658.252
v -4918.72 -1674.53 663.822
v -4946.96 -1674.53 661.072
v -4946.96 -1645.87 652.121
v -4946.96 -1664.69 658.252
v -4918.72 -1674.53 663.822
v -4918.72 -1731.86 680.255
v -4946.96 -1750.68 685.108
v -4918.72 -1760.52 688.472
v -4946.96 -1760.52 687.928
v -4918.72 -1731.86 680.255
v -4946.96 -1731.86 678.976
v -4946.96 -1750.68 685.108
v -4918.72 -1703.19 672.039
v -4946.96 -1722.02 676.156
v -4946.96 -1731.86 678.976
v -4918.72 -1703.19 672.039
v -4946.96 -1703.19 670.024
v -4946.96 -1722.02 676.156
v -4946.96 -1693.36 667.204
v -4946.96 -1703.19 670.024
v -4946.96 -1674.53 661.072
v -4946.96 -1693.36 667.204
v -4918.72 -1760.52 688.472
v 5314.29 -1875.18 931.939
v 5314.29 -1846.51 932.765
v 5314.29 -1817.85 933.591
v 5321.95 -1875.18 934.195
v 5321.95 -1870.07 934.322
v 5321.95 -1846.51 935.001
v 5314.29 -1846.51 932.765
v 5321.95 -1870.07 934.322
v 5321.95 -1846.51 935.001
v 5321.95 -1841.4 935.128
v 5321.95 -1817.85 935.807
v 5314.29 -1817.85 933.591
v 5321.95 -1841.4 935.128
v 5321.95 -1817.85 935.807
v 5321.95 -1812.74 935.934
v 5321.95 -1789.19 936.613
v 5321.95 -1812.74 935.934
v -4946.96 -1779.35 688.43
v -4918.72 -1789.19 688.169
v -4946.96 -1789.19 688.326
v -4946.96 -1760.52 687.928
v -4946.96 -1779.35 688.43
v -4918.72 -1789.19 688.169
v -4918.72 -1846.51 687.565
v -4946.96 -1865.34 689.624
v -4918.72 -1875.18 687.262
v -4946.96 -1875.18 689.52
v -4918.72 -1846.51 687.565
v -4946.96 -1846.51 689.122
v -4946.96 -1865.34 689.624
v -4918.72 -1817.85 687.867
v -4946.96 -1836.67 689.226
v -4946.96 -1846.51 689.122
v -4918.72 -1817.85 687.867
v -4946.96 -1817.85 688.724
v -4946.96 -1836.67 689.226
v -4946.96 -1808.01 688.828
v -4946.96 -1817.85 688.724
v -4946.96 -1789.19 688.326
v -4946.96 -1808.01 688.828
v -4918.72 -1875.18 687.262
v 5314.29 -1989.83 941.426
v 5314.29 -1961.17 939.054
v 5314.29 -1932.51 936.682
v 5321.95 -1989.83 943.43
v 5321.95 -1984.72 943.07
v 5321.95 -1961.17 941.121
v 5314.29 -1961.17 939.054
v 5321.95 -1984.72 943.07
v 5321.95 -1961.17 941.121
v 5321.95 -1956.06 940.762
v 5321.95 -1932.51 938.813
v 5314.29 -1932.51 936.682
v 5321.95 -1956.06 940.762
v 5321.95 -1932.51 938.813
v 5321.95 -1927.4 938.453
v 5321.95 -1903.84 936.504
v 5321.95 -1927.4 938.453
v -4946.96 -1894 686.634
v -4918.72 -1903.84 683.305
v -4946.96 -1903.84 685.276
v -4946.96 -1875.18 689.52
v -4946.96 -1894 686.634
v -4918.72 -1903.84 683.305
v -4918.72 -1961.17 675.389
v -4946.96 -1979.99 673.901
v -4918.72 -1989.83 671.431
v -4946.96 -1989.83 672.542
v -4918.72 -1961.17 675.389
v -4946.96 -1961.17 676.787
v -4946.96 -1979.99 673.901
v -4918.72 -1932.51 679.347
v -4946.96 -1951.33 678.145
v -4946.96 -1961.17 676.787
v -4918.72 -1932.51 679.347
v -4946.96 -1932.51 681.031
v -4946.96 -1951.33 678.145
v -4946.96 -1922.67 682.39
v -4946.96 -1932.51 681.031
v -4946.96 -1903.84 685.276
v -4946.96 -1922.67 682.39
v -4918.72 -1989.83 671.431
v 5314.29 -2104.49 956.684
v 5314.29 -2075.82 952.87
v 5314.29 -2047.16 949.055
v 5321.95 -2104.49 958.649
v 5321.95 -2099.38 957.979
v 5321.95 -2075.82 954.844
v 5314.29 -2075.82 952.87
v 5321.95 -2099.38 957.979
v 5321.95 -2075.82 954.844
v 5321.95 -2070.72 954.174
v 5321.95 -2047.16 951.039
v 5314.29 -2047.16 949.055
v 5321.95 -2070.72 954.174
v 5321.95 -2047.16 951.039
v 5321.95 -2042.05 950.369
v 5321.95 -2018.5 947.235
v 5321.95 -2042.05 950.369
v -4946.96 -2008.66 668.77
v -4918.72 -2018.5 667.299
v -4946.96 -2018.5 667.351
v -4946.96 -1989.83 672.542
v -4946.96 -2008.66 668.77
v -4918.72 -2018.5 667.299
v -4918.72 -2075.83 659.035
v -4946.96 -2094.65 653.197
v -4918.72 -2104.49 654.903
v -4946.96 -2104.49 651.778
v -4918.72 -2075.83 659.035
v -4946.96 -2075.82 656.969
v -4946.96 -2094.65 653.197
v -4918.72 -2047.16 663.167
v -4946.96 -2065.99 658.388
v -4946.96 -2075.82 656.969
v -4918.72 -2047.16 663.167
v -4946.96 -2047.16 662.16
v -4946.96 -2065.99 658.388
v -4946.96 -2037.32 663.579
v -4946.96 -2047.16 662.16
v -4946.96 -2018.5 667.351
v -4946.96 -2037.32 663.579
v -4918.72 -2104.49 654.903
v 5314.29 -2219.14 961.194
v 5314.29 -2190.48 960.066
v 5314.29 -2161.82 958.939
v 5321.95 -2219.14 963.635
v 5321.95 -2214.04 963.315
v 5321.95 -2190.48 962.388
v 5314.29 -2190.48 960.066
v 5321.95 -2214.04 963.315
v 5321.95 -2190.48 962.388
v 5321.95 -2185.37 962.068
v 5321.95 -2161.82 961.142
v 5314.29 -2161.82 958.939
v 5321.95 -2185.37 962.068
v 5321.95 -2161.82 961.142
v 5321.95 -2156.71 960.822
v 5321.95 -2133.15 959.896
v 5321.95 -2156.71 960.822
v -4946.96 -2123.31 655.063
v -4918.72 -2133.15 659.073
v -4946.96 -2133.15 656.495
v -4946.96 -2104.49 651.778
v -4946.96 -2123.31 655.063
v -4918.72 -2133.15 659.073
v -4918.72 -2190.48 667.414
v -4946.96 -2209.3 669.212
v -4918.72 -2219.14 671.584
v -4946.96 -2219.14 670.644
v -4918.72 -2190.48 667.414
v -4946.96 -2190.48 665.927
v -4946.96 -2209.3 669.212
v -4918.72 -2161.82 663.244
v -4946.96 -2180.64 664.496
v -4946.96 -2190.48 665.927
v -4918.72 -2161.82 663.244
v -4946.96 -2161.82 661.211
v -4946.96 -2180.64 664.496
v -4946.96 -2151.98 659.779
v -4946.96 -2161.82 661.211
v -4946.96 -2133.15 656.495
v -4946.96 -2151.98 659.779
v -4918.72 -2219.14 671.584
v 5314.29 -2333.8 946.405
v 5314.29 -2305.14 950.102
v 5314.29 -2276.47 953.799
v 5321.95 -2333.8 948.807
v 5321.95 -2328.69 949.476
v 5321.95 -2305.14 952.514
v 5314.29 -2305.14 950.102
v 5321.95 -2328.69 949.476
v 5321.95 -2305.14 952.514
v 5321.95 -2300.03 953.183
v 5321.95 -2276.47 956.221
v 5314.29 -2276.47 953.799
v 5321.95 -2300.03 953.183
v 5321.95 -2276.47 956.221
v 5321.95 -2271.36 956.89
v 5321.95 -2247.81 959.928
v 5321.95 -2271.36 956.89
v -4946.96 -2237.97 677.091
v -4918.72 -2247.81 679.865
v -4946.96 -2247.81 679.934
v -4946.96 -2219.14 670.644
v -4946.96 -2237.97 677.091
v -4918.72 -2247.81 679.865
v -4918.72 -2305.14 696.426
v -4946.96 -2323.96 704.961
v -4918.72 -2333.8 704.707
v -4946.96 -2333.8 707.804
v -4918.72 -2305.14 696.426
v -4946.96 -2305.14 698.514
v -4946.96 -2323.96 704.961
v -4918.72 -2276.47 688.146
v -4946.96 -2295.3 695.671
v -4946.96 -2305.14 698.514
v -4918.72 -2276.47 688.146
v -4946.96 -2276.47 689.224
v -4946.96 -2295.3 695.671
v -4946.96 -2266.63 686.381
v -4946.96 -2276.47 689.224
v -4946.96 -2247.81 679.934
v -4946.96 -2266.63 686.381
v -4918.72 -2333.8 704.707
v 5314.29 -2448.46 916.496
v 5314.29 -2419.79 923.973
v 5314.29 -2391.13 931.451
v 5321.95 -2448.46 917.946
v 5321.95 -2443.35 919.517
v 5321.95 -2419.79 925.661
v 5314.29 -2419.79 923.973
v 5321.95 -2443.35 919.517
v 5321.95 -2419.79 925.661
v 5321.95 -2414.68 927.232
v 5321.95 -2391.13 933.376
v 5314.29 -2391.13 931.451
v 5321.95 -2414.68 927.232
v 5321.95 -2391.13 933.376
v 5321.95 -2386.02 934.947
v 5321.95 -2362.46 941.092
v 5321.95 -2386.02 934.947
v -4946.96 -2352.63 706.527
v -4918.72 -2362.46 704.454
v -4946.96 -2362.46 706.44
v -4946.96 -2333.8 707.804
v -4946.96 -2352.63 706.527
v -4918.72 -2362.46 704.454
v -4918.72 -2419.79 703.95
v -4946.96 -2438.62 702.437
v -4918.72 -2448.46 703.698
v -4946.96 -2448.46 702.35
v -4918.72 -2419.79 703.95
v -4946.96 -2419.79 703.714
v -4946.96 -2438.62 702.437
v -4918.72 -2391.13 704.202
v -4946.96 -2409.95 703.8
v -4946.96 -2419.79 703.714
v -4918.72 -2391.13 704.202
v -4946.96 -2391.13 705.077
v -4946.96 -2409.95 703.8
v -4946.96 -2381.29 705.164
v -4946.96 -2391.13 705.077
v -4946.96 -2362.46 706.44
v -4946.96 -2381.29 705.164
v -4918.72 -2448.46 703.698
v 5314.29 -2563.11 953.404
v 5314.29 -2534.45 944.177
v 5314.29 -2505.78 934.95
v 5321.95 -2563.11 955.065
v 5321.95 -2558 953.368
v 5321.95 -2534.45 945.785
v 5314.29 -2534.45 944.177
v 5321.95 -2558 953.368
v 5321.95 -2534.45 945.785
v 5321.95 -2529.34 944.088
v 5321.95 -2505.78 936.505
v 5314.29 -2505.78 934.95
v 5321.95 -2529.34 944.088
v 5321.95 -2505.78 936.505
v 5321.95 -2500.67 934.808
v 5321.95 -2477.12 927.226
v 5321.95 -2500.67 934.808
v -4946.96 -2467.28 706.334
v -4918.72 -2477.12 708.368
v -4946.96 -2477.12 707.937
v -4946.96 -2448.46 702.35
v -4946.96 -2467.28 706.334
v -4918.72 -2477.12 708.368
v -4918.72 -2534.45 717.708
v -4946.96 -2553.27 723.095
v -4918.72 -2563.11 722.378
v -4946.96 -2563.11 724.697
v -4918.72 -2534.45 717.708
v -4946.96 -2534.45 719.111
v -4946.96 -2553.27 723.095
v -4918.72 -2505.78 713.038
v -4946.96 -2524.61 717.508
v -4946.96 -2534.45 719.111
v -4918.72 -2505.78 713.038
v -4946.96 -2505.78 713.524
v -4946.96 -2524.61 717.508
v -4946.96 -2495.94 711.921
v -4946.96 -2505.78 713.524
v -4946.96 -2477.12 707.937
v -4946.96 -2495.94 711.921
v -4918.72 -2563.11 722.378
v 5314.29 -2677.77 984.83
v 5314.29 -2649.1 976.973
v 5314.29 -2620.44 969.117
v 5321.95 -2677.77 986.915
v 5321.95 -2672.66 985.408
v 5321.95 -2649.1 978.952
v 5314.29 -2649.1 976.973
v 5321.95 -2672.66 985.408
v 5321.95 -2649.1 978.952
v 5321.95 -2643.99 977.446
v 5321.95 -2620.44 970.99
v 5314.29 -2620.44 969.117
v 5321.95 -2643.99 977.446
v 5321.95 -2620.44 970.99
v 5321.95 -2615.33 969.483
v 5321.95 -2591.78 963.028
v 5321.95 -2615.33 969.483
v -4946.96 -2581.94 719.846
v -4918.72 -2591.77 715.593
v -4946.96 -2591.77 717.517
v -4946.96 -2563.11 724.697
v -4946.96 -2581.94 719.846
v -4918.72 -2591.77 715.593
v -4918.72 -2649.1 702.023
v -4946.96 -2667.93 698.304
v -4918.72 -2677.77 695.238
v -4946.96 -2677.77 695.975
v -4918.72 -2649.1 702.023
v -4946.96 -2649.1 703.155
v -4946.96 -2667.93 698.304
v -4918.72 -2620.44 708.808
v -4946.96 -2639.26 705.484
v -4946.96 -2649.1 703.155
v -4918.72 -2620.44 708.808
v -4946.96 -2620.44 710.336
v -4946.96 -2639.26 705.484
v -4946.96 -2610.6 712.665
v -4946.96 -2620.44 710.336
v -4946.96 -2591.77 717.517
v -4946.96 -2610.6 712.665
v -4918.72 -2677.77 695.238
v 5314.29 -2792.42 978.351
v 5314.29 -2763.76 979.97
v 5314.29 -2735.09 981.59
v 5321.95 -2792.42 980.724
v 5321.95 -2787.31 980.941
v 5321.95 -2763.76 982.272
v 5314.29 -2763.76 979.97
v 5321.95 -2787.31 980.941
v 5321.95 -2763.76 982.272
v 5321.95 -2758.65 982.488
v 5321.95 -2735.09 983.819
v 5314.29 -2735.09 981.59
v 5321.95 -2758.65 982.488
v 5321.95 -2735.09 983.819
v 5321.95 -2729.99 984.036
v 5321.95 -2706.43 985.367
v 5321.95 -2729.99 984.036
v -4946.96 -2696.59 691.834
v -4918.72 -2706.43 687.75
v -4946.96 -2706.43 689.264
v -4946.96 -2677.77 695.975
v -4946.96 -2696.59 691.834
v -4918.72 -2706.43 687.75
v -4918.72 -2763.76 672.773
v -4946.96 -2782.58 671.701
v -4918.72 -2792.42 665.285
v -4946.96 -2792.42 669.131
v -4918.72 -2763.76 672.773
v -4946.96 -2763.76 675.842
v -4946.96 -2782.58 671.701
v -4918.72 -2735.09 680.261
v -4946.96 -2753.92 678.412
v -4946.96 -2763.76 675.842
v -4918.72 -2735.09 680.261
v -4946.96 -2735.09 682.553
v -4946.96 -2753.92 678.412
v -4946.96 -2725.26 685.123
v -4946.96 -2735.09 682.553
v -4946.96 -2706.43 689.264
v -4946.96 -2725.26 685.123
v -4918.72 -2792.42 665.285
v 5228.3 -2878.41 941.835
v 5187.39 -2905.69 925.516
v 5228.3 -2905.69 938.7
v 5228.3 -2878.41 941.835
v 5185.3 -2878.41 928.113
v 5187.39 -2905.69 925.516
v 5185.3 -2905.69 924.85
v 5185.3 -2878.41 928.113
v 5271.29 -2878.41 955.557
v 5230.38 -2905.69 939.367
v 5271.29 -2905.69 952.551
v 5271.29 -2878.41 955.557
v 5230.38 -2905.69 939.367
v 5228.3 -2905.69 938.7
v 5314.29 -2878.41 969.279
v 5273.38 -2905.69 953.217
v 5314.29 -2905.69 966.401
v 5314.29 -2878.41 969.279
v 5273.38 -2905.69 953.217
v 5271.29 -2905.69 952.551
v 5314.29 -2849.75 972.303
v 5321.95 -2901.97 969.239
v 5316.38 -2905.69 967.068
v 5321.95 -2905.69 968.865
v 5314.29 -2905.69 966.401
v 5321.95 -2901.97 969.239
v 5316.38 -2905.69 967.068
v 5321.95 -2873.3 972.239
v 5321.95 -2849.75 974.724
v 5314.29 -2849.75 972.303
v 5321.95 -2873.3 972.239
v 5321.95 -2849.75 974.724
v 5321.95 -2844.64 975.239
v 5321.95 -2821.09 977.724
v 5321.95 -2844.64 975.239
v 5056.31 -2878.41 898.518
v 5015.4 -2905.69 887.382
v 5056.31 -2905.69 896.39
v 5056.31 -2878.41 898.518
v 5013.32 -2878.41 888.652
v 5015.4 -2905.69 887.382
v 5013.32 -2905.69 886.903
v 5013.32 -2878.41 888.652
v 5099.31 -2878.41 908.383
v 5058.4 -2905.69 896.869
v 5099.31 -2905.69 905.876
v 5099.31 -2878.41 908.383
v 5058.4 -2905.69 896.869
v 5056.31 -2905.69 896.39
v 5142.3 -2878.41 918.248
v 5101.4 -2905.69 906.355
v 5142.3 -2905.69 915.363
v 5142.3 -2878.41 918.248
v 5101.4 -2905.69 906.355
v 5099.31 -2905.69 905.876
v 5144.39 -2905.69 915.842
v 5185.3 -2905.69 924.85
v 5144.39 -2905.69 915.842
v 5142.3 -2905.69 915.363
v 4884.33 -2878.41 881.799
v 4843.42 -2905.69 877.734
v 4884.33 -2905.69 879.943
v 4884.33 -2878.41 881.799
v 4841.33 -2878.41 879.514
v 4843.42 -2905.69 877.734
v 4841.33 -2905.69 877.623
v 4841.33 -2878.41 879.514
v 4927.33 -2878.41 884.083
v 4886.42 -2905.69 880.054
v 4927.33 -2905.69 882.263
v 4927.33 -2878.41 884.083
v 4886.42 -2905.69 880.054
v 4884.33 -2905.69 879.943
v 4970.32 -2878.41 886.368
v 4929.41 -2905.69 882.374
v 4970.32 -2905.69 884.583
v 4970.32 -2878.41 886.368
v 4929.41 -2905.69 882.374
v 4927.33 -2905.69 882.263
v 4972.41 -2905.69 884.694
v 5013.32 -2905.69 886.903
v 4972.41 -2905.69 884.694
v 4970.32 -2905.69 884.583
v 4712.35 -2878.41 870.275
v 4671.44 -2905.69 866.421
v 4712.35 -2905.69 869.109
v 4712.35 -2878.41 870.275
v 4669.35 -2878.41 867.196
v 4671.44 -2905.69 866.421
v 4669.35 -2905.69 866.271
v 4669.35 -2878.41 867.196
v 4755.34 -2878.41 873.355
v 4714.44 -2905.69 869.259
v 4755.34 -2905.69 871.947
v 4755.34 -2878.41 873.355
v 4714.44 -2905.69 869.259
v 4712.35 -2905.69 869.109
v 4798.34 -2878.41 876.434
v 4757.43 -2905.69 872.097
v 4798.34 -2905.69 874.785
v 4798.34 -2878.41 876.434
v 4757.43 -2905.69 872.097
v 4755.34 -2905.69 871.947
v 4800.43 -2905.69 874.935
v 4841.33 -2905.69 877.623
v 4800.43 -2905.69 874.935
v 4798.34 -2905.69 874.785
v 4540.36 -2878.41 874.847
v 4499.46 -2905.69 875.713
v 4540.36 -2905.69 873.445
v 4540.36 -2878.41 874.847
v 4497.37 -2878.41 877.397
v 4499.46 -2905.69 875.713
v 4497.37 -2905.69 875.837
v 4497.37 -2878.41 877.397
v 4583.36 -2878.41 872.296
v 4542.45 -2905.69 873.321
v 4583.36 -2905.69 871.054
v 4583.36 -2878.41 872.296
v 4542.45 -2905.69 873.321
v 4540.36 -2905.69 873.445
v 4626.35 -2878.41 869.746
v 4585.45 -2905.69 870.93
v 4626.35 -2905.69 868.663
v 4626.35 -2878.41 869.746
v 4585.45 -2905.69 870.93
v 4583.36 -2905.69 871.054
v 4628.44 -2905.69 868.539
v 4669.35 -2905.69 866.271
v 4628.44 -2905.69 868.539
v 4626.35 -2905.69 868.663
v 4368.38 -2878.41 916.443
v 4327.47 -2905.69 932.765
v 4368.38 -2905.69 919.007
v 4368.38 -2878.41 916.443
v 4325.38 -2878.41 929.458
v 4327.47 -2905.69 932.765
v 4325.38 -2905.69 933.397
v 4325.38 -2878.41 929.458
v 4411.38 -2878.41 903.428
v 4370.47 -2905.69 918.375
v 4411.38 -2905.69 904.617
v 4411.38 -2878.41 903.428
v 4370.47 -2905.69 918.375
v 4368.38 -2905.69 919.007
v 4454.37 -2878.41 890.412
v 4413.46 -2905.69 903.985
v 4454.37 -2905.69 890.227
v 4454.37 -2878.41 890.412
v 4413.46 -2905.69 903.985
v 4411.38 -2905.69 904.617
v 4456.46 -2905.69 889.595
v 4497.37 -2905.69 875.837
v 4456.46 -2905.69 889.595
v 4454.37 -2905.69 890.227
v 4196.4 -2878.41 989.153
v 4196.4 -2905.69 1004.09
v 4196.4 -2878.41 989.153
v 4153.4 -2878.41 1009.05
v 4155.49 -2905.69 1026.69
v 4153.4 -2905.69 1027.66
v 4153.4 -2878.41 1009.05
v 4239.39 -2878.41 969.255
v 4239.39 -2905.69 980.528
v 4239.39 -2878.41 969.255
v 4198.48 -2905.69 1003.13
v 4196.4 -2905.69 1004.09
v 4282.39 -2878.41 949.356
v 4282.39 -2905.69 956.962
v 4282.39 -2878.41 949.356
v 4241.48 -2905.69 979.561
v 4239.39 -2905.69 980.528
v 4325.38 -2905.69 933.397
v 4284.48 -2905.69 955.996
v 4282.39 -2905.69 956.962
v 4024.41 -2878.41 998.603
v 3983.51 -2905.69 1019.18
v 4024.41 -2905.69 1021.17
v 4024.41 -2878.41 998.603
v 3981.42 -2878.41 995.12
v 3983.51 -2905.69 1019.18
v 3981.42 -2905.69 1019.01
v 3981.42 -2878.41 995.12
v 4067.41 -2878.41 1002.09
v 4026.5 -2905.69 1021.34
v 4067.41 -2905.69 1023.34
v 4067.41 -2878.41 1002.09
v 4026.5 -2905.69 1021.34
v 4024.41 -2905.69 1021.17
v 4110.4 -2878.41 1005.57
v 4069.5 -2905.69 1023.5
v 4110.4 -2905.69 1025.5
v 4110.4 -2878.41 1005.57
v 4069.5 -2905.69 1023.5
v 4067.41 -2905.69 1023.34
v 4112.49 -2905.69 1025.67
v 4153.4 -2905.69 1027.66
v 4112.49 -2905.69 1025.67
v 4110.4 -2905.69 1025.5
v 3852.43 -2878.41 910.147
v 3811.52 -2905.69 891.482
v 3852.43 -2905.69 922.333
v 3852.43 -2878.41 910.147
v 3809.43 -2878.41 881.823
v 3811.52 -2905.69 891.482
v 3809.43 -2905.69 890.106
v 3809.43 -2878.41 881.823
v 3895.43 -2878.41 938.471
v 3854.52 -2905.69 923.709
v 3895.43 -2905.69 954.56
v 3895.43 -2878.41 938.471
v 3854.52 -2905.69 923.709
v 3852.43 -2905.69 922.333
v 3938.42 -2878.41 966.796
v 3897.51 -2905.69 955.935
v 3938.42 -2905.69 986.786
v 3938.42 -2878.41 966.796
v 3897.51 -2905.69 955.935
v 3895.43 -2905.69 954.56
v 3940.51 -2905.69 988.162
v 3981.42 -2905.69 1019.01
v 3940.51 -2905.69 988.162
v 3938.42 -2905.69 986.786
v 3680.45 -2878.41 784.669
v 3680.45 -2905.69 785.681
v 3680.45 -2878.41 784.669
v 3637.45 -2878.41 752.285
v 3637.45 -2905.69 750.873
v 3637.45 -2878.41 752.285
v 3723.44 -2878.41 817.054
v 3723.44 -2905.69 820.49
v 3723.44 -2878.41 817.054
v 3680.45 -2905.69 785.681
v 3766.44 -2878.41 849.438
v 3766.44 -2905.69 855.298
v 3766.44 -2878.41 849.438
v 3723.44 -2905.69 820.49
v 3768.53 -2905.69 856.871
v 3809.43 -2905.69 890.106
v 3768.53 -2905.69 856.871
v 3766.44 -2905.69 855.298
v 3508.46 -2878.41 679.627
v 3467.55 -2905.69 661.314
v 3508.46 -2905.69 682.822
v 3508.46 -2878.41 679.627
v 3465.47 -2878.41 655.408
v 3467.55 -2905.69 661.314
v 3465.47 -2905.69 660.138
v 3465.47 -2878.41 655.408
v 3551.46 -2878.41 703.847
v 3510.55 -2905.69 683.998
v 3551.46 -2905.69 705.505
v 3551.46 -2878.41 703.847
v 3510.55 -2905.69 683.998
v 3508.46 -2905.69 682.822
v 3594.45 -2878.41 728.066
v 3553.55 -2905.69 706.682
v 3594.45 -2905.69 728.189
v 3594.45 -2878.41 728.066
v 3553.55 -2905.69 706.682
v 3551.46 -2905.69 705.505
v 3596.54 -2905.69 729.366
v 3637.45 -2905.69 750.873
v 3596.54 -2905.69 729.366
v 3594.45 -2905.69 728.189
v 3336.48 -2878.41 613.829
v 3295.57 -2905.69 609.497
v 3336.48 -2905.69 621.652
v 3336.48 -2878.41 613.829
v 3293.48 -2878.41 599.969
v 3295.57 -2905.69 609.497
v 3293.48 -2905.69 608.824
v 3293.48 -2878.41 599.969
v 3379.48 -2878.41 627.688
v 3338.57 -2905.69 622.326
v 3379.48 -2905.69 634.481
v 3379.48 -2878.41 627.688
v 3338.57 -2905.69 622.326
v 3336.48 -2905.69 621.652
v 3422.47 -2878.41 641.548
v 3381.56 -2905.69 635.154
v 3422.47 -2905.69 647.31
v 3422.47 -2878.41 641.548
v 3381.56 -2905.69 635.154
v 3379.48 -2905.69 634.481
v 3424.56 -2905.69 647.983
v 3465.47 -2905.69 660.138
v 3424.56 -2905.69 647.983
v 3422.47 -2905.69 647.31
v 3164.5 -2878.41 593.527
v 3123.59 -2905.69 600.77
v 3164.5 -2905.69 602.705
v 3164.5 -2878.41 593.527
v 3121.5 -2878.41 591.379
v 3123.59 -2905.69 600.77
v 3121.5 -2905.69 600.666
v 3121.5 -2878.41 591.379
v 3207.49 -2878.41 595.674
v 3166.58 -2905.69 602.81
v 3207.49 -2905.69 604.745
v 3207.49 -2878.41 595.674
v 3166.58 -2905.69 602.81
v 3164.5 -2905.69 602.705
v 3250.49 -2878.41 597.821
v 3209.58 -2905.69 604.849
v 3250.49 -2905.69 606.784
v 3250.49 -2878.41 597.821
v 3209.58 -2905.69 604.849
v 3207.49 -2905.69 604.745
v 3252.58 -2905.69 606.889
v 3293.48 -2905.69 608.824
v 3252.58 -2905.69 606.889
v 3250.49 -2905.69 606.784
v 2992.51 -2878.41 518.321
v 2951.6 -2905.69 499.159
v 2992.51 -2905.69 523.648
v 2992.51 -2878.41 518.321
v 2949.52 -2878.41 493.969
v 2951.6 -2905.69 499.159
v 2949.52 -2905.69 497.976
v 2949.52 -2878.41 493.969
v 3035.51 -2878.41 542.674
v 2994.6 -2905.69 524.831
v 3035.51 -2905.69 549.321
v 3035.51 -2878.41 542.674
v 2994.6 -2905.69 524.831
v 2992.51 -2905.69 523.648
v 3078.5 -2878.41 567.027
v 3037.6 -2905.69 550.504
v 3078.5 -2905.69 574.993
v 3078.5 -2878.41 567.027
v 3037.6 -2905.69 550.504
v 3035.51 -2905.69 549.321
v 3080.59 -2905.69 576.176
v 3121.5 -2905.69 600.666
v 3080.59 -2905.69 576.176
v 3078.5 -2905.69 574.993
v 2820.53 -2878.41 449.123
v 2779.62 -2905.69 434.933
v 2820.53 -2905.69 450.15
v 2820.53 -2878.41 449.123
v 2777.53 -2878.41 434.174
v 2779.62 -2905.69 434.933
v 2777.53 -2905.69 434.207
v 2777.53 -2878.41 434.174
v 2863.53 -2878.41 464.071
v 2822.62 -2905.69 450.876
v 2863.53 -2905.69 466.092
v 2863.53 -2878.41 464.071
v 2822.62 -2905.69 450.876
v 2820.53 -2905.69 450.15
v 2906.52 -2878.41 479.02
v 2865.61 -2905.69 466.818
v 2906.52 -2905.69 482.034
v 2906.52 -2878.41 479.02
v 2865.61 -2905.69 466.818
v 2863.53 -2905.69 466.092
v 2908.61 -2905.69 482.76
v 2949.52 -2905.69 497.976
v 2908.61 -2905.69 482.76
v 2906.52 -2905.69 482.034
v 2648.55 -2878.41 463.64
v 2607.64 -2905.69 480.473
v 2648.55 -2905.69 469.264
v 2648.55 -2878.41 463.64
v 2605.55 -2878.41 473.462
v 2607.64 -2905.69 480.473
v 2605.55 -2905.69 480.95
v 2605.55 -2878.41 473.462
v 2691.54 -2878.41 453.818
v 2650.63 -2905.69 468.787
v 2691.54 -2905.69 457.579
v 2691.54 -2878.41 453.818
v 2650.63 -2905.69 468.787
v 2648.55 -2905.69 469.264
v 2734.54 -2878.41 443.996
v 2693.63 -2905.69 457.102
v 2734.54 -2905.69 445.893
v 2734.54 -2878.41 443.996
v 2693.63 -2905.69 457.102
v 2691.54 -2905.69 457.579
v 2736.63 -2905.69 445.416
v 2777.53 -2905.69 434.207
v 2736.63 -2905.69 445.416
v 2734.54 -2905.69 445.893
v 2476.56 -2878.41 439.263
v 2435.65 -2905.69 430.003
v 2476.56 -2905.69 442.324
v 2476.56 -2878.41 439.263
v 2433.57 -2878.41 427.863
v 2435.65 -2905.69 430.003
v 2433.57 -2905.69 429.449
v 2433.57 -2878.41 427.863
v 2519.56 -2878.41 450.662
v 2478.65 -2905.69 442.878
v 2519.56 -2905.69 455.2
v 2519.56 -2878.41 450.662
v 2478.65 -2905.69 442.878
v 2476.56 -2905.69 442.324
v 2562.55 -2878.41 462.062
v 2521.65 -2905.69 455.753
v 2562.55 -2905.69 468.075
v 2562.55 -2878.41 462.062
v 2521.65 -2905.69 455.753
v 2519.56 -2905.69 455.2
v 2564.64 -2905.69 468.628
v 2605.55 -2905.69 480.95
v 2564.64 -2905.69 468.628
v 2562.55 -2905.69 468.075
v 2304.58 -2878.41 395.023
v 2263.67 -2905.69 384.368
v 2304.58 -2905.69 395.239
v 2304.58 -2878.41 395.023
v 2261.58 -2878.41 384.076
v 2263.67 -2905.69 384.368
v 2261.58 -2905.69 383.836
v 2261.58 -2878.41 384.076
v 2347.58 -2878.41 405.969
v 2306.67 -2905.69 395.771
v 2347.58 -2905.69 406.642
v 2347.58 -2878.41 405.969
v 2306.67 -2905.69 395.771
v 2304.58 -2905.69 395.239
v 2390.57 -2878.41 416.916
v 2349.66 -2905.69 407.174
v 2390.57 -2905.69 418.046
v 2390.57 -2878.41 416.916
v 2349.66 -2905.69 407.174
v 2347.58 -2905.69 406.642
v 2392.66 -2905.69 418.577
v 2433.57 -2905.69 429.449
v 2392.66 -2905.69 418.577
v 2390.57 -2905.69 418.046
v 2132.6 -2878.41 439.749
v 2091.69 -2905.69 455.751
v 2132.6 -2905.69 438.448
v 2132.6 -2878.41 439.749
v 2089.6 -2878.41 458.306
v 2091.69 -2905.69 455.751
v 2089.6 -2905.69 456.652
v 2089.6 -2878.41 458.306
v 2175.59 -2878.41 421.191
v 2134.68 -2905.69 437.547
v 2175.59 -2905.69 420.244
v 2175.59 -2878.41 421.191
v 2134.68 -2905.69 437.547
v 2132.6 -2905.69 438.448
v 2218.59 -2878.41 402.633
v 2177.68 -2905.69 419.343
v 2218.59 -2905.69 402.04
v 2218.59 -2878.41 402.633
v 2177.68 -2905.69 419.343
v 2175.59 -2905.69 420.244
v 2220.68 -2905.69 401.139
v 2261.58 -2905.69 383.836
v 2220.68 -2905.69 401.139
v 2218.59 -2905.69 402.04
v 1960.61 -2878.41 477.243
v 1919.71 -2905.69 486.521
v 1960.61 -2905.69 479.284
v 1960.61 -2878.41 477.243
v 1917.62 -2878.41 483.555
v 1919.71 -2905.69 486.521
v 1917.62 -2905.69 486.827
v 1917.62 -2878.41 483.555
v 2003.61 -2878.41 470.931
v 1962.7 -2905.69 478.977
v 2003.61 -2905.69 471.74
v 2003.61 -2878.41 470.931
v 1962.7 -2905.69 478.977
v 1960.61 -2905.69 479.284
v 2046.6 -2878.41 464.619
v 2005.7 -2905.69 471.433
v 2046.6 -2905.69 464.196
v 2046.6 -2878.41 464.619
v 2005.7 -2905.69 471.433
v 2003.61 -2905.69 471.74
v 2048.69 -2905.69 463.89
v 2089.6 -2905.69 456.652
v 2048.69 -2905.69 463.89
v 2046.6 -2905.69 464.196
v 1788.63 -2878.41 485.385
v 1747.72 -2905.69 486.422
v 1788.63 -2905.69 486.545
v 1788.63 -2878.41 485.385
v 1745.63 -2878.41 485.995
v 1747.72 -2905.69 486.422
v 1745.63 -2905.69 486.451
v 1745.63 -2878.41 485.995
v 1831.63 -2878.41 484.775
v 1790.72 -2905.69 486.516
v 1831.63 -2905.69 486.639
v 1831.63 -2878.41 484.775
v 1790.72 -2905.69 486.516
v 1788.63 -2905.69 486.545
v 1874.62 -2878.41 484.165
v 1833.71 -2905.69 486.61
v 1874.62 -2905.69 486.733
v 1874.62 -2878.41 484.165
v 1833.71 -2905.69 486.61
v 1831.63 -2905.69 486.639
v 1876.71 -2905.69 486.704
v 1917.62 -2905.69 486.827
v 1876.71 -2905.69 486.704
v 1874.62 -2905.69 486.733
v 1616.65 -2878.41 493.643
v 1575.74 -2905.69 502.448
v 1616.65 -2905.69 498.542
v 1616.65 -2878.41 493.643
v 1573.65 -2878.41 496.192
v 1575.74 -2905.69 502.448
v 1573.65 -2905.69 502.572
v 1573.65 -2878.41 496.192
v 1659.64 -2878.41 491.093
v 1618.73 -2905.69 498.418
v 1659.64 -2905.69 494.512
v 1659.64 -2878.41 491.093
v 1618.73 -2905.69 498.418
v 1616.65 -2905.69 498.542
v 1702.64 -2878.41 488.544
v 1661.73 -2905.69 494.388
v 1702.64 -2905.69 490.481
v 1702.64 -2878.41 488.544
v 1661.73 -2905.69 494.388
v 1659.64 -2905.69 494.512
v 1704.73 -2905.69 490.358
v 1745.63 -2905.69 486.451
v 1704.73 -2905.69 490.358
v 1702.64 -2905.69 490.481
v 1444.66 -2878.41 495.663
v 1403.76 -2905.69 495.956
v 1444.66 -2905.69 497.604
v 1444.66 -2878.41 495.663
v 1401.67 -2878.41 495.486
v 1403.76 -2905.69 495.956
v 1401.67 -2905.69 495.948
v 1401.67 -2878.41 495.486
v 1487.66 -2878.41 495.839
v 1446.75 -2905.69 497.612
v 1487.66 -2905.69 499.26
v 1487.66 -2878.41 495.839
v 1446.75 -2905.69 497.612
v 1444.66 -2905.69 497.604
v 1530.65 -2878.41 496.016
v 1489.75 -2905.69 499.268
v 1530.65 -2905.69 500.916
v 1530.65 -2878.41 496.016
v 1489.75 -2905.69 499.268
v 1487.66 -2905.69 499.26
v 1532.74 -2905.69 500.925
v 1573.65 -2905.69 502.572
v 1532.74 -2905.69 500.925
v 1530.65 -2905.69 500.916
v 1272.68 -2878.41 507.917
v 1231.77 -2905.69 511.329
v 1272.68 -2905.69 507.635
v 1272.68 -2878.41 507.917
v 1229.68 -2878.41 512.06
v 1231.77 -2905.69 511.329
v 1229.68 -2905.69 511.531
v 1229.68 -2878.41 512.06
v 1315.68 -2878.41 503.773
v 1274.77 -2905.69 507.434
v 1315.68 -2905.69 503.739
v 1315.68 -2878.41 503.773
v 1274.77 -2905.69 507.434
v 1272.68 -2905.69 507.635
v 1358.67 -2878.41 499.63
v 1317.76 -2905.69 503.538
v 1358.67 -2905.69 499.843
v 1358.67 -2878.41 499.63
v 1317.76 -2905.69 503.538
v 1315.68 -2905.69 503.739
v 1360.76 -2905.69 499.642
v 1401.67 -2905.69 495.948
v 1360.76 -2905.69 499.642
v 1358.67 -2905.69 499.843
v 1100.7 -2878.41 485.161
v 1059.79 -2905.69 478.873
v 1100.7 -2905.69 486.711
v 1100.7 -2878.41 485.161
v 1057.7 -2878.41 476.195
v 1059.79 -2905.69 478.873
v 1057.7 -2905.69 478.437
v 1057.7 -2878.41 476.195
v 1143.69 -2878.41 494.127
v 1102.78 -2905.69 487.146
v 1143.69 -2905.69 494.984
v 1143.69 -2878.41 494.127
v 1102.78 -2905.69 487.146
v 1100.7 -2905.69 486.711
v 1186.69 -2878.41 503.094
v 1145.78 -2905.69 495.419
v 1186.69 -2905.69 503.257
v 1186.69 -2878.41 503.094
v 1145.78 -2905.69 495.419
v 1143.69 -2905.69 494.984
v 1188.78 -2905.69 503.693
v 1229.68 -2905.69 511.531
v 1188.78 -2905.69 503.693
v 1186.69 -2905.69 503.257
v 928.713 -2878.41 492.985
v 887.805 -2905.69 495.444
v 928.713 -2905.69 491.396
v 928.713 -2878.41 492.985
v 885.717 -2878.41 498.582
v 887.805 -2905.69 495.444
v 885.717 -2905.69 495.716
v 885.717 -2878.41 498.582
v 971.709 -2878.41 487.388
v 930.801 -2905.69 491.125
v 971.709 -2905.69 487.077
v 971.709 -2878.41 487.388
v 930.801 -2905.69 491.125
v 928.713 -2905.69 491.396
v 1014.7 -2878.41 481.791
v 973.797 -2905.69 486.805
v 1014.7 -2905.69 482.757
v 1014.7 -2878.41 481.791
v 973.797 -2905.69 486.805
v 971.709 -2905.69 487.077
v 1016.79 -2905.69 482.485
v 1057.7 -2905.69 478.437
v 1016.79 -2905.69 482.485
v 1014.7 -2905.69 482.757
v 756.73 -2878.41 542.28
v 715.821 -2905.69 547.992
v 756.729 -2905.69 535.454
v 756.73 -2878.41 542.28
v 713.734 -2878.41 556.846
v 715.821 -2905.69 547.992
v 713.734 -2905.69 548.699
v 713.734 -2878.41 556.846
v 799.725 -2878.41 527.714
v 758.817 -2905.69 534.746
v 799.725 -2905.69 522.208
v 799.725 -2878.41 527.714
v 758.817 -2905.69 534.746
v 756.729 -2905.69 535.454
v 842.721 -2878.41 513.148
v 801.813 -2905.69 521.5
v 842.721 -2905.69 508.962
v 842.721 -2878.41 513.148
v 801.813 -2905.69 521.5
v 799.725 -2905.69 522.208
v 844.809 -2905.69 508.255
v 885.717 -2905.69 495.716
v 844.809 -2905.69 508.255
v 842.721 -2905.69 508.962
v 584.747 -2878.41 569.421
v 543.839 -2905.69 578.798
v 584.747 -2905.69 571.426
v 584.747 -2878.41 569.421
v 541.751 -2878.41 573.613
v 543.839 -2905.69 578.798
v 541.751 -2905.69 579.002
v 541.751 -2878.41 573.613
v 627.742 -2878.41 565.229
v 586.835 -2905.69 571.223
v 627.742 -2905.69 563.851
v 627.742 -2878.41 565.229
v 586.835 -2905.69 571.223
v 584.747 -2905.69 571.426
v 670.738 -2878.41 561.038
v 629.83 -2905.69 563.647
v 670.738 -2905.69 556.275
v 670.738 -2878.41 561.038
v 629.83 -2905.69 563.647
v 627.742 -2905.69 563.851
v 672.826 -2905.69 556.072
v 713.734 -2905.69 548.699
v 672.826 -2905.69 556.072
v 670.738 -2905.69 556.275
v 412.763 -2878.41 521.723
v 371.855 -2905.69 522.146
v 412.763 -2905.69 535.73
v 412.763 -2878.41 521.723
v 369.767 -2878.41 504.426
v 371.855 -2905.69 522.146
v 369.767 -2905.69 521.306
v 369.767 -2878.41 504.426
v 455.759 -2878.41 539.02
v 414.851 -2905.69 536.57
v 455.759 -2905.69 550.154
v 455.759 -2878.41 539.02
v 414.851 -2905.69 536.57
v 412.763 -2905.69 535.73
v 498.755 -2878.41 556.316
v 457.847 -2905.69 550.994
v 498.755 -2905.69 564.578
v 498.755 -2878.41 556.316
v 457.847 -2905.69 550.994
v 455.759 -2905.69 550.154
v 500.843 -2905.69 565.418
v 541.751 -2905.69 579.002
v 500.843 -2905.69 565.418
v 498.755 -2905.69 564.578
v 240.78 -2878.41 456.617
v 199.872 -2905.69 437.708
v 240.78 -2905.69 458.027
v 240.78 -2878.41 456.617
v 197.784 -2878.41 440.681
v 199.872 -2905.69 437.708
v 197.784 -2905.69 436.934
v 197.784 -2878.41 440.681
v 283.776 -2878.41 472.553
v 242.868 -2905.69 458.801
v 283.776 -2905.69 479.12
v 283.776 -2878.41 472.553
v 242.868 -2905.69 458.801
v 240.78 -2905.69 458.027
v 326.771 -2878.41 488.49
v 285.863 -2905.69 479.894
v 326.771 -2905.69 500.213
v 326.771 -2878.41 488.49
v 285.863 -2905.69 479.894
v 283.776 -2905.69 479.12
v 328.859 -2905.69 500.987
v 369.767 -2905.69 521.306
v 328.859 -2905.69 500.987
v 326.771 -2905.69 500.213
v 68.7965 -2878.41 467.518
v 27.8885 -2905.69 464.498
v 68.7966 -2905.69 457.933
v 68.7965 -2878.41 467.518
v 25.8006 -2878.41 476.464
v 27.8885 -2905.69 464.498
v 25.8007 -2905.69 464.933
v 25.8006 -2878.41 476.464
v 111.792 -2878.41 458.572
v 70.8843 -2905.69 457.499
v 111.792 -2905.69 450.933
v 111.792 -2878.41 458.572
v 70.8843 -2905.69 457.499
v 68.7966 -2905.69 457.933
v 154.788 -2878.41 449.626
v 113.88 -2905.69 450.499
v 154.788 -2905.69 443.933
v 154.788 -2878.41 449.626
v 113.88 -2905.69 450.499
v 111.792 -2905.69 450.933
v 156.876 -2905.69 443.499
v 197.784 -2905.69 436.934
v 156.876 -2905.69 443.499
v 154.788 -2905.69 443.933
v -103.187 -2878.41 521.57
v -144.095 -2905.69 527.3
v -103.187 -2905.69 512.256
v -103.187 -2878.41 521.57
v -146.183 -2878.41 536.605
v -144.095 -2905.69 527.3
v -146.183 -2905.69 528.03
v -146.183 -2878.41 536.605
v -60.1911 -2878.41 506.535
v -101.099 -2905.69 511.526
v -60.1911 -2905.69 496.482
v -60.1911 -2878.41 506.535
v -101.099 -2905.69 511.526
v -103.187 -2905.69 512.256
v -17.1952 -2878.41 491.499
v -58.103 -2905.69 495.751
v -17.1952 -2905.69 480.707
v -17.1952 -2878.41 491.499
v -58.103 -2905.69 495.751
v -60.1911 -2905.69 496.482
v -15.1074 -2905.69 479.977
v 25.8007 -2905.69 464.933
v -15.1074 -2905.69 479.977
v -17.1952 -2905.69 480.707
v -275.17 -2878.41 562.963
v -316.079 -2905.69 560.227
v -275.171 -2905.69 552.498
v -275.17 -2878.41 562.963
v -318.166 -2878.41 571.749
v -316.079 -2905.69 560.227
v -318.166 -2905.69 560.654
v -318.166 -2878.41 571.749
v -232.175 -2878.41 554.177
v -273.083 -2905.69 552.071
v -232.175 -2905.69 544.342
v -232.175 -2878.41 554.177
v -273.083 -2905.69 552.071
v -275.171 -2905.69 552.498
v -189.179 -2878.41 545.391
v -230.087 -2905.69 543.915
v -189.179 -2905.69 536.186
v -189.179 -2878.41 545.391
v -230.087 -2905.69 543.915
v -232.175 -2905.69 544.342
v -187.091 -2905.69 535.759
v -146.183 -2905.69 528.03
v -187.091 -2905.69 535.759
v -189.179 -2905.69 536.186
v -447.154 -2878.41 584.652
v -488.062 -2905.69 579.088
v -447.154 -2905.69 574.636
v -447.154 -2878.41 584.652
v -490.149 -2878.41 588.953
v -488.062 -2905.69 579.088
v -490.149 -2905.69 579.297
v -490.149 -2878.41 588.953
v -404.158 -2878.41 580.351
v -445.066 -2905.69 574.427
v -404.158 -2905.69 569.975
v -404.158 -2878.41 580.351
v -445.066 -2905.69 574.427
v -447.154 -2905.69 574.636
v -361.162 -2878.41 576.05
v -402.07 -2905.69 569.766
v -361.162 -2905.69 565.314
v -361.162 -2878.41 576.05
v -402.07 -2905.69 569.766
v -404.158 -2905.69 569.975
v -359.074 -2905.69 565.105
v -318.166 -2905.69 560.654
v -359.074 -2905.69 565.105
v -361.162 -2905.69 565.314
v -619.137 -2878.41 602.468
v -660.044 -2905.69 605.143
v -619.137 -2905.69 598.845
v -619.137 -2878.41 602.468
v -662.133 -2878.41 606.973
v -660.044 -2905.69 605.143
v -662.133 -2905.69 605.362
v -662.133 -2878.41 606.973
v -576.141 -2878.41 597.963
v -617.049 -2905.69 598.626
v -576.141 -2905.69 592.329
v -576.141 -2878.41 597.963
v -617.049 -2905.69 598.626
v -619.137 -2905.69 598.845
v -533.145 -2878.41 593.458
v -574.053 -2905.69 592.11
v -533.145 -2905.69 585.813
v -533.145 -2878.41 593.458
v -574.053 -2905.69 592.11
v -576.141 -2905.69 592.329
v -531.057 -2905.69 585.594
v -490.149 -2905.69 579.297
v -531.057 -2905.69 585.594
v -533.145 -2905.69 585.813
v -791.12 -2878.41 606.438
v -832.028 -2905.69 609.947
v -791.12 -2905.69 608.794
v -791.12 -2878.41 606.438
v -834.116 -2878.41 606.26
v -832.028 -2905.69 609.947
v -834.116 -2905.69 609.939
v -834.116 -2878.41 606.26
v -748.124 -2878.41 606.616
v -789.032 -2905.69 608.803
v -748.124 -2905.69 607.65
v -748.124 -2878.41 606.616
v -789.032 -2905.69 608.803
v -791.12 -2905.69 608.794
v -705.129 -2878.41 606.794
v -746.036 -2905.69 607.659
v -705.129 -2905.69 606.506
v -705.129 -2878.41 606.794
v -746.036 -2905.69 607.659
v -748.124 -2905.69 607.65
v -703.04 -2905.69 606.514
v -662.133 -2905.69 605.362
v -703.04 -2905.69 606.514
v -705.129 -2905.69 606.506
v -963.103 -2878.41 577.733
v -1004.01 -2905.69 580.319
v -963.103 -2905.69 587.377
v -963.103 -2878.41 577.733
v -1006.1 -2878.41 568.225
v -1004.01 -2905.69 580.319
v -1006.1 -2905.69 579.857
v -1006.1 -2878.41 568.225
v -920.108 -2878.41 587.242
v -961.016 -2905.69 587.839
v -920.108 -2905.69 594.898
v -920.108 -2878.41 587.242
v -961.016 -2905.69 587.839
v -963.103 -2905.69 587.377
v -877.112 -2878.41 596.751
v -918.02 -2905.69 595.36
v -877.112 -2905.69 602.418
v -877.112 -2878.41 596.751
v -918.02 -2905.69 595.36
v -920.108 -2905.69 594.898
v -875.024 -2905.69 602.88
v -834.116 -2905.69 609.939
v -875.024 -2905.69 602.88
v -877.112 -2905.69 602.418
v -1135.09 -2878.41 529.541
v -1176 -2905.69 529.928
v -1135.09 -2905.69 541.941
v -1135.09 -2878.41 529.541
v -1178.08 -2878.41 516.647
v -1176 -2905.69 529.928
v -1178.08 -2905.69 529.302
v -1178.08 -2878.41 516.647
v -1092.09 -2878.41 542.436
v -1133 -2905.69 542.567
v -1092.09 -2905.69 554.579
v -1092.09 -2878.41 542.436
v -1133 -2905.69 542.567
v -1135.09 -2905.69 541.941
v -1049.09 -2878.41 555.33
v -1090 -2905.69 555.206
v -1049.09 -2905.69 567.218
v -1049.09 -2878.41 555.33
v -1090 -2905.69 555.206
v -1092.09 -2905.69 554.579
v -1047.01 -2905.69 567.844
v -1006.1 -2905.69 579.857
v -1047.01 -2905.69 567.844
v -1049.09 -2905.69 567.218
v -1307.07 -2878.41 456.932
v -1347.98 -2905.69 445.727
v -1307.07 -2905.69 465.896
v -1307.07 -2878.41 456.932
v -1350.07 -2878.41 437.027
v -1347.98 -2905.69 445.727
v -1350.07 -2905.69 444.761
v -1350.07 -2878.41 437.027
v -1264.07 -2878.41 476.837
v -1304.98 -2905.69 466.863
v -1264.07 -2905.69 487.031
v -1264.07 -2878.41 476.837
v -1304.98 -2905.69 466.863
v -1307.07 -2905.69 465.896
v -1221.08 -2878.41 496.742
v -1261.99 -2905.69 487.998
v -1221.08 -2905.69 508.167
v -1221.08 -2878.41 496.742
v -1261.99 -2905.69 487.998
v -1264.07 -2905.69 487.031
v -1218.99 -2905.69 509.133
v -1178.08 -2905.69 529.302
v -1218.99 -2905.69 509.133
v -1221.08 -2905.69 508.167
v -1479.05 -2878.41 411.565
v -1519.96 -2905.69 407.835
v -1479.05 -2905.69 416.758
v -1479.05 -2878.41 411.565
v -1522.05 -2878.41 403.078
v -1519.96 -2905.69 407.835
v -1522.05 -2905.69 407.423
v -1522.05 -2878.41 403.078
v -1436.06 -2878.41 420.052
v -1476.97 -2905.69 417.17
v -1436.06 -2905.69 426.092
v -1436.06 -2878.41 420.052
v -1476.97 -2905.69 417.17
v -1479.05 -2905.69 416.758
v -1393.06 -2878.41 428.539
v -1433.97 -2905.69 426.504
v -1393.06 -2905.69 435.426
v -1393.06 -2878.41 428.539
v -1433.97 -2905.69 426.504
v -1436.06 -2905.69 426.092
v -1390.97 -2905.69 435.838
v -1350.07 -2905.69 444.761
v -1390.97 -2905.69 435.838
v -1393.06 -2905.69 435.426
v -1651.04 -2878.41 411.468
v -1691.94 -2905.69 412.944
v -1651.04 -2905.69 411.665
v -1651.04 -2878.41 411.468
v -1694.03 -2878.41 414.264
v -1691.94 -2905.69 412.944
v -1694.03 -2905.69 413.079
v -1694.03 -2878.41 414.264
v -1608.04 -2878.41 408.671
v -1648.95 -2905.69 411.53
v -1608.04 -2905.69 410.251
v -1608.04 -2878.41 408.671
v -1648.95 -2905.69 411.53
v -1651.04 -2905.69 411.665
v -1565.04 -2878.41 405.874
v -1605.95 -2905.69 410.116
v -1565.04 -2905.69 408.837
v -1565.04 -2878.41 405.874
v -1605.95 -2905.69 410.116
v -1608.04 -2905.69 410.251
v -1562.96 -2905.69 408.702
v -1522.05 -2905.69 407.423
v -1562.96 -2905.69 408.702
v -1565.04 -2905.69 408.837
v -1823.02 -2878.41 408.934
v -1863.93 -2905.69 414.389
v -1823.02 -2905.69 413.997
v -1823.02 -2878.41 408.934
v -1866.02 -2878.41 407.157
v -1863.93 -2905.69 414.389
v -1866.02 -2905.69 414.303
v -1866.02 -2878.41 407.157
v -1780.02 -2878.41 410.711
v -1820.93 -2905.69 414.083
v -1780.02 -2905.69 413.691
v -1780.02 -2878.41 410.711
v -1820.93 -2905.69 414.083
v -1823.02 -2905.69 413.997
v -1737.03 -2878.41 412.488
v -1777.94 -2905.69 413.777
v -1737.03 -2905.69 413.385
v -1737.03 -2878.41 412.488
v -1777.94 -2905.69 413.777
v -1780.02 -2905.69 413.691
v -1734.94 -2905.69 413.472
v -1694.03 -2905.69 413.079
v -1734.94 -2905.69 413.472
v -1737.03 -2905.69 413.385
v -1995 -2878.41 405.852
v -2035.91 -2905.69 405.659
v -1995 -2905.69 407.804
v -1995 -2878.41 405.852
v -2038 -2878.41 405.417
v -2035.91 -2905.69 405.659
v -2038 -2905.69 405.638
v -2038 -2878.41 405.417
v -1952.01 -2878.41 406.287
v -1992.91 -2905.69 407.825
v -1952.01 -2905.69 409.97
v -1952.01 -2878.41 406.287
v -1992.91 -2905.69 407.825
v -1995 -2905.69 407.804
v -1909.01 -2878.41 406.722
v -1949.92 -2905.69 409.992
v -1909.01 -2905.69 412.137
v -1909.01 -2878.41 406.722
v -1949.92 -2905.69 409.992
v -1952.01 -2905.69 409.97
v -1906.92 -2905.69 412.158
v -1866.02 -2905.69 414.303
v -1906.92 -2905.69 412.158
v -1909.01 -2905.69 412.137
v -2166.99 -2878.41 416.387
v -2207.89 -2905.69 421.047
v -2166.99 -2905.69 417.328
v -2166.99 -2878.41 416.387
v -2209.98 -2878.41 420.043
v -2207.89 -2905.69 421.047
v -2209.98 -2905.69 421.225
v -2209.98 -2878.41 420.043
v -2123.99 -2878.41 412.73
v -2164.9 -2905.69 417.151
v -2123.99 -2905.69 413.431
v -2123.99 -2878.41 412.73
v -2164.9 -2905.69 417.151
v -2166.99 -2905.69 417.328
v -2081 -2878.41 409.073
v -2121.9 -2905.69 413.254
v -2081 -2905.69 409.535
v -2081 -2878.41 409.073
v -2121.9 -2905.69 413.254
v -2123.99 -2905.69 413.431
v -2078.91 -2905.69 409.357
v -2038 -2905.69 405.638
v -2078.91 -2905.69 409.357
v -2081 -2905.69 409.535
v -2338.97 -2878.41 417.305
v -2379.88 -2905.69 419.155
v -2338.97 -2905.69 419.639
v -2338.97 -2878.41 417.305
v -2381.97 -2878.41 416.393
v -2379.88 -2905.69 419.155
v -2381.97 -2905.69 419.11
v -2381.97 -2878.41 416.393
v -2295.97 -2878.41 418.218
v -2336.88 -2905.69 419.683
v -2295.97 -2905.69 420.168
v -2295.97 -2878.41 418.218
v -2336.88 -2905.69 419.683
v -2338.97 -2905.69 419.639
v -2252.98 -2878.41 419.131
v -2293.89 -2905.69 420.212
v -2252.98 -2905.69 420.696
v -2252.98 -2878.41 419.131
v -2293.89 -2905.69 420.212
v -2295.97 -2905.69 420.168
v -2250.89 -2905.69 420.741
v -2209.98 -2905.69 421.225
v -2250.89 -2905.69 420.741
v -2252.98 -2905.69 420.696
v -2510.95 -2878.41 398.238
v -2551.86 -2905.69 397.234
v -2510.95 -2905.69 402.483
v -2510.95 -2878.41 398.238
v -2553.95 -2878.41 392.186
v -2551.86 -2905.69 397.234
v -2553.95 -2905.69 396.94
v -2553.95 -2878.41 392.186
v -2467.96 -2878.41 404.289
v -2508.86 -2905.69 402.777
v -2467.96 -2905.69 408.025
v -2467.96 -2878.41 404.289
v -2508.86 -2905.69 402.777
v -2510.95 -2905.69 402.483
v -2424.96 -2878.41 410.341
v -2465.87 -2905.69 408.319
v -2424.96 -2905.69 413.568
v -2424.96 -2878.41 410.341
v -2465.87 -2905.69 408.319
v -2467.96 -2905.69 408.025
v -2422.87 -2905.69 413.862
v -2381.97 -2905.69 419.11
v -2422.87 -2905.69 413.862
v -2424.96 -2905.69 413.568
v -2682.94 -2878.41 370.492
v -2723.84 -2905.69 372.087
v -2682.94 -2905.69 378.037
v -2682.94 -2878.41 370.492
v -2725.93 -2878.41 363.261
v -2723.84 -2905.69 372.087
v -2725.93 -2905.69 371.735
v -2725.93 -2878.41 363.261
v -2639.94 -2878.41 377.724
v -2680.85 -2905.69 378.388
v -2639.94 -2905.69 384.338
v -2639.94 -2878.41 377.724
v -2680.85 -2905.69 378.388
v -2682.94 -2905.69 378.037
v -2596.94 -2878.41 384.955
v -2637.85 -2905.69 384.689
v -2596.94 -2905.69 390.639
v -2596.94 -2878.41 384.955
v -2637.85 -2905.69 384.689
v -2639.94 -2905.69 384.338
v -2594.86 -2905.69 390.99
v -2553.95 -2905.69 396.94
v -2594.86 -2905.69 390.99
v -2596.94 -2905.69 390.639
v -2854.92 -2878.41 340.461
v -2895.83 -2905.69 340.124
v -2854.92 -2905.69 347.75
v -2854.92 -2878.41 340.461
v -2897.92 -2878.41 332.86
v -2895.83 -2905.69 340.124
v -2897.92 -2905.69 339.754
v -2897.92 -2878.41 332.86
v -2811.92 -2878.41 348.061
v -2852.83 -2905.69 348.119
v -2811.92 -2905.69 355.745
v -2811.92 -2878.41 348.061
v -2852.83 -2905.69 348.119
v -2854.92 -2905.69 347.75
v -2768.93 -2878.41 355.661
v -2809.84 -2905.69 356.114
v -2768.93 -2905.69 363.74
v -2768.93 -2878.41 355.661
v -2809.84 -2905.69 356.114
v -2811.92 -2905.69 355.745
v -2766.84 -2905.69 364.109
v -2725.93 -2905.69 371.735
v -2766.84 -2905.69 364.109
v -2768.93 -2905.69 363.74
v -3026.9 -2878.41 315.715
v -3067.81 -2905.69 310.278
v -3026.9 -2905.69 317.439
v -3026.9 -2878.41 315.715
v -3069.9 -2878.41 310
v -3067.81 -2905.69 310.278
v -3069.9 -2905.69 310
v -3069.9 -2878.41 310
v -2983.91 -2878.41 321.43
v -3024.81 -2905.69 317.716
v -2983.91 -2905.69 324.877
v -2983.91 -2878.41 321.43
v -3024.81 -2905.69 317.716
v -3026.9 -2905.69 317.439
v -2940.91 -2878.41 327.145
v -2981.82 -2905.69 325.155
v -2940.91 -2905.69 332.316
v -2940.91 -2878.41 327.145
v -2981.82 -2905.69 325.155
v -2983.91 -2905.69 324.877
v -2938.82 -2905.69 332.593
v -2897.92 -2905.69 339.754
v -2938.82 -2905.69 332.593
v -2940.91 -2905.69 332.316
v -3198.89 -2878.41 310
v -3239.79 -2905.69 310
v -3198.89 -2905.69 310
v -3198.89 -2878.41 310
v -3241.88 -2878.41 310
v -3239.79 -2905.69 310
v -3241.88 -2905.69 310
v -3241.88 -2878.41 310
v -3155.89 -2878.41 310
v -3196.8 -2905.69 310
v -3155.89 -2905.69 310
v -3155.89 -2878.41 310
v -3196.8 -2905.69 310
v -3198.89 -2905.69 310
v -3112.89 -2878.41 310
v -3153.8 -2905.69 310
v -3112.89 -2905.69 310
v -3112.89 -2878.41 310
v -3153.8 -2905.69 310
v -3155.89 -2905.69 310
v -3110.81 -2905.69 310
v -3069.9 -2905.69 310
v -3110.81 -2905.69 310
v -3112.89 -2905.69 310
v -3370.87 -2878.41 310
v -3411.78 -2905.69 310
v -3370.87 -2905.69 310
v -3370.87 -2878.41 310
v -3413.87 -2878.41 310
v -3411.78 -2905.69 310
v -3413.87 -2905.69 310
v -3413.87 -2878.41 310
v -3327.87 -2878.41 310
v -3368.78 -2905.69 310
v -3327.87 -2905.69 310
v -3327.87 -2878.41 310
v -3368.78 -2905.69 310
v -3370.87 -2905.69 310
v -3284.88 -2878.41 310
v -3325.79 -2905.69 310
v -3284.88 -2905.69 310
v -3284.88 -2878.41 310
v -3325.79 -2905.69 310
v -3327.87 -2905.69 310
v -3282.79 -2905.69 310
v -3241.88 -2905.69 310
v -3282.79 -2905.69 310
v -3284.88 -2905.69 310
v -3542.85 -2878.41 354.273
v -3583.76 -2905.69 350.661
v -3542.85 -2905.69 341.034
v -3542.85 -2878.41 354.273
v -3585.85 -2878.41 369.03
v -3583.76 -2905.69 350.661
v -3585.85 -2905.69 351.378
v -3585.85 -2878.41 369.03
v -3499.86 -2878.41 339.515
v -3540.77 -2905.69 340.317
v -3499.86 -2905.69 330.689
v -3499.86 -2878.41 339.515
v -3540.77 -2905.69 340.317
v -3542.85 -2905.69 341.034
v -3456.86 -2878.41 324.758
v -3497.77 -2905.69 329.972
v -3456.86 -2905.69 320.345
v -3456.86 -2878.41 324.758
v -3497.77 -2905.69 329.972
v -3499.86 -2905.69 330.689
v -3454.77 -2905.69 319.628
v -3413.87 -2905.69 310
v -3454.77 -2905.69 319.628
v -3456.86 -2905.69 320.345
v -3714.84 -2878.41 446.336
v -3755.74 -2905.69 456.704
v -3714.84 -2905.69 431.312
v -3714.84 -2878.41 446.336
v -3757.83 -2878.41 472.104
v -3755.74 -2905.69 456.704
v -3757.83 -2905.69 457.956
v -3757.83 -2878.41 472.104
v -3671.84 -2878.41 420.567
v -3712.75 -2905.69 430.06
v -3671.84 -2905.69 404.667
v -3671.84 -2878.41 420.567
v -3712.75 -2905.69 430.06
v -3714.84 -2905.69 431.312
v -3628.85 -2878.41 394.799
v -3669.75 -2905.69 403.415
v -3628.85 -2905.69 378.023
v -3628.85 -2878.41 394.799
v -3669.75 -2905.69 403.415
v -3671.84 -2905.69 404.667
v -3626.76 -2905.69 376.771
v -3585.85 -2905.69 351.378
v -3626.76 -2905.69 376.771
v -3628.85 -2905.69 378.023
v -3886.82 -2878.41 512.662
v -3927.73 -2905.69 516.902
v -3886.82 -2905.69 502.658
v -3886.82 -2878.41 512.662
v -3929.82 -2878.41 526.181
v -3927.73 -2905.69 516.902
v -3929.82 -2905.69 517.559
v -3929.82 -2878.41 526.181
v -3843.82 -2878.41 499.143
v -3884.73 -2905.69 502.001
v -3843.82 -2905.69 487.757
v -3843.82 -2878.41 499.143
v -3884.73 -2905.69 502.001
v -3886.82 -2905.69 502.658
v -3800.83 -2878.41 485.623
v -3841.74 -2905.69 487.101
v -3800.83 -2905.69 472.857
v -3800.83 -2878.41 485.623
v -3841.74 -2905.69 487.101
v -3843.82 -2905.69 487.757
v -3798.74 -2905.69 472.2
v -3757.83 -2905.69 457.956
v -3798.74 -2905.69 472.2
v -3800.83 -2905.69 472.857
v -4058.8 -2878.41 553.941
v -4099.71 -2905.69 558.755
v -4058.8 -2905.69 548.793
v -4058.8 -2878.41 553.941
v -4101.8 -2878.41 563.195
v -4099.71 -2905.69 558.755
v -4101.8 -2905.69 559.205
v -4101.8 -2878.41 563.195
v -4015.81 -2878.41 544.688
v -4056.71 -2905.69 548.344
v -4015.81 -2905.69 538.382
v -4015.81 -2878.41 544.688
v -4056.71 -2905.69 548.344
v -4058.8 -2905.69 548.793
v -3972.81 -2878.41 535.435
v -4013.72 -2905.69 537.932
v -3972.81 -2905.69 527.97
v -3972.81 -2878.41 535.435
v -4013.72 -2905.69 537.932
v -4015.81 -2905.69 538.382
v -3970.72 -2905.69 527.521
v -3929.82 -2905.69 517.559
v -3970.72 -2905.69 527.521
v -3972.81 -2905.69 527.97
v -4230.79 -2878.41 599.181
v -4271.69 -2905.69 604.332
v -4230.79 -2905.69 593.487
v -4230.79 -2878.41 599.181
v -4273.78 -2878.41 611.177
v -4271.69 -2905.69 604.332
v -4273.78 -2905.69 604.915
v -4273.78 -2878.41 611.177
v -4187.79 -2878.41 587.186
v -4228.7 -2905.69 592.904
v -4187.79 -2905.69 582.06
v -4187.79 -2878.41 587.186
v -4228.7 -2905.69 592.904
v -4230.79 -2905.69 593.487
v -4144.79 -2878.41 575.19
v -4185.7 -2905.69 581.477
v -4144.79 -2905.69 570.632
v -4144.79 -2878.41 575.19
v -4185.7 -2905.69 581.477
v -4187.79 -2905.69 582.06
v -4142.71 -2905.69 570.049
v -4101.8 -2905.69 559.205
v -4142.71 -2905.69 570.049
v -4144.79 -2905.69 570.632
v -4402.77 -2878.41 646.647
v -4443.68 -2905.69 657.12
v -4402.77 -2905.69 644.499
v -4402.77 -2878.41 646.647
v -4445.77 -2878.41 658.471
v -4443.68 -2905.69 657.12
v -4445.77 -2905.69 657.694
v -4445.77 -2878.41 658.471
v -4359.77 -2878.41 634.824
v -4400.68 -2905.69 643.925
v -4359.77 -2905.69 631.304
v -4359.77 -2878.41 634.824
v -4400.68 -2905.69 643.925
v -4402.77 -2905.69 644.499
v -4316.78 -2878.41 623
v -4357.69 -2905.69 630.73
v -4316.78 -2905.69 618.109
v -4316.78 -2878.41 623
v -4357.69 -2905.69 630.73
v -4359.77 -2905.69 631.304
v -4314.69 -2905.69 617.535
v -4273.78 -2905.69 604.915
v -4314.69 -2905.69 617.535
v -4316.78 -2905.69 618.109
v -4574.75 -2878.41 651.251
v -4615.66 -2905.69 642.163
v -4574.75 -2905.69 645.958
v -4574.75 -2878.41 651.251
v -4617.75 -2878.41 648.844
v -4615.66 -2905.69 642.163
v -4617.75 -2905.69 642.046
v -4617.75 -2878.41 648.844
v -4531.76 -2878.41 653.657
v -4572.67 -2905.69 646.075
v -4531.76 -2905.69 649.87
v -4531.76 -2878.41 653.657
v -4572.67 -2905.69 646.075
v -4574.75 -2905.69 645.958
v -4488.76 -2878.41 656.064
v -4529.67 -2905.69 649.987
v -4488.76 -2905.69 653.782
v -4488.76 -2878.41 656.064
v -4529.67 -2905.69 649.987
v -4531.76 -2905.69 649.87
v -4486.67 -2905.69 653.899
v -4445.77 -2905.69 657.694
v -4486.67 -2905.69 653.899
v -4488.76 -2905.69 653.782
v -4746.74 -2878.41 639.317
v -4787.64 -2905.69 632.625
v -4746.74 -2905.69 634.865
v -4746.74 -2878.41 639.317
v -4789.73 -2878.41 636.141
v -4787.64 -2905.69 632.625
v -4789.73 -2905.69 632.471
v -4789.73 -2878.41 636.141
v -4703.74 -2878.41 642.493
v -4744.65 -2905.69 635.019
v -4703.74 -2905.69 637.258
v -4703.74 -2878.41 642.493
v -4744.65 -2905.69 635.019
v -4746.74 -2905.69 634.865
v -4660.75 -2878.41 645.668
v -4701.65 -2905.69 637.412
v -4660.75 -2905.69 639.652
v -4660.75 -2878.41 645.668
v -4701.65 -2905.69 637.412
v -4703.74 -2905.69 637.258
v -4658.66 -2905.69 639.806
v -4617.75 -2905.69 642.046
v -4658.66 -2905.69 639.806
v -4660.75 -2905.69 639.652
v -4946.96 -2811.25 664.585
v -4918.72 -2821.09 659.129
v -4946.96 -2821.09 662.472
v -4946.96 -2792.42 669.131
v -4946.96 -2811.25 664.585
v -4918.72 -2821.09 659.129
v -4918.72 -2878.41 646.817
v -4946.96 -2897.24 644.608
v -4946.96 -2905.69 642.794
v -4918.72 -2878.41 646.817
v -4946.96 -2878.41 649.154
v -4946.96 -2897.24 644.608
v -4918.72 -2849.75 652.973
v -4946.96 -2868.57 651.267
v -4946.96 -2878.41 649.154
v -4918.72 -2849.75 652.973
v -4946.96 -2849.75 655.813
v -4946.96 -2868.57 651.267
v -4946.96 -2839.91 657.926
v -4946.96 -2849.75 655.813
v -4946.96 -2821.09 662.472
v -4946.96 -2839.91 657.926
v -4875.72 -2878.41 643.258
v -4916.63 -2905.69 640.787
v -4875.72 -2905.69 638.13
v -4875.72 -2878.41 643.258
v -4916.63 -2905.69 640.787
v -4832.73 -2878.41 639.7
v -4873.64 -2905.69 637.958
v -4832.73 -2905.69 635.301
v -4832.73 -2878.41 639.7
v -4873.64 -2905.69 637.958
v -4875.72 -2905.69 638.13
v -4830.64 -2905.69 635.128
v -4789.73 -2905.69 632.471
v -4830.64 -2905.69 635.128
v -4832.73 -2905.69 635.301
v -2177.06 -715.848 564.616
v -2148.85 -732.702 566.206
v -2243.66 -623.414 531.088
v -2289.67 -471.368 520.359
v -1991.07 -454.015 503.066
v -2018.87 -374.133 499.837
v -1866.32 -429.137 512.574
v -1872.64 -426.577 512.414
v -1797.13 -736.119 532.249
v -1834.66 -734.302 538.406
v -1824.67 -742.76 534.788
v -3871.06 1513.77 542.073
v -3871.33 1481.54 542.878
v -3814.28 1481.05 532.701
v -3814 1513.28 531.394
v -4319.47 1042.36 473.684
v -4288.53 988.146 441.823
v -4256.02 1006.69 442.369
v -4286.95 1060.91 469.711
v -254.134 385.768 447.051
v -227.328 343.419 453.056
v -148.714 393.166 436.112
v -175.531 435.528 432.435
v 1059.44 -60.4489 585.649
v 1058.94 -89.2056 574.418
v 1076.03 -89.5127 571.928
v 1076.53 -60.7432 581.965
v 1019.66 -59.7962 577.48
v 1019.16 -88.5657 568.775
v 1036.26 -88.86 571.765
v 1036.76 -60.1033 581.713
v 1039.75 -60.1289 582.344
v 1039.25 -88.8856 572.173
v 1056.34 -89.18 574.438
v 1056.84 -60.4233 585.881
v -4472.83 1507.57 599.075
v -4471.91 1477.37 600.072
v -4454.39 1477.9 601.486
v -4455.31 1508.11 599.619
v -4497.42 1507.47 598.283
v -4496.5 1477.26 597.997
v -4478.98 1477.79 599.499
v -4479.9 1508.01 598.806
v -3837.68 50.6496 434.283
v -3831.96 -73.8738 421.435
v -3753.37 -70.252 424.911
v -3759.08 54.2459 427.952
v -1378.78 -1427.6 354.4
v -405.695 -1188.61 371.595
v -398.137 -1142.17 396.12
v -1370.09 -1221.46 384.288
v -1234.35 -1116.38 396.789
v -3721.93 2003.26 530.221
v -3863.58 1927.39 529.174
v -3689.58 1660.39 549.671
v -3673.8 1655.18 556.267
v -3655.9 1654.23 565.653
v -3651.67 1725.16 553.111
v -3696.79 1787.79 520.962
v -3649.67 1906.06 519.466
v -3663.1 1926.95 519.751
v -3592.81 1978.61 526.336
v -3654.96 2068.75 529.33
v -3683.3 2050.02 530.79
v -3728.98 2114.52 526.864
v -3754.69 2102.18 527.772
v -3711.63 2031.3 533.247
v -4934.26 2344.99 553.934
v -4946.96 2342.03 553.015
v -4946.96 2341.13 554.135
v -4904.64 1921.4 535.153
v -4946.96 1924.89 531.088
v -4946.96 1922.43 528.905
v -4904.64 1921.4 535.153
v -4893.56 1940.26 539.51
v -4943.09 2060.44 525.986
v -4946.96 2334.89 555.128
v -4913.09 2340.7 558.634
v -4917.54 2344.99 558.062
v -4899.98 2328.09 560.731
v -4913.09 2340.7 558.634
v -4934.26 2344.99 553.934
v -4946.96 2319.01 560.159
v -4946.96 2334.89 555.128
v -4943.09 2060.44 525.986
v -4946.96 2319.01 560.159
v -3634.23 -1995.79 527.417
v -3582.58 -2108.66 516.186
v -3511.22 -2072.52 524.548
v -3563.06 -1963.71 535.164
v 3748.46 -793.143 538.49
v 3650.52 -786.578 528.89
v 3634.4 -845.099 531.377
v 3663.07 -864.205 528.381
v 3740.1 -868.39 526.915
v 3749.65 -854.057 527.944
v -1096.33 3416.37 602.643
v -1076.74 3421.61 598.522
v -1098.47 3512.28 557.378
v -1072.12 3407.41 605.417
v -1065.73 3387.74 612.164
v -1092 3368.76 616.749
v -1075.76 3305.22 628.237
v -1023.93 3305.55 625.897
v -994.587 3385.5 610.408
v -895.98 3450.64 571.303
v -785.061 3418.96 589.774
v -721.665 3450.64 565.123
v -613.963 3438.79 574.502
v -1156.28 3564.64 535.429
v -1433.25 3521.13 596.684
v -1369.44 3496.84 578.744
v -1341.89 3568.26 543.302
v -1424.19 3553.4 585.347
v -1465.84 3597.83 598.923
v -577.239 3565.35 556.57
v -1515.68 3693.49 596.82
v -567.309 3582.71 558.346
v -1333.27 3693.49 540.695
v -1333.27 3693.49 540.695
v -1465.84 3597.83 598.923
v -567.309 3582.71 558.346
v -552.025 3595.91 561.397
v -552.025 3595.91 561.397
v -462.534 3693.49 568.374
v -474.665 3693.49 564.217
v -474.665 3693.49 564.217
v -494.568 3693.49 551.659
v 2633.42 140.133 431.003
v 2610.7 101.547 426.055
v 2623.64 93.8812 419.64
v 2645.3 131.942 424.758
v 2645.05 135.641 426.016
v 1631.1 173.063 561.8
v 1592.97 117.429 562.802
v 1615.27 102.149 560.887
v 1653.38 157.794 560.777
v 4091.75 2978.73 546.268
v 4166.24 2963.79 555.228
v 4186.99 3084.57 549.956
v 4111.6 3099.51 544.527
v -2894.49 3191.9 581.99
v -2897.17 3398.23 584.861
v -600.148 -2665.03 578.605
v -595.284 -2728.23 596.304
v -564.504 -2739.57 600.412
v -451.08 -2498.14 530.839
v -511.037 -2618.05 571.148
v -373.313 -2485.18 517.068
v -125.415 -2475.47 518.094
v -195.079 -2431.72 489.549
v -26.5746 -2642.35 544.083
v -60.605 -2822.2 527.395
v -44.3969 -2729.84 539.523
v -319.846 -2712.02 583.392
v -161.06 -2814.1 560.325
v 1175.34 -2168.39 363.948
v 941.248 -2205.41 352.721
v 944.532 -2226.08 359.527
v 1621.72 -2118.63 366.855
v 2188.12 -1934.54 353.06
v 2507.97 -1847.1 354.576
v 1456.9 -2129.27 363.107
v 2154.8 -1928.72 348.939
v 1648.29 -2090.15 353.544
v 2760.35 -1647.18 344.866
v 2914.44 -1339.82 351.666
v 3175.99 -709.283 358.011
v 3357.57 -230.352 369.343
v 3339.25 -224.516 355.991
v 3266.78 -463.574 354.223
v 3015.21 -1067.51 349.165
v 2397.18 -1828.76 340.164
v 2842.81 -1468.1 359.85
v 754.877 -2472.6 514.726
v 800.485 -2389.37 452.765
v 697.614 -2401.24 456.096
v 429.624 -2468.61 404.288
v 550.283 -2531.01 496.109
v 416.677 -2472.46 401.654
v 344.887 -2712.46 433.954
v 343.485 -2719.76 435.503
v 562.662 -2651.52 539.069
v 485.829 -2616.41 491.785
v 531.537 -2796.76 551.675
v 442.125 -2800.97 499.945
v 354.277 -2905.69 518.851
v 365.984 -2905.69 519.467
v 256.433 -2792.96 452.082
v 121.54 -2905.69 453.625
v 485.829 -2616.41 491.785
v 315.612 -2905.69 527.605
v 354.277 -2905.69 518.851
v 243.075 -2905.69 492.025
v 256.433 -2792.96 452.082
v 243.075 -2905.69 492.025
v 232.083 -2905.69 469.752
v 2575.07 -2189.55 399.259
v 2525.61 -2250.88 414.406
v 2557.27 -2306.29 412.593
v 2588.92 -2306.29 413.906
v 2622.55 -2258.8 414.401
v 2608.7 -2205.38 397.054
v 2594.85 -2191.54 394.78
v 2545.4 -2387.4 440.396
v 2521.66 -2383.43 440.396
v 2493.97 -2389.37 440.396
v 2474.17 -2415.09 440.396
v 2460.32 -2446.74 440.396
v 2464.29 -2476.42 440.396
v 2484.07 -2498.18 440.396
v 2525.61 -2504.12 440.396
v 2551.33 -2494.23 440.396
v 2567.16 -2458.62 440.396
v 2569.14 -2423.01 440.396
v 2557.27 -2403.23 440.396
v 2493.97 -2389.37 398.608
v 2521.66 -2383.43 406.244
v 2474.17 -2415.09 388.798
v 2525.61 -2504.12 402.741
v 2551.33 -2494.23 412.376
v 2567.16 -2458.62 420.396
v 2569.14 -2423.01 420.315
v 2557.27 -2403.23 415.48
v 2545.4 -2387.4 412.049
v 2339.64 -2543.68 401.563
v 2254.58 -2838.46 387.509
v 2353.49 -2862.21 407.01
v 2430.66 -2571.38 377.147
v 2704.3 -2773.57 462.579
v 2708.49 -2808.19 462.579
v 2748.04 -2809.95 462.579
v 2752 -2786.09 462.579
v 2708.49 -2808.19 442.579
v 2704.3 -2773.57 438.152
v 2748.04 -2809.95 437.995
v 2752 -2786.09 436.543
v 2671.58 -2853.48 454.286
v 2664.17 -2905.69 465.127
v 2692.48 -2905.69 456.147
v 2671.58 -2853.48 454.286
v 2692.48 -2905.69 456.147
v 2743.96 -2863.75 441.254
v 2738.01 -2905.69 447.212
v 3085.91 1823.63 383.408
v 3061.48 1797.16 363.657
v 3124.59 1726.93 358.486
v 3186.68 1789.02 390.661
v 3186.68 1790.05 390.792
v 3143.94 1835.86 403.275
v -773.039 -557.085 604.021
v -779.039 -539.898 593.652
v -860.157 -562.575 599.096
v -889.957 -563.65 601.961
v -904.117 -559.849 601.162
v -943.725 -606.879 628.135
v -933.728 -621.443 630.183
v -934.997 -631.066 628.858
v -884.525 -638.22 629.396
v -694.981 -535.88 608.048
v -522.87 -413.78 602.156
v -544.967 -423.083 601.285
v -591.488 -484.716 617.287
v -847.099 -666.758 631.01
v -486.825 -418.438 612.783
v -551.947 -505.652 638.905
v -477.519 -448.665 629.752
v -781.265 -740.291 642.874
v -733.698 -767.216 641.973
v -687.423 -763.389 655.194
v -545.591 -720.199 650.846
v -470.739 -664.723 647.897
v -535.672 -577.753 653.616
v -738.897 -967.464 474.003
v -711.791 -905.923 547.427
v -968.616 -786.693 565.571
v -978.623 -804.059 549.17
v -1048.33 -780.013 552.187
v -1060.33 -795.677 539.236
v -1235.07 -770.236 542.089
v -1230.62 -798.441 526.497
v -1272.82 -815.359 522.113
v -1264.18 -847.569 504.518
v -1223.27 -837.088 504.937
v -1215 -871.55 489.443
v -895.546 -899.883 491.879
v -1071.52 -905.117 466.335
v -1066.87 -916.698 459.137
v -1138.65 -917.735 464.493
v -3547.7 -1223.45 561.464
v -3677.75 -1258.14 571.191
v -3542.98 -1293.13 659.892
v -3439.57 -1259.88 644.225
v -3306.48 -1233.7 662.493
v -3289.63 -1279.64 682.432
v -3189.58 -1295.29 693.002
v -3403.3 -1131.28 545.574
v -3454.8 -1152.21 537.532
v -3186.95 -1298.91 692.959
v -3148.66 -1295.98 695.875
v -3124.31 -1311.81 695.238
v -3114.4 -1354.32 690.581
v -3015.87 -1335.52 688.282
v -3021.12 -1306.48 695.567
v -3257.16 -1067.37 529.408
v -2941.5 -973.478 598.919
v -3054.71 -984.458 557.436
v -3119.56 -1041.74 592.17
v -2935.12 -1287.58 697.447
v -2934.74 -1259.17 710.468
v -2894.6 -1234.66 722.303
v -2883.34 -1197.56 738.302
v -2844.07 -1178.55 730.996
v -2832.13 -1210.3 718.72
v -2756.48 -1174.04 708.618
v -2905.46 -1044.94 675.204
v -2766.38 -1127.42 709.208
v -2804.98 -1074.7 705.282
v -2880 -1066.15 695.664
v -747.413 -56.5071 463.577
v -715.82 -127.727 480.007
v -678.651 -111.243 475.05
v -710.243 -40.0235 462.716
v -470.138 43.6236 479.746
v -479.099 4.20596 485.28
v -430.13 -7.73448 496.164
v -421.169 33.4748 488.227
v -4674.1 -1540.45 590.979
v -4742.5 -1647.19 682.272
v -4218.19 -1365.63 542.422
v -4312.32 -1537.93 717.88
v -4118.99 -1519.58 748.242
v -4050.01 -1481.03 716.89
v -4163.25 -1369.81 560.437
v -4104.13 -1317.26 517.784
v -4123.1 -1330.5 526.983
v -4122.04 -1353.09 551.954
v -3982.87 -1448.06 710.551
v -3951.07 -1435.31 716.553
v -3745.88 -1506.51 677.307
v -3677.42 -1405.05 668.394
v -3620.72 -1344.87 654.729
v -3543.1 -1324.12 666.438
v -3757.77 -1273.67 566.754
v 1099.5 -2618.65 463.557
v 1107.26 -2629.69 466.941
v 1113.83 -2631.19 469.203
v 1132.34 -2626.42 474.886
v 1139.65 -2627.31 477.443
v 1142.49 -2546.69 468.977
v 1131.75 -2554.15 467.188
v 1136.52 -2546.98 467.269
v 1135.48 -2561.02 469.564
v 1170.28 -2905.69 499.984
v 1174.75 -2905.69 500.886
v 1171.6 -2896.78 500.313
v 1174.75 -2905.69 500.886
v 1218.46 -2903.74 509.417
v 1218.17 -2905.69 509.352
v -1119.36 2779.19 651.492
v -1128.53 2789.05 652.066
v -1221.1 2707.84 660.906
v -1224.85 2694.6 657.292
v -1195.24 2665.39 656.94
v -1203.96 2657.19 653.366
v -1197.14 2649.52 652.984
v -1095.8 2746.42 646.979
v 980.6 -135.201 553.217
v 979.709 -152.926 549.743
v 1011.02 -154.5 548.996
v 1011.91 -136.775 554.058
v -2528.79 -455.243 497.687
v -2617.17 -472.865 464.602
v -2616.58 -479.136 467.758
v -2612.69 -479.431 469.687
v -2531.19 -460.324 497.496
v -2527.9 -459.428 498.222
v -2521.92 -491.665 502.478
v -2615.38 -500.034 475.109
v -2615.38 -488.082 471.561
v -3198.89 -1432.78 672.34
v -3200.71 -1435.49 671.794
v -3201.38 -1441.61 670.561
v -3196.63 -1445.45 669.787
v -3162.23 -1439.11 671.839
v -3159.97 -1436.4 672.732
v -3162.01 -1427.8 675.564
v -3109.57 -1456.52 664.658
v -3117.65 -1468.54 659.566
v -3090.65 -1486.69 648.971
v -3082.57 -1474.67 653.773
v 1996.51 -353.452 531.426
v 1976.24 -339.413 540.929
v 1904.66 -424.018 546.983
v 1924.49 -440.488 537.539
v 1866.55 -496.413 532.383
v 1896.18 -527.6 521.752
v 2009.5 -441.307 511.106
v 2013.67 -402.326 516.07
v 1987.15 -369.564 531.062
v 1906.76 -520.395 522.815
v 1924.22 -528.675 517.39
v 2671.62 -2826.19 449.7
v 2654.42 -2826.19 452.062
v 2652.47 -2905.69 468.933
v 2643.09 -2905.69 470.22
v 2671.62 -2826.19 449.7
v 2652.47 -2905.69 468.933
v 2658.57 -2905.69 466.947
v 2709.18 -2813.52 442.965
v 2768.01 -2837.05 435.865
v 2753.07 -2834.79 438.417
v 2758.71 -2905.69 443.869
v 2749.49 -2905.69 445.57
v 2753.07 -2834.79 438.417
v 2709.18 -2813.52 442.965
v 2658.57 -2905.69 466.947
v 2749.49 -2905.69 445.57
v 2706.45 -2905.69 459.35
v 2706.45 -2905.69 459.35
v 5014.44 -2099.35 879.746
v 5015.52 -2219.33 876.406
v 5091.55 -2218.64 895.992
v 5090.47 -2098.66 898.881
v 5070.03 -2260.94 888.041
v 5094.46 -2238.09 895.364
v 5106.67 -2238.47 898.401
v 5105.49 -2074.19 901.144
v 5091.7 -2074.58 898.066
v 1442.33 -2738.86 491.374
v 1409.4 -2756.7 494.239
v 1462.57 -2766.64 488.46
v 1471.14 -2762.87 487.689
v 1469.77 -2751.55 488.187
v -4707.85 1142.45 555.66
v -4713.12 1115.25 553.66
v -4763.43 1108.47 556.134
v -4786.04 1022.54 553.974
v -4752.12 1021.41 551.05
v -4741.39 967.143 547.451
v -4709.73 952.45 546.837
v -4658.86 1005.58 541.977
v -4683.16 1023.68 545.431
v -4668.46 1043.46 545.714
v -4620.42 1016.33 539.531
v -4569.43 1095.8 543.175
v 2213.9 -689.895 391.693
v 2232.73 -705.495 380.322
v 2257.5 -675.601 378.713
v 2238.64 -660.001 390.098
v 1194.07 1939.19 511.666
v 1164.21 1940.01 511.176
v 1157.96 1823.84 533.86
v 1147.79 1775.54 532.336
v 1118.3 1723.4 520.863
v 1260.58 1904.07 530.118
v 1347.81 1850.06 521.31
v 1421.57 1503.52 488.348
v 1507.36 1533.44 477.948
v 1546.16 1718.71 471.136
v 1650.16 1704.02 454.413
v 1647.35 1752.9 455.41
v 1560.76 1837.89 470.883
v -354.143 -851.126 572.006
v -357.784 -843.039 575.771
v -413.343 -881.775 569.524
v -415.592 -887.854 567.174
v -409.937 -890.26 565.385
v -413.354 -900.126 561.54
v -397.179 -925.579 548.393
v -334.551 -860.763 564.721
v -319.957 -876.925 556.897
v -331.334 -859.726 564.529
v -330.187 -894.291 552.506
v -249.047 -103.386 548.392
v -274.127 -104.589 548.58
v -275.763 -185.496 575.777
v -250.839 -184.152 573.811
v -1890.89 -359.121 524.023
v -1997.29 -392.51 524.023
v -1982.99 -438.082 524.023
v -1876.58 -404.681 524.023
v -1997.29 -392.51 501.887
v -1890.89 -359.121 521.023
v -1982.99 -438.082 503.571
v -1876.58 -404.681 514.132
v 1472.25 2126.78 443.702
v 1455.6 2088.32 453.268
v 1477.91 2078.66 460.753
v 1494.56 2117.12 453.204
v -108.406 2308.11 488.136
v -105.233 2265.31 475.794
v -68.4085 2268.05 481.699
v -71.5922 2310.85 492.622
v 2558.43 2356.09 400.535
v 2553.57 2325.63 386.029
v 2530.04 2332.48 379.823
v 2846.31 2200.74 444.095
v 2499.61 2344.05 372.216
v 2463.6 2364.11 363.513
v 2408.43 2406.02 358.868
v 2396.74 2393.31 351.493
v 2773.28 2138.56 388.714
v 2766.58 2080.08 364.7
v 2742.5 2124.54 373.892
v 2578.39 2240.04 358.944
v 2779.38 2057.47 358.836
v 2783.26 2061.33 362.204
v 1935.79 -621.763 487.664
v 1961.84 -597.985 488.054
v 1939.37 -573.363 500.228
v 1913.32 -597.141 499.522
v 1946.29 -617.245 486.356
v 1940.24 -623.874 486.197
v 1996.15 -682.345 461.241
v 2024.51 -655.176 460.951
v 1973.45 -603.821 483.67
v 1958.82 -618.448 483.32
v 820.845 -324.683 570.259
v 836.931 -339.413 565.504
v 866.241 -307.432 561.114
v 850.155 -292.689 565.878
v 501.892 -748.622 552.599
v 482.478 -758.475 557.087
v 498.909 -780.422 552.484
v 522.487 -759.077 547.474
v 508.605 -745.486 550.569
v 505.766 -747.278 551.412
v 502.638 -745.934 552.452
v 500.991 -747.278 552.931
v 3794.21 -457.803 519.721
v 3725.83 -447.053 505.874
v 3722.13 -471.522 501.756
v 3725.01 -471.957 502.129
v 3723.88 -479.482 500.888
v 3730.68 -481.017 501.931
v 3729.71 -491.255 500.349
v 3747.03 -500.508 500.97
v 3813.61 -514.534 514.195
v 3820.78 -505.281 510.807
v 3821.67 -480.505 514.962
v -2701 1795.29 540.428
v -2755.19 1819.02 546.479
v -2779.38 1785.14 544.735
v -2779.83 1780.51 544.265
v -2769.52 1765.88 540.638
v -2717.12 1748.56 531.125
v -4472.57 -2690.94 672.32
v -4490.46 -2697.46 673.967
v -4491.89 -2700.9 673.749
v -4484.42 -2717.6 671.047
v -4481.58 -2719.02 670.565
v -4473.04 -2738.93 667.699
v -4469.85 -2738.81 667.41
v -4449.82 -2730.99 666.263
v -4468.3 -2693.07 671.519
v -4471.86 -2692.72 672.028
v 4659.78 3693.49 430.009
v 4632.23 3693.49 430.665
v 4644.87 3635.43 438.037
v 4663.26 3693.49 437.822
v 4661.79 3628.24 439.037
v 4644.87 3635.43 438.037
v 4703.95 3650.92 441.758
v 4702.4 3693.49 438.008
v 4721.92 3693.49 439.672
v 4702.4 3693.49 438.008
v -2841.54 763.694 425.622
v -2967.57 758.191 430.556
v -2874.25 387.56 380.727
v -2866.2 383.964 379.557
v -2857.48 385.781 377.534
v -3643.04 -2838.68 427.449
v -3689.59 -2905.69 416.558
v -3677.68 -2905.69 419.349
v -3584.42 -2872.11 372.467
v -3610.25 -2905.69 368.933
v -3584.42 -2872.11 372.467
v -3599.51 -2905.69 362.375
v -3610.25 -2905.69 368.933
v 431.204 1928.46 486.929
v 427.954 1804.91 464.561
v 493.777 1784.49 477.037
v 506.056 1796.38 483.511
v 509.206 2432.55 535.158
v 505.221 2456.3 539.475
v 440.878 2448.2 519.431
v 411.223 2445.05 510.459
v 440.867 1968.9 488.618
v 435.012 2203.9 496.655
v -1333.87 484.367 440.805
v -1336.94 467.703 439.917
v -1159.09 540.654 428.017
v -1158.04 533.474 425.867
v -1181.22 415.755 442.449
v -1194.05 409.855 442.662
v -2886.42 291.484 388.842
v -2878.51 327.613 386.443
v -2938.59 422.192 395.035
v -2947.44 422.397 397.634
v 714.29 89.9778 482.232
v 718.208 83.374 487.113
v 674.07 40.4753 512.562
v 678.401 37.9413 514.379
v 645.661 9.03077 535.214
v 651.261 11.9359 532.969
v 646.853 19.7682 527.378
v 588.466 64.6506 493.18
v 628.997 98.642 475.117
v 600.711 136.217 456.079
v 606.989 144.766 451.841
v 422.611 1532.02 401.897
v 331.24 1539.26 394.471
v 313.005 1525.39 392.515
v 304.512 1412.46 371.833
v 309.688 1407.7 370.575
v 589.312 1392.52 370.254
v 691.881 1379.59 369.772
v 557.908 1528.28 421.629
v 759.942 1366.79 370.812
v 837.621 1528.08 428.916
v 902.887 1510.89 431.507
v 966.284 1469.24 443.482
v 955.508 1431.11 430.139
v 962.555 1441.27 436.219
v 919.463 1445.83 428.45
v 803.056 1337.91 363.345
v -2432.51 -66.1311 424.578
v -2420.29 -47.1263 418.84
v -2425.88 -22.8616 410.186
v -2466.91 -48.9436 393.839
v -2462.07 -16.6162 388.134
v -2411.13 24.1323 416.557
v -2381.97 70.0897 434.017
v -2446.1 27.9077 393.759
v -2443.54 7.39264 397.252
v -2369.96 213.453 386.057
v -2346.98 335.561 381.294
v -2400.15 230.257 369.159
v -2245.81 279.313 461.735
v 2456.56 155.926 492.69
v 2450.89 100.843 480.76
v 2462.08 98.4501 476.326
v 2458.64 85.1657 474.188
v 2480.3 77.8453 464.672
v 2484.63 84.4107 464.881
v 2524.33 78.1525 449.243
v 2526.35 86.4327 450.815
v 2521.73 97.4006 455.404
v 1957.77 -2894.39 478.941
v 1950.81 -2905.69 478.076
v 1976.1 -2905.69 475.449
v 1443.43 -1001.13 462.575
v 1465.3 -982.948 455.425
v 1434.58 -946.003 463.002
v 1412.71 -964.188 463.451
v 2995.49 2097.45 465.855
v 2911.28 1956.21 379.302
v 556.083 -70.8407 569.475
v 576.421 -62.4325 570.542
v 561.292 -25.8563 565.528
v 540.954 -34.2773 573.119
v -2256.79 3203.62 625.67
v -2256.62 3143 620.83
v -2212.72 3143.13 622.081
v -2212.9 3203.73 625.054
v -2120.41 3058.31 627.203
v -2121.37 3007.02 630.417
v -2084.75 3006.33 633.608
v -2083.78 3057.62 630.881
v -4305.5 -549.215 370.337
v -4295.85 -604.819 344.463
v -3934.89 -606.048 335.976
v -3859.45 -613.457 330.001
v -3718.41 -560.566 339.517
v -3587.48 -525.732 337.785
v -3364.76 -450.022 335.791
v -3059.9 -318.105 326.3
v -3045.58 -319.295 325.074
v -3031.57 -307.765 325.507
v -3021.41 -264.445 329.848
v -2842.49 1.26244 329.793
v -2781.28 100.843 328.497
v -2757.82 118.146 324.722
v -2750.25 249.186 337.972
v -2702.32 308.211 334.96
v -2732.85 380.38 351.833
v -2698.9 456.517 358.968
v -2814.27 390.913 368.885
v -2873.85 245.858 377.064
v -2782.98 431.266 368.459
v -2657.84 510.155 355.839
v -2729.8 539.413 391.174
v -2765.3 460.229 373.839
v -2688.45 471.146 359.125
v -2675.6 478.902 356.446
v -4145.89 627.312 423.571
v -4140.95 542.958 419.659
v -4079.34 546.567 422.867
v -4084.26 630.922 422.893
v 4412.98 3641.31 474.333
v 4415.07 3693.49 464.541
v 4415.4 3693.49 464.447
v 4393.63 3588.15 483.285
v 4412.98 3641.31 474.333
v 4350.69 3540.44 500.787
v 4297.95 3510.3 515.19
v 4099.58 3548.69 531.556
v 4130.47 3508.8 529.999
v 4233.92 3599.87 519.895
v 4415.07 3693.49 464.541
v 4402.68 3693.49 476.983
v 4244.46 3693.49 517.262
v 4350.69 3540.44 500.787
v 4402.68 3693.49 476.983
v 4233.92 3599.87 519.895
v 4244.46 3693.49 517.262
v 2310.09 3650.89 377.858
v 2290.59 3651.88 373.015
v 2297.62 3405.5 390.78
v 2820.92 3432.8 485.265
v 2802.87 3573.52 488.337
v 2436.79 3567.68 414.23
v 2307.47 3593.26 380.125
v -2164.65 -514.598 506.648
v -2128.64 -630.247 523.301
v -2053.96 -606.995 508.99
v -2089.95 -491.345 503.325
v -1964.19 -568.91 503.612
v -1949.66 -610.578 502.477
v -1929.18 -603.437 501.595
v -1943.72 -561.769 503.022
v -1985.25 -576.281 504.308
v -1970.72 -617.936 505.106
v -1950.24 -610.795 502.498
v -1964.78 -569.14 503.633
v -1943.27 -561.449 503.016
v -1928.75 -603.117 501.583
v -1908.26 -595.976 500.663
v -1922.79 -554.321 502.724
v -1922.21 -554.09 502.721
v -1907.68 -595.746 500.649
v -1887.2 -588.605 500.105
v -1901.74 -546.95 502.704
v -1901.28 -546.783 502.71
v -1886.76 -588.438 500.094
v -1866.27 -581.298 499.664
v -1880.81 -539.642 502.893
v -4716.8 3651.44 618.064
v -4759.31 3615.78 621.937
v -4737.01 3589.19 623.117
v -4694.49 3624.86 612.253
v 352.157 1356.06 359.275
v 339.221 1244.66 344.694
v 407.371 1159.43 335.069
v 430.258 1091.19 326.114
v 422.288 1019.77 320.969
v 397.33 914.399 317.953
v 406.336 888.238 317.416
v 467.15 1332.13 349.062
v 531.503 1324.04 344.333
v 890.319 1242.08 339.117
v 1000.29 1213.13 342.18
v 741.129 731.582 319.405
v 977.182 695.631 325.761
v 1308.44 734.513 333.76
v 1327.35 767.175 336.91
v 1324.83 795.473 335.447
v 1361.48 803.639 334.179
v 1382.16 823.771 333.474
v 1059.34 1206.84 347.137
v 1214.83 1199.23 370.065
v 1385.93 788.204 333.916
v 1424.36 780.179 333.642
v 1425.06 793.541 333.58
v 1422.26 818.153 333.365
v 1400.82 838.963 333.265
v 1742.64 1380.74 424.44
v 1727.36 1375.74 426.599
v 1699.79 1334.4 429.227
v 1403.85 842.573 333.236
v 1421.55 830.107 333.208
v 1442.65 832.922 333.223
v 1449.68 829.403 333.252
v 1454.61 844.172 333.021
v 1458.86 846.463 332.967
v 1463.75 849.1 332.893
v 1480.62 842.765 332.915
v 1489.8 847.538 332.802
v 1504.18 855.026 332.459
v 1508.45 854.079 332.473
v 1522.04 851.058 332.516
v 1550.8 860.977 331.859
v 2086.02 1344 382.249
v 1560.92 861.668 331.776
v 1577.17 862.782 331.457
v 1596.92 864.778 330.231
v 1620.75 867.952 328.622
v 1624.19 868.413 328.408
v 1771.98 906.605 322.411
v 1775.94 912.556 322.481
v 2101.18 1557.03 356.66
v 1970.03 1812.38 386.548
v 2155.13 1466.79 368.094
v 1962.99 1832.78 385.78
v 1883.23 2020.86 388.53
v 1867.74 2067.38 381.406
v 1836.81 2145.98 374.292
v 1689.7 2244.22 404.368
v 1809.4 2193.86 373.061
v 1726.83 2378.63 339.105
v 1646.91 2333.72 386.737
v 1791.19 2261.85 360.824
v 1834.77 2272.55 348.061
v 1920.4 2366.84 322.833
v 1869.2 2389.16 326.313
v 1849.94 2323.48 335.666
v 1772.73 914.809 322.521
v 1731.84 917.804 323.68
v 1724.86 923.781 324.215
v 1726.06 927.096 324.27
v 1730.58 939.6 324.57
v 1732.12 943.875 324.711
v 1988.51 1995.88 356.582
v 2064.23 1892.16 339.933
v 2093.96 1828.1 333.999
v 2130.86 1745.41 335.196
v 2155.49 1722.9 334.284
v 2137.54 1733.8 334.971
v 2190.49 1655.13 333.656
v 1736.34 962.395 325.31
v 1684.08 1024.48 329.68
v 1678.64 1030.61 330.173
v 2329.6 1473.6 327.896
v 2305.72 1375.46 329.36
v 2245.65 1312.67 332.459
v 2129.66 1213.65 327.526
v 1987.31 1093.78 325.18
v 1974.67 1120.73 329.848
v 1975.51 1103.89 327.054
v 1960.36 1124.94 331.962
v 1925.82 1109.79 331.818
v 1667.27 1075.26 332.756
v 1669.11 1043.32 330.792
v 1662.25 1052.47 331.246
v 1653.36 1065.35 331.799
v 1654.64 1070.2 332.108
v -768.875 282.602 441.772
v -754.148 265.695 447.896
v -720.952 294.594 444.555
v -735.691 311.513 441.351
v 910.591 1546.11 436.776
v 958.826 1544.56 451.147
v 959.872 1577.51 457.732
v 911.648 1579.05 443.367
v -2541.24 2097 588.028
v -2519.15 2033.78 590.598
v -2478.65 2047.92 594.017
v -2500.73 2111.14 592.521
v -2598.99 2154.3 589.59
v -2588.37 2119.63 585.134
v -2569.52 2125.4 585.506
v -2580.15 2160.08 591.753
v -2579.62 2160.18 591.797
v -2568.99 2125.5 585.52
v -2550.15 2131.28 586.35
v -2560.79 2165.95 593.977
v -2560.26 2166.18 594.057
v -2549.63 2131.49 586.414
v -2530.8 2137.27 588.75
v -2541.43 2171.96 597.439
v 947.259 2100.3 490.58
v 932.988 2086.73 491.258
v 932.988 1968.01 499.487
v 1149.73 1959.95 502.168
v 1197.12 2057.74 462.105
v 1253.23 2416.12 417.553
v 1190.67 2389.6 432.029
v 1417.45 2283.82 390.461
v 1238.44 2353.09 442.613
v 1424.99 2207.66 406.692
v 1419.35 2146.96 418.692
v 1414.29 2082.52 446.909
v 1344.26 1993.43 482.787
v 1362.68 1994.06 483.688
v 1230.71 2069.52 455.189
v 269.246 2867.21 511.398
v 237.074 2849.51 517.29
v 266.251 2797.84 512.082
v 296.875 2814.7 502.694
v 989.104 2549.64 429.427
v 974.51 2495.17 428.609
v 1051.74 2476.63 400.588
v 1065.04 2530.94 417.333
v 1111.05 2503.8 406.305
v 1118.75 2537.8 419.983
v 1153.68 2494.15 402.67
v 1161.38 2528.15 416.012
v -4823.04 585.231 569.934
v -4811.9 448.851 552.905
v -4833.07 434.504 552.82
v -4802.76 335.369 530.008
v -4790.76 329.354 527.759
v -4790.51 276.484 522.106
v -4705.95 302.119 522.42
v -4737.07 383.887 528.37
v -3480.36 -961.564 393.059
v -3471.08 -985.725 413.882
v -3248.06 -935.983 420.557
v -2931.86 -705.879 414.484
v -2834.58 -603.591 406.347
v -2767.94 -520.971 415.505
v -2775.93 -508.647 404.698
v -2862.23 -605.932 389.01
v 2047.03 -716.629 443.247
v 2020.99 -748.967 441.859
v 2053.22 -777.569 428.008
v 2035.83 -797.123 427.757
v 2062.99 -832.238 412.582
v 2122.37 -768.521 408.386
v -4793.29 1656.82 629.419
v -4835.41 1647.59 606.846
v -4843.73 1624.82 602.636
v -4832.13 1570.65 608.044
v -4859.05 1564.22 596.712
v -4852.21 1535.73 598.966
v -4773.67 1523.71 620.104
v -4763.71 1525.89 618.956
v -4784.38 1540.44 623.082
v -4778.04 1541.91 622.435
v -4825.69 1541.84 609.747
v -4810.98 1541.18 615.48
v -4824.87 1538.09 609.805
v -4798.97 1629.85 625.128
v -4832.15 1622.49 608.343
v -4821.81 1575.94 612.772
v -4788.63 1583.31 626.785
v -4863.08 1606.39 593.862
v -4861.47 1576.91 595.603
v -4843.79 1577.88 603.173
v -4845.41 1607.34 602.183
v -4850.56 1541.22 599.831
v -4841.19 1543.42 603.572
v -4845.73 1562.7 602.297
v -4855.1 1560.49 598.378
v -4835.73 1544.78 605.752
v -4826.36 1547 609.681
v -4830.91 1566.26 608.574
v -4840.27 1564.04 604.578
v 3227.49 -1027.2 466.085
v 3223.32 -1102.74 478.953
v 3279.15 -1106.63 512.85
v 3283.03 -1086.03 512.828
v 3297.66 -1087.52 518.446
v 3314.38 -1062.44 512.832
v 3169.27 -848.656 368.788
v 3105.68 -982.718 373.677
v 3285.73 -867.161 451.831
v 3262.73 -871.346 438.609
v 3254.97 -880.304 437.381
v 3348.72 -1063.93 507.032
v 3431.13 -1007.2 493.347
v 3360.67 -893.74 473.606
v -3559.02 1900.21 528.789
v -3527.31 1856.9 529.777
v -3502.89 1874.52 531.894
v -3535.22 1918.38 531.226
v -2027.4 -474.529 501.847
v -2010.53 -467.81 502.32
v -2017.55 -449.075 501.513
v -1998.89 -442.51 502.433
v -2004.03 -429.213 501.917
v -2038.3 -442.203 499.819
v -2047.56 -440.347 500.37
v -2005 -425.118 501.805
v -2019.56 -385.408 499.16
v -2062.33 -399.51 500.069
v -3682.94 159.407 445.647
v -3683.07 127.233 439.324
v -3663.38 127.156 438.493
v -3663.26 159.33 444.205
v -3661.94 159.164 444.076
v -3662.06 126.99 438.398
v -3642.38 126.913 437.419
v -3642.25 159.087 442.614
v -3641.09 159.305 442.568
v -3641.21 127.13 437.401
v -3621.53 127.054 436.579
v -3621.4 159.228 441.132
v -3620.38 159.164 441.047
v -3620.51 126.99 436.52
v -3600.82 126.913 435.543
v -3600.7 159.087 439.587
v -3566.04 11.6543 450.592
v -3525.4 -46.1153 450.592
v -3508 -33.8805 450.592
v -3548.63 23.9019 450.592
v -3525.4 -46.1153 426.563
v -3566.04 11.6543 430.592
v -3508 -33.8805 421.851
v -3548.63 23.9019 423.863
v -3587.53 -2.02662 437.802
v -3570.23 -26.4706 436.576
v -3556.78 -16.9618 431.838
v -3574.08 7.48222 433.418
v -4247.36 23.0957 468.766
v -4289.15 -15.6052 468.766
v -4235.94 -73.0547 468.766
v -4194.17 -34.3669 468.766
v -4289.15 -15.6052 448.766
v -4247.36 23.0957 441.772
v -4235.94 -73.0547 427.986
v -4194.17 -34.3669 424.568
v -1480.33 -285.062 501.49
v -1560.11 -326.065 507.887
v -1549.24 -348.999 503.914
v -1476.9 -427.908 509.626
v -1412.45 -380.57 501.863
v -1373.91 -391.077 506.462
v -1317.15 -434.883 526.372
v -1297.5 -427.434 526.096
v -1434.52 -28.4798 469.92
v -1441.02 -73.3875 475.53
v -1431.1 -81.9236 476.864
v -1271.02 -461.412 544.221
v -1273.46 -472.712 548.6
v -1232.57 -537.364 569.569
v -1388.62 -19.4957 467.377
v -1340.91 -61.4983 474.374
v -1372.24 -70.0984 474.289
v -1252.54 -556.816 563.641
v -1266.04 -584.369 558.029
v -1232.29 -574.131 570.247
v -1177.09 -539.86 586.267
v -1210.79 -487.595 568.239
v -1155.77 -453.311 557.474
v -1202.14 -367.03 513.563
v -1177.72 -352.723 513.374
v -1185.79 -331.21 509.899
v -1208.72 -333.705 508.32
v -1212.96 -300.291 503.17
v -1174.07 -294.558 505.575
v -1166.07 -234.639 500.464
v -1176.68 -219.077 499.555
v -1311.21 -170.779 492.198
v -1280.29 -208.122 492.763
v -4476.54 372.164 445.899
v -4481.05 343.636 451.948
v -4300.12 343.291 408.83
v -4300.79 398.349 408.541
v -4108.44 3.63006 401.753
v -4107.75 -14.4662 402.341
v -4074.44 -13.1992 405.119
v -4075.13 4.90985 405.32
v -4398.08 458.975 423.917
v -4415.67 455.954 425.736
v -4459.83 533.256 436.508
v -4456.93 529.724 435.356
v -4308.2 498.765 418.504
v -4318.9 536.277 423.678
v -4325.7 540.82 424.884
v -4720.46 -104.691 509.571
v -4726.21 -140.013 503.975
v -4703.32 -143.737 500.418
v -4697.57 -108.402 506.973
v -4724.35 319.153 521.958
v -4747.68 295.438 521.995
v -4732.45 280.464 522.325
v -4709.12 304.167 522.346
v -3154.95 559.007 443.021
v -3139.67 519.511 438.936
v -3110.78 530.697 433.057
v -3126.08 570.18 435.57
v 339.143 2200.51 464.503
v 324.483 2251.47 477.876
v 359.826 2263.95 480.171
v 381.89 2204.07 472.953
v 399.412 2158.94 472.37
v 405.657 2052.45 463.953
v 386.799 1922.56 465.108
v 353.069 1567.78 399.02
v 375.756 1826.54 451.963
v 346.925 2173.29 458.016
v 316.857 1574.51 399.857
v 309.276 1589.26 401.77
v 357.121 2070.11 443.002
v 314.575 2355.22 497.356
v 128.627 2232.95 476.945
v 146.672 2226.46 471.914
v 334.969 2282.64 482.951
v 342.539 2309.6 486.449
v 142.82 2089.73 448.348
v 152.672 2108.83 444.576
v -22.7118 2100.25 472.887
v 565.033 3221.09 475.877
v 248.507 2491.33 508.697
v 225.998 2479.51 508.62
v 175.314 2426.99 517.501
v 279.487 2381.61 507.445
v 281.547 2385.44 507.008
v 265.661 2413.67 509.426
v -838.962 1760.25 494.541
v -823.455 1744.06 490.543
v -726.463 1746.5 484.094
v -717.056 1755.03 486.066
v -1046.42 3125.1 656.567
v -1021.49 3066.83 655.607
v -981.696 3083.85 655.358
v -1006.61 3142.12 655.24
v -1592.8 3526.59 644.244
v -1602.59 3497.02 650.314
v -1585.89 3491.49 650.772
v -1576.1 3521.05 643.351
v -1556.77 3532.29 640.724
v -1569.3 3495.09 648.847
v -1548.91 3488.24 649.693
v -1536.41 3525.43 639.549
v -1786.05 -1088.97 445.723
v -1732.11 -1172.88 400.236
v -1805.03 -1219.75 405.675
v -1786.05 -1088.97 412.703
v -1727.86 -1051.57 405.808
v -1741.6 -1030.19 414.651
v -1872.71 -1114.47 425.723
v 1192.28 -55.8673 561.352
v 1181.54 -149.022 555.362
v 1234.09 -123.939 555.839
v 1250.81 -86.9148 551.907
v 887.77 -622.044 562.627
v 899.192 -616.209 562.627
v 941.671 -615.415 562.627
v 1012.31 -600.276 562.627
v 854.575 -491.665 542.627
v 892.012 -631.872 510.601
v 887.77 -622.044 511.772
v 899.192 -616.209 512.225
v 902.91 -624.706 511.212
v 941.671 -615.415 511.563
v 949.909 -631.604 509.408
v 977.26 -637.452 508.003
v 1014.44 -605.049 511.425
v 1012.31 -600.276 511.968
v 1033.03 -590.448 512.067
v 967.965 -525.117 525.308
v -3565.68 1957.13 553.181
v -3554.51 1941.67 553.181
v -3601.92 1889.05 553.181
v -3565.68 1957.13 529.253
v -3633.34 1908.3 521.327
v -3554.51 1941.67 530.103
v -3630.39 1886.89 521.921
v -3621.67 1874.81 522.919
v -3601.92 1889.05 525.019
v -3595.84 1880.63 525.478
v -3521.29 1934.41 533.181
v -3560.6 1988.89 530.394
v -3646.67 1926.77 520.95
v -3502.39 1874.46 553.744
v -3527.35 1856.12 553.744
v -3535.03 1918.85 531.261
v -3518.09 1931.3 533.395
v -3502.39 1874.46 531.923
v -3527.35 1856.12 529.747
v -3559.57 1899.93 528.744
v -3583.38 1882.43 526.694
v -3538.37 1821.73 528.099
v -3472.67 1869.55 533.744
v -3457.9 1988.46 572.432
v -3504.64 2003.26 539.709
v -3402.94 1871.08 539.13
v -3360.43 1901.78 547.535
v -3403.47 1997.24 554.432
v -3413.1 1995.7 553.372
v -3457.9 1988.46 545.617
v -3463.23 2021.44 548.518
v -3418.42 2028.69 556.86
v -3405.88 2095.74 558.328
v -3431.3 2123.67 555.338
v -3358.73 2138.64 558.944
v -3384.16 2166.58 560.517
v -3589.3 2005.99 547.991
v -3590.28 1991.31 526.331
v -3597 2000.13 526.576
v -3577.13 2001.33 527.991
v -3590.45 2018.8 526.36
v -3595.9 2014.64 526.468
v -3589.3 2005.99 526.423
v -3341.32 1785.49 538.212
v -3390.89 1854.26 539.54
v -3296.02 1812.98 545.068
v -3344.33 1885.11 548.31
v 1673.55 -271.791 623.205
v 1618.54 -239.848 592.936
v 1692.18 -239.925 622.193
v 1635.06 -207.802 593.81
v 2580.78 1003.95 382.641
v 2751.82 951.401 371.607
v 2762.74 987.775 361.994
v 2602.74 1076.73 364.052
v -1507.25 479.798 519.199
v -1475.4 351.968 519.199
v -1453.12 494.592 519.199
v -1442.1 478.467 519.199
v -1463.11 359.391 519.199
v -1507.25 479.798 490.952
v -1496.39 516.107 499.199
v -1572.7 421.616 484.958
v -1582.95 366.302 486.652
v -1476.17 340.949 466.345
v -1475.4 351.968 465.74
v -1463.11 359.391 462.855
v -1445.95 345.556 459.845
v -1420.08 483.842 464.161
v -1442.1 478.467 470.283
v -1453.12 494.592 477.524
v -1453.38 504.076 480.427
v -3863.76 1731.33 553.634
v -3887.4 1718.14 553.634
v -3885.18 1699.16 553.634
v -3881.21 1685.03 553.634
v -3876.44 1673.72 553.634
v -3811.89 1701.37 553.634
v -3826.78 1732.59 553.634
v -3885.18 1699.16 533.581
v -3887.4 1718.14 533.634
v -3881.21 1685.03 533.161
v -3876.44 1673.72 532.776
v -3776.67 1658.44 515.677
v -3784.84 1711.43 517.13
v -3811.89 1701.37 521.328
v -3826.78 1732.59 524.296
v -3811.6 1740.7 522.21
v -3819.64 1755.96 523.81
v -3863.76 1731.33 529.899
v -3839.82 1687.88 525.819
v -3829.17 1634.7 527.195
v -3821.59 1671.75 522.975
v -3600.7 1808.17 563.372
v -3619.77 1761.77 543.372
v -3650.36 1803.6 521.973
v -3585.24 1787.03 530.343
v -3600.7 1808.17 524.524
v -3586.68 1818.41 525.328
v -3601.8 1839.09 524.732
v -3520.57 1733.47 612.087
v -3513.59 1724.74 612.087
v -3553.73 1711.37 579.145
v -3579.32 1746.27 562.135
v -3520.57 1733.47 556.961
v -3513.59 1724.74 559.847
v -3545.01 1702.06 581.568
v -3544.43 1683.45 592.087
v -3462.41 1714.27 545.758
v -3517.67 1786.4 532.704
v -3620.61 1707.3 622.671
v -3636.32 1662.51 579.025
v -3646.21 1696.25 569.232
v -3563.62 1675.89 602.671
v -3589.79 1736.97 568.845
v -3621.78 1729.4 562.859
v -3620.61 1707.3 577.289
v 4331.46 -1740.15 915.452
v 4333.34 -1736.08 915.452
v 4338.65 -1739.83 915.452
v 4337.09 -1742.33 915.452
v 4315.51 -1727.95 862.578
v 4318.01 -1742.64 873.141
v 4331.46 -1740.15 882.279
v 4337.09 -1742.33 887.527
v 4334.9 -1746.08 888.424
v 4339.59 -1748.58 893.222
v 4344.6 -1746.71 895.452
v 4345.22 -1740.45 891.88
v 4340.85 -1737.33 886.895
v 4338.65 -1739.83 886.99
v 4333.34 -1736.08 880.965
v 4335.52 -1731.07 879.264
v 4332.08 -1719.51 869.544
v 4326.46 -1718.88 865.279
v 4319.9 -1722.32 862.425
v 847.016 -71.6854 573.097
v 793.917 -113.547 551.575
v 787.227 -95.3741 553.097
v 860.163 -88.1946 548.165
v 879.544 -44.8995 545.104
v 864.237 -37.4895 546.828
v 847.016 -71.6854 549.311
v 363.144 -197.423 581.985
v 351.11 -162.793 586.825
v 389.749 -189.412 580.046
v 378.083 -154.41 591.038
v 302.586 -277.038 570.958
v 285.454 -223.812 570.511
v 321.176 -271.56 569.243
v 305.135 -216.889 572.114
v 297.287 -214.483 571.102
v 289.851 -195.478 569.608
v 336.282 -199.228 577.461
v 328.846 -180.223 577.862
v 311.926 -164.418 575.298
v 307.517 -143.187 566.875
v 334.357 -159.209 581.654
v 329.548 -137.172 570.864
v -1142.32 336.892 496.324
v -1126.98 403.519 496.324
v -1139.76 347.988 496.324
v -1129.57 392.27 496.324
v -1042.71 384.117 461.398
v -1058.04 317.502 476.324
v -1126.98 403.519 448.742
v -1115.3 454.252 440.552
v -1131.22 457.925 439.013
v -1145.49 395.93 448.436
v -1129.57 392.27 450.591
v -1139.76 347.988 457.371
v -1155.69 351.648 454.449
v -1171.84 281.463 461.893
v -1155.92 277.802 464.915
v -1142.32 336.892 458.967
v 316.913 -2471.2 407.006
v 181.17 -2441.24 452.182
v 326.586 -2427.35 393.72
v 190.855 -2397.39 421.256
v -3230.85 2512.49 601.613
v -3296.58 2431.8 601.613
v -3307.87 2419.77 601.613
v -3252.3 2562.54 601.613
v -3264.42 2562.54 601.613
v -3359.7 2512.19 601.613
v -3458.82 2369.27 601.613
v -3470.45 2383.34 601.613
v -3396.62 2481.2 601.613
v -3356.89 2454.85 601.613
v -3230.85 2512.49 580.198
v -3228.3 2513.08 580.684
v -3242.26 2585.54 583.153
v -3248.96 2581.78 582.228
v -3252.3 2562.54 580.539
v -3264.42 2562.54 579.327
v -3271.11 2588.05 580.549
v -3289.1 2605.74 578.285
v -3372.89 2533.08 565.472
v -3363.05 2510.73 564.401
v -3359.7 2512.19 564.909
v -3356.89 2454.85 562.254
v -3387 2482.45 558.823
v -3396.62 2481.2 557.602
v -3401.83 2488.75 557.66
v -3470.88 2425.48 554.236
v -3483.6 2396.3 551.555
v -3478.4 2386.17 550.897
v -3470.45 2383.34 551.287
v -3458.82 2369.27 551.748
v -3466.14 2353.27 552.839
v -3464.01 2345.31 553.99
v -3420.09 2309.04 561.085
v -3307.87 2419.77 567.52
v -3302.72 2415.65 568.057
v -3292.09 2427.66 569.367
v -3296.58 2431.8 568.93
v -3966.07 580.79 443.19
v -4043.08 577.897 429.555
v -3967 605.427 444.627
v -4044.01 602.535 430.119
v 1436.46 -110.911 542.21
v 1408.62 -91.7652 532.553
v 1513.98 -100.647 557.69
v 1548.03 -27.4176 559.171
v 1484.97 4.94824 548.026
v 1468.49 1.76156 544.009
v 1542.48 -180.338 596.997
v 1526.78 -195.184 565.705
v 1518.74 -156.458 565.265
v 1568.46 -217.362 574.216
v 1580.11 -205.14 576.997
v 1542.48 -180.338 569.247
v 1569.96 -139.731 573.629
v 1542.79 -123.606 566.558
v 1531.15 -140.026 565.931
v 1554.89 -180.313 571.762
v 1578.57 -144.351 575.703
v 1581.94 -198.127 577.458
v 1605.63 -162.166 580.606
v 1783.07 -62.3174 602.665
v 1724.36 -20.1612 602.723
v 1788.77 -292.971 669.715
v 1737.42 -319.922 649.511
v 1760.72 -278.189 649.715
v 1774.74 -344.891 635.236
v 1807.34 -287.289 625.287
v 1795.58 -281.223 631.869
v 1788.77 -292.971 633.839
v 1816.81 -132.654 609.91
v 1827.8 -147.064 609.91
v 1849.03 -167.528 609.91
v 1796.34 -120.151 589.91
v 1816.81 -132.654 581.245
v 1816.05 -139.475 580.755
v 1827.8 -147.064 576.328
v 1831.59 -170.561 579.86
v 1849.03 -167.528 573.11
v 1863.04 -175.104 570.488
v 1882.38 -147.819 557.919
v 1817.94 -90.5878 584.945
v 1874.04 -181.17 568.22
v 1890.71 -156.906 555.669
v 1910.8 -207.316 561.159
v 1927.09 -184.958 552.671
v 1786.49 -153.886 589.276
v 1743.66 -236.124 640.759
v 1838.41 -277.434 610.911
v 1877.82 -220.958 578.345
v 1879.17 13.3821 601.097
v 1857.8 23.7868 544.264
v 1877.45 70.576 519.697
v 1879.17 13.3821 541.347
v 1834.12 -58.2477 581.097
v 1835.84 -72.6836 579.29
v 1877.45 -105.036 560.983
v 1969.28 -42.6471 564.252
v 1994.7 20.8944 550.703
v 1365.4 -232.195 534.814
v 1408.88 -168.219 543.448
v 1401.14 -254.987 534.241
v 1431.3 -213.728 544.433
v 1438.45 -203.95 546.676
v 1432.27 -181.055 547.078
v 1414.58 -171.342 544.242
v 1279.56 97.5542 548.827
v 1262.53 107.601 548.008
v 1329.25 72.5341 551.217
v 1346.87 62.9869 548.928
v 1252.78 -18.8814 577.999
v 1233.96 -13.8775 577.999
v 1204.37 38.2612 555.661
v 1224.5 28.202 555.669
v 1298 -10.9084 543.929
v 1277.11 -2.01382 547.962
v 1252.78 -18.8814 550.679
v 1233.96 -13.8775 553.731
v 1475.44 209.524 582.738
v 1500.72 140.133 582.738
v 1475.44 209.524 533.279
v 1468.7 226.866 531.785
v 1446.42 198.262 524.314
v 1473.13 129.421 543.929
v 1500.72 140.133 547.912
v 1507.26 123.265 551.611
v 1541.63 136.614 556.723
v 1580.91 226.328 562.738
v 1527.53 249.685 550.784
v 2023.22 -181.068 547.007
v 2044.57 -149.458 551.028
v 2056.44 -203.515 542.259
v 2077.79 -171.905 546.246
v 1250.43 -372.61 546.512
v 1223.57 -296.068 519.349
v 1205.16 -317.465 523.69
v 1250.43 -372.61 522.683
v 1233.72 -395.953 524.538
v 1287.15 -429.879 526.512
v 1327.66 -367.773 523.716
v 2345.59 -2011.51 385.603
v 2333.71 -1964.03 369.71
v 2458.35 -1983.81 376.98
v 2446.48 -1936.32 365.703
v 2514.73 -1947.45 397.655
v 2545.81 -1915.55 397.655
v 2522.29 -1918.83 397.655
v 2480.65 -1997.19 377.655
v 2476.49 -1950.9 368.381
v 2561.4 -1989.92 364.287
v 2554.64 -1914.76 366.464
v 2545.81 -1915.55 366.331
v 2544.2 -1897.7 365.55
v 2520.58 -1899.83 363.097
v 2522.29 -1918.83 364.635
v 2512.23 -1919.74 364.383
v 2514.73 -1947.45 366.908
v 2476.15 -2064.92 401.734
v 2495.94 -2007.54 379.027
v 2513.75 -2078.77 395.591
v 2531.55 -2021.4 376.093
v 2456.37 -2167.8 427.021
v 2474.17 -2118.33 417.428
v 2491.98 -2179.66 418.534
v 2507.81 -2130.21 408.009
v 2454.39 -2881.99 433.592
v 2462.31 -2818.68 429.805
v 2507.81 -2891.88 449.365
v 2519.68 -2828.57 442.393
v 3223.01 1767.01 439.799
v 3240.01 1737.93 439.799
v 3209.13 1777.72 396.801
v 3212.21 1785 397.086
v 3212.64 1764.54 398.811
v 3223.01 1767.01 401.766
v 3225.45 1731.12 406.822
v 3237.65 1726.01 412.877
v 3240.01 1737.93 412.742
v 3262.67 1745.15 419.799
v 3248.08 1796.1 404.845
v 3201.92 1839.36 450.093
v 3188.7 1882.11 428.318
v 3184.63 1845.47 412.532
v 3201.92 1839.36 411.899
v 3207.02 1809.85 401.566
v 3244.68 1824.09 412.346
v 3239.59 1863.8 423.414
v 3199.9 1886.18 430.093
v -1274.19 -245.056 492.758
v -1296.99 -281.594 492.275
v -1312.2 -301.2 494.153
v -1268.68 -322.098 501.487
v -1249.01 -256.472 494.911
v -1691.83 -1059.58 395.978
v -1686.3 -1048.37 397.95
v -1681.07 -1064.89 395.418
v -1675.54 -1053.68 397.446
v 1587.88 -145.196 577.627
v 1549.02 -121.162 567.636
v 1626.07 -83.4466 583.566
v 1587.22 -59.4123 571.888
v 2176.2 -36.4017 559.593
v 2146.42 -24.4229 572.883
v 2186.78 -10.1021 547.854
v 2156.98 1.87674 559.532
v 806.451 305.37 472.993
v 807.643 348.359 429.935
v 841.829 304.384 495.879
v 843.031 347.386 442.138
v 2370.71 22.4302 488.821
v 2342.18 32.3614 494.455
v 2385.17 64.0107 487.736
v 2356.63 73.9291 492.759
v 889.574 256.839 516.782
v 888.383 296.846 522.266
v 920.097 257.748 509.023
v 918.895 297.755 510.911
v 1489.5 98.1045 552.54
v 1523.6 80.7248 559.561
v 1465.32 50.624 550.708
v 1499.42 33.2444 553.566
v 2281.48 59.3906 505.459
v 2294.69 97.3878 504.34
v 2314.7 47.8341 499.616
v 2327.92 85.844 498.939
v 837.198 245.653 490.208
v 818.385 279.991 481.917
v 866.274 261.574 508.042
v 847.461 295.912 500.131
v 858.916 304.96 505.09
v 860.119 347.962 444.903
v 894.305 303.975 519.987
v 895.507 346.977 455.333
v -3378.88 2265.93 565.265
v -3324.34 2316.71 565.05
v -3365.91 2251.99 565.574
v -3311.37 2302.77 565.451
v 1997.74 -170.83 548.255
v 2025.8 -129.723 557.021
v 2079.3 -226.295 534.755
v 2106.71 -181.925 539.31
v -2966.28 -826.146 474.89
v -2987.46 -805.697 450.205
v -2861.09 -707.299 455.278
v -2879.15 -690.945 432.314
v 4967.26 -2819.94 939.143
v 4969.23 -2905.43 939.143
v 5122.5 -2823.89 939.143
v 5125.17 -2905.69 939.143
v 4969.23 -2905.43 884.541
v 4969.23 -2905.43 939.143
v 4967.26 -2819.94 939.143
v 4967.26 -2819.94 890.038
v 4983.79 -2905.69 936.575
v 4983.79 -2905.69 939.143
v 4969.23 -2905.43 884.541
v 4983.79 -2905.69 936.575
v 4983.79 -2905.69 887.066
v 5122.5 -2823.89 919.143
v 5125.17 -2905.69 938.549
v 5122.5 -2823.89 919.143
v 5125.17 -2905.69 938.549
v 5125.17 -2905.69 911.836
v 5122.5 -2823.89 939.143
v 5156.91 -2872.47 922.309
v 5158.99 -2833.48 927.137
v 5175.63 -2901.06 923.273
v 5248.41 -2900.54 945.744
v 5258.81 -2858.96 953.717
v -1851.68 3425.26 670.264
v -1849.3 3419.88 670.264
v -1820.03 3410.33 661.264
v -1826.01 3389.28 661.241
v -1849.3 3419.88 658.023
v -1851.68 3425.26 657.54
v -1847.51 3439.44 656.655
v -1868.5 3446.29 655.194
v 772.866 -192.458 861.724
v 787.817 -188.055 861.724
v 759.63 -183.384 558.729
v 760.744 -206.663 566.812
v 775.549 -237.314 574.924
v 803.557 -235.253 569.769
v 805.494 -192.599 558.731
v 789.664 -172.519 554.306
v 787.817 -188.055 558.836
v 772.866 -192.458 561.173
v 541.756 -237.147 543.273
v 513.091 -213.856 549.895
v 564.02 -209.748 547.881
v 535.355 -186.456 546.714
v 133.291 82.9261 510.204
v 131.499 112.195 504.442
v 166.119 84.9354 507.348
v 164.327 114.204 502.045
v 83.1307 25.0026 512.665
v 79.5462 65.0089 515.616
v 113.387 27.7157 510.708
v 109.803 67.7221 513.407
v 83.7318 134.886 502.138
v 74.1695 176.083 493.05
v 109.28 140.811 499.581
v 99.7173 182.008 491.116
v 119.766 294.338 455.656
v 118.508 330.979 447.98
v 161.277 295.771 445.766
v 160.008 332.412 439.365
v 609.828 376.131 418.735
v 554.29 394.049 426.483
v 615.004 392.167 412.227
v 559.467 410.085 420.071
v 535.778 402.419 426.737
v 498.753 422.115 415.072
v 544.283 418.378 421.032
v 507.258 438.088 402.882
v 427.097 146.225 485.665
v 403.208 162.351 494.517
v 449.895 179.999 475.132
v 426.006 196.125 485.432
v 1481.07 -417.44 541.589
v 1455.41 -406.741 536.622
v 1496 -381.607 552.212
v 1470.34 -370.921 544.889
v 1438.1 -356.587 536.338
v 1421.97 -378.087 530.044
v 1409.81 -335.369 529.782
v 1393.7 -356.869 525.585
v 1143.09 -628.289 520.923
v 1104.88 -600.225 517.519
v 1169.59 -592.227 527.458
v 1131.36 -564.162 523.205
v 1072.63 -572.16 514.3
v 1050.53 -550.059 514.034
v 1092.93 -551.851 518.362
v 1070.84 -529.763 516.468
v 965.293 -581.579 516.517
v 937.229 -554.103 523.221
v 983.973 -562.498 518.142
v 955.898 -535.022 524.81
v 855.855 -437.199 550.373
v 833.769 -409.134 558.447
v 884.92 -414.317 548.841
v 862.824 -386.252 556.169
v 639.094 -607.993 526.736
v 606.243 -603.207 529.229
v 643.302 -579.058 530.593
v 610.451 -574.285 532.176
v 602.915 -590.819 530.573
v 572.202 -589.475 532.01
v 604.106 -563.343 533.439
v 573.404 -562.012 534.085
v 2624.52 573.252 475.161
v 2606.69 577.859 483.096
v 2627.39 584.31 470.349
v 2631.39 599.604 464.412
v 2613.51 604.224 471.948
v 2610.47 592.475 476.883
v 2558.19 593.806 480.105
v 2548.77 596.11 479.789
v 2582.61 587.867 480.914
v 2585.29 598.925 477.669
v 2588.05 610.252 474.452
v 2591.21 623.204 470.983
v 2557.37 631.446 472.221
v 2647.97 337.058 444.036
v 2603.16 339.119 465.308
v 2650.36 389.006 449.586
v 2605.55 391.067 471.721
v 1370.02 1483.87 654.306
v 1285.82 1489.24 496.306
v 1332.39 1390.11 476.84
v 1367.03 1394.3 476.301
v 1370.02 1483.87 491.378
v 1387.93 1488.66 490.698
v 1324.03 1535.23 495.052
v 1180.72 1246.2 389.285
v 1136.52 1259.93 388.271
v 1179.53 1303.53 426.809
v 1158.02 1310.69 425.661
v 1113.84 1256.95 381.466
v 1067.85 1271.29 378.975
v 1136.21 1328.75 430.929
v 1090.23 1343.08 424.419
v 943.642 1403.26 415.139
v 987.234 1375.79 413.04
v 1010.03 1411.96 434.154
v 966.44 1439.44 436.299
v 1024.86 1307.11 389.582
v 993.802 1327.42 393.215
v 1050.63 1346.53 414.85
v 1019.57 1366.83 416.559
v 1202.21 1516.12 493.293
v 1166.38 1537.02 489.693
v 1223.4 1552.44 494.085
v 1187.56 1573.34 493.348
v 1051.13 1513.73 472.83
v 1017.09 1534.63 466.945
v 1075.53 1553.47 483.652
v 1041.49 1574.37 482.056
v 1819.97 1411.32 483.295
v 1862.67 1401.8 483.295
v 1907.46 1392.84 483.295
v 2005.38 1389.79 483.295
v 2037.63 1400.26 483.295
v 1811.91 1425.35 483.295
v 1822.38 1467.46 483.295
v 1812.52 1457.9 483.295
v 2054.35 1411.6 483.295
v 2069.58 1424.15 483.295
v 2075.87 1462.97 483.295
v 2065.72 1474.01 483.295
v 1864.48 1479.72 483.295
v 1927.47 1491.98 483.295
v 2050.49 1485.06 483.295
v 2008.99 1494.89 483.295
v 1862.67 1401.8 413.448
v 1819.99 1401.74 417.195
v 1862.68 1392.78 413.246
v 1907.46 1392.84 409.195
v 1907.48 1378.11 408.762
v 2005.41 1378.25 396.675
v 2005.38 1389.79 397.605
v 2037.66 1389.85 393.771
v 2037.63 1400.26 394.786
v 2054.38 1400.29 392.914
v 2054.35 1411.6 394.081
v 2069.6 1411.63 392.499
v 2069.58 1424.15 393.857
v 2082.47 1424.16 392.52
v 2082.41 1462.98 391.188
v 2075.87 1462.97 391.773
v 2075.86 1474.03 388.43
v 2065.72 1474.01 389.913
v 2065.71 1485.08 386.549
v 2050.49 1485.06 389.119
v 2050.48 1494.95 386.618
v 2008.99 1494.89 394.008
v 2008.98 1502.75 392.696
v 1927.46 1502.62 408.494
v 1927.47 1491.98 408.448
v 1864.47 1491.89 415.76
v 1864.48 1479.72 415.359
v 1822.35 1479.66 419.295
v 1822.38 1467.46 418.365
v 1812.51 1467.45 419.138
v 1812.52 1457.9 418.501
v 1805.63 1457.89 419.007
v 1805.68 1425.35 418.496
v 1811.91 1425.35 417.984
v 1811.93 1411.31 417.975
v 1819.97 1411.32 417.289
v -1293.8 3180.11 664.266
v -1319.02 3174.44 665.69
v -1299.18 3204 663.048
v -1324.39 3198.33 665.224
v -1217.49 3143.39 662.108
v -1244.97 3135.03 662.02
v -1222.64 3160.26 663.065
v -1250.1 3151.9 663.059
v -1265.27 3138.02 662.492
v -1295.73 3141.01 663.133
v -1263.35 3157.65 663.768
v -1293.8 3160.64 664.576
v -1707.18 3435.41 666.532
v -1725.69 3470.04 659.638
v -1672.3 3454.05 663.447
v -1690.81 3488.69 657.381
v -1771.07 3465.26 658.354
v -1787.19 3503.49 653.226
v -1739.22 3478.7 657.849
v -1755.34 3516.91 652.456
v -1695.88 3390.48 672.457
v -1710.75 3352.4 664.532
v -1734.09 3405.41 669.408
v -1748.98 3367.33 664.727
v -1630.34 3361.53 669.683
v -1647.45 3327.92 663.403
v -1663.18 3378.26 671.201
v -1680.3 3344.63 664.328
v -1583.38 3346.07 669.916
v -1599.08 3306.42 663.675
v -1615.03 3358.6 669.987
v -1630.73 3318.95 663.059
v -1485.63 3277.76 667.84
v -1513.69 3282.54 667.898
v -1480.18 3309.69 667.775
v -1508.26 3314.46 669.577
v -1528.62 3284.33 667.294
v -1565.04 3288.5 664.367
v -1524.21 3322.77 671.121
v -1560.64 3326.96 669.033
v 3566.64 2211.7 528.771
v 3681.3 2374.12 530.896
v 3805.51 2056.44 505.999
v 3920.17 2235.58 525.053
v 4045.48 -707.978 551.685
v 4039.01 -688.513 546.029
v 4122.16 -682.486 556.718
v 4115.7 -663.034 551.339
v 4055.97 -747.918 564.411
v 4049.5 -728.466 557.179
v 4132.64 -722.438 567.198
v 4126.18 -702.987 561.907
v 4068.5 -782.56 580.388
v 4062.03 -763.095 571.063
v 4145.19 -757.08 587.919
v 4138.72 -737.616 573.995
v 4161.62 -692.263 591.483
v 4135.05 -719.879 566.965
v 4129.43 -702.987 562.371
v 4187 -702.577 573.483
v 4176.48 -670.994 565.859
v 4156.73 -677.571 561.214
v 4161.62 -692.263 565.933
v 1488.42 1808.08 517.477
v 1462.17 1807.63 496.681
v 1462.62 1833.89 497.477
v 1488.42 1808.08 489.419
v 1490.23 1790.43 488.228
v 1515.12 1793.14 481.423
v 1512.86 1836.6 483.879
v -2511.28 -495.594 505.019
v -2514.9 -465.584 501.838
v -2501 -494.352 507.323
v -2504.61 -464.342 504.431
v -2460.92 -110.54 440.312
v -2491.52 -94.9774 413.934
v -2440.05 -69.4841 422.738
v -2470.65 -53.922 395.314
v -3160.4 -1477.27 682.898
v -3144.21 -1481.05 682.898
v -3160.52 -1475.8 682.898
v -3144.88 -1480.75 682.898
v -3173.84 -1477.14 661.263
v -3173.79 -1470.9 662.898
v -3160.4 -1477.27 660.041
v -3159.49 -1480.89 658.695
v -3144.21 -1481.05 657.033
v -3144.24 -1484.94 655.755
v -3132.18 -1485.05 654.688
v -3132.13 -1480.88 656.058
v -3144.88 -1480.75 657.187
v -3144.83 -1475.95 658.763
v -3160.52 -1475.8 660.397
v -3160.47 -1471.04 661.716
v -2927.69 -1107.9 709.205
v -2927.03 -1094.52 703.485
v -2886.57 -1109.97 714.714
v -2885.9 -1096.6 709.627
v -3180.7 -1415.26 703.942
v -3142.62 -1415.63 703.942
v -3183.18 -1415.87 677.036
v -3185.73 -1405.62 678.214
v -3180.7 -1415.26 677.33
v -3178.41 -1424.51 675.748
v -3142.62 -1415.63 680.509
v -3133.31 -1453.15 667.212
v -3121.96 -1450.33 668.138
v -3136.11 -1393.31 683.942
v -3224.1 -1419.87 673.222
v -3210.22 -1405.38 676.248
v -3216.52 -1427.12 673.331
v -3202.64 -1412.65 675.851
v -3189.97 -1466.62 665.518
v -3192.43 -1452.89 668.285
v -3158.23 -1460.94 664.849
v -3160.69 -1447.21 669.426
v -3095.76 -1455.07 665.317
v -3089.8 -1447.9 668.591
v -3067.37 -1478.74 649.557
v -3061.4 -1471.58 652.085
v -3187.71 -1395.16 679.558
v -3190.65 -1380.58 681.365
v -3131.46 -1383.83 685.542
v -3134.39 -1369.26 687.171
v -3105.84 -1397.72 712.015
v -3104.05 -1387.72 712.015
v -3118.06 -1403.99 684.051
v -3123.45 -1376.37 687.105
v -3105.12 -1401.45 685.42
v -3105.84 -1397.72 685.829
v -3102.23 -1397.01 686.202
v -3104.05 -1387.72 687.217
v -3071.14 -1381.3 690.554
v -3073.99 -1366.72 692.015
v -3098.49 -1423.4 709.051
v -3109.81 -1430.41 676.851
v -3112.07 -1421.36 680.793
v -3095.33 -1439.01 673.45
v -3052.1 -1385.84 685.637
v -3066.81 -1388.11 689.051
v -3064.55 -1401.45 686.912
v -3098.49 -1423.4 681.018
v -3100.53 -1419.33 682.705
v -3034.03 -1373.66 711.883
v -3033.16 -1368.07 711.883
v -3009.95 -1363.11 711.883
v -3063.3 -1379.89 689.508
v -3066.51 -1364.84 691.883
v -3034.03 -1373.66 683.474
v -3032.06 -1382.92 680.974
v -2977.02 -1371.2 671.057
v -2981.67 -1349.41 678.923
v -3011.52 -1355.77 682.709
v -3009.95 -1363.11 680.488
v -3033.16 -1368.07 684.44
v -3035.27 -1358.19 686.562
v -3014.68 -1327.95 690
v -3018.2 -1311.71 694.251
v -2970.08 -1318.27 687.999
v -2973.61 -1302.04 693.302
v -2958.63 -1316.62 687.457
v -2960.96 -1303.93 691.859
v -2911.65 -1307.99 686.674
v -2913.99 -1295.29 692.757
v -2895.97 -1292.07 717.768
v -2847.53 -1285.45 717.768
v -2867.88 -1288.2 717.768
v -2875.95 -1289.83 717.768
v -2903.26 -1293.54 692.944
v -2905.09 -1284.48 697.768
v -2895.97 -1292.07 692.968
v -2893.12 -1306.18 685.271
v -2873.46 -1302.21 684.019
v -2875.95 -1289.83 690.341
v -2867.88 -1288.2 689.773
v -2865.01 -1302.43 682.504
v -2844.93 -1298.38 680.963
v -2847.53 -1285.45 687.489
v -2843.19 -1284.57 687.063
v -2845.62 -1272.49 693.254
v -3244.05 -1340.95 708.062
v -3236.93 -1340.83 708.062
v -3244.05 -1340.95 683.271
v -3242.17 -1321.84 686.389
v -3246.23 -1340.73 683.084
v -3247.86 -1357.2 680.407
v -3238.64 -1358.11 681.097
v -3236.93 -1340.83 683.837
v -3210.41 -1343.45 685.251
v -3208.6 -1325.17 688.062
v -3177.43 -1344.58 715.109
v -3172.94 -1354.74 715.109
v -3150.86 -1312.04 715.109
v -3189.37 -1344.58 686.558
v -3177.43 -1344.58 687.353
v -3176.23 -1355.64 685.955
v -3172.94 -1354.74 686.314
v -3170.86 -1362.81 685.351
v -3118.91 -1354.44 690.239
v -3126.37 -1311.75 695.109
v -3150.86 -1312.04 693.583
v -3150.56 -1302.48 694.883
v -1643.76 223.717 510.993
v -1658.12 178.118 478.735
v -1655.56 224.37 484.396
v -1603.79 175.11 490.787
v -1600.44 235.76 490.993
v -1642.96 238.115 487.798
v -1643.76 223.717 485.312
v -1630.69 237.386 488.245
v -1622.9 194.755 486.339
v -1614.06 188.523 488.56
v -1600.02 235.3 491.007
v -1885.93 523.926 484.718
v -1875.93 551.277 486.168
v -1857.92 513.675 485.192
v -1847.92 541.012 485.846
v -1499.18 837.018 475.7
v -1506.01 861.399 466.039
v -1490.34 828.865 479.623
v -1478.26 844.876 474.656
v -1485.27 868.08 465.193
v -2045.57 274.641 498.557
v -2048.3 292.06 495.481
v -2002.09 281.501 493.497
v -2004.84 298.919 491.553
v -3304.46 -1305.17 688.228
v -3301.98 -1284.64 683.919
v -3266.44 -1309.99 687.528
v -3263.86 -1289.19 688.013
v -3268.06 -1323.1 684.842
v -3255.31 -1324.69 685.268
v -3251.1 -1290.76 688.23
v -3267.13 -1348.91 679.729
v -3266.54 -1325.67 684.529
v -3251.57 -1349.31 681.238
v -3250.98 -1326.07 685.284
v -2960.89 -1363.1 670.386
v -2963.58 -1348.32 676.6
v -2781.44 -1330.42 653.479
v -2784.14 -1315.64 661.982
v -2756.34 -1305 663.023
v -2763.1 -1293.88 668.795
v -2714.33 -1279.51 661.376
v -2721.07 -1268.39 669.124
v -2698.94 -1267.32 658.25
v -2702.67 -1253.47 666.087
v -2652.33 -1254.78 641.78
v -2656.05 -1240.92 650.448
v -2622.55 -1251.9 629.192
v -2631.55 -1241.57 639.469
v -2590.31 -1223.73 633.779
v -2599.32 -1213.42 644.201
v -2828.21 -1282.01 685.362
v -2830.29 -1271.85 690.545
v -2800.73 -1276.63 682.714
v -2778.34 -1248.87 689.417
v -2791.7 -1230.28 699.871
v -2802.46 -1205.47 713.061
v -2764.87 -1218.65 698.266
v -2775.62 -1193.84 710.659
v -2822.93 -1243.87 701.543
v -2833.8 -1219.28 715.105
v -2796.17 -1232.06 700.229
v -2807.05 -1207.46 713.489
v -3321.91 -1664.62 680.969
v -3323.49 -1688.36 680.969
v -3301.93 -1663.82 680.969
v -3300.48 -1688.15 680.969
v -3321.91 -1664.62 646.855
v -3321.95 -1656.8 647.926
v -3332.63 -1664.69 641.811
v -3332.49 -1688.41 638.502
v -3323.49 -1688.36 642.871
v -3323.45 -1694.9 641.979
v -3300.44 -1694.77 653.198
v -3300.48 -1688.15 653.958
v -3292.17 -1688.1 658.055
v -3292.31 -1663.77 660.969
v -3301.93 -1663.82 656.369
v -3301.96 -1656.69 657.208
v -3264.77 -1668.04 704.781
v -3264.99 -1689.88 704.781
v -3243.06 -1666.76 704.781
v -3244.78 -1688.62 704.781
v -3264.77 -1668.04 673.479
v -3264.71 -1658.52 674.485
v -3274.68 -1667.99 668.752
v -3274.8 -1689.83 666.248
v -3264.99 -1689.88 670.927
v -3265.04 -1697.99 670.117
v -3244.84 -1698.11 680.037
v -3244.78 -1688.62 680.992
v -3234.87 -1688.68 677.423
v -3234.74 -1666.8 679.533
v -3243.06 -1666.76 683.972
v -3243.02 -1658.65 684.781
v -3202.69 -1668.32 685.504
v -3203.32 -1689.17 685.504
v -3183.8 -1666.75 685.504
v -3184.03 -1690.29 685.504
v -3202.69 -1668.32 656.626
v -3202.2 -1658.29 657.424
v -3215.08 -1667.71 665.504
v -3216.1 -1688.54 664.049
v -3203.32 -1689.17 654.744
v -3203.72 -1697.3 654.103
v -3184.42 -1698.25 640.134
v -3184.03 -1690.29 640.849
v -3171.22 -1690.92 631.561
v -3170.06 -1667.42 633.654
v -3183.8 -1666.75 643.51
v -3183.43 -1659.21 644.155
v -3270.4 -1581.02 699.524
v -3236.24 -1608.31 699.524
v -3230.88 -1562.3 699.524
v -3270.4 -1581.02 663.09
v -3269.98 -1522.01 656.651
v -3279.12 -1580.96 660.165
v -3279.44 -1626.68 666.438
v -3236.37 -1627 679.524
v -3236.24 -1608.31 676.31
v -3193.85 -1608.61 652.789
v -3193.51 -1562.57 651.623
v -3230.88 -1562.3 665.717
v -3230.59 -1522.29 662.227
v -3186.38 -1583.06 649.245
v -3186.46 -1549.76 649.97
v -3152.64 -1582.98 633.505
v -3152.72 -1549.7 638.266
v -3334.4 -1711.51 634.242
v -3333.84 -1701 636.076
v -3195.37 -1718.84 645.608
v -3194.83 -1708.33 646.415
v -3156.13 -1755.88 612.112
v -3190.78 -1753.72 638.203
v -3154.53 -1730.34 614.312
v -3189.17 -1728.18 640.011
v -3409.64 -1305.12 687.363
v -3409.6 -1296.87 684.786
v -3351.9 -1305.38 687.728
v -3351.87 -1297.13 686.598
v -3367.37 -1254.65 684.503
v -3366.23 -1260.64 684.503
v -3367.37 -1254.65 656.431
v -3367.95 -1250.91 653.627
v -3396.4 -1259.14 654.653
v -3395 -1268.23 661.772
v -3365.76 -1263.7 663.276
v -3366.23 -1260.64 660.983
v -3338.95 -1256.42 664.503
v -3340.46 -1246.66 658.085
v -3427.31 -1278.76 665.452
v -3428.71 -1269.54 655.863
v -3400.23 -1274.63 665.861
v -3401.64 -1265.42 658.874
v -3516.42 -1315.23 671.988
v -3516.23 -1302.37 675.416
v -3476.28 -1315.79 676.242
v -3476.1 -1302.93 680.398
v -3447.53 -1310.98 704.565
v -3438.71 -1308.13 704.565
v -3474.19 -1310.79 678.156
v -3474.11 -1298.41 677.256
v -3447.53 -1310.98 680.969
v -3447.56 -1313.71 679.93
v -3438.75 -1313.77 681.044
v -3438.71 -1308.13 683.195
v -3427.89 -1308.2 684.565
v -3427.82 -1298.75 684.103
v -3335.82 -1322.93 682.428
v -3342.46 -1289.74 682.881
v -3324.23 -1320.6 683.552
v -3330.87 -1287.42 681.751
v -3363.45 -1339.71 675.318
v -3360.79 -1331.51 678.497
v -3337.04 -1348.28 674.367
v -3334.38 -1340.08 677.08
v -2829.5 -1030.08 675.681
v -2837.79 -1018.33 666.138
v -2777.07 -991.714 661.568
v -2787 -978.021 651.397
v -3023.53 -1128.37 703.425
v -3022.85 -1116.37 697.583
v -2989.58 -1127.68 708.31
v -2989.58 -1116.02 702.793
v -3089.88 -1263.72 706.524
v -3090.38 -1247.24 709.427
v -3069.1 -1263.08 709.044
v -3069.6 -1246.61 712.931
v -4204.43 -1661.44 795.664
v -4214.01 -1681.62 795.664
v -4271.02 -1653.35 764.374
v -4261.09 -1633.34 762.473
v -4214.01 -1681.62 770.005
v -4229.14 -1712.13 767.852
v -4205.82 -1723.7 768.983
v -4162.65 -1636.65 775.664
v -4186.31 -1624.92 770.15
v -4204.43 -1661.44 771.842
v 2084.5 -114.085 570.905
v 2101.29 -79.4409 584.116
v 2132.68 -137.428 545.951
v 2149.47 -102.797 553.225
v 3296.86 -740.623 437.167
v 3285.12 -763.492 433.383
v 3324.51 -783.698 445.036
v 3336.24 -760.83 444.94
v -4909.37 1871.32 584.86
v -4906.35 1888.5 584.86
v -4946.96 1881.21 584.86
v -4946.96 1888.6 584.86
v -4909.37 1871.32 584.86
v -4946.77 1839.04 584.86
v -4883.89 1843.86 584.86
v -4946.96 1881.21 584.86
v -4946.96 1878.87 584.86
v -4946.77 1839.04 584.86
v -4946.96 1839.03 584.86
v -4946.78 1835.37 584.86
v -4946.96 1835.37 584.86
v -4883.89 1843.86 584.86
v -4946.96 1878.87 584.86
v -4946.96 1839.23 584.86
v -4946.96 1839.03 584.86
v -4946.96 1839.23 584.86
v -4946.96 1835.37 536.93
v -4946.78 1835.37 536.711
v -4946.78 1835.37 536.711
v -4946.96 1835.37 536.93
v -4946.96 1835.37 536.687
v -4946.77 1839.04 535.801
v -4946.78 1835.37 584.86
v -4883.9 1838.8 559.505
v -4883.89 1843.86 558.34
v -4866.58 1843.8 564.86
v -4866.5 1871.21 558.602
v -4909.37 1871.32 542.165
v -4906.35 1888.5 539.273
v -4906.35 1888.5 584.86
v -4946.96 1888.6 547.42
v -4946.96 1888.6 584.86
v -4906.35 1888.5 539.273
v -4946.96 1888.6 547.42
v -4946.96 1888.6 528.669
v 1450.1 1698.45 494.362
v 1423.17 1742.57 503.727
v 1470.24 1744.39 491.551
v 914.164 -788.996 506.048
v 914.275 -762.66 503.036
v 948.974 -789.137 499.477
v 949.085 -762.814 498.574
v 858.293 -821.45 520.682
v 858.293 -783.327 514.437
v 904.88 -821.45 512.488
v 904.88 -783.327 506.928
v 299.514 -1020.83 496.436
v 304.801 -1012.78 501.779
v 319.918 -1034.23 494.113
v 325.217 -1026.18 499.174
v 2428.24 684.893 469.629
v 2410.4 693.404 462.143
v 2444.53 719.014 457.092
v 2426.68 727.538 451.491
v 2470.13 898.58 383.88
v 2467.12 864.458 398.089
v 2644.18 815.644 428.144
v 2678.6 797.815 417.116
v 2759.85 743.396 388.295
v 2782.08 770.605 377.211
v 2694.79 829.313 408.013
v 2660.37 847.116 418.217
v 2533.31 846.719 420.595
v 2542.43 898.49 406.117
v 2505.41 905.018 391.962
v 2496.28 853.259 409.872
v 2609.14 819.356 440.495
v 2627.27 870.589 426.116
v 2590.8 883.49 425.646
v 2572.67 832.257 433.245
v 1520.79 -456.293 578.638
v 1554.38 -458.353 578.638
v 1551.99 -448.205 578.638
v 1547.07 -425.835 578.638
v 1550.05 -492.714 538.737
v 1562 -492.126 540.797
v 1576.93 -473.019 548.84
v 1554.38 -458.353 549.309
v 1551.99 -448.205 551.523
v 1559.02 -446.144 553.665
v 1555.58 -426.705 558.638
v 1547.07 -425.835 556.658
v 1546.61 -417.747 558.585
v 1515.42 -418.08 550.422
v 1514.22 -455.691 541.516
v 1520.79 -456.293 542.638
v 1768.2 -691.648 518.161
v 1778.82 -714.53 518.161
v 1784.36 -684.956 518.161
v 1795.85 -706.762 518.161
v 1766.23 -720.045 472.789
v 1756.11 -696.946 485.659
v 1778.82 -714.53 475.312
v 1784.33 -727.122 469.278
v 1801.48 -719.598 472.009
v 1795.85 -706.762 478.471
v 1808.97 -701.016 480.373
v 1799.11 -678.493 491.131
v 1784.36 -684.956 489.572
v 1777.44 -669.125 498.161
v 1761.41 -676.138 496.326
v 1768.2 -691.648 487.413
v -3073.65 2621.86 621.781
v -3049.88 2629.25 621.781
v -3078.4 2626.08 594.102
v -3073.12 2640.34 592.834
v -3073.65 2621.86 595.133
v -3081.57 2611.29 595.774
v -3055.69 2598.09 601.053
v -3038.26 2621.86 601.781
v -3049.88 2629.25 598.647
v -3049.88 2633.48 598.232
v -2652.28 1999.67 604.179
v -2613.64 1994.92 604.179
v -2652.28 1999.67 579.309
v -2651.94 2018.3 581.371
v -2660.76 1993.91 578.041
v -2620.76 1974.58 579.156
v -2613.64 1994.92 581.751
v -2605.85 1994.59 582.319
v -2607.21 2017.63 584.179
v -2391.96 1744.25 568.948
v -2378.4 1770 578.372
v -2346.87 1722.89 566.44
v -2317.39 1762.89 581.459
v -2461.44 1689.67 546.244
v -2445.85 1735.43 559.916
v -2431.96 1680.17 546.202
v -2404.84 1700.86 554.652
v -2400.08 1738.82 566.318
v -2426.87 1742.89 564.236
v -2290.94 1881.56 603.478
v -2289.92 1895.8 605.199
v -2256.7 1874.45 606.535
v -2255.35 1889.7 608.533
v -2298.39 1861.9 600.444
v -2298.06 1873.44 601.759
v -2267.55 1854.79 602.971
v -2266.87 1867.33 604.583
v -2335.69 1821.23 592.299
v -2332.97 1832.08 593.69
v -2292.97 1805.98 594.789
v -2288.23 1817.5 596.534
v -2102.14 1817.16 597.089
v -2086.88 1797.84 595.666
v -2062.81 1814.11 594.533
v -2072.98 1833.77 595.468
v -2154.5 1859.61 603.97
v -2132.64 1871.4 602.63
v -2170.39 1851.05 604.927
v -2200.43 1825.97 604.462
v -2189.59 1812.07 601.982
v -2116.36 1853.1 599.945
v -2513.83 1885.01 580.381
v -2506.37 1909.07 584.945
v -2449.42 1848.4 582.013
v -2412.14 1895.85 591.424
v -2408.74 1858.56 587.859
v -2406.04 1867.04 589.004
v -2345.36 1823.99 591.622
v -2340.95 1837.55 593.4
v -1720.61 1767.72 579.744
v -1719.25 1779.59 581.898
v -1651.46 1761.29 576.672
v -1651.13 1775.52 579.426
v -1634.83 1772.01 578.323
v -1641.61 1784.56 580.961
v -1576.65 1783.74 579.156
v -1585.34 1803.54 582.347
v -1630.11 1731.8 570.148
v -1632.14 1745.68 573.017
v -1571.47 1736.2 568.832
v -1573.16 1749.42 571.733
v -1631.12 1702.3 564.316
v -1632.48 1716.54 567.232
v -1574.52 1706.71 562.682
v -1575.53 1720.61 565.701
v -1672.14 1668.74 559.43
v -1672.81 1682.98 562.532
v -1635.53 1672.47 557.871
v -1637.9 1687.38 561.706
v -1628.75 1667.04 555.878
v -1629.43 1687.73 561.348
v -1576.55 1673.83 554.87
v -1578.92 1693.49 560.117
v -1674.85 1740.95 573.582
v -1673.84 1751.79 575.634
v -1636.54 1741.28 572.279
v -1636.54 1747.72 573.581
v -1594.51 1755.51 573.729
v -1596.89 1773.48 577.555
v -1564.34 1759.25 573.523
v -1568.07 1776.53 577.349
v -1521.29 1717.55 587.965
v -1540.27 1707.39 561.317
v -1514.52 1706.36 558.643
v -1515.19 1716.87 561.248
v -1521.29 1717.55 562.647
v -1521.29 1735.52 566.692
v -1537.9 1737.89 567.965
v -1502.99 1713.15 557.768
v -1496.55 1695.85 552.359
v -1466.38 1704.67 547.717
v -1470.11 1717.22 551.724
v 2144.16 -824.099 385.097
v 2116.78 -797.148 403.238
v 2177.89 -793.45 379.374
v 2146.33 -763.888 399.888
v 2038.72 -910.901 378.632
v 2032.09 -904.272 384.589
v 2052.39 -912.859 372.629
v 2075.03 -890.605 378.108
v 2061.37 -875.773 391.195
v 2089.86 -845.035 509.892
v 2094.94 -871.333 383.209
v 2079.37 -855.132 398.21
v 2122.4 -844.945 387.952
v 2095.73 -817.201 406.602
v 2078.78 -833.492 407.892
v 2089.86 -845.035 401.181
v 2187.61 -594.85 471.908
v 2187.61 -594.85 429.18
v 2159.99 -580.632 442.991
v 2181.1 -607.506 425.759
v 2196.22 -615.287 416.969
v 2219.43 -570.215 432.05
v 2176.68 -548.204 451.908
v 2225.25 -557.533 437.447
v 2183.37 -535.47 456.263
v 2239.68 -530.121 450.218
v 2197.81 -508.071 467.208
v 2189.72 -685.275 429.076
v 2174.36 -707.952 402.699
v 2163.65 -698.738 409.076
v 2192.1 -687.336 400.853
v 2189.72 -685.275 402.249
v 2212.36 -658.952 400.15
v 2204.03 -651.798 405.136
v 2242.87 -627.662 439.25
v 2260.94 -591.894 439.25
v 2237.95 -638.77 395.896
v 2224.33 -632.73 402.459
v 2242.87 -627.662 397.126
v 2254.54 -632.832 391.417
v 2270.76 -596.245 401.26
v 2260.94 -591.894 408.136
v 2263.08 -587.082 410.305
v 2247.62 -580.223 419.25
v 2329.88 -611.73 367.366
v 2294.7 -582.232 399.832
v 2354.26 -582.654 374.105
v 2319.09 -553.156 406.735
v 2206.34 263.021 528.451
v 2206.34 263.021 505.294
v 2213.51 280.861 502.46
v 2195.74 267.282 504.854
v 2187.88 247.752 508.186
v 2211.97 238.051 508.451
v 2227 275.435 503.007
v 2108.93 487.745 482.417
v 2080.26 518.385 463.689
v 2130.65 508.082 472.065
v 2101.98 538.721 454.823
v 734.272 1672.96 472
v 734.628 1727.3 497.882
v 784.711 1672.61 471.256
v 785.078 1726.97 495.033
v -582.615 -716.168 678.76
v -598.768 -728.3 678.76
v -594.371 -750.733 678.76
v -605.002 -760.331 678.76
v -596.553 -698.226 659.601
v -582.615 -716.168 658.51
v -612.505 -710.627 663.76
v -598.768 -728.3 662.706
v -631.307 -753.587 659.423
v -622.624 -764.759 652.694
v -618.126 -770.53 649.369
v -605.002 -760.331 650.99
v -587.447 -782.918 638.375
v -576.159 -774.152 639.713
v -594.371 -750.733 652.593
v -550.433 -716.552 652.377
v -562.745 -700.722 654.488
v 732.624 -1192.88 425.229
v 740.005 -1172.61 426.863
v 779.356 -1209.9 419.613
v 786.737 -1189.63 423.326
v 881.314 -1147.89 423.413
v 884.82 -1127.08 425.414
v 904.301 -1151.78 423.632
v 907.819 -1130.96 425.503
v 918.517 -1136.06 425.226
v 918.717 -1117.92 426.342
v 955.397 -1136.5 426.451
v 955.608 -1118.34 426.453
v 928.357 -1183.26 423.925
v 927.745 -1144.78 425.438
v 956.577 -1182.81 426.685
v 955.965 -1144.33 426.397
v 884.987 -1179.46 425.535
v 865.417 -1198.29 417.834
v 868.345 -1161.52 422.535
v 899.325 -1200.99 417.702
v 900.939 -1180.72 421.092
v 884.987 -1179.46 420.037
v 886.301 -1162.95 421.738
v 1070.1 -1287.04 408.018
v 1068.45 -1253.23 418.216
v 1112.95 -1284.95 405.434
v 1111.3 -1251.14 417.188
v 975.412 -1203.72 520.115
v 990.218 -1223.95 520.115
v 975.412 -1203.72 424.652
v 976.28 -1191.32 427.869
v 965.226 -1203.02 423.818
v 963.768 -1222.38 418.9
v 969.49 -1227.2 418.156
v 990.229 -1226.39 420.297
v 990.218 -1223.95 420.911
v 1001.39 -1193.07 430.115
v 1015.48 -1292.75 404.534
v 1015.01 -1258.16 413.858
v 1048.17 -1292.3 406.713
v 1047.7 -1257.71 416.555
v 963.924 -1286.27 403.007
v 964.391 -1256.81 410.366
v 1001.55 -1286.86 405.311
v 1002.02 -1257.41 413.144
v 915.945 -1281.61 401.03
v 916.914 -1257.11 406.665
v 957.3 -1283.26 403.382
v 958.269 -1258.76 409.446
v 882.427 -1285.05 398.374
v 882.583 -1257.86 404.2
v 909.299 -1285.21 399.791
v 909.455 -1258 405.933
v 845.836 -1276.28 402.395
v 847.495 -1256.52 406.45
v 872.408 -1278.52 400.381
v 874.078 -1258.76 404.502
v 797.869 -1270.29 406.421
v 799.728 -1252.18 409.993
v 831.309 -1273.72 403.778
v 833.168 -1255.62 407.452
v 737.044 -1264.55 411.073
v 740.005 -1241.74 415.339
v 789.898 -1271.43 406.653
v 792.859 -1248.6 411.118
v 681.217 -1262.66 407.279
v 683.878 -1229.64 415.544
v 725.7 -1266.24 411.399
v 728.361 -1233.23 417.641
v 622.451 -1251.26 401.816
v 627.149 -1218.15 413.353
v 667.68 -1257.68 406.646
v 672.378 -1224.56 415.843
v 185.033 -900.817 551.231
v 180.769 -887.022 555.384
v 201.452 -895.737 558.985
v 197.189 -881.942 565.353
v 207.04 -878.064 566.123
v 224.807 -862.541 570.087
v 216.302 -888.66 560.178
v 234.069 -873.137 564.7
v 216.291 -945.837 536.184
v 246.002 -920.461 545.204
v 225.519 -956.638 531.939
v 255.231 -931.261 540.795
v 208.387 -910.005 552.127
v 244.666 -893.74 555.437
v 214.187 -922.943 546.101
v 250.466 -906.665 550.092
v 196.665 -848.656 579.951
v 205.549 -840.735 582.126
v 210.102 -863.731 571.6
v 218.985 -855.823 573.572
v 222.302 -844.395 578.09
v 228.837 -833.428 579.771
v 261.42 -867.686 562.942
v 267.954 -856.719 565.602
v 159.975 -817.956 573.143
v 161.355 -808.794 576.239
v 195.508 -823.331 585.594
v 196.888 -814.168 588.122
v 146.282 -791.172 577.931
v 165.541 -773.115 589.087
v 155.321 -800.821 577.616
v 174.591 -782.751 588.561
v 134.783 -773.115 582.508
v 153.596 -758.629 592.585
v 141.963 -782.444 580.928
v 160.776 -767.958 590.311
v 162.257 -750.272 596.109
v 189.875 -725.484 605.608
v 169.37 -758.194 595.067
v 196.988 -733.418 603.788
v 187.036 -763.402 595.611
v 218.54 -738.025 601.869
v 193.782 -771.784 595.542
v 225.286 -746.395 599.56
v 204.803 -777.287 594.909
v 230.774 -755.647 596.906
v 210.324 -783.916 592.885
v 236.295 -762.263 595.006
v 241.371 -743.4 598.913
v 267.209 -723.398 602.082
v 251.757 -756.799 594.866
v 277.584 -736.797 598.288
v 227.045 -802.229 587.043
v 248.986 -779.386 589.745
v 236.585 -811.391 583.493
v 258.537 -788.549 586.233
v 276.615 -719.815 602.321
v 297.955 -702.795 604.286
v 284.775 -730.053 599.601
v 306.126 -713.045 601.396
v 309.154 -782.969 581.983
v 330.65 -761.47 586.634
v 322.29 -796.099 576.321
v 343.785 -774.6 581.231
v 267.654 -775.943 588.61
v 305.725 -735.197 596.995
v 275.168 -782.969 585.768
v 313.239 -742.21 594.402
v 435.913 -661.485 576.843
v 437.694 -627.099 577.415
v 445.309 -661.972 573.253
v 447.09 -627.585 573.529
v 350.709 -646.922 607.348
v 363.199 -630.542 607.522
v 359.081 -653.295 605.202
v 371.56 -636.915 604.993
v 367.964 -628.289 607.051
v 378.729 -615.607 604.246
v 390.862 -647.728 595.848
v 401.616 -635.046 592.503
v 429.357 -620.304 581.523
v 409.186 -628.148 589.842
v 425.683 -610.859 583.272
v 405.512 -618.704 591.996
v 396.373 -617.936 596.143
v 390.072 -601.722 597.298
v 415.085 -610.667 587.833
v 408.774 -594.453 587.746
v 359.003 -576.806 601.878
v 371.415 -563.356 595.508
v 384.372 -600.225 599.283
v 396.785 -586.775 591.091
v 324.727 -540.205 604.382
v 337.674 -526.179 597.665
v 348.372 -562.025 601.415
v 361.307 -548.012 594.735
v 372.305 -495.734 610.427
v 364.391 -489.016 580.404
v 397.987 -460.938 569.003
v 372.305 -495.734 579.309
v 365.136 -505.128 583.427
v 396.495 -538.874 582.108
v 400.068 -534.997 580.097
v 266.752 -603.373 626.476
v 231.074 -620.534 632.094
v 227.946 -630.234 630.043
v 253.316 -643.224 622.78
v 263.769 -638.745 622.16
v 269.29 -631.284 622.897
v 268.845 -606.355 626.379
v 284.942 -656.2 615.225
v 283.005 -594.402 622.59
v 301.985 -655.663 612.734
v 300.037 -593.865 618.588
v 202.855 -613.073 639.33
v 221.824 -595.451 635.569
v 211.482 -622.351 635.158
v 230.44 -604.729 634.014
v 204.692 -656.187 626.172
v 214.432 -636.863 630.381
v 225.442 -666.643 620.438
v 235.182 -647.319 624.302
v 176.071 -589.936 640.081
v 212.862 -554.846 638.786
v 186.747 -601.121 640.043
v 223.538 -566.03 635.35
v 259.305 -546.348 624.689
v 274.968 -531.414 618.982
v 278.274 -566.248 620.993
v 293.936 -551.301 614.985
v 125.633 -524.17 644.063
v 126.868 -466.172 628.159
v 149.934 -524.695 644.272
v 151.18 -466.684 627.363
v 151.358 -512.294 645.321
v 151.503 -502.299 646.157
v 195.998 -529.174 644.378
v 213.608 -520.805 639.075
v 216.892 -513.049 637.957
v 200.918 -495.286 642.362
v 183.752 -489.464 639.786
v -314.48 -127.509 580.35
v -308.458 -127.33 580.35
v -296.068 -144.338 580.35
v -292.406 -115.671 580.35
v -316.25 -110.54 580.35
v -326.102 -130.901 555.977
v -326.948 -102.95 546.329
v -314.391 -130.542 557.423
v -314.48 -127.509 556.398
v -308.458 -127.33 556.104
v -307.59 -155.972 565.35
v -295.734 -155.626 564.224
v -296.068 -144.338 561.141
v -283.856 -143.967 560.023
v -284.725 -115.441 551.901
v -292.406 -115.671 552.262
v -292.584 -109.823 550.676
v -316.25 -110.54 550.799
v -316.495 -102.63 548.116
v -320.124 -207.738 586.799
v -322.495 -172.365 572.094
v -293.396 -205.947 585.335
v -295.767 -170.574 570.295
v -267.292 -318.553 612.863
v -262.483 -302.543 613.275
v -233.996 -328.561 614.619
v -229.187 -312.551 614.76
v -278.457 -313.741 612.434
v -277.556 -289.106 612.85
v -269.429 -314.074 612.838
v -268.539 -289.439 613.121
v -279.337 -283.296 612.857
v -278.903 -264.918 610.853
v -260.379 -283.744 613.419
v -259.945 -265.366 611.373
v -254.212 -292.92 613.625
v -255.614 -263.728 610.696
v -229.287 -291.729 614.585
v -230.679 -262.538 610.752
v -210.374 -200.802 579.741
v -209.183 -189.527 574.102
v -191.417 -202.811 580.264
v -190.225 -191.536 574.303
v -200.534 -230.313 594.668
v -198.43 -210.439 584.472
v -189.613 -231.465 595.268
v -187.509 -211.59 584.726
v -229.065 -223.032 591.526
v -227.551 -208.647 584.387
v -217.632 -224.235 591.788
v -216.107 -209.85 584.659
v -194.266 -296.503 616.024
v -215.45 -244.621 602.064
v -176.477 -289.234 616.38
v -197.662 -237.352 598.368
v -120.628 -242.625 597.587
v -127.519 -217.605 585.597
v -98.3757 -236.495 591.792
v -105.266 -211.462 580.589
v -170.032 -247.386 603.629
v -178.726 -223.275 590.668
v -145.03 -238.376 598.671
v -153.735 -214.252 585.221
v -162.718 -282.208 616.591
v -171.112 -260.746 610.77
v -137.85 -272.482 615.089
v -146.254 -251.02 605.926
v -96.3608 -319.961 610.007
v -107.816 -288.21 609.976
v -62.0633 -307.598 602.785
v -73.5069 -275.848 602.11
v -40.7345 -327.396 600.895
v -54.6717 -291.793 599.847
v -16.6672 -317.99 595.579
v -30.6044 -282.374 594.086
v -29.2908 -339.72 635.172
v -62.8759 -364.803 608.172
v -68.3974 -345.249 607.273
v -17.1904 -371.522 601.918
v -18.9826 -335.689 598.028
v -29.2908 -339.72 600.141
v -32.5748 -330.608 599.766
v 89.9991 -235.509 582.743
v 89.9991 -235.509 573.029
v 114.634 -191.92 559.641
v 69.8392 -245.965 576.279
v 78.6445 -262.09 579.743
v 131.065 -201.212 560.687
v -43.2169 -159.248 559.126
v -37.7956 -150.417 556.304
v -25.4503 -170.151 563.26
v -20.029 -161.321 560.84
v -44.0629 -141.305 553.093
v -34.5117 -127.125 549.47
v -30.8827 -150.2 556.634
v -21.3315 -136.007 552.297
v -11.3684 -172.365 564.133
v -2.86358 -156.983 560.488
v 4.17181 -180.966 566.246
v 12.6766 -165.583 563.565
v -63.7776 -173.709 563.491
v -52.423 -154.897 556.994
v -47.0574 -183.794 567.101
v -35.714 -164.981 561.678
v -48.2485 -251.609 590.504
v -40.9348 -234.613 583.882
v -26.7527 -260.874 589.601
v -19.4391 -243.879 583.515
v -33.187 -226.538 580.622
v -27.4986 -212.819 575.463
v -15.5763 -233.846 580.231
v -9.87671 -220.139 576.118
v -33.098 -200.265 572.481
v -26.8975 -182.668 566.642
v -6.37015 -209.671 573.338
v -0.180782 -192.074 568.969
v -75.6665 -223.096 583.834
v -85.8745 -198.486 574.231
v -49.384 -212.192 576.897
v -59.592 -187.595 568.577
v -280.528 -242.65 601.035
v -280.995 -214.764 588.807
v -253.366 -242.202 600.877
v -253.822 -214.316 587.931
v -320.247 -290.961 611.266
v -321.605 -252.236 604.843
v -290.246 -289.912 612.327
v -291.593 -251.186 604.471
v -218.066 -363.383 615.908
v -222.475 -334.499 615.3
v -189.691 -359.045 617.836
v -194.11 -330.16 616.795
v -269.696 -360.99 612.334
v -271.288 -340.77 612.451
v -241.332 -358.75 614.265
v -242.924 -338.53 614.085
v -265.466 -393.163 613.679
v -269.351 -365.699 612.293
v -244.26 -390.168 614.941
v -248.145 -362.705 613.755
v -335.264 -372.316 607.144
v -337.579 -332.554 608.801
v -296.747 -370.076 610.116
v -299.051 -330.314 611.043
v -411.462 -392.6 603.985
v -412.219 -353.004 602.938
v -364.585 -391.704 606.964
v -365.342 -352.108 606.139
v -362.281 -510.823 647.064
v -371.309 -484.831 642.265
v -320.18 -496.195 641.945
v -329.219 -470.204 634.464
v -305.63 -495.286 637.98
v -316.529 -461.54 631.126
v -270.765 -484.025 625.298
v -281.663 -450.278 622.793
v -264.498 -553.412 630.114
v -293.686 -530.07 636.285
v -246.887 -531.401 622.995
v -276.075 -508.058 629.526
v -273.893 -596.475 636.211
v -301.3 -574.553 640.147
v -256.26 -574.425 630.075
v -283.656 -552.504 635.003
v -305.029 -665.325 615.205
v -299.352 -658.312 618.177
v -281.296 -684.584 603.138
v -263.975 -662.931 612.071
v -270.242 -656.814 615.941
v -340.863 -700.261 603.537
v -320.848 -679.35 609.749
v -316.016 -724.038 584.22
v -296.012 -703.128 594.602
v -284.424 -734.89 613.324
v -265.021 -730.411 613.324
v -274.127 -746.088 613.324
v -266.067 -739.971 613.324
v -285.916 -753.101 613.324
v -287.118 -758.475 613.324
v -285.771 -724.588 583.113
v -273.081 -717.422 586.324
v -284.424 -734.89 580.302
v -290.847 -734.749 580.466
v -298.016 -739.664 580.021
v -297.716 -747.879 578.697
v -292.194 -752.512 577.397
v -285.916 -753.101 576.836
v -287.118 -758.475 575.955
v -291.148 -762.212 575.783
v -274.873 -780.576 570.665
v -267.259 -773.256 571.561
v -265.466 -758.629 574.302
v -274.127 -746.088 577.427
v -269.195 -745.793 577.377
v -266.067 -739.971 578.451
v -261.281 -739.664 578.407
v -262.038 -733.994 579.535
v -265.021 -730.411 580.303
v -264.576 -722.95 583.152
v -402.668 -991.97 505.323
v -447.151 -992.866 507.418
v -402.957 -977.356 518.123
v -447.451 -978.252 520.152
v -513.442 -1096.17 422.081
v -667.808 -1060.34 414.56
v -509.735 -1080.22 432.419
v -664.101 -1044.39 431.187
v -725.672 -1027.53 435.682
v -721.698 -1004.79 453.86
v -690.629 -1033.66 438.056
v -686.644 -1010.95 459.404
v -790.26 -1012.65 479.783
v -791.072 -1015.03 479.783
v -785.083 -1016.92 479.783
v -780.731 -1018.42 479.783
v -777.336 -1017.15 479.783
v -775.911 -1012.98 479.783
v -777.725 -1009.63 479.783
v -779.484 -995.643 479.783
v -783.569 -1007.62 479.783
v -783.647 -981.848 444.848
v -793.755 -1011.45 426.224
v -790.26 -1012.65 426.764
v -791.072 -1015.03 425.313
v -798.308 -1012.56 424.407
v -801.959 -1023.25 419.748
v -788.779 -1027.75 419.994
v -785.083 -1016.92 426.121
v -780.731 -1018.42 426.657
v -783.959 -1027.87 421.311
v -770.601 -1032.43 422.547
v -766.627 -1020.81 429.546
v -777.336 -1017.15 428.216
v -775.911 -1012.98 431.016
v -768.864 -1015.39 431.453
v -765.602 -1005.84 438.668
v -775.298 -1002.53 437.682
v -777.725 -1009.63 432.717
v -783.569 -1007.62 431.882
v -779.484 -995.643 439.184
v -764.267 -1000.84 442.357
v -760.482 -989.756 449.783
v -807.225 -996.155 452.988
v -807.926 -1007.93 452.988
v -817.578 -1008.75 452.988
v -824.323 -1008.57 452.988
v -815.218 -1003.62 452.988
v -810.041 -1001.86 452.988
v -809.997 -994.785 428.572
v -806 -986.672 432.465
v -807.225 -996.155 429.337
v -810.041 -1001.86 426.087
v -813.514 -1000.16 425.634
v -815.218 -1003.62 423.793
v -827.04 -997.805 420.705
v -832.194 -1008.3 415.677
v -825.748 -1011.47 417.114
v -824.323 -1008.57 418.849
v -818.824 -1011.28 419.173
v -817.578 -1008.75 420.715
v -810.13 -1012.41 421.117
v -807.926 -1007.93 423.844
v -803.061 -1010.32 424.105
v -794.267 -992.443 434.988
v -838.494 -982.18 421.94
v -829.489 -959.875 430.779
v -815.206 -991.586 427.307
v -806.201 -969.281 440.522
v -876.076 -977.701 421.751
v -874.874 -953.31 433.009
v -848.747 -979.045 422.413
v -847.556 -954.654 432.687
v -893.319 -1007.85 412.669
v -893.186 -982.321 419.808
v -865.4 -1008 413.721
v -865.267 -982.462 420.833
v -917.264 -967.835 422.952
v -923.687 -939.874 444.305
v -891.282 -961.859 425.592
v -897.716 -933.897 453.666
v -946.975 -962.383 423.371
v -953.699 -935.843 445.088
v -923.387 -956.42 427.08
v -930.11 -929.866 453.607
v -980.917 -958.327 423.257
v -987.585 -931.21 444.976
v -953.599 -951.608 430.971
v -960.267 -924.492 454.654
v -1048.5 -981.528 477.823
v -1016.19 -971.661 420.045
v -1012.22 -984.356 415.835
v -1048.5 -981.528 422.264
v -1053.42 -961.513 429.454
v -1066.06 -966.581 429.823
v -1056.56 -998.24 417.931
v -1108.67 -998.087 480.279
v -1079.04 -987.568 424.89
v -1074.63 -1000.77 419.49
v -1108.67 -998.087 425.159
v -1113.89 -982.423 431.969
v -1126.51 -986.826 432.279
v -1117.92 -1015.26 420.163
v -1167.33 -1015.86 479.552
v -1137.4 -1005.83 426.34
v -1132.26 -1020.79 419.777
v -1167.33 -1015.86 426.108
v -1171.36 -1004.06 431.552
v -1184.65 -1009.14 430.617
v -1174.8 -1035.42 418.588
v -1224.36 -1036.61 474.326
v -1197.93 -1027.9 422.696
v -1193.46 -1041.39 416.749
v -1224.36 -1036.61 419.675
v -1228.55 -1022.27 426.326
v -1245.71 -1028.25 424.051
v -1237.05 -1055.86 410.868
v -1067.04 -964.354 430.793
v -1071.34 -950.917 438.468
v -1027.34 -951.66 430.859
v -1031.62 -938.223 440.953
v -1128.26 -983.626 433.697
v -1131.95 -971.674 439.013
v -1084.22 -970.036 431.76
v -1087.91 -958.084 436.69
v -1184.71 -1007.08 431.511
v -1189.87 -993.16 437.765
v -1144.55 -992.149 432.677
v -1149.72 -978.239 439.162
v -1249.3 -1012.13 431.896
v -1209.43 -1000.19 435.63
v -1245.38 -1025.19 425.515
v -1205.51 -1013.25 429.644
v -1203.17 -949.279 457.638
v -1218.39 -899.563 478.637
v -1184.76 -943.636 458.475
v -1199.98 -893.92 479.081
v -1181.97 -938.632 460.19
v -1186.75 -919.718 467.871
v -1147.63 -929.982 459.762
v -1152.4 -911.055 469.128
v -1239.32 -886.702 504.057
v -1266.32 -905.386 480.701
v -1276.92 -859.099 501.057
v -1236.16 -898.962 480.551
v -1239.32 -886.702 485.737
v -1230.48 -877.911 488.426
v -1237.07 -849.975 500.416
v -1260.43 -951.557 461.055
v -1265.12 -928.971 470.815
v -1217.28 -942.599 461.418
v -1221.98 -920.013 470.819
v -1394.26 -951.967 461.146
v -1392.32 -940.462 467.531
v -1387.54 -961.36 457.316
v -1339.18 -950.316 467.409
v -1335.88 -938.223 472.54
v -1343.94 -929.418 477.14
v -1058.25 -553.22 600.908
v -1055.21 -544.249 598.113
v -1046.75 -557.098 603.635
v -1043.72 -548.127 600.54
v -1054.3 -567.182 605.998
v -1051.78 -555.895 602.616
v -1040.27 -570.318 609.053
v -1037.75 -559.03 605.382
v -1026.2 -507.636 586.126
v -1029.99 -490.359 579.454
v -1015.3 -505.256 585.369
v -1019.09 -487.966 578.54
v -1044.22 -506.548 585.612
v -1048.35 -497.078 582.046
v -1029.14 -499.97 583.409
v -1033.27 -490.5 579.489
v -1070.89 -541.805 595.453
v -1076.86 -529.468 591.767
v -1041.62 -527.626 593.432
v -1047.6 -515.289 588.662
v -1077.89 -526.704 590.855
v -1083.43 -516.479 587.387
v -1051.46 -512.371 587.476
v -1057 -502.146 583.734
v -1009.6 -506.19 586.118
v -998.338 -485.88 576.655
v -989.154 -517.541 588.742
v -977.889 -497.219 578.21
v -1033.07 -531.746 595.448
v -1023.42 -516.927 589.921
v -979.481 -566.683 610.355
v -969.818 -551.864 602.834
v -978.323 -590.819 621.667
v -962.059 -571.572 611.705
v -954.289 -611.128 630.625
v -938.025 -591.868 620.271
v -959.655 -565.979 608.788
v -943.547 -546.195 597.298
v -933.973 -586.877 617.635
v -917.865 -567.093 606.217
v -972.356 -655.023 623.139
v -960.412 -630.99 628.809
v -955.914 -663.187 622.572
v -943.981 -639.154 627.581
v -1000.13 -646.513 624.092
v -984.746 -623.222 630.126
v -986.416 -655.56 621.969
v -971.043 -632.269 628.329
v -1025.36 -631.885 623.603
v -1007 -609.336 631.018
v -1011.17 -643.441 623.581
v -992.806 -620.892 630.967
v -1020.1 -587.044 618.94
v -1010.73 -573.658 614.892
v -997.704 -602.72 627.892
v -988.331 -589.334 621.561
v -1068.06 -568.731 604.193
v -1105.08 -587.991 604.025
v -1074.78 -555.793 599.854
v -1111.81 -575.052 599.606
v -1037.46 -587.095 615.935
v -1092.69 -611.435 612.663
v -1042.4 -575.872 610.755
v -1097.64 -600.199 608.513
v -1024.31 -599.79 622.886
v -1075.07 -622.326 614.909
v -1028.51 -590.333 618.633
v -1079.27 -612.881 616.046
v -1109.41 -669.061 593.028
v -1102.24 -645.911 601.613
v -1064.93 -682.831 599.446
v -1057.76 -659.694 607.951
v -954.59 -693.095 617.017
v -996.245 -690.254 612.206
v -954 -684.38 618.842
v -995.655 -681.539 614.765
v -917.275 -707.875 620.648
v -957.729 -704.138 614.788
v -916.529 -699.8 621.706
v -956.983 -696.063 616.211
v -905.776 -785.349 586.246
v -931.302 -771.464 587.078
v -890.559 -757.375 607.177
v -916.084 -743.49 609.152
v -1030.29 -778.042 556.936
v -1056.11 -768.483 559.423
v -1026.19 -766.973 566.198
v -1052.02 -757.426 568.083
v -980.872 -797.148 553.349
v -998.182 -789.534 554.004
v -974.182 -781.945 567.289
v -991.503 -774.331 567.464
v -1003.86 -788.037 553.419
v -1022.82 -782.969 554.159
v -1000.13 -774.113 565.406
v -1019.09 -769.033 565.898
v -994.453 -752.358 583.881
v -1051.34 -733.546 585.783
v -988.598 -734.647 599.014
v -1045.48 -715.835 594.455
v -1064.17 -731.166 584.49
v -1113.59 -716.526 577.808
v -1058.67 -712.559 592.225
v -1108.09 -697.932 584.715
v -1112.16 -645.361 599.468
v -1117.92 -634.714 601.303
v -1088.13 -632.372 608.925
v -1093.88 -621.724 610.759
v -1137.78 -553.655 592.133
v -1089.41 -525.437 589.747
v -1128.48 -569.588 596.18
v -1080.1 -541.37 594.757
v -1175.5 -615.825 593.745
v -1180.62 -603.219 591.563
v -1148.63 -604.921 598.817
v -1153.75 -592.316 595.763
v -1198.68 -639.5 579.92
v -1217.05 -599.188 576.696
v -1173.58 -628.059 590.438
v -1191.94 -587.747 585.716
v -1177.63 -527.523 584.956
v -1199.73 -493.047 573.565
v -1143.37 -505.563 583.04
v -1165.46 -471.087 566.616
v -1163.45 -421.829 539.691
v -1194.51 -369.129 514.422
v -1141.94 -409.147 534.453
v -1172.99 -356.447 514.235
v -938.515 -432.208 546.628
v -931.569 -432.157 545.672
v -944.515 -435.727 548.807
v -947.944 -441.768 551.62
v -944.37 -454.719 556.343
v -938.326 -458.148 556.855
v -931.368 -458.097 555.837
v -921.995 -441.576 548.046
v -925.513 -435.586 546.19
v -893.23 -500.508 566.807
v -922.496 -471.24 559.686
v -872.336 -479.61 555.62
v -901.59 -450.342 548.706
v -956.838 -435.113 550.194
v -984.301 -409.736 543.453
v -933.572 -409.94 537.18
v -961.035 -384.563 530.432
v -640.936 -269.705 574.054
v -679.296 -258.353 520.046
v -683.037 -249.254 516.258
v -653.17 -271.791 532.016
v -640.936 -269.705 537.191
v -637.051 -276.116 540.825
v -629.737 -275.22 544.054
v -633.322 -243.277 528.146
v -553.895 -305.231 579.505
v -599.725 -309.416 562.21
v -557.313 -269.039 576.396
v -628.245 -278.061 545.325
v -634.668 -288.21 544.416
v -807.837 -227.754 504.388
v -849.192 -191.178 503.116
v -791.629 -209.415 503.142
v -832.984 -172.839 502.859
v -838.895 -111.448 483.401
v -825.459 -88.3097 473.07
v -817.266 -124.016 487.488
v -803.83 -100.877 477.562
v -868.15 -105.331 484.121
v -855.014 -85.6222 474.386
v -847.689 -118.973 487.289
v -834.554 -99.2647 477.71
v -761.862 153.981 465.438
v -771.714 189.815 465.405
v -747.469 157.948 468.461
v -757.32 193.77 466.002
v -782.913 249.979 488.737
v -786.197 240.278 488.737
v -773.506 246.69 488.737
v -777.681 218.329 488.737
v -786.341 224.601 488.737
v -782.913 249.979 448.538
v -778.582 257.3 447.159
v -790.371 254.164 446.555
v -795.447 248.187 447.513
v -786.197 240.278 450.662
v -792.764 240.278 449.894
v -794.557 228.926 452.645
v -790.972 224.447 454.224
v -786.341 224.601 454.729
v -792.019 218.035 455.774
v -783.358 211.47 458.478
v -777.681 218.329 457.347
v -770.968 215.936 458.737
v -757.977 236.4 454.979
v -773.506 246.69 450.487
v -770.367 252.513 449.365
v -712.091 406.13 454.842
v -719.961 415.14 456.316
v -669.99 442.849 449.212
v -677.86 451.872 448.067
v -647.058 444.653 449.814
v -671.092 474.217 443.339
v -620.453 466.282 447.013
v -644.487 495.847 438.77
v -579.209 306.995 459.362
v -635.971 324.106 453.447
v -573.131 327.127 461.005
v -629.893 344.251 454.948
v -522.225 289.474 467.392
v -569.246 304.512 460.408
v -516.481 307.443 466.691
v -528.67 332.796 466.585
v -557.268 341.947 463.637
v -294.276 122.638 487.628
v -331.601 116.073 485.471
v -297.159 139.02 485.585
v -334.484 132.454 484.32
v -293.385 145.931 484.769
v -335.486 140.556 483.637
v -295.667 163.848 482.915
v -337.768 158.473 482.486
v -297.56 168.622 482.153
v -335.787 165.038 482.106
v -299.163 185.733 480.507
v -337.39 182.149 480.927
v -354.889 58.4436 490.466
v -359.375 103.531 484.18
v -324.877 61.4255 493.01
v -329.364 106.513 486.387
v -59.8926 50.0737 521.311
v -85.2734 50.9696 522.203
v -59.2135 69.3219 519.993
v -84.5944 70.2177 519.941
v 11.4632 55.756 519.706
v -21.6766 56.3447 520.211
v 11.6191 64.4074 520.363
v -21.5207 65.0089 520.239
v 23.1184 110.992 510.972
v -0.180782 110.391 510.386
v 22.7065 126.759 506.915
v -0.581532 126.158 505.928
v 8.47987 91.8847 515.753
v 24.3095 106.807 512.084
v 34.4284 64.3818 519.126
v 50.2469 79.3043 517.337
v 25.8012 163.246 497.654
v -7.03806 162.645 495.357
v 25.2557 193.156 490.486
v -7.58353 192.554 487.411
v 83.7207 211.316 484.158
v 43.7125 209.23 487.012
v 81.9062 246.089 476.017
v 41.898 244.002 481.606
v -4.35526 349.856 459.345
v -53.6253 348.96 457.321
v -4.68922 368.081 453.257
v -53.9592 367.185 450.897
v 8.47987 261.472 480.302
v -23.7694 259.68 478.846
v 7.38894 281.207 477.895
v -24.8603 279.415 476.75
v -42.5712 259.386 477.734
v -64.9687 257.594 476.762
v -43.9516 276.599 476.168
v -66.3491 274.808 475.324
v 796.744 -63.6739 554.259
v 807.487 -27.2512 550.114
v 812.975 -68.4731 552.466
v 823.717 -32.0376 550.305
v 945.745 -126.14 552.532
v 937.987 -87.03 555.801
v 964.481 -122.416 554.399
v 956.722 -83.3058 559.599
v 921.088 -88.4505 552.665
v 918.105 -70.5336 552.715
v 933.779 -86.3261 554.945
v 930.795 -68.4091 555.536
v 968.121 -30.5403 565.142
v 941.248 -30.5403 557.597
v 968.121 -15.9123 560.9
v 941.248 -15.9123 555.005
v 1013.51 -35.6083 579.124
v 974.399 -35.9154 568.309
v 1013.36 -15.8995 571.142
v 974.243 -16.2067 562.56
v 1051.43 -41.5849 591.85
v 1020.98 -41.5849 583.068
v 1051.43 -22.772 582.865
v 1020.98 -22.772 575.634
v 1122.49 -1.57869 590.437
v 1086.36 -0.682837 590.437
v 1132.05 -34.866 575.125
v 1077.4 -35.7618 587.437
v 1129.51 -1.13076 566.141
v 1122.49 -1.57869 567.259
v 1131.3 11.2704 562.442
v 1132.05 26.0392 558.044
v 1107.86 45.4537 551.344
v 1092.33 42.3182 552.357
v 1078 8.58284 567.412
v 1086.36 -0.682837 570.695
v 1075.61 -0.977189 572.351
v 1057.7 0.520165 572.659
v 1017.99 1.10887 565.13
v 1058.23 35.74 554.515
v 1018.52 36.3287 550.726
v 1022.96 131.187 517.193
v 1006.53 158.959 509.346
v 1042.53 142.757 512.527
v 1026.1 170.529 504.501
v 753.886 -91.9187 555.552
v 745.226 -63.8403 559.297
v 775.326 -85.3023 554.333
v 766.666 -57.2366 557.65
v 625.357 -85.7758 562.68
v 595.49 -74.1298 566.649
v 636.411 -57.4158 568.082
v 606.555 -45.7698 572.627
v 609.527 -128.469 553.52
v 572.502 -118.026 556.46
v 617.464 -100.34 559.711
v 580.439 -89.8839 563.444
v 583.556 -177.433 548.764
v 554.29 -166.99 546.272
v 594.21 -147.615 548.927
v 564.944 -137.159 551.46
v 845.113 -541.408 532.062
v 824.207 -514.239 539.145
v 869.403 -522.724 535.914
v 848.497 -495.555 542.414
v 796.143 -601.722 519.784
v 777.33 -565.89 528.696
v 828.771 -584.599 522.359
v 809.958 -548.767 531.481
v 689.254 -616.055 522.713
v 693.128 -573.363 530.177
v 724.253 -619.242 521.042
v 728.127 -576.537 528.238
v 1077.11 -235.663 553.407
v 1045.16 -192.97 552.028
v 1098.34 -219.768 549.973
v 1066.39 -177.075 550.891
v 919.162 -287.02 557.916
v 920.353 -255.077 558.017
v 946.436 -288.044 557.725
v 947.638 -256.088 558.09
v 879.143 -310.9 557.919
v 858.538 -282.541 564.664
v 897.321 -297.706 557.221
v 876.716 -269.333 561.285
v 582.209 -299.856 560.534
v 563.107 -278.663 551.19
v 608.659 -276.027 565.254
v 589.545 -254.821 556.291
v 563.396 -355.244 566.543
v 532.639 -321.804 554.865
v 576.632 -343.073 566.798
v 545.875 -309.633 552.801
v 496.961 -186.392 555.753
v 488.011 -165.8 559.91
v 529.032 -172.455 548.916
v 520.071 -151.851 553.508
v 480.541 -147.282 563.85
v 470.69 -123.99 563.932
v 513.202 -133.46 557.867
v 503.351 -110.181 561.251
v 446.199 -194.646 566.123
v 434.555 -164.188 574.114
v 470.634 -185.304 562.091
v 458.979 -154.858 569.279
v 470.088 -101.005 561.938
v 462.329 -69.049 557.878
v 493.955 -95.2078 562.033
v 486.196 -63.2516 562.08
v 444.418 -55.6241 552.849
v 428.288 -59.7962 550.9
v 437.717 -29.7724 540.663
v 421.587 -33.9573 538.21
v 422.911 -67.2573 551.191
v 395.148 -70.5464 547.752
v 419.627 -39.486 540.63
v 391.864 -42.7751 534.052
v 391.564 -89.9607 557.214
v 362.598 -92.6482 555.009
v 388.714 -59.2587 542.255
v 359.749 -61.9462 536.704
v 344.687 -83.3826 545.515
v 318.705 -87.2731 542.251
v 340.268 -53.8452 528.702
v 314.297 -57.7229 526.439
v 361.407 -26.9569 520.662
v 339.01 -40.0875 521.502
v 348.984 -5.7892 513.618
v 326.598 -18.9198 515.155
v 317.213 -41.8792 519.119
v 263.468 -51.1448 514.905
v 313.774 -21.9017 513.982
v 260.029 -31.1674 509.197
v 292.734 -96.2316 540.788
v 268.544 -99.5078 536.583
v 288.693 -66.4639 526.143
v 264.504 -69.7529 523.225
v 98.6598 554.387 418.397
v 109.102 526.921 418.397
v 121.046 523.031 418.397
v 154.186 534.677 418.397
v 98.6598 554.387 386.22
v 81.639 560.658 385.472
v 109.102 526.921 395.87
v 106.419 518.858 398.52
v 117.462 513.777 400.397
v 121.046 523.031 397.459
v 154.186 534.677 394.397
v 169.125 528.112 397.123
v 172.409 535.279 394.398
v 84.6224 570.206 382.088
v -90.6501 440.622 428.519
v -69.7443 460.037 425.918
v -69.1766 417.508 432.007
v -48.2708 436.91 429.32
v -110.443 380.994 442.733
v -124.981 401.805 434.051
v -85.6519 398.311 437.9
v -100.201 419.133 429.432
v -51.833 299.393 473.788
v -104.376 298.804 472.124
v -52 314.316 469.621
v -104.554 313.714 468.002
v -139.319 243.26 473.147
v -141.401 287.452 471.314
v -104.576 244.911 475.285
v -106.658 289.09 472.597
v -333.393 219.072 473.017
v -327.716 242.966 466.678
v -319.145 215.693 473.691
v -313.467 239.574 467.48
v -331.902 278.199 473.959
v -348.021 289.538 456.536
v -280.539 330.147 452.735
v -364.452 232.817 470.526
v -349.156 228.069 470.959
v -331.902 278.199 457.997
v -271.823 314.047 454.607
v -377.888 183.544 479.955
v -366.834 228.338 471.545
v -364.029 180.127 480.466
v -352.986 224.92 471.831
v -397.291 93.6764 481.297
v -388.029 177.273 479.856
v -378.444 91.5903 482.856
v -369.194 175.187 480.487
v -299.953 232.817 469.851
v -296.068 275.512 459.444
v -263.418 229.489 471.28
v -259.544 272.184 463.065
v -2710.55 -1162.91 722.728
v -2742.8 -1181.57 704.728
v -2730.41 -1158.58 702.948
v -2693.83 -1186.8 689.989
v -2660.99 -1149.47 680.812
v -2684.73 -1141.41 689.355
v -2710.55 -1162.91 696.652
v -2641.49 -1064.55 673.624
v -2624.01 -1050.63 666.859
v -2636.11 -1088.89 672.19
v -2650.89 -1108.45 677.761
v -2635.37 -1132.34 672.251
v -2617.9 -1117.56 665.393
v -2602.02 -840.146 625.525
v -2568.43 -825.814 626.229
v -2596.34 -853.443 631.025
v -2562.76 -839.11 632.042
v -2509.78 -843.742 635.689
v -2508.12 -830.587 631.539
v -2489.62 -846.276 636.266
v -2487.96 -833.121 632.893
v -2549.04 -840.748 634.322
v -2546.64 -825.507 628.906
v -2516.95 -845.828 636.28
v -2514.53 -830.587 631.398
v -2620.51 -820.708 615.084
v -2623.97 -811.775 611.146
v -2553.92 -794.883 617.557
v -2557.38 -785.951 613.693
v -2512.08 -742.658 602.438
v -2511.99 -726.828 596.823
v -2483.56 -742.799 605.233
v -2483.48 -726.982 599.728
v -2484.72 -781.561 616.96
v -2485.58 -764.605 611.756
v -2469.94 -780.819 617.581
v -2470.79 -763.85 612.523
v -2513.34 -783.558 615.841
v -2499.16 -766.09 611.168
v -2505.2 -790.161 618.475
v -2491.02 -772.706 613.987
v -2524.24 -777.287 613.159
v -2534.39 -769.673 609.969
v -2512.65 -761.841 608.739
v -2522.8 -754.227 605.393
v -2505.2 -807.284 624.105
v -2505.43 -795.357 620.171
v -2472.97 -806.682 625.156
v -2473.19 -794.755 621.628
v -2458.4 -773.794 616.377
v -2458.1 -755.647 611.099
v -2422.88 -774.382 618.792
v -2422.57 -756.236 614.105
v -2463.28 -804.519 624.957
v -2463.63 -795.51 622.277
v -2436.11 -803.47 625.853
v -2436.45 -794.461 623.484
v -2341.84 -816.344 621.051
v -2343 -809.843 619.952
v -2319.16 -812.313 614.583
v -2320.31 -805.812 613.648
v -2397.88 -824.598 632.698
v -2398.98 -816.101 630.437
v -2347.27 -818.02 622.785
v -2348.38 -809.536 621.226
v -2477.12 -843.947 636.11
v -2479.15 -831.931 632.648
v -2405 -831.713 634.255
v -2407.04 -819.684 631.097
v -2358.92 -846.942 629.88
v -2360.47 -836.704 630.17
v -2304.58 -838.739 616.042
v -2306.13 -828.501 614.523
v -2425.11 -801.909 625.824
v -2427.2 -788.19 622.163
v -2396.74 -797.583 626.242
v -2398.84 -783.865 622.664
v -2391.97 -783.11 622.883
v -2326.88 -774.305 608.874
v -2390.43 -794.461 625.748
v -2325.34 -785.656 610.719
v -2313.59 -687.272 572.708
v -2283.88 -670.546 558.89
v -2298.84 -713.48 585.146
v -2269.13 -696.767 570.859
v -2321.8 -745.934 602.073
v -2287.16 -722.95 588.406
v -2306.71 -768.662 603.138
v -2272.08 -745.678 591.218
v -2311.05 -802.229 610.671
v -2251.34 -759.819 588.989
v -2304.37 -811.635 610.779
v -2244.66 -769.238 589.089
v -2245.68 -801.589 594.654
v -2222.67 -783.11 586.191
v -2227.47 -824.278 593.839
v -2204.46 -805.812 585.95
v -2218.36 -753.292 580.65
v -2202.97 -738.627 575.51
v -2184.77 -788.536 581.205
v -2169.37 -773.857 576.893
v -2254.31 -734.455 585.388
v -2271.04 -709.065 577.909
v -2221.46 -712.802 570.619
v -2238.2 -687.413 561.651
v -1937.56 -952.12 516.171
v -1950.99 -957.38 516.171
v -1937.56 -952.12 502.961
v -1917.46 -937.148 503.524
v -1951.16 -933.885 513.171
v -1962.3 -942.19 512.358
v -1950.99 -957.38 504.101
v -1973.19 -973.914 501.962
v -1963.52 -986.89 494.184
v -1910.07 -947.065 498.795
v -1958.56 -918.912 520.805
v -1927.96 -897.413 520.079
v -1950.26 -929.073 514.783
v -1920.15 -907.241 514.193
v -1997.09 -957.393 513.863
v -1997.69 -941.806 520.989
v -1981.71 -956.804 510.821
v -1982.31 -941.217 517.474
v -2036.23 -963.753 519.571
v -2037.85 -952.863 524.793
v -2001.14 -958.532 514.238
v -2002.76 -947.629 519.442
v -2081.72 -975.36 523.15
v -2083.54 -959.133 529.62
v -2046.93 -971.482 518.529
v -2048.75 -955.243 525.457
v -2127.15 -1031.1 510.884
v -2129.21 -1013.92 517.532
v -2104.76 -1028.42 507.595
v -2106.82 -1011.23 514.324
v -2164.6 -1009.28 525.877
v -2164.6 -995.707 530.664
v -2135.93 -1009.28 520.501
v -2135.93 -995.707 525.466
v -2122.2 -978.124 529.324
v -2123.84 -965.992 534.044
v -2088.16 -973.491 525.021
v -2089.8 -961.372 529.878
v -2119.17 -1000.2 520.688
v -2121.01 -985.546 526.392
v -2083.35 -995.719 515.75
v -2085.17 -981.08 521.606
v -2146.67 -989.846 529.488
v -2149.52 -971.968 536.459
v -2128.9 -987.018 527.273
v -2131.75 -969.127 534.325
v -2212.15 -1037.57 525.124
v -2214.61 -1013.17 533.959
v -2172.15 -1033.53 518.783
v -2174.6 -1009.14 527.801
v -2216.56 -1007.39 536.3
v -2218.79 -983.319 545.229
v -2177.89 -1003.81 530.307
v -2180.13 -979.736 539.101
v -1950.36 -778.336 607.083
v -2068.01 -882.697 564.034
v -2078.76 -844.625 583.083
v -1924.39 -793.859 541.847
v -1943.65 -773.256 546.119
v -1950.36 -778.336 546.943
v -1956.79 -771.772 547.97
v -1915.28 -748.327 611.557
v -1910.36 -759.973 611.557
v -1897.37 -750.349 611.557
v -1913.04 -729.822 545.557
v -1915.28 -748.327 543.799
v -1927.82 -756.837 544.162
v -1922.3 -766.985 543.553
v -1910.36 -759.973 541.993
v -1891.84 -765.347 539.197
v -1885.5 -756.466 539.671
v -1897.37 -750.349 542.537
v -1899.54 -729.298 545.201
v -2019.58 -315.315 500.572
v -2027.84 -290.45 498.245
v -1949.56 -292.024 521.161
v -1957.83 -267.158 521.654
v -1994.84 -350.867 504.08
v -2002.02 -328.522 503.886
v -1893.17 -318.169 531.538
v -1900.35 -295.825 534.913
v -1800.78 -384.729 519.735
v -1822.77 -319.91 535.301
v -1725.53 -359.198 525.945
v -1747.53 -294.378 535.975
v -1659.54 -528.726 625.87
v -1659.54 -528.726 542.484
v -1654.92 -520.958 540.763
v -1662.68 -527.971 542.828
v -1682.99 -552.312 550.243
v -1680.75 -559.478 550.87
v -1643.42 -564.994 544.173
v -1638.79 -525.143 538.972
v -1616.36 -461.757 526.212
v -1610.87 -422.879 517.888
v -1579.34 -466.979 522.499
v -1573.85 -428.1 513.539
v -1621.62 -512.845 535.532
v -1617.3 -479.904 529.795
v -1587.43 -517.324 531.201
v -1583.11 -484.383 526.505
v -1304.53 -661.895 594.269
v -1285.72 -662.343 594.269
v -1286.77 -669.509 594.269
v -1306.17 -669.356 594.269
v -1313.94 -651.887 549.011
v -1287.21 -632.18 552.39
v -1304.53 -661.895 553.65
v -1306.17 -669.356 555.266
v -1314.83 -675.025 556.084
v -1293.64 -701.003 564.269
v -1272.58 -688.014 563.582
v -1286.77 -669.509 558.64
v -1285.72 -662.343 558.2
v -1269.15 -649.2 559.734
v -1281.69 -634.125 554.157
v -1263.62 -783.711 537.923
v -1241.24 -773.256 541.132
v -1254.99 -802.229 527.141
v -1232.59 -791.786 530.28
v -1302.3 -802.075 532.405
v -1272.28 -785.797 537.746
v -1291.51 -821.962 520.712
v -1261.5 -805.684 526.005
v -1341.4 -820.132 527.252
v -1314.99 -808.499 530.415
v -1330.57 -844.715 513.262
v -1304.16 -833.07 516.266
v -1382.35 -865.715 506.557
v -1391.72 -842.834 519.314
v -1337.86 -847.505 512.851
v -1347.22 -824.611 525.562
v -1375.83 -1314.17 381.214
v -1361.12 -1308.47 380.797
v -1363.59 -1345.81 371.133
v -1348.87 -1340.12 370.27
v -1306.77 -1079.6 402.404
v -1269.75 -1047.96 415.27
v -1300.18 -1087.31 401.101
v -1263.16 -1055.66 411.502
v -1303.93 -1038.1 420.96
v -1286.77 -1027.51 425.682
v -1293.6 -1054.84 412.285
v -1276.43 -1044.25 417.294
v -1326.78 -1051.69 414.41
v -1309.16 -1037.95 421.204
v -1312.37 -1070.17 404.816
v -1294.75 -1056.44 411.497
v -1366.75 -1096.24 398.993
v -1398.43 -1061.55 406.144
v -1333.75 -1067.57 406.242
v -1350.81 -1048.56 416.54
v -1373.65 -1117.38 395.679
v -1326.47 -1077.36 402.816
v -1364.28 -1128.44 393.806
v -1317.1 -1088.42 400.924
v -1458.74 -1146.76 391.867
v -1480.84 -1120.66 393.036
v -1398.43 -1095.71 397.692
v -1420.53 -1069.61 400.69
v 1164.92 -415.789 530.5
v 1158.32 -377.793 531.213
v 1207.02 -408.469 527.604
v 1200.42 -370.473 525.771
v 1064.57 -469.756 523.7
v 1089.35 -447.949 528.652
v 1087.05 -495.325 520.952
v 1111.83 -473.518 526.617
v 944.922 77.5254 535.18
v 949.753 70.6656 536.732
v 911.036 53.6316 538.909
v 915.867 46.7719 540.427
v 903.032 64.9833 537.316
v 946.469 95.7369 530.116
v 908.42 57.3686 538.083
v 951.868 88.1221 532.03
v 956.321 66.4807 537.39
v 987.824 96.6327 528.881
v 966.507 55.8584 540.795
v 997.999 86.0104 531.792
v 884.52 106.641 528.566
v 905.414 116.943 525.598
v 894.327 86.7399 533.592
v 915.222 97.0423 530.496
v 868.935 136.166 515.507
v 866.453 148.298 511.525
v 910.58 144.676 518.29
v 908.108 156.796 515.388
v 923.927 195.024 531.664
v 924.673 188.599 531.664
v 935.126 196.662 531.664
v 941.994 188.446 531.664
v 954.54 182.776 531.664
v 940.948 176.211 531.664
v 935.727 177.26 531.664
v 923.927 195.024 506.256
v 923.482 203.228 506.442
v 918.851 193.232 506.583
v 919.596 188.599 506.449
v 924.673 188.599 506.088
v 925.875 170.989 510.664
v 936.027 170.682 510.066
v 935.727 177.26 508.331
v 940.948 176.211 508.24
v 942.139 170.541 509.67
v 961.998 169.492 508.816
v 962.299 181.74 505.26
v 954.54 182.776 505.522
v 954.083 188.894 503.967
v 941.994 188.446 504.899
v 942.295 196.061 504.119
v 935.126 196.662 505.002
v 934.981 202.332 505.13
v 952.636 103.173 527.95
v 965.438 111.274 525.26
v 960.095 91.3728 530.987
v 972.896 99.4739 528.467
v 969 113.859 524.416
v 979.464 118.735 522.609
v 975.123 100.715 528.047
v 985.587 105.591 526.288
v 913.63 122.318 523.936
v 936.172 131.277 520.797
v 919.619 107.229 527.779
v 942.172 116.188 524.575
v 916.457 143.461 518.368
v 914.52 157.244 514.916
v 941.994 147.031 516.152
v 940.057 160.828 512.558
v 956.031 128.884 520.605
v 952.592 157.398 512.786
v 980.733 131.866 518.749
v 977.293 160.38 510.576
v 888.995 180.242 510.671
v 887.058 217.267 512.469
v 911.704 181.433 508.766
v 909.756 218.457 509.15
v 856.512 172.973 500.117
v 855.41 202.78 496.155
v 880.69 173.869 510.353
v 879.588 203.676 507.968
v 215.734 44.7242 504.808
v 212.117 60.0817 504.777
v 257.535 54.5786 502.221
v 253.917 69.9361 501.726
v 330.204 54.8602 498.714
v 342.294 62.1678 496.002
v 338.308 41.4479 501.58
v 350.409 48.7683 499.269
v 299.001 55.0009 499.928
v 317.514 60.2353 498.163
v 303.131 40.3857 502.557
v 321.644 45.6072 501.227
v 299.903 20.6641 505.839
v 331.251 32.4638 503.783
v 303.632 10.7585 507.585
v 334.98 22.5454 505.829
v 265.917 39.9633 503.387
v 263.769 62.9229 501.121
v 285.031 41.7551 502.982
v 282.882 64.7146 500.046
v 470.834 265.363 467.074
v 500.545 285.814 461.901
v 483.781 246.562 462.475
v 513.492 267.014 457.062
v 433.52 303.424 472.261
v 480.842 312.985 462.385
v 435.479 293.685 473.476
v 482.801 303.245 465.995
v -674.677 808.182 436.023
v -683.482 812.214 411.377
v -675.423 832.666 409.498
v -674.677 808.182 408.468
v -684.673 780.268 412.023
v -675.868 776.378 407.651
v -654.517 825.793 403.649
v -612.115 783.097 428.923
v -631.373 807.734 402.018
v -610.034 802.205 402.334
v -617.492 756.233 404.923
v -605.258 776.083 404.382
v -612.115 783.097 403.813
v -645.567 877.449 405.116
v -622.568 887.599 393.488
v -641.348 867.914 403.945
v -618.36 878.063 398.683
v -638.064 865.277 402.967
v -614.208 874.761 398.761
v -632.832 852.146 402.608
v -608.987 861.63 398.12
v -598.679 885.218 390.212
v -575.101 889.544 382.49
v -593.681 857.944 395.768
v -570.092 862.27 391.309
v -617.191 909.766 378.26
v -609.733 933.585 361.962
v -582.849 899.015 378.697
v -575.391 922.834 363.315
v -651.834 916.114 380.181
v -630.483 923.883 371.566
v -648.082 905.798 386.347
v -626.731 913.555 377.493
v -770.222 645.448 428.304
v -736.626 667.244 425.301
v -761.027 631.293 428.683
v -727.442 653.089 421.42
v -816.798 663.072 441.521
v -753.201 705.921 437.36
v -810.03 653.012 436.443
v -746.433 695.862 433.058
v -861.137 576.63 443.964
v -836.201 591.707 444.036
v -851.775 561.144 445.919
v -826.839 576.221 444.695
v -901.746 539.758 449.479
v -901.891 552.147 441.942
v -891.594 557.676 442.87
v -901.746 539.758 441.912
v -910.262 535.279 441.068
v -909.962 512.587 444.542
v -890.247 513.176 446.479
v -937.335 575.274 440.033
v -916.073 589.019 441.841
v -947.721 568.567 439.063
v -945.317 564.83 439.126
v -913.669 585.282 441.798
v -1016.34 669.957 456.627
v -1011.47 679.044 459.018
v -987.084 654.279 449.938
v -982.208 663.366 452.844
v -1052.51 642.696 452.004
v -1032.97 657.85 454.466
v -1013.83 592.833 439.96
v -994.308 607.987 441.995
v -1217.83 630.525 464.317
v -1216.3 642.62 468.36
v -1155.28 622.615 454.888
v -1153.75 634.71 458.459
v -1106.23 643.848 457.224
v -1105.67 655.008 460.858
v -1058.01 641.468 452.114
v -1057.46 652.615 455.296
v -1146.45 646.689 461.945
v -1144.79 657.696 465.724
v -1117.78 642.364 457.889
v -1116.13 653.37 461.307
v -1142.34 623.422 454.286
v -1140.76 635.593 457.877
v -1120.54 620.58 451.904
v -1118.96 632.765 455.09
v -1108.42 618.264 450.501
v -1107.92 628.439 453.096
v -1081.25 616.92 448.392
v -1080.75 627.095 450.619
v -1103.17 666.092 464.409
v -1102.54 677.854 468.486
v -1066.89 664.147 459.968
v -1066.27 675.909 463.926
v -1202.53 656.519 471.728
v -1201.07 664.863 474.596
v -1186.26 653.677 468.627
v -1184.8 662.022 471.569
v -1180.2 653.409 467.768
v -1178.09 665.311 471.96
v -1153.33 648.635 463.302
v -1151.21 660.537 467.363
v -1215.78 671.16 478.515
v -1214.36 679.492 481.391
v -1185.92 666.092 473.233
v -1184.5 674.411 476.122
v -1219.05 685.955 484.193
v -1217.94 695.618 487.53
v -1198.3 683.562 481.09
v -1197.19 693.225 484.558
v -1176.69 677.854 476.492
v -1174.8 688.899 480.404
v -1116.68 667.551 466.343
v -1114.78 678.596 470.053
v -1188.27 711.809 490.409
v -1186.89 722.342 494.212
v -1161.99 708.379 486.124
v -1160.62 718.899 489.775
v -1151.71 704.923 483.672
v -1149.72 716.211 487.482
v -1115.44 698.511 477.091
v -1113.44 709.799 480.816
v -1126.58 754.85 498.411
v -1125.23 763.989 500.459
v -1107.32 752.009 494.706
v -1105.97 761.147 497.792
v -1144.81 730.507 492.085
v -1142.55 742.794 496.241
v -1101.07 722.457 483.688
v -1098.8 734.731 487.692
v -1153.53 838.669 530.386
v -1159.34 817.321 530.386
v -1132.19 836.442 530.386
v -1136.01 816.668 530.386
v -1153.53 838.669 498.574
v -1151.97 851.877 497.361
v -1166.41 840.179 501.413
v -1168.97 818.46 503.386
v -1159.34 817.321 501.543
v -1160.47 807.696 502.267
v -1137.39 804.97 498.401
v -1136.01 816.668 497.052
v -1122.13 815.03 494.493
v -1119.78 834.97 491.682
v -1132.19 836.442 494.353
v -1130.66 849.356 492.711
v -1208.38 800.49 506.441
v -1206.45 819.228 503.77
v -1188.07 798.404 506.38
v -1186.15 817.141 505.063
v -1206.75 842.995 501.163
v -1205.1 856.549 500.175
v -1178.54 839.565 504.067
v -1176.88 853.119 503.079
v -1197.79 925.957 451.714
v -1194.06 950.607 428.722
v -1158.38 919.992 459.146
v -1154.64 944.63 436.765
v -1186.7 878.499 498.78
v -1182.42 902.228 476.677
v -1151.17 872.086 495.522
v -1146.88 895.815 478.467
v -1133.12 871.293 491.181
v -1128.67 893.87 476.029
v -1099.83 864.727 483.59
v -1095.38 887.304 473.832
v -1112.24 914.809 457.745
v -1108.67 938.666 439.578
v -1078.34 909.728 456.463
v -1074.77 933.585 440.948
v -1031.48 890.593 495.604
v -1028.64 914.476 495.604
v -1023.12 907.462 495.604
v -1053.57 889.698 463.474
v -1054.02 935.824 438.488
v -1031.48 890.593 459.081
v -1031.48 871.626 465.604
v -1017.3 871.485 462.006
v -1010.73 883.273 456.872
v -1011.03 906.707 447.641
v -1023.12 907.462 449.264
v -1028.64 914.476 447.493
v -1028.64 935.824 437.249
v -1673.72 588.418 501.175
v -1660.29 600.96 502.612
v -1663.92 577.91 502.045
v -1650.48 590.453 503.467
v -1689.55 653.217 499.968
v -1676.42 672.619 500.889
v -1678.91 646.011 501.163
v -1665.78 665.427 501.789
v -1692.63 622.231 499.596
v -1680 634.108 500.959
v -1673.81 602.227 501.301
v -1661.19 614.104 502.649
v -1722.69 625.751 498.646
v -1704.18 643.963 499.434
v -1710.98 613.848 498.752
v -1692.47 632.061 499.689
v -1831.28 657.031 498.286
v -1827.5 670.239 498.175
v -1816.65 652.846 498.474
v -1812.86 666.054 498.367
v -1817.94 513.777 488.949
v -1800.93 559.762 491.432
v -1793.76 504.831 491.894
v -1776.74 550.803 492.542
v -1415.45 547.514 476.547
v -1361.71 594.1 471.489
v -1394.1 522.877 462.551
v -1340.36 569.45 458.316
v -1437.25 593.204 492.3
v -1384.1 642.76 491.513
v -1415.63 570.026 481.456
v -1362.49 619.582 479.929
v -1478.6 586.178 517.302
v -1512.2 619.48 514.302
v -1495.18 634.403 511.85
v -1478.6 586.178 503.191
v -1503.24 565.137 509.508
v -1485.17 546.17 501.773
v -1443.23 582.454 492.447
v -1617.62 616.229 506.985
v -1590.42 681.578 507.04
v -1565.97 594.74 511.798
v -1538.77 660.089 513.505
v -1596.99 744.88 501.442
v -1545.94 762.491 500.654
v -1589.3 722.585 503.55
v -1538.25 740.209 503.598
v -1635.21 733.835 501.151
v -1610.43 740.401 501.539
v -1626.54 701.096 503.279
v -1601.76 707.662 504.225
v -1512.49 666.054 513.392
v -1449.19 720.691 508.356
v -1490.35 640.393 511.273
v -1427.04 695.042 505.585
v -1543.25 707.559 507.453
v -1487.71 756.527 506.011
v -1519.68 680.823 512.267
v -1464.14 729.791 507.849
v -1274.38 543.79 458.689
v -1309.94 568.977 454.333
v -1302.74 575.44 455.689
v -1274.22 529.007 436.999
v -1222.27 574.685 445.326
v -1228.09 580.662 448.15
v -1274.38 543.79 441.058
v -1330.6 586.485 463.047
v -1334.24 596.634 467.052
v -1277.61 605.44 463.03
v -1281.25 615.589 467.036
v -1269.13 688.221 490.454
v -1268.11 700.546 494.525
v -1224.34 684.496 484.249
v -1223.31 696.809 488.529
v -1270.35 622.615 468.128
v -1264.97 675.909 485.799
v -1240.59 619.608 463.348
v -1235.21 672.914 481.401
v -1344.54 621.719 477.111
v -1285.87 643.81 477.486
v -1340.8 611.788 473.17
v -1282.14 633.878 473.546
v -1366.34 641.122 487.954
v -1313.49 661.126 486.62
v -1362.62 631.28 484.048
v -1309.77 651.297 482.985
v -1305.42 663.072 486.256
v -1278.85 672.325 486.221
v -1301.36 651.399 482.032
v -1274.79 660.653 481.855
v -1316.03 688.899 495.787
v -1286.17 698.152 495.619
v -1311.49 674.27 490.584
v -1281.64 683.524 490.279
v -1307.28 726.668 506.966
v -1289.32 731.173 506.79
v -1303.08 709.914 501.182
v -1285.11 714.419 500.926
v -1374.1 666.655 496.119
v -1321.7 685.61 495.371
v -1370.2 655.866 492.893
v -1317.8 674.821 491.469
v -1356.34 715.021 507.573
v -1334.83 723.238 508.524
v -1349.52 697.18 501.898
v -1328.02 705.396 502.225
v -1448.71 778.541 513.284
v -1471.15 779.181 500.551
v -1459.76 790.085 497.61
v -1447.26 754.249 510.284
v -1430.96 769.863 508.801
v -1443.78 783.263 501.976
v -1448.71 778.541 503.275
v -1396.19 698.754 504.612
v -1375 707.559 505.824
v -1390.67 685.456 501.64
v -1369.48 694.262 502.753
v -1420.97 719.795 508.597
v -1401.43 727.564 510.127
v -1415.25 705.371 506.204
v -1395.69 713.127 507.159
v -1317.8 776.557 514.185
v -1317.52 790.264 508.884
v -1281.52 775.802 512.907
v -1281.25 789.522 508.556
v -1375.37 738.148 513.297
v -1375.14 748.758 516.147
v -1346.4 737.547 513.977
v -1346.19 748.169 517.2
v -1402.71 738.468 511.571
v -1402.92 749.513 513.708
v -1378.37 738.916 513.394
v -1378.58 749.961 515.971
v -1342.06 743.421 515.426
v -1342.3 752.495 518.213
v -1308.17 744.317 512.733
v -1308.42 753.391 515.68
v -1241.83 851.775 495.932
v -1239.45 878.345 489.708
v -1218.25 849.65 499.059
v -1215.86 876.233 495.571
v -1261.12 817.039 501.65
v -1259.89 830.875 498.613
v -1230.82 814.351 503.773
v -1229.59 828.187 501.326
v -1365.21 813.724 497.64
v -1361.56 851.928 481.633
v -1299.68 807.453 503.235
v -1296.02 845.657 491.18
v -1411.12 779.961 506.905
v -1408.29 810.269 494.78
v -1340.45 773.344 516.578
v -1337.61 803.652 504.171
v -1703.16 787.436 481.904
v -1703.29 810.87 466.313
v -1677.03 787.589 483.136
v -1677.16 811.011 468.547
v -1732.82 786.655 480.97
v -1732.7 805.2 467.923
v -1709.83 786.514 482.225
v -1709.7 805.047 469.821
v -1734.06 831.143 449.434
v -1733.59 848.793 436.969
v -1700.02 830.247 453.515
v -1699.56 847.897 441.745
v -1833.62 884.911 396.962
v -1800.47 904.775 391.879
v -1811.03 847.206 428.597
v -1777.89 867.069 417.481
v -1746.88 882.364 412.109
v -1759.87 920.747 389.968
v -1716.88 892.526 411.561
v -1729.86 930.897 389.414
v -1689.85 879.535 422.762
v -1678.51 900.295 413.906
v -1647.8 856.549 444.884
v -1636.45 877.296 435.096
v -1534.44 953.295 423.476
v -1550.12 968.218 391.939
v -1547.58 928.209 419.195
v -1533.84 929.399 420.476
v -1534.44 953.295 403.897
v -1492.7 957.71 402.842
v -1494.28 973.747 391.258
v -1433.22 889.544 455.825
v -1437.1 932.394 422.823
v -1407.37 891.886 455.47
v -1411.26 934.737 421.755
v -1413.94 943.184 414.928
v -1416.8 971.956 392.384
v -1371.84 947.369 412.317
v -1374.7 976.128 388.88
v -1334.39 917.01 440.295
v -1332.6 968.218 397.316
v -1295.23 915.641 447.218
v -1293.43 966.849 402.698
v -1260.64 913.132 454.647
v -1257.5 961.358 411.609
v -1230.34 911.161 460.97
v -1227.2 959.387 416.735
v -494.317 862.615 377.668
v -485.79 888.507 365.307
v -422.816 839.078 381.716
v -414.3 864.97 370.359
v -412.397 827.662 385.44
v -400.419 852.184 374.445
v -368.949 806.467 389.88
v -356.982 830.99 379.159
v -432.29 805.776 396.395
v -429.384 813.852 392.716
v -404.816 795.921 397.631
v -401.922 803.997 394.075
v -445.793 740.477 416.003
v -444.769 757.128 415.992
v -416.827 738.686 413.573
v -415.803 755.337 412.669
v -442.62 770.849 412.048
v -441.184 789.074 404.208
v -410.371 768.315 409.484
v -408.935 786.527 401.924
v -489.853 791.16 408.37
v -463.125 832.065 388.172
v -480.346 784.953 410.099
v -453.618 825.857 389.907
v -492.836 724.582 418.517
v -470.439 757.717 418.678
v -472.008 710.503 416.804
v -449.611 743.651 416.36
v -448.197 701.736 415.904
v -439.837 724.428 415.514
v -438.49 698.165 415.596
v -430.13 720.857 414.773
v -458.661 678.878 415.688
v -452.227 698.754 415.858
v -422.683 667.231 415.853
v -416.249 687.107 415.345
v -488.84 655.508 414.105
v -481.192 666.054 414.861
v -475.259 645.653 414.452
v -467.611 656.199 414.659
v -487.582 638.422 414.822
v -482.829 644.859 414.2
v -471.018 626.186 417.436
v -466.264 632.611 416.67
v -541.516 674.718 413.15
v -534.637 684.573 413.651
v -493.593 641.276 414.296
v -486.714 651.13 413.826
v -513.119 694.505 415.438
v -508.365 701.135 415.949
v -478.788 669.868 415.132
v -474.023 676.51 415.571
v -502.165 702.581 416.442
v -496.12 715.763 417.685
v -469.626 687.658 415.672
v -463.57 700.84 416.232
v -541.461 785.785 407.32
v -531.653 799.07 404.18
v -500.406 755.477 419.715
v -490.599 768.762 418.147
v -602.764 736.446 407.724
v -583.161 765.78 408.392
v -544.689 697.628 413.479
v -525.086 726.962 415.571
v -422.627 -144.53 539.757
v -408.935 -127.573 537.044
v -403.224 -160.208 550.252
v -389.532 -143.251 546.468
v -409.18 -169.78 554.479
v -395.354 -155.344 549.28
v -391.124 -187.096 567.018
v -377.287 -172.66 562.227
v -376.162 -171.035 561.641
v -364.151 -154.602 555.78
v -358.396 -184.024 570.789
v -346.384 -167.592 565.703
v -374.459 -199.356 576.063
v -363.55 -183.116 569.496
v -354.455 -212.793 584.808
v -343.546 -196.553 579.23
v -377.198 -230.608 591.409
v -360.867 -209.389 582.449
v -358.385 -245.082 599.577
v -342.054 -223.863 591.533
v -436.23 -276.986 609.098
v -424.019 -258.801 603.924
v -417.117 -289.823 608.333
v -404.905 -271.637 610.289
v -431.165 -333.04 603.618
v -421.18 -340.616 603.36
v -445.192 -351.558 600.87
v -435.206 -359.121 600.765
v -464.917 -339.874 600.82
v -448.498 -317.926 604.364
v -449.232 -351.609 600.619
v -432.813 -329.661 603.9
v -474.958 -353.695 598.623
v -469.392 -345.697 599.878
v -441.217 -377.128 598.389
v -435.663 -369.129 599.643
v -513.898 -326.897 593.156
v -501.798 -308.814 599.695
v -479.556 -349.882 598.722
v -467.455 -331.811 601.752
v -476.216 -296.861 605.705
v -480.647 -265.315 606.112
v -442.175 -292.088 607.342
v -446.605 -260.542 603.789
v -730.403 -275.515 519.461
v -721.398 -261.783 516.93
v -712.637 -287.161 524.392
v -703.631 -273.429 522.694
v -696.206 -275.924 524.213
v -686.02 -282.093 526.914
v -708.596 -296.375 527.102
v -698.41 -302.543 530.104
v -680.443 -286.214 528.737
v -670.491 -292.241 531.938
v -694.024 -308.597 532.159
v -684.083 -314.637 535.153
v -666.027 -296.349 533.751
v -656.91 -301.801 537.962
v -679.319 -318.591 537.114
v -670.191 -324.043 540.299
v -651.088 -303.913 540.9
v -639.889 -309.864 547.06
v -663.779 -327.793 542.495
v -652.58 -333.744 547.674
v -634.847 -315.226 549.942
v -623.915 -321.509 554.715
v -648.138 -338.364 550.426
v -637.207 -344.647 555.301
v -610.635 -393.483 572.383
v -632.576 -409.441 574.067
v -624.961 -373.775 563.931
v -646.902 -389.733 563.108
v -688.703 -449.6 575.288
v -665.415 -433.475 575.178
v -670.814 -475.451 589.199
v -647.515 -459.326 589.446
v -722.8 -489.195 581.263
v -729.468 -461.988 569.668
v -694.135 -482.169 585.845
v -700.803 -454.975 574.244
v -757.888 -503.502 578.598
v -765.736 -473.48 564.829
v -732.207 -496.784 581.688
v -740.066 -466.761 568.773
v -787.388 -512.896 576.606
v -793.354 -488.261 563.327
v -773.729 -509.581 578.12
v -779.695 -484.946 565.524
v -854.124 -530.3 579.021
v -861.582 -501.404 562.572
v -804.408 -517.464 575.499
v -811.867 -488.568 558.818
v -1311.89 -439.835 529.033
v -1299.3 -430.045 526.889
v -1287.26 -471.483 545.51
v -1274.68 -461.693 543.647
v -1279.15 -494.455 556.595
v -1268.7 -488.12 556.224
v -1265.56 -516.85 561.091
v -1255.12 -510.503 563.832
v -1313.49 -493.341 548.534
v -1281.84 -468.553 545.304
v -1301.09 -509.159 552.562
v -1269.45 -484.383 554.407
v -1319.91 -533.346 544.524
v -1308.12 -518.271 549.871
v -1305.09 -544.94 547.737
v -1293.29 -529.865 552.706
v -1339.17 -522.007 540.809
v -1326.47 -505.435 546.677
v -1327.13 -531.222 542.9
v -1314.44 -514.649 548.515
v -1268.11 -535.893 559.417
v -1250.34 -520.062 564.636
v -1254.55 -551.109 562.823
v -1236.78 -535.291 568.355
v -1300.59 -552.414 548.162
v -1291.54 -541.114 551.937
v -1266.25 -579.89 558.132
v -1257.21 -568.577 561.64
v -1243.45 -745.026 556.454
v -1241.08 -736.234 560.898
v -1219.12 -751.59 550.394
v -1216.75 -742.799 554.874
v -1240.78 -726.086 565.197
v -1239.59 -713.839 566.435
v -1227.22 -727.404 563.68
v -1226.02 -715.17 564.916
v -1238.54 -702.193 565.781
v -1231.98 -652.63 569.612
v -1218.49 -704.855 565.636
v -1211.93 -655.292 573.713
v -1441.73 -444.468 516.895
v -1435.46 -435.714 515.066
v -1396.95 -476.564 530.257
v -1390.67 -467.81 528.31
v -1439.04 -417.504 509.748
v -1423.51 -402.569 506.617
v -1429.43 -427.486 513.232
v -1413.92 -412.564 510.222
v -1378.26 -427.217 517.133
v -1360.37 -406.306 512.073
v -1335.87 -463.498 533.236
v -1317.97 -442.587 529.13
v -1385.34 -482.719 533.297
v -1379.92 -475.873 531.808
v -1351 -509.888 540.324
v -1345.59 -503.042 542.696
v -1517.4 -493.482 521.854
v -1529.35 -464.125 515.454
v -1487.34 -481.235 522.103
v -1499.3 -451.878 513.625
v -1576.84 -261.936 515.198
v -1553.7 -251.634 509.918
v -1574.23 -267.811 515.342
v -1551.08 -257.508 509.892
v -1611.06 -195.145 521.924
v -1603.72 -191.767 519.567
v -1581.95 -258.456 515.664
v -1574.59 -255.077 514.21
v -1541.63 -37.7583 480.198
v -1548.18 -20.8395 482.82
v -1528.5 -32.6775 475.635
v -1535.04 -15.7588 478.674
v -1565.82 -58.8108 491.365
v -1572.51 -41.4313 491.645
v -1541.79 -49.5579 481.192
v -1548.48 -32.1784 483.137
v -1478.55 -9.46219 472.139
v -1479.65 15.1482 472.767
v -1461.83 -8.70712 471.045
v -1462.93 15.8905 471.317
v -1520.17 -28.9022 473.373
v -1519.66 -17.704 474.106
v -1497.33 -29.9388 472.234
v -1496.82 -18.7407 472.705
v -1469.97 -33.2534 471.125
v -1469.5 -24.2693 471.298
v -1441.16 -34.7508 470.299
v -1440.69 -25.7539 470.074
v -1457.38 4.94824 470.58
v -1456.96 20.6641 470.709
v -1440.66 4.50031 469.501
v -1440.24 20.2161 469.235
v -1482.33 25.5913 473.256
v -1479.35 73.9675 474.087
v -1458.3 24.1067 470.747
v -1455.3 72.4829 470.45
v -1424.27 -101.747 480.156
v -1413.07 -64.1219 473.666
v -1416.9 -103.936 480.539
v -1405.7 -66.3231 473.986
v -1455.62 -118.321 482.377
v -1443.23 -83.8305 477.199
v -1447.52 -121.226 483.007
v -1435.13 -86.7484 477.687
v -1478.76 -106.521 480.493
v -1473.97 -83.6897 477.31
v -1468.37 -108.697 480.834
v -1463.6 -85.8526 477.483
v -1472.78 -76.075 476.254
v -1471.89 -59.2075 473.823
v -1463.32 -76.5741 476.211
v -1462.42 -59.7066 473.663
v -1466.67 -52.1687 472.716
v -1466.21 -42.4807 471.378
v -1444.43 -53.2181 472.409
v -1443.97 -43.5301 470.905
v -1508.76 -67.1166 475.453
v -1507.87 -45.9105 472.876
v -1493.33 -67.7692 475.36
v -1492.43 -46.5632 472.522
v -1510.79 -95.2589 478.82
v -1505.63 -82.0388 477.154
v -1498.54 -100.045 479.477
v -1493.39 -86.8252 477.739
v -1490.1 -139.962 484.668
v -1481 -112.792 481.311
v -1482.67 -142.457 485.277
v -1473.56 -115.287 481.714
v -1448.45 -151.313 487.625
v -1440.53 -133.998 485.128
v -1435.94 -157.034 488.833
v -1428.02 -139.718 486.37
v -1451.35 -217.593 493.808
v -1439.09 -184.408 490.654
v -1433.34 -224.247 493.075
v -1421.09 -191.063 490.958
v -1475.34 -259.633 500.168
v -1461.54 -222.456 494.914
v -1438.67 -273.25 496.538
v -1424.87 -236.072 493.305
v -1482.33 -220.139 495.745
v -1460.39 -174.157 490.084
v -1470.33 -225.873 495.77
v -1448.38 -179.891 490.388
v -1541.45 -272.392 543.101
v -1529.37 -286.418 543.101
v -1545.64 -262.832 509.754
v -1502.05 -242.535 500.446
v -1541.45 -272.392 510.239
v -1567.14 -283.884 513.101
v -1560.41 -300.752 510.405
v -1529.37 -286.418 506.968
v -1506.97 -294.34 503.453
v -1486.96 -284.179 502.073
v -1493.51 -154.909 486.589
v -1486.96 -157.584 487.312
v -1508.58 -191.78 492.485
v -1502.05 -194.454 492.957
v -1535.04 -168.782 492.718
v -1510.11 -103.833 479.857
v -1526.53 -172.046 490.366
v -1501.59 -107.11 480.262
v -1537.37 -208.852 500.173
v -1535.19 -189.527 496.185
v -1521.55 -210.643 496.154
v -1519.36 -191.319 492.46
v -1543.25 -218.348 503.102
v -1553.54 -192.522 502.874
v -1535.27 -215.161 500.535
v -1545.57 -189.335 499.793
v -1570.74 -232.425 511.867
v -1581.17 -207.15 512.842
v -1549.39 -223.607 505.341
v -1559.82 -198.345 505.61
v -1586.31 -133.345 509.29
v -1591.62 -113.24 508.724
v -1558.09 -125.871 496.848
v -1563.41 -105.779 496.431
v -1613.3 -108.837 516.687
v -1616.25 -93.3905 515.587
v -1593.74 -105.113 508.399
v -1596.69 -89.6535 507.464
v -1587.15 -101.517 505.289
v -1592.66 -80.695 504.636
v -1564.61 -95.5405 495.599
v -1570.12 -74.7313 495.102
v -1622.67 -97.8697 518.757
v -1612.97 -124.591 518.805
v -1636.6 -102.925 525.038
v -1626.89 -129.647 525.197
v -1647.84 -110.463 530.658
v -1640.14 -107.276 527.12
v -1620.38 -176.896 525.442
v -1612.67 -173.709 522.76
v -1684.01 -178.918 548.145
v -1661.94 -169.832 541.355
v -1676.7 -196.681 542.567
v -1654.62 -187.595 536.776
v -1695.38 -157.738 556.263
v -1670.6 -147.883 545.928
v -1687.82 -176.742 549.997
v -1663.04 -166.888 542.037
v -1822.3 -45.0275 531.429
v -1831.94 -20.5324 524.788
v -1822.15 -45.437 531.479
v -1746.98 -15.8355 525.828
v -1756.78 9.06916 517.143
v -1966.81 20.7025 574.067
v -1960.34 3.56607 574.067
v -1967.66 51.7119 502.368
v -1978.84 26.8967 501.239
v -1966.81 20.7025 502.907
v -1960.34 3.56607 503.908
v -1964.97 -7.19697 503.589
v -1942.97 -17.4097 508.067
v -1924.52 26.4487 506.448
v -1928.91 32.9885 505.067
v -1916.45 -102.566 525.568
v -1894.36 -65.0817 524.912
v -1883.75 -121.84 533.154
v -1861.67 -84.368 532.841
v -1973.41 -127.586 520.915
v -1967.83 -122.685 520.744
v -1975.23 -147.141 525.107
v -1969.49 -153.361 526.902
v -1948.41 -154.5 529.447
v -1943.43 -149.957 529.368
v -1941.63 -130.555 525.986
v -1946.8 -124.847 524.264
v -1965.9 -78.8522 547.682
v -2009.8 -68.9978 547.682
v -2008.61 -81.6933 547.682
v -1974.87 -95.4125 547.682
v -2016.22 -65.2737 498.262
v -2012.04 -56.4688 497.033
v -2009.8 -68.9978 500.532
v -2014.27 -77.662 502.102
v -2008.61 -81.6933 504.324
v -2012.04 -86.6204 504.9
v -1977.55 -101.85 514.728
v -1974.87 -95.4125 513.791
v -1949.18 -107.647 520.682
v -1924.41 -55.4193 516.958
v -1948.14 -43.3254 509.013
v -1965.9 -78.8522 512.269
v -2175.37 154.736 496.215
v -2176.69 170.26 500.004
v -2157.76 156.233 498.529
v -2159.08 171.757 501.785
v -2183.02 116.956 485.774
v -2182.96 129.357 489.143
v -2123.9 116.649 494.688
v -2123.84 129.05 496.981
v -2168.4 138.201 493.217
v -2167.74 149.655 495.996
v -2124.8 135.667 498.076
v -2124.15 147.121 500.273
v -2207.82 154.838 493.118
v -2208.49 164.142 495.664
v -2178.56 156.924 496.534
v -2179.23 166.228 498.812
v -2243.24 141.784 473.147
v -2242.82 158.908 475.061
v -2218 141.183 485.322
v -2217.6 158.319 489.759
v -2211.64 184.619 500.455
v -2207.89 196.086 501.33
v -2187.46 176.697 500.567
v -2183.71 188.177 504.084
v -2270.41 172.909 460.293
v -2267.31 188.177 461.88
v -2250.55 168.878 471.821
v -2247.45 184.146 475.511
v -2262.82 201.244 462.943
v -2259.84 217.139 462.505
v -2242.07 197.366 478.19
v -2239.09 213.261 477.631
v -2223.56 201.308 490.579
v -2216.85 222.655 491.495
v -2212.61 197.865 498.997
v -2205.9 219.213 497.202
v -2205.84 216.307 497.732
v -2201.92 227.736 495.906
v -2176.73 206.299 501.47
v -2172.81 217.728 499.642
v -2199.98 246.549 497.975
v -2205.95 260.128 489.663
v -2213.57 234.903 491.526
v -2205.05 231.614 494.975
v -2199.98 246.549 492.571
v -2186.47 242.646 494.219
v -2183.26 253.268 492.516
v -2133.1 173.101 511.22
v -2111.3 162.043 511.22
v -2111.46 148.618 511.22
v -2133.1 173.101 504.205
v -2133.1 183.096 506.075
v -2147.43 172.653 502.741
v -2147.61 161.967 500.754
v -2111.3 162.043 504.161
v -2111.46 148.618 501.777
v -2123.39 148.759 500.653
v -2123.69 135.475 498.175
v -2102.23 136.588 500.917
v -2102.79 182.943 508.22
v -2168.05 199.273 503.276
v -2168.48 215.795 500.279
v -2133.27 200.169 505.343
v -2133.7 216.691 502.399
v -2180.17 229.297 497.08
v -2175.05 241.622 495.196
v -2152.55 217.805 500.962
v -2147.43 230.129 499.143
v -2137.45 233.047 499.289
v -2132.8 245.346 497.418
v -2097.89 218.112 504.504
v -2093.23 230.424 502.716
v -2057.04 183.237 511.407
v -2056.81 201.756 509.97
v -2021.66 182.789 509.453
v -2021.43 201.308 508.206
v -2100.35 198.006 507.824
v -2099.66 213.108 505.259
v -2061.08 196.214 510.619
v -2060.39 211.316 508.123
v -2068.95 316.415 492.852
v -2069.05 327.011 493.634
v -2052.98 316.555 493.96
v -2053.08 327.165 494.634
v -2110.34 297.524 489.925
v -2111.15 315.672 489.857
v -2087.04 298.561 491.496
v -2087.87 316.709 491.611
v -2081.79 295.221 492.443
v -2080.84 306.266 491.362
v -2055.51 292.981 494.803
v -2054.57 304.026 493.163
v -2050 312.383 493.96
v -2049.8 325.975 494.748
v -2030.45 312.076 494.125
v -2030.24 325.668 494.84
v -2027.68 320.574 494.32
v -2027.55 332.835 494.986
v -2013.65 320.42 492.97
v -2013.52 332.694 493.634
v -2010.38 320.894 492.67
v -2010.38 335.074 493.502
v -1997.4 320.894 491.285
v -1997.4 335.074 492.261
v -2095.3 338.095 492.834
v -2095.63 350.151 493.711
v -2078.58 338.543 493.87
v -2078.91 350.599 494.75
v -2065.78 330.569 494.101
v -2065.47 341.345 494.731
v -2045.18 329.968 495.331
v -2044.86 340.744 495.973
v -2204.37 329.238 485.264
v -2202.97 343.432 487.175
v -2165.11 325.348 487.301
v -2163.7 339.554 488.976
v -2153.76 325.54 488.025
v -2153.85 334.486 488.996
v -2094.94 326.141 491.851
v -2095.02 335.074 492.627
v -2156.54 342.677 489.681
v -2156.38 352.992 490.874
v -2106.68 341.934 492.416
v -2106.52 352.25 493.369
v -2214.48 395.329 489.644
v -2213.41 404.94 491.943
v -2188.8 392.487 494.139
v -2187.74 402.112 495.282
v -2187.29 345.825 488.282
v -2184.16 389.416 493.948
v -2175.94 345.006 488.89
v -2172.8 388.597 494.236
v -2125.2 443.322 491.535
v -2124.59 454.956 488.221
v -2091.62 441.53 494.797
v -2090.99 453.164 492.181
v -2155.67 410.495 497.21
v -2154.45 431.663 493.701
v -2091.17 406.757 498.471
v -2089.95 427.939 497.582
v -2166.89 365.099 491.756
v -2165.65 385.244 494.114
v -2094.94 360.62 494.721
v -2093.69 380.764 496.279
v -1967.99 479.593 491.385
v -2020.69 480.041 493.933
v -1967.88 492.148 490.439
v -2020.57 492.596 492.814
v -2067.81 450.976 494.962
v -2039.49 451.667 497.285
v -2066.31 390.811 498.12
v -2038 391.515 499.144
v -1957.67 521.853 491.834
v -2000.83 536.917 487.914
v -1994.56 555.577 485.451
v -1957.67 521.853 487.667
v -1961.56 508.556 488.834
v -1949.31 504.242 488.626
v -1938.58 537.518 486.336
v -2043.19 542.919 486.3
v -2039.04 554.092 485.159
v -2012.29 531.426 488.974
v -2008.14 542.587 487.502
v -2062.65 480.373 491.088
v -2062.19 501.388 487.902
v -2022.8 479.478 494.086
v -2022.32 500.493 492.15
v -2102.93 543.726 468.175
v -2098.76 556.025 464.031
v -2046.04 524.477 488.893
v -2041.88 536.763 487.913
v -2110.85 469.892 485.984
v -2112.49 517.962 473.601
v -2079.78 470.954 489.854
v -2081.42 519.025 480.537
v -1846.23 691.843 497.733
v -1845.57 708.455 497.535
v -1831.14 691.241 497.9
v -1830.48 707.854 497.715
v -1872.65 703.374 494.617
v -1874.97 716.518 493.171
v -1850.7 707.252 497.489
v -1853.03 720.396 497.305
v -1909.38 710.17 476.692
v -1911.85 718.157 473.893
v -1885.79 717.491 488.301
v -1888.26 725.477 485.684
v -1919.69 733.592 465.693
v -1923.64 744.586 461.069
v -1891.48 743.741 482.037
v -1895.43 754.735 477.124
v -1956.55 714.995 452.42
v -1960.66 726.514 445.848
v -1929.38 724.697 463.636
v -1933.5 736.216 457.105
v -1951.21 701.032 460.55
v -1954.84 712.487 454.219
v -1923.89 709.697 470.276
v -1927.52 721.139 466.177
v -1838.84 609.331 494.018
v -1829.44 639.625 497.536
v -1826.04 605.35 494.219
v -1816.64 635.657 497.393
v -1938.06 640.162 485.102
v -1941.86 666.207 477.697
v -1906.27 644.782 490.566
v -1910.06 670.827 484.991
v -1895.28 596.046 505.268
v -1922.6 633.366 487.802
v -1912.15 635.312 489.233
v -1903.49 587.675 487.896
v -1858.7 572.305 488.848
v -1855.87 582.313 490.268
v -1895.28 596.046 489.382
v -1889.31 472.272 501.194
v -1881.25 500.646 501.194
v -1882.88 513.624 485.208
v -1866.61 509.298 484.742
v -1892.45 506.905 486.002
v -1903.93 464.964 489.194
v -1881.25 457.938 488.458
v -1877.81 468.394 487.668
v -1889.31 472.272 487.986
v -1881.25 500.646 485.897
v -1870.35 497.063 485.62
v -1902 409.343 495.561
v -1906.55 413.157 495.561
v -1906.92 456.748 489.882
v -1916.7 410.392 492.313
v -1885.42 398.976 488.99
v -1885.8 406.668 489.914
v -1902 409.343 491.202
v -1906.55 413.157 491.882
v -1896.81 453.753 489.566
v -1892.97 450.784 489.517
v -1879.15 449.44 488.818
v -1895.65 423.152 491.406
v -1881.84 421.808 490.621
v -2035.06 358.534 497.112
v -2035.91 384.488 498.611
v -1957.72 361.08 490.729
v -1958.58 387.035 493.033
v -1995.75 307.904 490.19
v -1975.89 323.287 489.371
v -1991.12 282.371 492.037
v -1946.94 288.95 485.944
v -1952.76 317.31 486.501
v -1948.13 336.713 487.788
v -1919.02 356.729 487.077
v -1928.56 308.237 483.208
v -1899.45 328.24 482.289
v -1666.85 293.403 497.868
v -1659.7 318.654 500.239
v -1618.32 279.671 491.748
v -1611.17 304.922 491.926
v -1611.11 407.602 492.188
v -1594.15 403.75 488.598
v -1621.7 360.863 494.084
v -1604.75 357.023 490.868
v -1654.57 380.841 500.706
v -1648.05 403.008 499.838
v -1634.26 374.864 496.54
v -1627.75 397.031 495.524
v -1711.35 411.07 507.528
v -1711.35 457.349 504.198
v -1687.46 411.07 508.29
v -1687.46 457.349 505.713
v -1764.32 341.102 496.107
v -1767.03 372.996 498.037
v -1699.53 346.618 506.378
v -1702.24 378.524 507.273
v -1752.31 302.234 495.416
v -1751.36 316.568 496.521
v -1715.87 299.854 501.016
v -1714.94 314.175 502.421
v -1710.91 251.323 487.552
v -1722.85 287.747 496.874
v -1700.31 254.804 489.305
v -1712.25 291.228 499.543
v -1811.85 265.055 481.983
v -1802.57 277.303 484.149
v -1766.31 230.564 480.188
v -1757.04 242.812 482.642
v -1453.22 205.045 489.064
v -1453.22 228.184 482.957
v -1440.24 205.045 485.456
v -1440.24 228.184 479.591
v -1471.29 183.391 496.993
v -1471.29 205.787 493.565
v -1460.99 183.391 494.13
v -1460.99 205.787 490.895
v -1486.37 167.572 497.322
v -1486.22 189.969 501.968
v -1477.4 167.508 495.047
v -1477.26 189.905 499.528
v -1501.47 200.259 503.346
v -1501.3 218.176 497.902
v -1486.24 200.118 499.152
v -1486.07 218.035 493.992
v -1525.93 207.438 505.543
v -1525.93 223.41 501.065
v -1508.92 207.438 503.138
v -1508.92 223.41 498.421
v -1525.29 238.103 496.664
v -1522.35 249.979 493.509
v -1477.07 226.162 489.434
v -1474.13 238.039 485.424
v -1557.84 213.261 498.67
v -1558.48 257.594 490.65
v -1537.09 213.556 501.788
v -1537.73 257.888 490.373
v -1565.48 162.914 497.167
v -1563.85 200.719 499.603
v -1530.69 161.416 503.234
v -1529.06 199.222 507.248
v -1429.79 131.29 476.657
v -1446.07 127.566 479.284
v -1431.83 140.172 478.569
v -1448.09 136.435 481.506
v -1417.99 144.433 475.939
v -1436.2 142.194 480.007
v -1418.93 152.023 477.545
v -1437.14 149.783 481.584
v -1408.14 153.533 475.166
v -1425.16 151.152 478.921
v -1409.02 159.817 476.523
v -1426.04 157.423 480.275
v -1400.68 162.799 474.876
v -1416.8 159.957 478.462
v -1402.15 171.194 476.358
v -1418.28 168.353 479.946
v -1408.64 170.708 477.889
v -1409.79 180.562 479.634
v -1391.92 172.653 473.999
v -1393.07 182.495 475.631
v -1398.3 184.709 477.213
v -1399.33 195.933 476.567
v -1382.03 186.206 473.059
v -1383.06 197.43 471.897
v -1437.4 222.809 480.199
v -1438.15 243.414 475.24
v -1425.47 223.244 477.163
v -1426.22 243.849 472.22
v -1360.85 256.148 488.821
v -1372.45 207.656 488.821
v -1350.73 244.668 488.821
v -1354.17 204.712 488.821
v -1360.85 256.148 453.986
v -1359.68 269.727 451.027
v -1374.32 257.313 457.001
v -1378.55 208.181 468.341
v -1372.45 207.656 466.875
v -1374.36 185.413 470.821
v -1343.64 182.764 464.239
v -1341.84 203.65 462.005
v -1354.17 204.712 462.513
v -1350.73 244.668 453.791
v -1343.09 244.015 454.204
v -1341.01 268.127 449.788
v -1458.15 112.63 478.632
v -1559.08 115.023 490.425
v -1457.85 125.16 481.254
v -1558.78 127.553 492.383
v -1569.67 114.128 489.676
v -1626.55 117.852 487.731
v -1568.94 125.377 491.417
v -1625.81 129.101 486.891
v -1439.65 90.6561 471.165
v -1439.04 105.463 473.855
v -1399.64 89.0051 464.147
v -1399.03 103.825 466.223
v -1402.94 120.373 469.141
v -1407.54 134.285 472.296
v -1359.65 134.707 461.944
v -1364.25 148.618 464.114
v -1328.27 163.541 463.867
v -1311.25 177.721 465.544
v -1306.16 137.01 465.026
v -1289.14 151.191 466.704
v -1347.83 133.977 460.01
v -1328.71 151.447 463.023
v -1327.47 111.709 461.051
v -1308.35 129.178 464.566
v -1264.53 215.488 463.648
v -1244.97 226.84 463.128
v -1249.05 188.817 468.298
v -1229.49 200.169 467.549
v -1291.24 185.182 466.646
v -1266.91 200.86 465.784
v -1275.71 161.071 467.928
v -1251.38 176.748 468.71
v -1278.41 240.432 482.109
v -1330.96 261.626 451.852
v -1328.71 263.865 451.596
v -1334.53 215.194 460.144
v -1319.32 197.584 464.109
v -1279.3 231.473 460.443
v -1278.41 240.432 459.041
v -1266.91 238.934 459.949
v -1266.02 258.042 457.06
v -1212.27 158.537 504.911
v -1221.6 173.766 470.867
v -1217.05 173.165 471.123
v -1235.18 158.537 471.258
v -1202.26 127.783 477.911
v -1188.76 139.212 477.882
v -1212.27 158.537 473.172
v -1206.9 163.694 472.838
v -1304.67 78.7412 492.655
v -1242.57 110.698 492.655
v -1242.43 113.974 492.655
v -1271.09 123.381 492.655
v -1264.37 129.946 492.655
v -1259.89 135.027 492.655
v -1312.15 75.4649 462.516
v -1304.67 78.7412 464.023
v -1311.1 68.5924 463.342
v -1227.5 68.0037 480.655
v -1227.79 112.489 476.1
v -1242.57 110.698 473.871
v -1242.43 113.974 473.559
v -1231.08 124.571 474.323
v -1249.14 143.985 470.727
v -1259.89 135.027 470.229
v -1261.53 136.524 470.039
v -1266.46 132.787 469.695
v -1264.37 129.946 470.051
v -1271.09 123.381 469.216
v -1288.56 124.571 466.919
v -1314.83 97.7078 462.487
v -1335.44 -19.5981 468.778
v -1326.03 -16.2067 470.505
v -1326.92 -43.1846 473.799
v -1317.52 -39.7932 475.344
v -1323.05 -53.2309 476.644
v -1294.08 -39.4988 480.729
v -1319.82 -60.0393 478.115
v -1290.85 -46.3073 482.372
v -1340.47 14.5339 463.65
v -1319.76 22.315 467.219
v -1331.66 -8.91188 468.365
v -1310.96 -1.13076 472.051
v -1351.81 62.1934 456.274
v -1338.42 67.6965 457.819
v -1342.56 39.6562 460.25
v -1329.17 45.1593 462.451
v -1392.77 20.0754 501.516
v -1398.89 16.492 501.516
v -1386.64 8.58284 501.516
v -1379.17 12.6142 501.516
v -1392.77 20.0754 464.856
v -1390.23 50.2273 462.376
v -1398.89 16.492 465.651
v -1426.21 18.578 467.938
v -1427.55 2.90057 468.516
v -1392.16 -6.80023 466.676
v -1388.28 -4.26625 466.155
v -1386.64 8.58284 465.119
v -1379.17 12.6142 464.176
v -1370.37 11.4112 463.477
v -1366.34 51.1232 459.282
v -1380.82 54.1051 460.697
v -1435.31 47.2454 496.121
v -1414.26 44.4042 496.121
v -1443.67 67.095 468.669
v -1445.46 56.9462 469.121
v -1443.23 50.2273 469.013
v -1435.31 47.2454 468.115
v -1435.17 32.0158 468.479
v -1415.01 30.0705 466.147
v -1414.26 44.4042 465.693
v -1405.01 45.9016 464.526
v -1404.41 64.4074 463.171
v -1564.45 70.5377 489.125
v -1560.57 38.4404 489.125
v -1564.45 70.5377 483.655
v -1563.85 79.637 484.429
v -1572.36 71.2799 484.488
v -1574.75 48.4356 486.125
v -1568.03 39.925 485.75
v -1560.57 38.4404 484.498
v -1561.01 31.2736 484.889
v -1538.58 30.5313 481.206
v -1536.04 78.1525 482.643
v -1552.16 2.79819 483.909
v -1550.56 24.6954 483.472
v -1531.71 1.30084 478.42
v -1530.11 23.2109 478.824
v -1525.48 16.044 477.373
v -1525.48 42.6125 479.115
v -1505.63 16.044 475.085
v -1505.63 42.6125 476.393
v -1526.57 51.072 479.591
v -1526.23 75.1577 481.114
v -1505.82 50.7776 476.72
v -1505.48 74.8634 478.209
v -1641.1 33.4364 499.234
v -1630.73 38.4404 496.35
v -1620.79 -8.66872 503.528
v -1610.43 -3.66475 499.644
v -1598.04 -42.1864 501.292
v -1579.53 -33.6758 493.841
v -1590.62 -58.2988 500.818
v -1572.12 -49.7883 492.629
v -1605.95 -11.7274 499.625
v -1587.59 -3.9591 493.798
v -1596.51 -34.0469 500.206
v -1578.15 -26.2914 492.99
v -1637.16 -45.6162 593.057
v -1640.74 -62.4837 593.057
v -1665.97 -44.1188 527.057
v -1642.08 -35.1603 516.657
v -1654.62 -66.2207 526.297
v -1640.74 -62.4837 520.482
v -1634.02 -71.8901 519.285
v -1614.16 -63.3796 510.409
v -1623.26 -40.5354 510.48
v -1637.16 -45.6162 516.476
v -1693.73 18.2837 514.15
v -1660.74 32.9117 502.994
v -1686.13 2.00472 518.718
v -1655.37 -10.5372 513.961
v -1643.42 -4.71417 509.391
v -1627.03 60.9904 520.709
v -1618.55 70.0641 520.709
v -1604.25 58.9555 520.709
v -1603.14 68.9251 520.709
v -1634.5 61.5407 491.861
v -1632.7 85.8056 488.711
v -1627.03 60.9904 491.444
v -1628.02 47.6549 493.709
v -1605.21 45.9656 490.706
v -1604.25 58.9555 488.713
v -1590.32 57.9189 487.888
v -1588.63 80.776 486.267
v -1602.19 81.7871 486.902
v -1603.14 68.9251 487.049
v -1618.55 70.0641 488.407
v -1617.47 84.6794 487.595
v -1690.67 72.7645 535.252
v -1705.37 65.0217 535.252
v -1677.75 78.1269 535.252
v -1698.84 47.6037 535.252
v -1682.8 56.1144 535.252
v -1681.51 64.0107 535.252
v -1663.79 83.8604 535.252
v -1655.99 68.362 535.252
v -1677.28 65.764 535.252
v -1670.01 60.2865 535.252
v -1709.1 74.0187 493.353
v -1693.83 80.3665 491.325
v -1705.37 65.0217 496.397
v -1711.86 62.3214 497.584
v -1704.73 45.1593 504.043
v -1698.84 47.6037 502.981
v -1696.28 41.4479 505.252
v -1679.59 48.3844 500.81
v -1682.8 56.1144 498.797
v -1678.9 57.7397 497.893
v -1681.51 64.0107 495.659
v -1677.28 65.764 494.681
v -1674.27 58.5076 497.268
v -1670.01 60.2865 496.161
v -1667.44 54.0795 497.475
v -1652.62 60.2353 493.624
v -1655.99 68.362 491.905
v -1649.02 71.2543 490.247
v -1655.67 87.239 488.748
v -1663.79 83.8604 489.639
v -1666.98 91.5263 489.154
v -1680.92 85.7417 490.307
v -1677.75 78.1269 491.164
v -1690.67 72.7645 492.931
v -1724.25 132.032 481.668
v -1717.92 146.673 478.195
v -1689.33 116.905 483.858
v -1682.99 131.546 481.316
v -1751.82 131.354 483.203
v -1737.18 137.561 481.155
v -1728.1 75.5417 493.852
v -1713.47 81.7615 491.868
v -1757.18 158.46 524.936
v -1747.18 146.379 524.936
v -1753.15 165.333 476.147
v -1727.47 150.845 477.827
v -1757.18 158.46 477.808
v -1763.45 155.926 478.667
v -1753.75 133.081 482.936
v -1742.85 138.457 481.251
v -1747.18 146.379 479.796
v -1732.7 140.108 480.377
v -1896.47 157.871 488.5
v -1898.27 154.429 489.222
v -1888.11 144.587 488.881
v -1843.32 115.318 490.969
v -1836.31 108.151 492.081
v -1819.73 120.399 488.828
v -1945.59 74.4154 501.827
v -1928.71 112.336 497.595
v -1923.14 64.4202 501.884
v -1906.27 102.341 497.342
v -1927.22 115.023 497.155
v -1910.66 152.048 491.435
v -1911.49 107.985 496.982
v -1894.92 145.009 489.875
v -2006.79 203.996 504.896
v -2008.44 176.684 506.42
v -2004.71 170.106 505.736
v -1979.33 159.509 501.525
v -1975.3 198.774 499.428
v -2032.28 106.18 505.863
v -2020.83 137.561 506.698
v -2000.78 94.6874 503.317
v -1989.33 126.068 502.957
v -2110.59 64.9066 488.241
v -2109.21 106.218 494.997
v -2043.1 62.6669 501.114
v -2041.74 103.979 505.701
v -2120.26 -10.3836 476.125
v -2066.66 8.27569 488.491
v -2115.97 -22.6824 475.218
v -2062.39 -4.02309 487.464
v -2173.01 -42.5831 462.869
v -2175.64 -33.3686 463.373
v -2132.85 -31.0906 471.125
v -2135.49 -21.8761 471.912
v -2187.04 47.7701 471.177
v -2170.28 53.8107 475.144
v -2179.14 25.8216 470.022
v -2162.36 31.8623 473.914
v -2142.06 -1.13076 473.46
v -2180.42 -15.4644 464.738
v -2148.89 17.1574 474.543
v -2187.25 2.82379 465.772
v -2160.28 59.9281 477.868
v -2158.78 89.1971 483.225
v -2111.02 57.3941 487.143
v -2109.51 86.6503 491.523
v -2198.65 81.7871 473.88
v -2181.17 89.645 479.174
v -2189.99 62.5261 472.421
v -2172.51 70.3841 476.789
v -2252.2 43.0732 458.464
v -2251.64 55.0009 459.564
v -2236.22 42.331 461.366
v -2235.67 54.2587 462.745
v -2239.87 6.12565 457.453
v -2239.54 14.2523 458.166
v -2218.23 5.22979 460.693
v -2217.9 13.3565 461.61
v -2264.36 8.50606 453.928
v -2264.03 18.578 454.537
v -2246.3 7.90455 456.554
v -2245.96 17.9765 457.47
v -2219.39 40.68 464.354
v -2195.8 50.0737 469.787
v -2207.98 12.0767 463.006
v -2184.39 21.4703 468.505
v -2235.06 75.7592 465.069
v -2210.28 84.7178 472.796
v -2225.03 48.0133 463.995
v -2200.25 56.9718 469.747
v -2277.21 141.669 456.304
v -2274.93 156.822 456.668
v -2256.46 138.533 465.531
v -2254.18 153.686 468.06
v -2285.06 96.0568 453.505
v -2278.96 132.941 454.648
v -2260.72 92.0383 460.974
v -2254.62 128.909 465.641
v -2310 68.1444 448.865
v -2305.97 101.88 446.134
v -2296.87 66.5703 451.349
v -2292.84 100.319 450.521
v -2381.52 -2.16739 435.711
v -2406.9 24.6954 419.227
v -2364.56 13.8428 438.108
v -2389.94 40.7056 429.586
v -2350.31 -35.4675 457.604
v -2373.06 -70.4696 454.604
v -2385.7 -37.7071 434.299
v -2353.75 -62.6373 451.157
v -2342.45 -39.7164 441.115
v -2350.31 -35.4675 440.251
v -2353.9 -29.1965 439.909
v -2416.77 -43.5045 418.474
v -2424.27 -21.6714 411.04
v -2387.22 -33.3558 433.338
v -2394.71 -11.5227 428.17
v -2385.86 -123.939 484.983
v -2394.81 -101.3 466.839
v -2328.08 -101.095 467.554
v -2337.03 -78.4554 458.444
v -2411.23 -130.414 477.204
v -2426.01 -94.2863 446.56
v -2391.2 -122.224 481.444
v -2405.98 -86.0957 451.867
v -2485.79 -165.941 463.42
v -2476.23 -157.584 465.428
v -2487.28 -183.563 467.054
v -2480.4 -192.547 472.263
v -2452.05 -195.209 484.792
v -2442.94 -189.233 487.211
v -2441.45 -169.076 483.22
v -2447.12 -159.824 478.573
v -2514.78 -254.731 473.773
v -2515.26 -234.191 468.27
v -2501.94 -254.424 478.827
v -2502.42 -233.884 473.452
v -2542.01 -255.973 463.308
v -2544.54 -228.791 454.984
v -2522.85 -254.181 470.464
v -2525.39 -227.012 462.346
v -2387.82 -543.891 531.735
v -2392.41 -526.179 530.791
v -2325.71 -527.766 525.074
v -2330.31 -510.055 524.726
v -2233.22 -410.452 518.261
v -2233.42 -398.09 519.647
v -2205.9 -410.004 514.661
v -2206.1 -397.642 516.07
v -2262.67 -427.281 520.61
v -2262.98 -414.957 521.831
v -2227.58 -426.385 515.851
v -2227.9 -414.061 517.144
v -2334.94 -174.899 494.49
v -2301.05 -164.904 482.445
v -2324.22 -211.207 495.402
v -2290.33 -201.199 481.744
v -2286.87 -308.814 499.248
v -2259.1 -300.457 485.661
v -2275.97 -344.993 509.58
v -2248.21 -336.636 499.277
v -2373.72 -387.186 538.753
v -2375.25 -354.796 535.74
v -2341.93 -385.702 534.788
v -2343.44 -353.298 528.623
v -2416.75 -339.592 523.568
v -2417.49 -311.502 520.323
v -2361.06 -338.108 529.592
v -2361.81 -310.004 525.604
v -2429.51 -486.482 522.746
v -2431.23 -468.105 522.513
v -2415.18 -485.138 526.093
v -2416.9 -466.761 526.186
v -2444.37 -496.182 519.445
v -2491.7 -498.422 509.399
v -2445.14 -479.891 519.375
v -2492.47 -482.131 508.53
v -2361.07 -469.039 531.348
v -2363.16 -457.214 532.561
v -2336.58 -464.713 527.994
v -2338.67 -452.876 529.202
v -2409.82 -482.643 527.433
v -2413.32 -451.839 527.501
v -2380.86 -479.354 533.653
v -2384.35 -448.55 535.243
v 1117.16 -232.694 547.479
v 1144.88 -210.285 545.741
v 1162.38 -288.684 532.678
v 1190.13 -266.262 527.634
v 1212.4 -193.059 583.653
v 1192.25 -177.229 550.141
v 1184.78 -184.242 548.212
v 1182.4 -192.304 546.606
v 1236.14 -244.557 525.993
v 1241.67 -238.734 528.173
v 1212.4 -193.059 545.423
v 1211.65 -184.843 547.434
v 1199.12 -176.333 550.653
v 1335.39 -211.181 537.914
v 1380.92 -148.178 543.562
v 1361.5 -229.136 535.268
v 1406.59 -166.734 543.149
v 1249.88 -392.664 524.11
v 1268.65 -361.962 522.534
v 1284.07 -413.562 525.171
v 1302.84 -382.861 523.141
v 2088.04 371.78 536.437
v 2111.02 362.463 536.437
v 2073.3 384.565 515.743
v 2075.04 389.121 516.437
v 2080.5 368.414 511.2
v 2088.04 371.78 510.629
v 2111.02 362.463 508.876
v 2116.79 348.743 506.246
v 2132.9 355.526 507.895
v 2134.2 358.559 508.513
v 2121.85 388.686 514.238
v 2097.58 399.091 515.932
v -2638.15 2133.82 605.541
v -2677.65 2134.52 605.541
v -2661.01 2134.32 605.541
v -2651.68 2133.98 605.541
v -2688.35 2114.66 582.415
v -2688.03 2141.29 584.036
v -2631.18 2114.01 583.961
v -2630.86 2141.98 585.435
v -2638.05 2142.07 585.283
v -2638.15 2133.82 584.04
v -2651.68 2133.98 583.718
v -2651.57 2144.03 585.541
v -2660.89 2144.13 585.388
v -2661.01 2134.32 583.546
v -2677.65 2134.52 583.227
v -2677.57 2141.17 584.252
v -2653.05 2034.15 582.04
v -2652.55 2077.3 582.788
v -2584.89 2033.37 585.969
v -2584.4 2076.51 585.67
v 728.428 1565.93 446.046
v 728.127 1627.26 461.03
v 776.818 1566.16 441.444
v 776.54 1627.49 458.706
v 1330.78 1912.54 543.54
v 1334.27 1913.42 543.54
v 1351.04 1930.43 543.54
v 1350.92 1927.05 543.54
v 1353.04 1923.93 543.54
v 1337.4 1910.29 543.54
v 1355.04 1923.93 543.54
v 1336.9 1908.53 543.54
v 1359.17 1929.81 543.54
v 1364.55 1928.05 543.54
v 1368.06 1901.03 543.54
v 1369.68 1909.66 543.54
v 1331.14 1904.04 543.54
v 1362.55 1902.42 543.54
v 1331.4 1899.78 543.54
v 1356.41 1891.65 543.54
v 1358.17 1900.16 543.54
v 1357.05 1897.28 543.54
v 1325.39 1916.05 520.183
v 1347.16 1936.07 508.977
v 1329.78 1911.91 521.629
v 1330.78 1912.54 521.261
v 1331.9 1911.17 521.741
v 1334.27 1913.42 520.539
v 1337.4 1910.29 521.585
v 1336.9 1908.53 522.389
v 1329.02 1910.67 522.238
v 1326.15 1903.78 523.54
v 1331.14 1904.04 523.049
v 1328.65 1900.53 523.343
v 1331.4 1899.78 523.085
v 1331.4 1896.66 523.13
v 1356.05 1889.03 520.467
v 1356.41 1891.65 520.443
v 1360.18 1891.28 520.042
v 1361.3 1896.16 519.963
v 1357.05 1897.28 520.408
v 1358.17 1900.16 520.301
v 1362.55 1902.42 519.881
v 1362.55 1897.91 519.853
v 1368.43 1898.15 519.281
v 1368.06 1901.03 519.335
v 1370.93 1902.29 519.062
v 1369.68 1909.66 518.805
v 1371.19 1910.41 518.395
v 1367.42 1927.43 511.754
v 1364.55 1928.05 511.606
v 1363.17 1930.31 510.693
v 1359.17 1929.81 511.078
v 1359.42 1932.93 509.722
v 1354.29 1933.44 509.961
v 1355.04 1923.93 513.984
v 1353.04 1923.93 514.18
v 1350.92 1927.05 513.042
v 1352.8 1928.31 512.318
v 1351.04 1930.43 511.574
v 1351.66 1932.06 510.813
v 1405.81 1897.49 536.07
v 1409.35 1896.76 536.07
v 1431.83 1904.82 536.07
v 1430.25 1901.83 536.07
v 1430.82 1898.09 536.07
v 1410.8 1892.58 536.07
v 1432.62 1897.22 536.07
v 1409.6 1891.22 536.07
v 1438.89 1900.73 536.07
v 1442.98 1896.81 536.07
v 1434.4 1870.94 536.07
v 1439.63 1878.02 536.07
v 1402.46 1889.65 536.07
v 1430.05 1874.58 536.07
v 1400.84 1885.72 536.07
v 1419.86 1867.54 536.07
v 1425.12 1874.45 536.07
v 1422.86 1872.34 536.07
v 1402.48 1902.98 515.74
v 1430.79 1911.57 507.698
v 1404.64 1897.36 515.018
v 1405.81 1897.49 514.713
v 1406.23 1895.76 514.555
v 1409.35 1896.76 513.761
v 1410.8 1892.58 513.263
v 1409.6 1891.22 513.543
v 1403.42 1896.55 515.315
v 1397.84 1891.6 516.07
v 1402.46 1889.65 515.382
v 1398.68 1887.59 515.867
v 1400.84 1885.72 515.575
v 1399.48 1882.9 515.649
v 1418.37 1865.33 510.466
v 1419.86 1867.54 510.131
v 1423.07 1865.56 509.219
v 1426.21 1869.48 508.487
v 1422.86 1872.34 509.459
v 1425.12 1874.45 508.914
v 1430.05 1874.58 507.601
v 1428.09 1870.52 508.013
v 1433.5 1868.19 506.482
v 1434.4 1870.94 506.328
v 1437.54 1870.83 505.475
v 1439.63 1878.02 505.138
v 1441.3 1878.04 504.693
v 1445.3 1895 504.171
v 1442.98 1896.81 504.849
v 1442.71 1899.43 505.006
v 1438.89 1900.73 506.067
v 1440.47 1903.44 505.734
v 1436.06 1906.11 506.98
v 1432.62 1897.22 507.626
v 1430.82 1898.09 508.136
v 1430.25 1901.83 508.393
v 1432.49 1902.13 507.813
v 1431.83 1904.82 508.059
v 1433.1 1906.01 507.757
v 1490.87 1915.45 513.768
v 1494.36 1916.33 513.768
v 1511.13 1933.34 513.768
v 1511 1929.96 513.768
v 1513.13 1926.84 513.768
v 1497.49 1913.19 513.768
v 1515.13 1926.84 513.768
v 1496.99 1911.45 513.768
v 1519.26 1932.71 513.768
v 1524.64 1930.96 513.768
v 1528.15 1903.94 513.768
v 1529.77 1912.58 513.768
v 1491.23 1906.95 513.768
v 1522.64 1905.32 513.768
v 1491.49 1902.68 513.768
v 1516.51 1894.56 513.768
v 1518.26 1903.07 513.768
v 1517.14 1900.19 513.768
v 1485.48 1918.95 492.725
v 1507.25 1938.97 486.169
v 1489.86 1914.82 492.248
v 1490.87 1915.45 491.981
v 1491.99 1914.08 491.939
v 1494.36 1916.33 491.211
v 1497.49 1913.19 490.807
v 1496.99 1911.45 490.961
v 1489.11 1913.58 492.545
v 1486.23 1906.69 493.768
v 1491.23 1906.95 492.457
v 1488.74 1903.44 492.979
v 1491.49 1902.68 492.227
v 1491.49 1899.56 492.107
v 1516.14 1891.93 485.288
v 1516.51 1894.56 485.302
v 1520.27 1894.18 484.284
v 1521.39 1899.06 484.196
v 1517.14 1900.19 485.377
v 1518.26 1903.07 485.19
v 1522.64 1905.32 484.124
v 1522.64 1900.82 483.94
v 1528.53 1901.06 482.378
v 1528.15 1903.94 482.605
v 1531.02 1905.19 481.894
v 1529.77 1912.58 482.313
v 1531.27 1913.32 481.954
v 1527.52 1930.34 482.683
v 1524.64 1930.96 483.434
v 1523.27 1933.21 483.653
v 1519.26 1932.71 484.472
v 1519.51 1935.85 484.036
v 1514.39 1936.35 484.941
v 1515.13 1926.84 485.982
v 1513.13 1926.84 486.361
v 1511 1929.96 486.374
v 1512.88 1931.21 485.863
v 1511.13 1933.34 485.931
v 1511.76 1934.96 485.609
v 128.527 2319.6 530.495
v 103.113 2333.89 508.077
v 120.111 2340.67 510.495
v 118.764 2294.67 496.068
v 145.414 2305.31 498.886
v 138.167 2323.46 505.421
v 128.527 2319.6 504.137
v -816.687 2395.42 561.68
v -776.378 2419.05 561.479
v -785.774 2342.65 550.29
v -764.779 2354.95 550.56
v -757.665 2387.11 554.927
v -748.971 2350.99 548.376
v -745.008 2374.98 552.052
v -733.231 2326.86 542.56
v -695.371 2351.54 543.67
v -720.897 2390.7 552.082
v 735.797 -13.8007 583.96
v 726.246 -28.6974 583.96
v 740.684 -10.3069 583.96
v 730.209 -38.0142 583.96
v 751.638 -15.426 583.96
v 753.263 -22.1833 583.96
v 738.357 -40.817 583.96
v 745.816 -38.2574 583.96
v 723.741 -27.5584 557.117
v 731.021 -11.625 546.535
v 726.246 -28.6974 557.795
v 730.209 -38.0142 562.564
v 728.55 -41.8152 563.96
v 736.42 -45.2578 562.447
v 738.357 -40.817 562.876
v 745.816 -38.2574 560.721
v 751.393 -40.8042 561.235
v 758.751 -24.6917 552.405
v 753.263 -22.1833 551.624
v 751.638 -15.426 548.399
v 753.897 -8.68152 544.412
v 742.509 -4.86775 542.789
v 740.684 -10.3069 545.6
v 735.797 -13.8007 547.77
v -212.768 -2879.08 579.641
v -204.363 -2879.06 579.641
v -229.399 -2882.17 552.256
v -229.477 -2861.62 559.641
v -212.756 -2882.1 548.878
v -212.768 -2879.08 549.97
v -204.363 -2879.06 548.261
v -204.285 -2902.24 540.203
v -185.005 -2902.18 536.517
v -185.149 -2861.46 550.226
v -306.276 -2841.79 613.587
v -299.263 -2842.05 613.587
v -320.503 -2848.17 584.266
v -329.887 -2827.31 593.587
v -306.276 -2841.79 583.855
v -304.996 -2844.64 582.477
v -299.263 -2842.05 582.209
v -289.522 -2863.73 571.531
v -264.765 -2852.6 570.583
v -285.17 -2807.21 592.636
v -387.083 -2802.94 631.168
v -379.19 -2799.8 631.168
v -414 -2799.55 611.168
v -381.316 -2765.37 603.2
v -398.259 -2814.62 604.187
v -387.083 -2802.94 607.809
v -384.522 -2805.38 606.69
v -379.19 -2799.8 608.42
v -362.804 -2815.47 600.965
v -346.629 -2798.55 606.418
v -389.955 -2892.07 596.041
v -413.911 -2892.53 596.041
v -413.661 -2905.69 596.041
v -380.159 -2896.01 596.041
v -389.385 -2905.69 596.041
v -379.978 -2905.69 596.041
v -389.877 -2896.19 596.041
v -380.159 -2896.01 596.041
v -389.385 -2905.69 596.041
v -413.911 -2892.53 596.041
v -413.661 -2905.69 584.979
v -413.661 -2905.69 596.041
v -413.661 -2905.69 571.881
v -413.661 -2905.69 584.979
v -413.911 -2892.53 576.041
v -379.978 -2905.69 596.041
v -379.978 -2905.69 578.26
v -380.159 -2896.01 571.19
v -380.159 -2896.01 571.19
v -379.978 -2905.69 578.26
v -379.978 -2905.69 567.916
v -389.877 -2896.19 572.159
v -389.877 -2896.19 596.041
v -389.955 -2892.07 573.734
v -389.955 -2892.07 596.041
v -413.911 -2892.53 576.041
v -479.89 -2892.56 602.919
v -479.768 -2905.69 602.919
v -467.627 -2905.69 602.919
v -443.564 -2905.69 602.919
v -443.689 -2892.22 602.919
v -467.627 -2905.69 602.919
v -479.89 -2892.56 602.919
v -479.768 -2905.69 592.905
v -479.89 -2892.56 582.919
v -479.768 -2905.69 592.905
v -479.768 -2905.69 579.555
v -443.689 -2892.22 579.234
v -443.564 -2905.69 587.309
v -443.689 -2892.22 579.234
v -443.564 -2905.69 587.309
v -443.564 -2905.69 575.362
v -479.89 -2892.56 582.919
v -443.689 -2892.22 602.919
v -482.061 -2820.42 636.089
v -476.183 -2815.39 636.089
v -508.488 -2822.06 609.099
v -487.215 -2782.76 616.089
v -488.74 -2832.75 605.006
v -482.061 -2820.42 608.831
v -479.612 -2821.75 608.149
v -476.183 -2815.39 610.194
v -456.624 -2825.97 604.759
v -445.47 -2805.34 611.365
v -348.154 -2893.59 588.773
v -347.917 -2905.69 588.773
v -337.374 -2905.69 588.773
v -314.883 -2905.69 588.773
v -315.137 -2892.94 588.773
v -337.374 -2905.69 588.773
v -348.154 -2893.59 588.773
v -347.917 -2905.69 578.053
v -347.917 -2905.69 564.326
v -347.917 -2905.69 578.053
v -348.154 -2893.59 568.773
v -315.137 -2892.94 565.22
v -314.883 -2905.69 573.007
v -315.137 -2892.94 565.22
v -314.883 -2905.69 573.007
v -314.883 -2905.69 560.185
v -348.154 -2893.59 568.773
v -315.137 -2892.94 588.773
v -284.346 -2893.57 578.882
v -284.088 -2905.69 578.882
v -271.134 -2905.69 578.882
v -254.047 -2905.69 578.882
v -254.323 -2892.93 578.882
v -271.134 -2905.69 578.882
v -284.346 -2893.57 578.882
v -284.088 -2905.69 565.964
v -284.088 -2905.69 554.394
v -284.088 -2905.69 565.964
v -284.346 -2893.57 558.882
v -254.047 -2905.69 564.56
v -254.323 -2892.93 553.133
v -254.323 -2892.93 553.133
v -254.047 -2905.69 564.56
v -254.047 -2905.69 548.676
v -284.346 -2893.57 558.882
v -254.323 -2892.93 578.882
v 624.01 -380.544 579.053
v 610.05 -369.807 576.61
v 628.552 -374.658 579.143
v 614.592 -363.908 576.584
v 641.854 -391.294 579.166
v 627.739 -380.544 579.476
v 645.628 -386.342 581.267
v 631.513 -375.592 579.717
v 642.144 -394.66 578.063
v 649.535 -386.521 581.65
v 646.418 -398.538 577.239
v 653.81 -390.399 580.826
v 655.58 -387.046 582.159
v 643.268 -377.563 581.587
v 660.467 -380.711 583.531
v 648.144 -371.228 582.158
v 633.717 -374.133 579.972
v 616.919 -360.401 576.407
v 640.04 -366.39 580.42
v 623.253 -352.659 576.492
v 608.481 -370.626 576.497
v 646.329 -400.035 576.724
v 662.604 -380.992 583.773
v 623.264 -351.66 576.414
v 4102.69 -2129.34 932.174
v 4107.15 -2094.35 927.996
v 4121.21 -2131.22 950.483
v 4124.47 -2095.55 944.818
v 4113.04 -2060.63 906.823
v 4096.67 -2039.06 877.26
v 4150.73 -2027.88 906.686
v 4133.06 -2008.39 876.698
v 4172.82 -2189.82 987.214
v 4187.12 -2155.25 990.672
v 4190.5 -2197.1 993.023
v 4204.53 -2163.31 995.93
v 4149.78 -2168.17 978.014
v 4155.3 -2144.54 982.289
v 4158.45 -2169.36 982.774
v 4163.57 -2146.11 984.221
v 2588.33 670.738 481.48
v 2595.16 661.856 481.48
v 2583.42 671.967 462.381
v 2597.04 726.399 455.37
v 2588.33 670.738 462.179
v 2586.65 663.98 463.48
v 2595.16 661.856 462.577
v 2593.66 655.879 463.342
v 2653.4 640.956 444.325
v 2670.17 708.11 429.806
v 2594.88 906.323 419.618
v 2608.74 945.756 410.306
v 2636.82 891.579 418.036
v 2650.68 931.012 403.156
v 2719.99 854.296 397.389
v 2681.37 874.057 408.38
v 2739.38 892.206 386.677
v 2700.76 911.967 393.94
v 2664.62 855.397 415.981
v 2639.98 807.478 430.887
v 2674.46 789.752 419.524
v 2699.09 837.683 405.781
v 2736.42 818.114 393.495
v 2768.61 794.641 381.976
v 2703.9 773.536 409.26
v 2736.09 750.064 397.614
v 2433.72 768.455 436.338
v 2399.95 773.613 418.65
v 2441.86 821.698 411.757
v 2408.08 826.856 397.284
v 2724.44 645.678 414.031
v 2756.91 689.744 395.63
v 2755.29 622.935 401.73
v 2787.77 667.001 385.629
v 2687.23 472.195 440.035
v 2682.76 247.919 427.67
v 2753.22 252.449 400.107
v 2780.5 465.988 388.488
v 2760.62 481.513 448.555
v 2702.58 537.48 448.555
v 2753.45 475.497 448.555
v 2727.32 475.728 448.555
v 2783.75 512.728 387.109
v 2780.51 515.044 388.12
v 2762.48 511.346 398.116
v 2760.62 481.513 399.001
v 2753.45 475.497 403.113
v 2727.32 475.728 417.866
v 2702.58 537.48 435.938
v 2779.59 521.751 388.339
v 2685.93 577.258 440.228
v 2680.45 571.613 444.165
v 1879.72 547.258 385.561
v 1887.78 506.789 427.929
v 1918.66 512.907 431.618
v 1912.12 554.63 390.207
v 2023.07 349.498 553.355
v 2041.85 355.142 553.355
v 2030.95 340.834 553.355
v 2132.34 320.024 553.355
v 2060.11 294.222 553.355
v 1980.87 336.239 519.886
v 2023.07 349.498 516.435
v 2030.95 340.834 513.238
v 2026.58 328.24 511.047
v 2037.16 306.944 504.698
v 2060.11 294.222 502.356
v 2054.4 278.186 506.192
v 2166.44 235.799 511.686
v 2173.62 256.263 507.255
v 2147.08 323.518 501.887
v 2134.19 325.732 502.068
v 2132.34 320.024 500.91
v 2041.85 355.142 514.746
v 1966.57 387.189 535.314
v 2639 559.02 470.157
v 2621.97 563.448 478.802
v 2644.43 579.881 462.224
v 2639.55 546.861 510.01
v 2655.8 515.748 463.381
v 2640.96 512.382 472.022
v 2647.25 553.427 466.53
v 2638.51 551.443 472.489
v 2639.55 546.861 472.851
v 2633.45 545.479 477.01
v 2595.75 542.791 493.434
v 2560.16 551.878 488.921
v 2600 559.468 488.926
v 2564.41 568.542 485.485
v 2569.18 523.811 492.644
v 2552.65 527.267 491.788
v 2573.23 543.188 491.452
v 2556.69 546.644 489.729
v 2543.57 528.867 491.099
v 2534.53 530.94 490.47
v 2551.58 564.421 486.001
v 2542.58 566.404 485.225
v 2634.3 514.942 476.368
v 2584.37 520.42 493.582
v 2635.44 525.309 477.215
v 2585.5 530.774 495.281
v -404.738 88.506 505.935
v -447.93 69.821 477.369
v -439.648 118.824 477.852
v -387.806 60.6448 485.935
v -385.513 85.8568 482.38
v -404.738 88.506 480.753
v -402.089 115.126 480.56
v -899.509 464.568 453.047
v -870.655 488.987 451.816
v -879.961 443.156 457.447
v -850.884 468.753 456.14
v -943.446 488.027 445.541
v -944.459 503.743 442.395
v -897.861 490.958 449.178
v -898.874 506.661 446.528
v 1519.68 -880.905 622.297
v 1503.7 -875.492 622.297
v 1519.86 -891.757 622.297
v 1529.19 -860.494 622.297
v 1526.96 -876.285 622.297
v 1521.5 -890.144 622.297
v 1525.58 -896.581 622.297
v 1535.76 -881.276 622.297
v 1537.24 -888.801 622.297
v 1533.02 -882.146 622.297
v 1519.68 -880.905 464.656
v 1526.96 -876.285 463.984
v 1509.03 -870.181 471.44
v 1503.7 -875.492 471.389
v 1502.32 -874.097 472.297
v 1497.08 -879.305 472.147
v 1515.9 -898.245 460.796
v 1521.14 -893.049 460.839
v 1519.86 -891.757 461.549
v 1521.5 -890.144 461.56
v 1525.58 -896.581 458.644
v 1516.8 -902.43 459.262
v 1522.73 -911.324 454.942
v 1550.49 -892.806 452.481
v 1544.57 -883.925 456.495
v 1537.24 -888.801 457.405
v 1533.02 -882.146 460.594
v 1535.76 -881.276 459.985
v 1536.35 -883.132 459.279
v 1544.27 -880.636 457.515
v 1536.06 -854.658 467.165
v 1528.15 -857.167 469.146
v 1529.19 -860.494 467.883
v 1522.63 -862.567 469.347
v 1591.93 -842.975 622.981
v 1575.96 -837.561 622.981
v 1592.12 -853.839 622.981
v 1601.45 -822.576 622.981
v 1599.21 -838.368 622.981
v 1593.76 -852.227 622.981
v 1597.83 -858.664 622.981
v 1608.02 -843.359 622.981
v 1609.49 -850.883 622.981
v 1605.27 -844.229 622.981
v 1591.93 -842.975 456.595
v 1599.21 -838.368 459.207
v 1581.29 -832.263 464.668
v 1575.96 -837.561 461.274
v 1574.58 -836.179 462.556
v 1569.33 -841.388 460.123
v 1588.16 -860.327 452.795
v 1593.4 -855.132 453.735
v 1592.12 -853.839 454.07
v 1593.76 -852.227 454.361
v 1597.83 -858.664 452.76
v 1589.06 -864.512 451.814
v 1594.98 -873.406 449.527
v 1622.75 -854.889 452.544
v 1616.82 -845.995 454.81
v 1609.49 -850.883 454.018
v 1605.27 -844.229 455.673
v 1608.02 -843.359 455.758
v 1608.61 -845.214 455.326
v 1616.52 -842.719 455.794
v 1608.32 -816.741 472.981
v 1600.4 -819.236 472.155
v 1601.45 -822.576 469.385
v 1594.88 -824.649 468.698
v 1663.42 -795.318 633.366
v 1647.44 -789.905 633.366
v 1663.6 -806.183 633.366
v 1672.94 -774.92 633.366
v 1670.69 -790.711 633.366
v 1665.24 -804.558 633.366
v 1669.31 -811.008 633.366
v 1679.51 -795.702 633.366
v 1680.98 -803.227 633.366
v 1676.76 -796.572 633.366
v 1663.42 -795.318 475.501
v 1670.69 -790.711 475.885
v 1652.78 -784.607 483.193
v 1647.44 -789.905 481.391
v 1646.06 -788.523 482.601
v 1640.82 -793.719 480.626
v 1659.64 -812.671 468.23
v 1664.88 -807.463 469.399
v 1663.6 -806.183 470.32
v 1665.24 -804.558 470.684
v 1669.31 -811.008 467.071
v 1660.54 -816.856 466.122
v 1666.46 -825.737 461.076
v 1694.24 -807.232 464.704
v 1688.3 -798.338 468.372
v 1680.98 -803.227 467.869
v 1676.76 -796.572 471.616
v 1679.51 -795.702 471.348
v 1680.09 -797.558 470.328
v 1688.01 -795.062 469.551
v 1679.8 -769.084 481.769
v 1671.88 -771.58 483.366
v 1672.94 -774.92 481.416
v 1666.36 -776.993 482.743
v 1713.68 -739.369 512.795
v 1722.2 -748.174 512.795
v 1720.35 -728.799 512.795
v 1723.84 -735.044 512.795
v 1735.03 -746.382 512.795
v 1723.25 -705.329 491.242
v 1710.94 -712.38 492.795
v 1703.99 -730.565 487.194
v 1713.68 -739.369 479.994
v 1711.89 -741.007 480.29
v 1721.9 -750.861 473.616
v 1722.2 -748.174 473.943
v 1732.94 -754.15 469.212
v 1736.08 -747.879 469.121
v 1735.03 -746.382 469.73
v 1736.97 -742.799 469.628
v 1729.51 -731.755 475.211
v 1723.84 -735.044 476.75
v 1720.35 -728.799 480.314
v 1732.64 -721.76 478.616
v 1775.59 -619.574 549.503
v 1763.72 -607.711 549.503
v 1763.72 -607.711 529.503
v 1775.59 -619.574 522.929
v 1752.46 -618.986 528.567
v 1764.32 -630.849 519.271
v 1776.86 -594.568 527.994
v 1788.72 -606.444 523.913
v 1630.93 -683.804 536.078
v 1608.82 -702.104 538.743
v 1616.98 -666.95 545.869
v 1594.88 -685.237 549.084
v 1599.51 -709.795 540.803
v 1582.35 -689.051 552.526
v 1591.65 -681.347 551.006
v 1500.32 -748.839 524.021
v 1495.02 -739.804 526.119
v 1546.97 -721.44 542.847
v 1541.66 -712.406 543.41
v 1507.51 -760.216 518.672
v 1508.91 -762.622 517.912
v 1557.41 -734.135 540.42
v 1551.78 -724.55 543.223
v 1503.29 -753.024 521.849
v 1504.29 -754.751 520.935
v 1489.53 -754.342 544.809
v 1493.49 -761.099 544.809
v 1495.35 -750.925 544.809
v 1499.32 -757.669 544.809
v 1496.59 -744.398 524.809
v 1483.7 -751.962 519.883
v 1486.23 -756.274 518.523
v 1489.53 -754.342 519.723
v 1493.49 -761.099 517.326
v 1489.82 -763.249 516.285
v 1493.04 -768.713 514.562
v 1499.32 -757.669 518.983
v 1495.35 -750.925 522.203
v 1499.13 -748.711 523.81
v 1479.71 -769.187 539.883
v 1486.85 -765.002 539.883
v 1482.88 -758.245 539.883
v 1475.75 -762.442 539.883
v 1475.84 -771.452 513.995
v 1479.71 -769.187 514.542
v 1479.05 -776.929 511.81
v 1486.85 -765.002 515.553
v 1482.88 -758.245 517.774
v 1469.35 -760.395 516.467
v 1471.87 -764.708 516.024
v 1475.75 -762.442 516.639
v 1439.16 -800.36 509.992
v 1429.44 -783.826 512.284
v -3358.09 -972.339 429.268
v -3365.78 -950.047 412.53
v -3328.11 -961.987 423.91
v -3335.8 -939.694 409.968
v -3491.64 -1087.33 503.606
v -3497.44 -1073.35 503.606
v -3514.37 -1073.24 503.606
v -3507.48 -1077.5 503.606
v -3511.84 -1079.31 503.606
v -3497.44 -1073.35 469.019
v -3507.48 -1077.5 467.785
v -3491.64 -1087.33 479.353
v -3497.1 -1089.6 478.908
v -3495.81 -1092.71 481.206
v -3467.6 -1081.01 483.606
v -3481.9 -1046.52 454.651
v -3519.06 -1061.94 453.607
v -3514.37 -1073.24 463.302
v -3522.23 -1076.51 462.39
v -3519.71 -1082.57 466.359
v -3511.84 -1079.31 467.275
v -3509.77 -1084.32 470.987
v -3505.4 -1082.51 471.587
v -3684.17 -1062.37 411.741
v -3690.29 -1035.54 390.678
v -3660.82 -1057.03 412.532
v -3666.94 -1030.22 391.456
v -3854.6 -1129.75 449.177
v -3864.73 -1132.68 449.177
v -3855.1 -1128 421.39
v -3854.6 -1129.75 422.404
v -3865.23 -1130.94 422.06
v -3864.73 -1132.68 423.127
v -3872.18 -1134.85 423.666
v -3869.59 -1143.83 429.177
v -3845.89 -1136.97 427.274
v -3848.5 -1127.99 422.026
v -3757.68 -1188.03 495.631
v -3758.96 -1178.28 495.631
v -3734.8 -1195.52 473.728
v -3737.01 -1184.05 461.591
v -3757.68 -1188.03 460.532
v -3758.96 -1178.28 455.156
v -3634.82 -1154.43 465.904
v -3636.58 -1145.25 461.507
v -3769.73 -1170.26 450.738
v -3765.72 -1200.88 475.631
v -4533.47 -1310.93 443.794
v -4530.79 -1279.19 429.737
v -4498.42 -1313.89 450.009
v -4495.75 -1282.15 432.797
v -4450.62 -1322.55 462.008
v -4449.72 -1298.82 444.064
v -4411.77 -1324.03 466.65
v -4410.87 -1300.31 446.673
v -4483.51 -1322.47 458.555
v -4483.29 -1294.4 438.6
v -4465.56 -1322.61 460.546
v -4465.35 -1294.52 440.296
v -4521.3 -1157.23 388.599
v -4511.79 -1128.03 375.421
v -4485.61 -1168.83 388.701
v -4476.11 -1139.63 375.284
v -4523.68 -1222.33 434.591
v -4519.36 -1223.12 434.591
v -4520.35 -1204.4 434.591
v -4516.03 -1205.2 434.591
v -4532.06 -1228.52 414.489
v -4525.52 -1193.26 403.132
v -4525.07 -1229.82 414.436
v -4523.68 -1222.33 412.094
v -4519.36 -1223.12 412.046
v -4520.87 -1231.27 414.591
v -4513.71 -1232.6 414.522
v -4507.15 -1197.27 402.038
v -4514.31 -1195.94 402.533
v -4516.03 -1205.2 405.528
v -4520.35 -1204.4 405.826
v -4518.53 -1194.56 402.646
v -4458.24 -1243.39 442.132
v -4452.93 -1244.02 442.132
v -4455.69 -1221.69 442.132
v -4450.38 -1222.31 442.132
v -4467.73 -1248.51 420.353
v -4463.51 -1212.51 404.568
v -4458.95 -1249.53 420.685
v -4458.24 -1243.39 418.191
v -4452.93 -1244.02 418.45
v -4453.73 -1250.8 421.219
v -4445.35 -1251.78 422.132
v -4441.09 -1215.49 405.317
v -4449.46 -1214.52 404.595
v -4450.38 -1222.31 408.095
v -4455.69 -1221.69 407.91
v -4454.73 -1213.53 404.474
v -4416.19 -1173.65 421.355
v -4382.84 -1180.48 421.355
v -4381.15 -1172.23 421.355
v -4414.5 -1165.38 421.355
v -4421.66 -1172.52 387.469
v -4416.19 -1173.65 388.69
v -4423.93 -1183.58 392.391
v -4383.14 -1191.93 401.355
v -4380.88 -1180.89 396.264
v -4382.84 -1180.48 395.804
v -4381.15 -1172.23 391.767
v -4376.06 -1173.26 392.919
v -4373.89 -1162.67 387.952
v -4416.14 -1154.02 379.871
v -4418.31 -1164.6 384.366
v -4414.5 -1165.38 385.058
v -4390.63 -1242.51 446.785
v -4385.09 -1241.88 446.785
v -4392.65 -1224.58 446.785
v -4387.1 -1223.95 446.785
v -4399.87 -1253.46 426.439
v -4403.9 -1217.63 410.191
v -4389.53 -1252.3 426.785
v -4390.63 -1242.51 422.413
v -4385.09 -1241.88 422.617
v -4384.11 -1250.53 426.454
v -4375.28 -1249.54 426.753
v -4379.2 -1214.7 411.496
v -4388.03 -1215.68 410.976
v -4387.1 -1223.95 414.736
v -4392.65 -1224.58 414.433
v -4393.56 -1216.46 410.735
v -4336.8 -1239.78 449.607
v -4328.75 -1239.74 449.607
v -4336.89 -1220.38 449.607
v -4328.84 -1220.35 449.607
v -4346.34 -1247.71 428.255
v -4346.48 -1213.82 414.631
v -4336.77 -1247.66 429.033
v -4336.8 -1239.78 425.937
v -4328.75 -1239.74 426.594
v -4328.72 -1246.06 429.046
v -4321.86 -1246.04 429.607
v -4322 -1212.18 416.577
v -4328.87 -1212.2 415.866
v -4328.84 -1220.35 419.109
v -4336.89 -1220.38 418.275
v -4336.92 -1213.78 415.62
v -4308.17 -1178.5 433.795
v -4301.93 -1157.59 392.24
v -4330.43 -1178.48 400.976
v -4322.64 -1189.1 407.683
v -4308.17 -1178.5 403.525
v -4295.18 -1196.22 413.795
v -4281.14 -1185.93 411.354
v -4239.41 -1204.37 451.126
v -4232.05 -1179.97 414.086
v -4262.66 -1195.58 417.555
v -4254.29 -1211.97 424.922
v -4239.41 -1204.37 424.504
v -4232.47 -1217.96 431.126
v -4216.74 -1209.94 430.428
v -4124.63 -1154.29 442.199
v -4126.13 -1154.44 407.006
v -4127.12 -1145.12 399.09
v -4124.63 -1154.29 407.028
v -4122.89 -1170.68 420.416
v -4064.84 -1164.5 422.199
v -4061.87 -1145.76 407.472
v -4067.57 -1138.79 401.287
v -4136.2 -1156.69 440.227
v -4176.29 -1147.98 397.219
v -4176.26 -1172.17 415.37
v -4136.19 -1172.15 420.227
v -4136.2 -1156.69 407.896
v -4133.75 -1156.69 408.145
v -4133.76 -1147.95 400.912
v 2096.51 -373.007 524.507
v 2119.49 -366.224 524.507
v 2096.33 -360.235 524.507
v 2100.63 -363.601 524.507
v 2123.52 -361.067 524.507
v 2069.49 -373.391 503.313
v 2086.06 -386.355 494.815
v 2096.51 -373.007 496.035
v 2116.83 -388.914 490.506
v 2128.85 -373.557 492.532
v 2119.49 -366.224 495.291
v 2123.52 -361.067 496.132
v 2144.59 -377.563 489.908
v 2157.16 -361.515 492.499
v 2123.12 -334.87 502.571
v 2100.63 -363.601 497.914
v 2096.33 -360.235 499.192
v 2107.22 -346.337 501.445
v 2096.97 -338.3 504.507
v 2045.78 -467.401 530.836
v 2046.74 -460.452 530.836
v 2038.7 -454.514 530.836
v 2032.05 -457.278 530.836
v 2051.91 -471.918 530.836
v 2056.3 -465.968 530.836
v 2063.3 -471.125 530.836
v 2058.72 -477.345 530.836
v 2049.63 -475.003 530.836
v 2026.26 -453.004 530.836
v 2043.5 -470.485 530.836
v 2039.07 -476.5 530.836
v 2029.97 -447.949 530.836
v 2033.63 -444.852 530.836
v 2020.47 -440.949 530.836
v 2016.75 -445.991 530.836
v 2023.99 -456.088 530.836
v 2032.06 -462.039 530.836
v 2027.62 -468.054 530.836
v 2049.44 -462.436 495.61
v 2045.78 -467.401 495.99
v 2046.74 -460.452 496.742
v 2049.27 -457.022 496.474
v 2041.23 -451.084 499.786
v 2038.7 -454.514 500.027
v 2035.72 -452.313 501.245
v 2032.05 -457.278 501.598
v 2026.26 -453.004 504.004
v 2029.97 -447.949 503.692
v 2030.85 -448.601 503.313
v 2033.63 -444.852 503.078
v 2038.84 -448.704 500.855
v 2042.72 -443.444 500.501
v 2022.05 -428.202 509.213
v 2015.4 -437.212 509.895
v 2020.47 -440.949 507.772
v 2016.75 -445.991 508.102
v 2012.12 -442.587 510.097
v 2003.31 -454.527 510.836
v 2017.44 -464.944 504.806
v 2023.99 -456.088 504.194
v 2032.06 -462.039 500.883
v 2027.62 -468.054 501.309
v 2024.23 -465.545 502.692
v 2017.94 -474.081 503.236
v 2035.99 -487.391 495.809
v 2042.28 -478.855 495.277
v 2039.07 -476.5 496.55
v 2043.5 -470.485 496.21
v 2049.63 -475.003 493.706
v 2043.33 -483.551 494.272
v 2055.83 -492.765 489.204
v 2064.22 -481.401 488.403
v 2058.72 -477.345 490.649
v 2063.3 -471.125 490.211
v 2070.34 -476.321 487.337
v 2076.54 -467.913 486.701
v 2056.76 -453.324 494.712
v 2050.56 -461.732 495.371
v 2056.3 -465.968 492.993
v 2051.91 -471.918 493.49
v 2068.61 -411.258 527.189
v 2072.91 -412.295 527.189
v 2076.56 -414.727 527.189
v 2065.94 -415.251 527.189
v 2077.74 -416.569 527.189
v 2074.71 -421.1 527.189
v 2083.14 -426.718 527.189
v 2088.36 -440.961 527.189
v 2086.02 -444.468 527.189
v 2042.47 -414.791 527.189
v 2046.33 -408.993 527.189
v 2050.48 -402.761 527.189
v 2057.47 -409.595 527.189
v 2069.4 -401.084 498.167
v 2064.47 -408.494 498.756
v 2068.61 -411.258 497.064
v 2065.94 -415.251 497.355
v 2057.47 -409.595 500.849
v 2062.96 -401.366 500.207
v 2054.97 -396.042 503.645
v 2050.48 -402.761 504.124
v 2046.11 -399.843 506
v 2041.94 -406.075 506.4
v 2046.33 -408.993 504.562
v 2042.47 -414.791 504.907
v 2037.98 -411.809 506.81
v 2033.01 -419.257 507.189
v 2087.24 -455.41 485.177
v 2091.91 -448.397 485.204
v 2086.02 -444.468 486.997
v 2088.36 -440.961 486.78
v 2093.82 -444.596 485.544
v 2102.91 -430.954 486.456
v 2087.27 -420.524 489.84
v 2083.14 -426.718 490.29
v 2074.71 -421.1 493.677
v 2077.74 -416.569 493.386
v 2084.94 -421.368 490.446
v 2088.75 -415.674 490.028
v 2079.88 -409.761 493.662
v 2076.56 -414.727 494.038
v 2072.91 -412.295 495.552
v 2077.01 -406.152 495.061
v 2161.19 -432.31 504.062
v 2162.18 -437.391 504.062
v 2161.08 -438.991 504.062
v 2149.65 -447.424 504.062
v 2146.65 -450.879 504.062
v 2143.97 -454.783 504.062
v 2142.98 -456.229 504.062
v 2139.91 -460.708 504.062
v 2150.46 -473.416 504.062
v 2149.7 -474.529 504.062
v 2130.55 -474.44 504.062
v 2154.5 -431.248 504.062
v 2158.67 -430.583 504.062
v 2123.78 -473.173 504.062
v 2127.56 -472.392 504.062
v 2162.18 -437.391 480.394
v 2159.14 -435.305 480.889
v 2161.08 -438.991 480.316
v 2157.24 -436.367 480.94
v 2149.65 -447.424 480.332
v 2149.21 -447.13 480.407
v 2146.65 -450.879 480.177
v 2144.57 -449.446 480.533
v 2141.9 -453.362 480.293
v 2143.97 -454.783 479.939
v 2142.98 -456.229 479.851
v 2141.08 -454.936 480.174
v 2138.02 -459.403 479.901
v 2139.91 -460.708 479.577
v 2137.35 -464.445 479.349
v 2150.46 -473.416 477.254
v 2149.7 -474.529 477.18
v 2136.63 -465.571 479.276
v 2130.55 -474.44 478.701
v 2127.56 -472.392 479.184
v 2135.13 -461.348 479.919
v 2124.1 -453.784 481.736
v 2114.96 -467.119 480.849
v 2123.78 -473.173 479.381
v 2118.81 -480.429 478.818
v 2143.53 -497.36 474.969
v 2179.83 -444.378 478.082
v 2151.75 -413.869 484.062
v 2136.13 -436.674 482.794
v 2146.09 -443.508 481.119
v 2154.5 -431.248 481.739
v 2157.02 -432.989 481.327
v 2158.67 -430.583 481.445
v 2161.19 -432.31 481.036
v 1650.09 -308.481 610.564
v 1643.3 -321.215 606.945
v 1604.26 -284.038 589.859
v 1597.47 -296.772 586.447
v 1635.16 -316.877 603.5
v 1646.91 -323.147 608.477
v 1626.82 -360.836 598.443
v 1615.05 -354.553 593.501
v 1588.75 -432.195 565.726
v 1576.04 -425.412 563.942
v 1614.11 -354.054 593.104
v 1420.32 -824.253 512.531
v 1408.49 -829.909 515.402
v 1426.38 -870.066 497.464
v 1430.02 -880.79 491.456
v 1374.35 -899.742 490.049
v 1370.7 -889.031 494.704
v 1343.37 -902.993 515.021
v 1336.88 -899.985 515.021
v 1363.94 -895.993 491.206
v 1343.37 -902.993 487.097
v 1360.7 -886.472 495.021
v 1335.23 -895.148 489.931
v 1336.88 -899.985 487.951
v 1333.7 -901.06 487.344
v 1336.08 -908.022 484.759
v 1344.15 -905.283 486.247
v 1299.54 -916.813 479.834
v 1307.99 -913.934 481.183
v 1292.56 -919.194 478.719
v 1296.17 -929.777 474.718
v 1311.6 -924.517 477.162
v 1305.16 -905.629 513.818
v 1326.48 -898.373 488.096
v 1305.16 -905.629 484.263
v 1321.29 -883.119 493.818
v 1291.53 -893.254 488.174
v 1249.96 -889.428 487.063
v 1249.09 -873.611 492.039
v 1292.18 -887.099 490.585
v 1291.31 -871.294 496.092
v 1303.21 -821.898 531.623
v 1309.05 -812.479 531.623
v 1304.62 -834.759 508.482
v 1303.21 -821.898 509.525
v 1320.05 -833.082 509.991
v 1317.71 -811.545 511.623
v 1309.05 -812.479 511.199
v 1308.62 -808.589 511.512
v 1236.85 -816.395 506.85
v 1238.2 -828.962 503.907
v 1263.86 -847.441 525.179
v 1231.18 -843.704 500.052
v 1263.86 -847.441 502.247
v 1230.09 -853.34 496.922
v 1276.32 -858.625 499.444
v 1278.27 -841.593 505.179
v 1264.71 -840.044 504.165
v 1294.62 -852.048 529.776
v 1284.13 -852.918 502.253
v 1294.62 -852.048 503.638
v 1285.01 -863.399 498.663
v 1329.26 -859.688 503.899
v 1324.04 -840.249 509.776
v 1293.84 -842.783 506.68
v 1405.53 -864.538 506.491
v 1393.71 -869.285 505.025
v 1403.64 -834.132 516.709
v 1390.97 -834.759 516.064
v 1353.8 -872.446 500.495
v 1351.06 -837.933 512.579
v 1482.28 -800.578 503.872
v 1497.44 -823.753 492.371
v 1481.53 -799.413 504.449
v 1448.24 -821.181 505.048
v 1464.16 -845.521 494.806
v 1495.42 -796.406 503.705
v 1508.55 -816.485 492.638
v 1493.4 -793.309 504.954
v 1544.99 -765.642 517.701
v 1557.36 -784.569 504.295
v 1544.22 -764.477 518.31
v 1564.39 -753.408 526.945
v 1576.56 -772.015 512.007
v 1564.19 -753.088 527.181
v 1627.4 -712.201 528.163
v 1639.57 -730.808 515.726
v 1924.6 -956.868 420.916
v 1918.86 -964.585 398.043
v 1914.78 -959.338 400.749
v 1926.18 -958.915 396.976
v 1924.6 -956.868 398.444
v 1928.5 -953.848 398.316
v 1926 -950.623 400.774
v 1902.04 -971.712 420.565
v 1893.95 -977.97 420.565
v 1899.15 -967.989 400.565
v 1902.04 -971.712 399.019
v 1891.07 -974.259 400.044
v 1893.95 -977.97 398.419
v 1890.5 -980.657 398.157
v 1896.32 -988.169 394.757
v 1915.12 -973.594 396.013
v 1909.28 -966.082 399.563
v 1865.43 -994.952 399.352
v 1863.69 -983.191 401.882
v 1886.75 -991.791 395.642
v 1885 -980.018 399.371
v 1850.59 -975.168 406.169
v 1847.63 -962.921 408.388
v 1859.62 -972.992 405.04
v 1856.67 -960.745 407.62
v 1845 -953.541 435.323
v 1848.9 -940.757 415.323
v 1835.6 -945.824 414.792
v 1839.36 -955.691 410.954
v 1845 -953.541 411.11
v 1846.16 -956.586 409.796
v 1853.82 -953.669 410.006
v 1829.83 -933.513 419.57
v 1825.95 -923.442 423.309
v 1869.4 -918.285 421.635
v 1865.51 -908.214 425.868
v 1965.58 -814.424 468.012
v 1969.7 -803.496 468.012
v 1974.72 -817.022 468.012
v 1976.75 -805.505 468.012
v 1979.09 -828.642 468.012
v 1952.55 -819.326 444.579
v 1947.71 -806.477 448.012
v 1965.58 -814.424 441.961
v 1974.72 -817.022 439.121
v 1979.09 -828.642 435.906
v 1973.69 -830.664 436.944
v 1978.32 -843 433.231
v 1996.06 -836.333 429.692
v 1985.38 -807.962 438.153
v 1976.75 -805.505 440.895
v 1977.27 -803.726 441.127
v 1970.2 -801.73 443.199
v 1969.7 -803.496 443.004
v 1961.67 -801.218 445.353
v 1925.66 -810.803 473.999
v 1900.88 -820.132 473.999
v 1929.51 -821.04 473.999
v 1904.73 -830.37 473.999
v 1933.42 -831.432 473.999
v 1908.64 -840.761 473.999
v 1924.61 -808.039 453.671
v 1925.66 -810.803 452.955
v 1899.83 -817.368 453.999
v 1900.88 -820.132 453.567
v 1893.07 -823.062 453.143
v 1896.93 -833.313 451.55
v 1904.73 -830.37 451.981
v 1908.64 -840.761 450.384
v 1898.44 -844.6 449.514
v 1902.58 -855.58 445.171
v 1944.08 -839.955 443.247
v 1939.95 -828.975 446.357
v 1933.42 -831.432 447.691
v 1929.51 -821.04 450.292
v 1936.2 -818.532 448.941
v 1932.35 -808.282 451.672
v 1845.17 -839.391 471.185
v 1820.38 -848.72 471.185
v 1849.03 -849.642 471.185
v 1824.25 -858.958 471.185
v 1828.15 -869.349 471.185
v 1852.93 -860.02 471.185
v 1844.13 -836.627 451.185
v 1845.17 -839.391 450.755
v 1819.35 -845.956 449.418
v 1820.38 -848.72 448.592
v 1812.59 -851.651 447.738
v 1816.44 -861.901 444.304
v 1824.25 -858.958 445.062
v 1828.15 -869.349 441.388
v 1817.96 -873.188 440.454
v 1822.09 -884.168 436.796
v 1863.6 -868.556 440.685
v 1859.46 -857.563 445.054
v 1852.93 -860.02 444.314
v 1849.03 -849.642 447.969
v 1855.72 -847.121 448.814
v 1851.86 -836.87 451.129
v 1731.16 -794.704 460.432
v 1726.57 -773.294 466.38
v 1769.32 -786.527 459.418
v 1764.73 -765.117 462.866
v 1732.36 -845.316 450.412
v 1722.02 -814.284 458.444
v 1779.86 -829.487 452.505
v 1769.52 -798.454 457.494
v 1826.29 -786.859 485.461
v 1820.38 -766.627 485.461
v 1843.27 -777.313 485.461
v 1846.97 -764.861 485.461
v 1842.41 -758.603 485.461
v 1819.35 -789.342 458.71
v 1826.29 -786.859 459.069
v 1829.9 -796.982 457.461
v 1847.99 -790.532 458.381
v 1843.27 -777.313 460.465
v 1850.48 -774.74 460.824
v 1846.97 -764.861 462.396
v 1854.48 -762.174 462.768
v 1852 -755.186 463.877
v 1842.41 -758.603 463.408
v 1837.8 -745.665 465.461
v 1815.72 -753.548 464.378
v 1820.38 -766.627 462.278
v 1812.28 -769.519 461.868
v 1887.12 -750.477 487.984
v 1885.76 -747.124 487.984
v 1890.01 -757.682 487.984
v 1882.81 -739.791 487.984
v 1879.88 -761.764 487.984
v 1876.96 -762.942 487.984
v 1868.57 -766.32 487.984
v 1865.68 -759.102 487.984
v 1872.68 -743.861 487.984
v 1869.75 -745.038 487.984
v 1864.32 -755.75 487.984
v 1861.37 -748.417 487.984
v 1887.12 -750.477 464.36
v 1892.37 -748.366 464.648
v 1885.76 -747.124 464.888
v 1891.74 -744.718 465.212
v 1888.79 -737.386 466.372
v 1882.81 -739.791 466.047
v 1878.02 -727.877 467.984
v 1867.89 -731.96 467.372
v 1872.68 -743.861 465.495
v 1869.75 -745.038 465.332
v 1865.14 -733.585 467.139
v 1856.76 -736.951 466.678
v 1861.37 -748.417 464.864
v 1854.17 -751.322 464.461
v 1857.12 -758.654 463.303
v 1864.32 -755.75 463.708
v 1865.68 -759.102 463.176
v 1859.92 -761.419 462.851
v 1862.82 -768.636 461.706
v 1868.57 -766.32 462.034
v 1873.58 -778.759 460.081
v 1881.96 -775.393 460.549
v 1876.96 -762.942 462.511
v 1879.88 -761.764 462.674
v 1884.78 -773.909 460.76
v 1894.9 -769.839 461.324
v 1890.01 -757.682 463.239
v 1895.28 -755.57 463.528
v 1918.83 -724.576 490.563
v 1925.78 -741.66 490.563
v 1911.64 -727.493 467.802
v 1906.76 -715.477 470.563
v 1918.83 -724.576 468.159
v 1925.78 -741.66 463.818
v 1916.3 -745.512 464.927
v 1920.48 -755.801 462.742
v 1954.68 -739.548 457.982
v 1952.15 -723.705 461.443
v 1932.73 -704.919 469.685
v 1893.63 -695.424 505.369
v 1886.84 -688.833 505.369
v 1884.36 -694.003 505.369
v 1881.86 -694.937 505.369
v 1876.54 -702.04 505.369
v 1885.82 -686.082 505.369
v 1875.84 -693.043 505.369
v 1874.94 -690.65 505.369
v 1887.63 -676.177 505.369
v 1869.78 -683.497 505.369
v 1878.66 -683.791 505.369
v 1882.02 -682.537 505.369
v 1907.17 -690.522 476.789
v 1893.63 -695.424 476.537
v 1904.26 -682.511 478.787
v 1886.84 -688.833 478.707
v 1885.82 -686.082 479.681
v 1903.88 -679.529 479.563
v 1900.92 -671.365 482.442
v 1887.63 -676.177 482.531
v 1884.79 -668.37 485.041
v 1877.8 -670.917 485.295
v 1882.02 -682.537 481.229
v 1878.66 -683.791 481.24
v 1874.28 -672.069 485.369
v 1866.58 -674.948 485.108
v 1869.78 -683.497 482.117
v 1856.28 -688.526 481.416
v 1859.26 -696.511 478.756
v 1874.94 -690.65 479.558
v 1875.84 -693.043 478.71
v 1860.28 -698.751 477.998
v 1863.27 -706.916 474.703
v 1876.54 -702.04 475.949
v 1879.4 -709.833 473.355
v 1886.4 -707.274 473.704
v 1881.86 -694.937 477.409
v 1884.36 -694.003 477.446
v 1889.01 -706.813 473.681
v 1896.75 -704.011 474.058
v 1868.28 -592.662 531.692
v 1863.19 -598.433 531.692
v 1873.92 -597.64 531.692
v 1861.69 -600.122 531.692
v 1858.73 -603.475 531.692
v 1876.53 -599.956 531.692
v 1881.24 -604.115 531.692
v 1876.14 -609.887 531.692
v 1856.74 -605.728 531.692
v 1851.18 -612.011 531.692
v 1856.82 -616.989 531.692
v 1874.65 -611.576 531.692
v 1871.69 -614.929 531.692
v 1869.7 -617.181 531.692
v 1859.43 -619.306 531.692
v 1864.14 -623.465 531.692
v 1863.6 -588.515 511.692
v 1868.28 -592.662 509.882
v 1858.49 -594.287 511.632
v 1863.19 -598.433 509.672
v 1861.69 -600.122 509.61
v 1857.17 -596.13 511.553
v 1854.21 -599.483 511.48
v 1858.73 -603.475 509.488
v 1856.74 -605.728 509.406
v 1851.8 -601.351 511.588
v 1846.24 -607.634 511.36
v 1851.18 -612.011 509.178
v 1849.26 -614.187 509.066
v 1854.89 -619.165 505.819
v 1856.82 -616.989 506.231
v 1859.43 -619.306 504.721
v 1856.94 -622.121 504.188
v 1861.65 -626.28 501.779
v 1864.14 -623.465 502.216
v 1868.52 -627.329 500.258
v 1874.07 -621.046 501.236
v 1869.7 -617.181 503.2
v 1871.69 -614.929 503.627
v 1876.43 -619.114 501.323
v 1879.39 -615.774 501.677
v 1874.65 -611.576 503.898
v 1876.14 -609.887 504.021
v 1881.63 -614.737 501.484
v 1886.73 -608.965 502.06
v 1881.24 -604.115 504.444
v 1885.03 -599.841 504.754
v 1880.32 -595.682 506.634
v 1876.53 -599.956 506.324
v 1873.92 -597.64 507.399
v 1877.62 -593.442 507.677
v 1872 -588.464 510.033
v 1818.75 -567.067 523.918
v 1834.16 -549.471 524.343
v 1828.49 -575.603 520.577
v 1843.9 -558.006 521.301
v 1798.35 -547.884 552.108
v 1786.27 -549.995 552.108
v 1792.06 -555.063 552.108
v 1798.35 -547.884 529.621
v 1792.06 -555.063 529.414
v 1804.81 -553.553 527.815
v 1812.45 -544.851 528.236
v 1800.19 -534.114 531.007
v 1786.27 -549.995 530.744
v 1783.2 -547.295 531.504
v 1769.54 -562.869 532.108
v 1791.72 -582.296 526.246
v 1805.37 -566.721 526.032
v 1844.68 -545.734 523.9
v 1829.69 -529.891 528.357
v 1861.2 -530.095 524.934
v 1846.21 -514.252 529.915
v 1819.64 -486.06 573.838
v 1834.45 -492.753 573.838
v 1843.63 -457.061 553.838
v 1809.64 -484.076 543.792
v 1814.47 -490.168 539.784
v 1819.64 -486.06 541.799
v 1828.63 -497.385 534.771
v 1834.45 -492.753 536.693
v 1836.45 -495.274 534.882
v 1859.47 -476.973 541.002
v 1711.18 -361.297 634.51
v 1718 -347.898 638.601
v 1743.48 -377.767 646.75
v 1750.31 -364.368 646.385
v 1688.16 -467.657 599.941
v 1635.46 -431.53 599.941
v 1670.69 -516.031 541.402
v 1623.68 -448.435 565.224
v 1683.97 -506.177 540.212
v 1700.54 -478.867 555.346
v 1688.16 -467.657 562.711
v 1691.59 -458.699 570.066
v 1638.59 -428.1 579.941
v 1635.46 -431.53 577.162
v 1633.51 -431.235 576.951
v 1639.22 -502.402 540.435
v 1640.33 -559.67 548.747
v 1666.04 -521.457 542.034
v 1235.82 -1071.95 459.764
v 1229.23 -1050.35 459.759
v 1261.63 -1064.08 463.619
v 1255.04 -1042.48 463.053
v 1282.75 -1033.82 486.501
v 1275.24 -1022.8 486.501
v 1277.88 -1031.45 486.501
v 1288.49 -1032.06 466.191
v 1282.75 -1033.82 465.767
v 1281.56 -1009.36 465.085
v 1222.07 -1027.51 459.244
v 1225.29 -1038.04 459.464
v 1275.24 -1022.8 465.072
v 1277.88 -1031.45 465.366
v 1267.31 -1034.67 464.382
v 1271.15 -1047.27 464.897
v 1285.53 -1042.89 466.501
v 1233.94 -994.491 484.052
v 1236.68 -1001.86 484.052
v 1219.68 -998.842 460.073
v 1233.94 -994.491 462.604
v 1223.78 -1012.29 460.338
v 1238.48 -1007.8 462.169
v 1236.68 -1001.86 462.372
v 1266.08 -992.891 464.052
v 1261.48 -977.791 463.962
v 1231.62 -986.902 462.863
v 1259.89 -1100.72 486.344
v 1274.85 -1125.59 486.344
v 1281.5 -1114.21 486.344
v 1258.22 -1095.74 486.344
v 1250.99 -1085.98 486.344
v 1279.98 -1109.69 486.344
v 1249.8 -1082.42 486.344
v 1271.4 -1075.16 486.344
v 1272.59 -1078.71 486.344
v 1266.5 -1098.49 486.344
v 1264.83 -1093.51 486.344
v 1253.42 -1102.89 457.096
v 1264.02 -1126.48 453.518
v 1274.85 -1125.59 454.422
v 1277.88 -1134.6 452.585
v 1294.03 -1129.16 454.703
v 1288.24 -1111.94 458.708
v 1281.5 -1114.21 457.524
v 1279.98 -1109.69 458.32
v 1286.86 -1107.37 459.529
v 1282.11 -1093.24 462.469
v 1266.5 -1098.49 459.276
v 1264.83 -1093.51 460.153
v 1281.34 -1087.97 463.466
v 1277.66 -1077.01 465.221
v 1272.59 -1078.71 464.093
v 1271.4 -1075.16 464.717
v 1278.94 -1072.62 466.344
v 1275.52 -1062.44 465.615
v 1240.88 -1074.09 460.333
v 1244.3 -1084.26 459.439
v 1249.8 -1082.42 460.535
v 1250.99 -1085.98 460.221
v 1245.51 -1087.82 459.127
v 1249.19 -1098.77 457.406
v 1258.22 -1095.74 458.991
v 1259.89 -1100.72 458.114
v 1349.28 -1024.6 500.159
v 1331.75 -1031.22 500.159
v 1363.45 -1039.8 500.159
v 1357.96 -1027.6 500.159
v 1327.14 -1037.57 500.159
v 1336.12 -1062.7 500.159
v 1342.67 -1064.96 500.159
v 1361.55 -1062.51 500.159
v 1364.82 -1053.42 500.159
v 1365.99 -1047.62 500.159
v 1377.19 -1035.36 500.159
v 1374.34 -1020.7 500.159
v 1378.95 -1014.35 500.159
v 1379.72 -1043.18 500.159
v 1383.31 -1045.83 500.159
v 1389.85 -1048.1 500.159
v 1396.48 -1007.72 500.159
v 1408.75 -1045.64 500.159
v 1405.16 -1010.73 500.159
v 1412.01 -1036.54 500.159
v 1349.28 -1024.6 471.505
v 1357.96 -1027.6 472.873
v 1348.18 -1021.16 471.015
v 1330.35 -1026.93 470.027
v 1331.75 -1031.22 470.422
v 1327.14 -1037.57 470.564
v 1325.43 -1038.13 470.438
v 1333.64 -1063.5 473.574
v 1336.12 -1062.7 473.853
v 1342.67 -1064.96 475.132
v 1344.49 -1070.61 476.108
v 1362.3 -1064.85 477.977
v 1361.55 -1062.51 477.601
v 1364.82 -1053.42 476.853
v 1367.57 -1052.52 477.058
v 1365.99 -1047.62 476.271
v 1379.72 -1043.18 477.258
v 1380.84 -1046.63 477.853
v 1383.31 -1045.83 478.039
v 1389.85 -1048.1 479.071
v 1391.69 -1053.74 480.159
v 1409.5 -1047.97 478.51
v 1408.75 -1045.64 478.296
v 1412.01 -1036.54 476.054
v 1414.77 -1035.66 475.201
v 1406.55 -1010.27 472.787
v 1405.16 -1010.73 473.172
v 1396.48 -1007.72 472.987
v 1395.36 -1004.29 472.283
v 1377.55 -1010.05 471.947
v 1378.95 -1014.35 472.83
v 1374.34 -1020.7 473.31
v 1372.62 -1021.25 473.246
v 1377.19 -1035.36 475.557
v 1363.45 -1039.8 474.832
v 1359.36 -1027.15 472.952
v 1495.9 -1095.61 476.764
v 1485.63 -1122.97 476.764
v 1496.82 -1126.59 476.764
v 1491.83 -1090.99 476.764
v 1478.79 -1110.66 476.764
v 1474.72 -1106.03 476.764
v 1471.08 -1097.3 476.764
v 1483.71 -1086.22 476.764
v 1517.62 -1115.24 435.238
v 1498.41 -1093.4 448.379
v 1495.9 -1095.61 448.311
v 1491.83 -1090.99 451.242
v 1494.42 -1088.73 451.308
v 1488.51 -1082 455.575
v 1483.71 -1086.22 455.372
v 1481.73 -1083.97 456.764
v 1469.11 -1095.06 456.19
v 1471.08 -1097.3 454.806
v 1466.13 -1101.66 454.567
v 1472.04 -1108.38 450.226
v 1474.72 -1106.03 450.413
v 1478.79 -1110.66 447.522
v 1475.84 -1113.25 447.336
v 1484.93 -1123.59 441.119
v 1485.63 -1122.97 441.163
v 1492.3 -1130.56 436.602
v 1496.82 -1126.59 436.796
v 1500.26 -1130.5 434.541
v 1442.26 -1148.45 473.509
v 1457.14 -1133.95 473.509
v 1455.33 -1132.1 473.509
v 1440.46 -1146.59 473.509
v 1448.86 -1167.03 433.485
v 1436.35 -1154.21 441.644
v 1473.72 -1142.81 436.664
v 1461.22 -1129.97 444.96
v 1457.14 -1133.95 444.441
v 1455.33 -1132.1 445.654
v 1460.15 -1127.4 446.195
v 1449.23 -1116.2 453.509
v 1424.11 -1140.69 450.096
v 1435.03 -1151.89 442.89
v 1440.46 -1146.59 443.684
v 1442.26 -1148.45 442.505
v 1410.58 -1218.45 413.716
v 1404.9 -1212.27 418.753
v 1486.8 -1148.35 431.43
v 1481.11 -1142.17 435.105
v 1408.24 -1181.85 466.565
v 1414.32 -1188.64 466.565
v 1406.26 -1179.64 466.565
v 1400.17 -1172.85 466.565
v 1426.92 -1177.36 466.565
v 1412.78 -1161.57 466.565
v 1418.85 -1168.36 466.565
v 1420.83 -1170.56 466.565
v 1408.66 -1193.71 430.223
v 1402.58 -1186.93 436.003
v 1414.32 -1188.64 432.314
v 1419.12 -1193.99 427.689
v 1431.71 -1182.71 431.155
v 1426.92 -1177.36 434.363
v 1435.05 -1170.08 435.446
v 1428.97 -1163.28 439.684
v 1420.83 -1170.56 438.551
v 1418.85 -1168.36 439.973
v 1426.6 -1161.41 441.059
v 1420.52 -1154.63 445.323
v 1412.78 -1161.57 444.354
v 1409.68 -1158.12 446.565
v 1397.09 -1169.41 443.883
v 1400.17 -1172.85 442.29
v 1396.29 -1176.35 440.951
v 1402.37 -1183.13 437.67
v 1406.26 -1179.64 438.216
v 1408.24 -1181.85 436.788
v 1346.96 -1230.89 412.097
v 1340.16 -1217.1 420.757
v 1391.15 -1209.09 422.333
v 1384.34 -1195.31 431.796
v 1882.77 -573.555 511.805
v 1869.17 -559.875 517.27
v 1917.61 -538.926 516.09
v 1904.01 -525.245 521.641
v 2024.4 -675.255 480.611
v 2008.26 -676.522 480.611
v 2029.53 -670.776 456.596
v 2024.4 -675.255 456.736
v 2022.45 -662.688 459.807
v 2007.57 -675.729 460.243
v 2008.26 -676.522 459.924
v 1977.28 -703.652 460.611
v 1987.99 -715.886 455.686
v 2028.74 -680.208 454.741
v 1928.99 -663.098 479.856
v 1936.52 -655.1 480.023
v 1956.37 -688.871 468.276
v 1963.91 -680.86 468.445
v 1923.22 -659.323 481.969
v 1898.09 -635.673 491.947
v 1932.35 -649.622 482.174
v 1907.22 -625.973 492.554
v 2048.7 -570.97 495.891
v 2047.5 -665.926 453.756
v 2006.83 -622.364 471.852
v 2093.48 -599.035 457.216
v 2053.17 -570.369 473.099
v 2048.7 -570.97 474.101
v 2043.62 -568.577 475.891
v 1971.42 -324.76 576.841
v 1985.17 -309.364 576.841
v 1974.03 -327.102 544.149
v 1971.42 -324.76 545.475
v 1987.78 -311.694 543.218
v 1985.17 -309.364 544.523
v 1993.27 -300.304 543.923
v 1971.62 -280.967 554.557
v 1941.64 -314.535 556.841
v 1963.29 -333.872 546.111
v 1910.61 -357.701 584.375
v 1905.4 -353.171 563.419
v 1916.34 -340.578 559.882
v 1902.48 -356.523 564.375
v 1907.69 -361.054 560.783
v 1910.61 -357.701 559.76
v 1915.92 -362.321 555.975
v 1926.87 -349.728 554.544
v 1901 -349.344 566.542
v 1891 -360.849 569.889
v 1895.4 -364.663 566.859
v 1917.19 -334.87 560.515
v 1892.48 -312.078 577.828
v 1924.15 -327.332 559.681
v 1899.45 -304.527 575.528
v 1894.41 -296.298 613.371
v 1879.68 -286.086 613.371
v 1898.82 -290.117 578.472
v 1894.41 -296.298 579.544
v 1880.98 -277.396 589.628
v 1876.44 -283.782 590.809
v 1879.68 -286.086 588.817
v 1863.56 -308.699 593.371
v 1882.02 -321.855 581.544
v 1898.28 -299.05 577.044
v 1859.97 -332.758 591.366
v 1870.11 -319.257 588.147
v 1869.33 -339.784 585.202
v 1879.46 -326.27 582.063
v 1867.57 -316.505 589.948
v 1853.63 -334.025 594.526
v 1859.13 -311.015 595.321
v 1848.36 -329.802 597.917
v 1884.59 -330.954 603.867
v 1878.75 -337.673 603.867
v 1889.77 -335.459 603.867
v 1883.93 -342.177 603.867
v 1884.59 -330.954 578.544
v 1881.09 -327.908 580.905
v 1878.75 -337.673 580.502
v 1876.02 -335.292 582.34
v 1871.6 -340.386 583.867
v 1887.84 -354.514 572.705
v 1892.26 -349.421 571.278
v 1883.93 -342.177 577.01
v 1889.77 -335.459 575.058
v 1905.36 -349.024 564.231
v 1912.13 -341.243 562.042
v 1887.85 -320.127 578.81
v 1936.76 -349.318 577.666
v 1950.76 -347.54 547.313
v 1932.82 -369.5 548.762
v 1931.55 -329.802 556.899
v 1924.22 -337.749 557.666
v 1936.76 -349.318 551.451
v 1925.29 -363.357 552.358
v 1915.72 -400.112 548.512
v 1922.66 -363.831 553.112
v 1905.56 -394.443 554.057
v 1893.71 -392.881 594.772
v 1880.11 -387.468 594.772
v 1903.64 -409.121 551.987
v 1908.08 -399.51 551.957
v 1893.71 -392.881 560.964
v 1899.53 -380.276 561.705
v 1886.25 -374.146 570.244
v 1880.11 -387.468 570.655
v 1874.5 -384.883 574.772
v 1870.39 -393.777 573.144
v 1824.5 -371.817 604.694
v 1888.05 -363.805 570.997
v 1888.9 -495.952 530.518
v 1881.84 -487.672 533.876
v 1907.48 -480.122 532.477
v 1900.42 -471.829 536.48
v 1987.4 -511.501 504.644
v 1973.6 -498.422 512.096
v 2003.67 -494.327 504.136
v 1989.88 -481.248 510.266
v 1965.24 -530.262 505.852
v 1954.65 -521.112 511.259
v 1980.46 -512.653 506.283
v 1969.87 -503.49 511.863
v 1938.77 -545.311 536.042
v 1944.46 -550.968 536.042
v 1936.3 -542.867 536.042
v 1929.78 -536.379 536.042
v 1959.2 -536.136 536.042
v 1953.51 -530.479 536.042
v 1951.04 -528.035 536.042
v 1944.52 -521.547 536.042
v 1940.92 -554.526 505.4
v 1935.23 -548.882 508.411
v 1944.46 -550.968 505.484
v 1950.01 -556.484 502.541
v 1964.75 -541.651 502.83
v 1959.2 -536.136 505.84
v 1962.7 -532.604 505.891
v 1957.02 -526.96 508.996
v 1953.51 -530.479 508.91
v 1951.04 -528.035 510.316
v 1954.75 -524.311 510.345
v 1948.22 -517.823 513.91
v 1944.52 -521.547 513.883
v 1940.56 -517.618 516.042
v 1925.82 -532.45 515.817
v 1929.78 -536.379 513.562
v 1926.92 -539.258 513.469
v 1933.44 -545.747 509.745
v 1936.3 -542.867 509.838
v 1938.77 -545.311 508.499
v 1239.7 222.924 548.606
v 1238.28 214.029 548.606
v 1267.64 243.862 517.676
v 1256.17 253.921 515.617
v 1233.63 228.248 524.011
v 1239.7 222.924 525.357
v 1232.99 215.296 527.948
v 1236.61 212.122 528.606
v 1238.28 214.029 527.845
v 1240.06 212.455 528.173
v 1307.36 359.417 448.094
v 1305.52 374.339 432.596
v 1324.38 361.503 449.025
v 1322.54 376.426 433.943
v 1350.84 162.159 551.417
v 1347.59 165.525 525.404
v 1350.84 162.159 525.952
v 1337.17 155.452 529.381
v 1349.6 142.578 531.417
v 1367.21 159.599 524.64
v 1358.04 169.108 523.093
v 1403.09 -15.6308 571.355
v 1408.02 180.767 571.355
v 1427.16 146.519 571.355
v 1393.39 -14.2614 571.355
v 1416.3 128.103 571.355
v 1407.34 104.017 571.355
v 1320.55 -47.907 571.355
v 1399.8 177.887 514.765
v 1396.19 185.106 512.913
v 1408.02 180.767 515.456
v 1427.16 146.519 530.627
v 1416.3 128.103 533.306
v 1380.8 147.338 526.416
v 1371.87 136.806 530.624
v 1407.34 104.017 539.067
v 1320.55 -47.907 537.229
v 1315.53 -43.9653 537.737
v 1302.95 -69.9193 542.719
v 1366.53 -100.301 537.238
v 1393.39 -14.2614 528.501
v 1403.09 -15.6308 527.089
v 1408.46 -48.0606 524.123
v 1485.24 101.573 551.355
v 1443.49 203.932 523.571
v 1225.91 158.575 563.313
v 1230.87 149.348 563.313
v 1237.27 152.778 563.313
v 1273.66 184.248 531.057
v 1225.91 158.575 541.146
v 1230.87 149.348 543.313
v 1237.27 152.778 541.926
v 1238.57 150.359 542.181
v 1279.93 172.589 532.565
v 1222.8 164.36 563.313
v 1223.78 168.391 563.313
v 1220.94 184.095 563.313
v 1207.7 179.039 563.313
v 1216.93 141.848 542.466
v 1222.8 164.36 539.45
v 1225.24 165.665 539.727
v 1223.78 168.391 538.956
v 1232.16 172.896 539.028
v 1224.97 186.257 536.087
v 1220.94 184.095 535.608
v 1215.88 193.501 531.929
v 1203.51 186.846 530.964
v 1207.7 179.039 533.601
v 1199.35 174.547 532.612
v 1189.9 176.185 530.062
v 1210.21 138.418 541.851
v 1352.87 212.557 516.588
v 1315.1 194.794 523.024
v 1344.99 229.31 515.785
v 1307.22 211.546 521.606
v 1285.55 195.536 548.136
v 1295.22 215.066 548.136
v 1293.4 219.404 548.136
v 1275.33 208.961 548.136
v 1285.19 232.51 548.136
v 1287.49 190.916 527.731
v 1285.55 195.536 527.305
v 1309.87 200.322 522.948
v 1302.41 218.086 520.599
v 1295.22 215.066 521.928
v 1293.4 219.404 521.252
v 1303.76 223.756 519.594
v 1296.26 241.609 516.854
v 1283.6 236.298 518.626
v 1285.19 232.51 519.451
v 1273.59 208.232 525.59
v 1275.33 208.961 525.254
v 1281.66 193.898 528.136
v 1783.44 228.606 572.148
v 1813.79 226.341 534.813
v 1806.23 239.574 534.512
v 1803.46 237.987 535.387
v 1783.44 228.606 541.692
v 1776.75 241.904 540.34
v 1755.87 231.409 547.897
v 1769.75 203.791 552.148
v 1747.5 199.9 581.299
v 1722.15 231.985 581.299
v 1736.4 197.097 561.008
v 1747.5 199.9 559.727
v 1749.72 195.178 560.659
v 1767.26 203.42 553.075
v 1745.72 249.237 544.061
v 1723.71 238.896 549.282
v 1721.32 235.313 550.377
v 1722.15 231.985 551.043
v 1719.38 230.68 551.66
v 1834.8 243.158 557.584
v 1792.3 266.668 557.584
v 1796.93 249.442 557.584
v 1806.23 239.574 557.584
v 1835.82 241.366 557.584
v 1834.8 243.158 527.8
v 1835.82 241.366 527.75
v 1838.27 245.154 526.946
v 1815.58 284.854 526.758
v 1790.19 270.354 531.454
v 1792.3 266.668 531.97
v 1778.42 258.733 536.047
v 1786.98 243.747 537.584
v 1796.93 249.442 534.737
v 1838.66 240.547 527.259
v 1837.6 242.39 527.312
v 1867.47 274.718 545.788
v 1877.2 283.446 521.003
v 1865.98 277.534 521.879
v 1867.47 274.718 521.602
v 1841.36 260.96 525.788
v 1848.8 246.818 524.834
v 1886.14 266.489 519.13
v 1839.17 266.438 525.578
v 1829.71 284.406 525.155
v 1861.95 278.43 522.38
v 1852.49 296.398 523.185
v 1828.77 287.913 524.968
v 1822.53 299.764 524.378
v 1862.21 305.536 522.431
v 1855.97 317.374 523.539
v 1871.62 292.495 521.775
v 1860.81 314.111 523.124
v 1908.65 311.014 522.816
v 1897.84 332.63 526.568
v 1922.96 311.628 521.866
v 1909.97 348.948 532.429
v 1946.61 319.857 520.673
v 1933.62 357.177 532.903
v 1902.91 288.054 541.012
v 1900.02 269.445 517.626
v 1888.06 294.043 521.012
v 1935.7 286.761 515.213
v 1928.94 300.686 518.349
v 1902.91 288.054 519.611
v 1897.73 298.74 520.846
v 1931.12 396.34 630.864
v 1920.84 393.217 630.864
v 1931.06 385.307 630.864
v 1932.04 382.095 630.864
v 1937.66 374.045 630.864
v 1918.9 392.628 630.864
v 1915.89 367.441 630.864
v 1912.61 376.195 630.864
v 1907.31 389.109 630.864
v 1911.63 379.42 630.864
v 1931.12 396.34 544.046
v 1935.4 397.632 543.62
v 1929.71 400.985 545.591
v 1919.42 397.863 546.689
v 1920.84 393.217 545.104
v 1918.9 392.628 545.311
v 1917.42 397.517 546.864
v 1905.82 393.998 541.467
v 1907.31 389.109 540.685
v 1903.45 387.944 539.132
v 1906.51 377.859 538.705
v 1911.63 379.42 540.382
v 1912.61 376.195 539.707
v 1906.93 374.467 537.849
v 1909.64 365.547 535.982
v 1915.89 367.441 538.027
v 1917.55 361.963 536.88
v 1939.32 368.567 535.016
v 1937.66 374.045 536.726
v 1942.66 375.568 536.298
v 1939.95 384.501 539.27
v 1932.04 382.095 540.005
v 1931.06 385.307 541.087
v 1938.46 387.56 540.401
v 1915.57 436.91 634.905
v 1905.29 433.775 634.905
v 1915.51 425.878 634.905
v 1916.48 422.666 634.905
v 1922.11 414.616 634.905
v 1903.36 433.199 634.905
v 1891.76 429.679 634.905
v 1900.34 407.999 634.905
v 1897.06 416.766 634.905
v 1896.08 419.978 634.905
v 1915.57 436.91 527.39
v 1919.85 438.203 526.642
v 1914.17 441.556 520.725
v 1903.87 438.433 519.456
v 1905.29 433.775 526.072
v 1903.36 433.199 525.811
v 1901.87 438.088 518.931
v 1890.28 434.568 517.729
v 1891.76 429.679 524.326
v 1887.91 428.502 523.936
v 1890.97 418.43 538.274
v 1896.08 419.978 538.94
v 1897.06 416.766 541.974
v 1891.38 415.038 538.905
v 1894.1 406.105 539.64
v 1900.34 407.999 543.016
v 1902 402.521 542.426
v 1923.78 409.138 549.036
v 1922.11 414.616 550.905
v 1927.12 416.139 550.371
v 1924.4 425.072 543.11
v 1916.48 422.666 546.071
v 1915.51 425.878 541.457
v 1922.91 428.131 539.304
v 1869.61 348.052 524.674
v 1863.54 367.057 523.945
v 1904.7 359.25 533.291
v 1898.63 378.256 536.574
v 1845.93 431.701 556.471
v 1868.33 444.986 556.471
v 1841.52 438.344 489.654
v 1842.49 440.059 488.162
v 1844.58 431.701 498.638
v 1845.93 431.701 499.271
v 1866.38 391.847 525.354
v 1888.92 399.603 536.471
v 1870.71 446.035 494.646
v 1868.33 444.986 494.717
v 1866.08 450.361 487.287
v 1850.16 398.579 543.09
v 1849.62 399.962 543.09
v 1843.08 397.389 543.09
v 1860.66 390.619 523.09
v 1856.53 401.101 522.311
v 1850.16 398.579 519.704
v 1849.62 399.962 519.601
v 1852.75 401.203 520.886
v 1848.61 411.698 517.801
v 1832.34 405.286 510.221
v 1836.48 394.778 513.754
v 1843.08 397.389 516.827
v 1847.76 385.538 518.585
v 1825.29 423.485 532.716
v 1836.07 428.118 532.716
v 1837.96 423.715 532.716
v 1827.17 419.082 532.716
v 1820.07 421.245 498.436
v 1816.79 428.886 488.058
v 1825.29 423.485 498.596
v 1827.17 419.082 504.57
v 1825.63 418.417 504.524
v 1828.1 412.657 507.538
v 1846.38 420.503 512.716
v 1843.9 426.262 504.496
v 1837.96 423.715 504.593
v 1836.07 428.118 498.703
v 1842.41 430.844 498.591
v 1839.13 438.484 488.369
v 1799.61 394.279 499.155
v 1794.12 408.716 491.891
v 1818.87 401.6 505.497
v 1813.38 416.023 499.382
v 1807.61 359.122 510.466
v 1802.34 372.586 506.516
v 1832.39 368.823 514.963
v 1827.12 382.287 511.804
v 1835.56 377.987 541.391
v 1842.31 380.867 541.391
v 1845.99 372.253 541.391
v 1839.23 369.374 541.391
v 1831.58 376.285 513.674
v 1828.77 382.889 512.122
v 1835.56 377.987 514.952
v 1839.23 369.374 517.484
v 1836.87 368.363 516.722
v 1838.76 363.922 517.729
v 1852.15 369.642 521.391
v 1850.26 374.083 521.049
v 1845.99 372.253 519.669
v 1842.31 380.867 517.136
v 1845.91 382.402 518.298
v 1843.09 389.006 516.356
v 1860.25 351.571 544.42
v 1862.57 357.113 544.42
v 1856.09 356.972 544.42
v 1853.2 356.153 544.42
v 1850.26 352.442 544.42
v 1851.35 348.564 544.42
v 1861.5 347.105 544.42
v 1860.25 351.571 523.859
v 1861.5 347.105 523.767
v 1863.84 352.582 524.42
v 1862.57 357.113 523.688
v 1863.1 357.267 523.794
v 1861 364.677 523.154
v 1854.45 362.821 521.432
v 1856.09 356.972 522.143
v 1853.2 356.153 521.553
v 1851.75 361.311 520.668
v 1844.58 359.301 519.057
v 1846.79 351.469 520.624
v 1850.26 352.442 521.334
v 1851.35 348.564 522.11
v 1848.13 347.655 521.453
v 1850.41 339.579 522.057
v 1867.24 344.315 524.148
v 1866.08 348.397 524.336
v 1834.98 331.222 541.664
v 1826.53 335.599 541.664
v 1830.17 328.688 541.664
v 1825.45 337.672 541.664
v 1824.17 340.104 541.664
v 1828.68 342.472 541.664
v 1834.98 331.222 519.986
v 1830.17 328.688 520.027
v 1837.72 326 520.959
v 1843.15 328.854 521.142
v 1836.77 340.987 519.591
v 1826.53 335.599 518.537
v 1825.45 337.672 518.151
v 1835.8 343.112 519.077
v 1831.3 351.686 516.903
v 1825.45 348.615 516.705
v 1828.68 342.472 517.85
v 1824.17 340.104 517.698
v 1820.86 346.401 516.525
v 1811.59 341.537 516.211
v 1823.98 317.95 521.664
v 1833.25 322.814 520.92
v 1765.31 320.113 519.176
v 1758.93 332.988 511.694
v 1795.51 335.087 515.406
v 1789.14 347.949 509.799
v 1789.05 313.932 547.167
v 1798.09 318.411 547.167
v 1782.93 326.269 517.238
v 1789.05 313.932 521.269
v 1770.29 319.998 519.752
v 1782.41 295.515 527.167
v 1810.34 309.363 523.277
v 1802.94 324.285 519.187
v 1796.71 321.201 519.591
v 1798.09 318.411 520.681
v 1761.68 297.883 553.804
v 1758.69 303.936 553.804
v 1773.95 286.121 530.088
v 1766.85 300.442 526.538
v 1761.68 297.883 527.558
v 1758.69 303.936 525.671
v 1765.21 307.161 524.347
v 1758.03 321.636 517.592
v 1739.68 312.537 522.762
v 1756.94 277.687 533.804
v 1715.2 286.838 561.971
v 1714.3 292.981 536.451
v 1741.02 296.859 529.292
v 1715.2 286.838 537.634
v 1712.58 283.242 539.103
v 1713.55 274.36 541.617
v 1751.02 271.032 536.3
v 1671.93 322.545 530.417
v 1679.34 280.938 546.303
v 1703.23 278.097 542.59
v 1697.25 325.719 523.365
v 1722 314.29 554.268
v 1719.55 314.047 554.268
v 1737.95 322.724 517.617
v 1721.32 321.048 522.01
v 1722 314.29 526.17
v 1719.55 314.047 526.908
v 1719.12 318.283 524.221
v 1712.5 317.618 525.773
v 1714.01 302.836 534.268
v 1739.7 305.434 526.641
v 1712.32 344.699 541.425
v 1721.65 346.401 541.425
v 1723.87 334.306 541.425
v 1714.54 332.591 541.425
v 1707.64 343.841 509.526
v 1706.54 349.856 505.618
v 1712.32 344.699 508.54
v 1714.54 332.591 515.539
v 1710.39 331.836 516.661
v 1711.76 324.337 521.425
v 1731.95 328.035 515.574
v 1730.57 335.535 511.24
v 1723.87 334.306 513.036
v 1721.65 346.401 506.582
v 1727.2 347.425 505.304
v 1726.1 353.44 501.502
v 1727.33 369.156 529.069
v 1753.03 345.492 529.069
v 1774.06 353.107 529.069
v 1709.04 374.288 529.069
v 1762.34 391.016 529.069
v 1708.03 377.091 529.069
v 1727.33 369.156 491.946
v 1739.01 336.917 509.069
v 1754.16 342.395 507.019
v 1753.03 345.492 505.054
v 1774.06 353.107 505.965
v 1774.91 350.752 507.311
v 1792.09 356.972 507.448
v 1777.75 396.596 489.031
v 1762.34 391.016 485.077
v 1757.89 403.302 478
v 1698.92 381.954 484.921
v 1701.54 374.749 489.487
v 1708.03 377.091 487.781
v 1709.04 374.288 489.638
v 1703.85 372.407 490.938
v 1707.62 362.015 497.595
v 1680.98 371.613 542.29
v 1665 363.397 542.29
v 1690.05 340.565 542.29
v 1680.98 371.613 493.393
v 1684.13 375.747 490.362
v 1670.38 370.359 494.857
v 1665 363.397 500.277
v 1659.48 362.744 500.945
v 1662.74 335.177 522.29
v 1690.29 338.44 515.635
v 1690.05 340.565 514.261
v 1697.11 341.397 512.523
v 1692.93 376.784 488.893
v 1645.8 92.435 582.793
v 1591.31 220.684 561.986
v 1562.05 135.59 560.779
v 1640.72 83.9243 558.222
v 1645.8 92.435 558.153
v 1648.19 91.2448 557.799
v 1607.19 227.659 581.979
v 1604.13 200.182 581.979
v 1625.37 231.742 581.979
v 1602.21 230.833 561.143
v 1607.19 227.659 560.996
v 1593.4 207.4 561.311
v 1604.13 200.182 561.16
v 1590.44 179.833 561.621
v 1610.27 166.484 561.582
v 1648.04 222.617 558.626
v 1628.21 235.965 558.951
v 1625.37 231.742 559.406
v 1614.75 238.896 560.283
v 1153.06 361.157 485.881
v 1132.55 360.684 485.881
v 1129.91 357.036 485.881
v 1031.68 354.374 485.881
v 1035.3 359.25 485.881
v 1057.77 354.95 485.881
v 1054.77 359.698 485.881
v 1129.18 345.876 485.881
v 1058.38 342.932 485.881
v 1125.53 345.799 485.881
v 1108.64 347.373 485.881
v 1079.3 346.145 485.881
v 1067.62 343.15 485.881
v 1156.72 333.628 455.737
v 1156.08 361.234 431.17
v 1153.06 361.157 431.206
v 1153.03 362.488 429.859
v 1132.52 362.015 430.295
v 1132.55 360.684 431.417
v 1129.82 360.632 431.423
v 1129.91 357.036 433.854
v 1128.93 356.998 433.866
v 1129.18 345.876 442.221
v 1125.53 345.799 441.825
v 1125.49 347.757 440.17
v 1108.64 347.373 440.077
v 1108.49 354.118 435.527
v 1079.13 353.465 434.36
v 1079.3 346.145 438.095
v 1067.56 345.876 438.038
v 1067.62 343.15 439.417
v 1058.38 342.932 439.4
v 1058.12 354.963 433.314
v 1057.77 354.95 433.316
v 1057.67 359.762 430.889
v 1054.77 359.698 431.219
v 1054.75 360.709 430.467
v 1035.28 360.261 431.204
v 1035.3 359.25 431.983
v 1031.57 359.161 432.133
v 1031.68 354.374 435.823
v 1029.6 354.323 435.907
v 1030.11 331.875 450.483
v 1040.39 318.04 458.486
v 1146.87 320.459 465.881
v 999.891 272.44 511.715
v 1005.49 281.271 511.715
v 998.867 269.804 511.715
v 979.698 290.396 511.715
v 984.73 282.384 511.715
v 1004.79 295.49 511.715
v 999.179 295.144 511.715
v 993.824 291.65 511.715
v 986.21 294.018 511.715
v 1006.75 280.157 482.85
v 1005.49 281.271 482.994
v 1013.92 290.741 478.478
v 1006.46 297.371 479.322
v 1004.79 295.49 480.218
v 1001.83 298.126 480.945
v 999.179 295.144 482.227
v 997.932 296.257 482.589
v 993.824 291.65 484.575
v 988.403 296.475 486.152
v 986.21 294.018 487.212
v 983.616 296.334 487.966
v 978.941 291.074 490.228
v 979.698 290.396 490.008
v 977.95 288.412 490.855
v 984.73 282.384 488.985
v 979.631 276.663 491.715
v 993.769 264.083 488.913
v 998.867 269.804 486.837
v 1000.94 267.961 486.393
v 1002.7 269.932 485.677
v 999.891 272.44 486.278
v 997.331 240.598 514.185
v 1004.02 234.186 514.185
v 994.592 243.222 514.185
v 988.637 248.93 514.185
v 1003.01 264.416 514.185
v 1001.06 231.089 492.778
v 994.37 237.514 493.001
v 1004.02 234.186 491.692
v 1006.18 232.113 491.809
v 1023.2 249.864 484.478
v 1005.41 266.924 485.321
v 1003.01 264.416 486.385
v 999.134 268.127 486.918
v 984.518 252.884 492.941
v 988.637 248.93 492.85
v 985.564 245.717 494.185
v 991.509 240.009 493.402
v 994.592 243.222 492.405
v 997.331 240.598 492.044
v 997.743 224.165 519.88
v 987.468 234.007 519.88
v 986.833 213.377 519.88
v 977.338 222.476 519.88
v 1001.95 228.555 493.179
v 997.743 224.165 494.721
v 991.687 238.41 493.515
v 987.468 234.007 494.879
v 979.754 241.417 495.896
v 969.134 230.347 499.132
v 977.338 222.476 498.246
v 972.429 217.357 499.88
v 981.924 208.245 499.36
v 986.833 213.377 498.146
v 994.515 206.005 497.719
v 1005.13 217.075 495.097
v 1355.94 221.094 535.983
v 1398.21 239.152 535.983
v 1351.67 231.076 515.019
v 1355.94 221.094 515.353
v 1349.51 230.142 515.294
v 1357.46 211.521 515.983
v 1408.52 233.316 513.523
v 1402.92 246.434 511.875
v 1396.31 243.619 511.868
v 1398.21 239.152 511.758
v 1416.17 245.666 515.979
v 1407.67 268.242 513.543
v 1426.18 249.442 519.167
v 1417.66 272.018 516.777
v 1417.72 233.406 516.381
v 1415.28 239.881 515.665
v 1430.95 238.384 520.526
v 1428.5 244.873 519.806
v 1434.2 242.838 521.564
v 1430.65 252.27 520.62
v 1456 251.054 528.549
v 1452.45 260.486 527.654
v 1626.16 387.227 520.813
v 1588.09 389.621 520.813
v 1578.24 369.758 500.813
v 1573.16 387.074 483.015
v 1627.66 383.938 485.225
v 1626.16 387.227 482.266
v 1636.17 395.29 475.605
v 1629.75 404.991 467.219
v 1588.09 389.621 480.452
v 1586 391.105 479.129
v 1382.34 386.088 438.083
v 1379.87 397.325 427.802
v 1429.82 396.544 440.026
v 1427.35 407.781 429.558
v 1507.12 409.24 476.993
v 1521.65 407.73 476.993
v 1508.79 416.331 476.993
v 1507.12 409.24 445.788
v 1509.62 398.285 456.765
v 1523.1 401.357 456.993
v 1521.65 407.73 450.419
v 1537.25 411.288 450.479
v 1534.75 422.269 438.683
v 1508.79 416.331 439.538
v 1507.57 421.667 433.869
v 1455.32 409.727 434.144
v 1457.99 398.016 445.068
v 1210.55 279.313 541.427
v 1213.02 266.335 541.427
v 1232.27 261.152 541.427
v 1205.25 273.784 504.007
v 1210.55 279.313 503.517
v 1213.02 266.335 508.217
v 1198.84 251.528 509.554
v 1220.87 230.411 521.427
v 1241.69 252.129 516.637
v 1232.27 261.152 513.82
v 1237.66 266.758 512.117
v 1216.16 287.363 502.307
v 1209.45 280.362 502.924
v 1253.86 304.359 500.902
v 1257.08 305.331 500.05
v 1243.5 301.21 502.056
v 1248.18 285.814 507.133
v 1261.76 289.935 506.332
v 1250.42 315.672 488.287
v 1270.58 309.427 496.456
v 1267.14 320.74 483.84
v 1277.39 278.25 532.839
v 1315.39 303.885 505.535
v 1274.33 282.397 508.347
v 1277.39 278.25 509.524
v 1272.85 274.897 510.013
v 1281.42 263.289 512.839
v 1322.62 285.916 509.309
v 1285.28 316.786 524.751
v 1300.09 307.725 524.751
v 1303.67 324.938 483.421
v 1285.28 316.786 490.086
v 1283.51 320.766 485.51
v 1275.33 317.131 488.484
v 1282.89 300.097 504.751
v 1300.09 307.725 500.648
v 1301.13 305.383 503.082
v 1310.51 309.542 499.501
v 1331.22 309.58 529.479
v 1329.75 312.997 529.479
v 1334.65 301.645 529.479
v 1326.51 320.51 529.479
v 1324.67 324.797 529.479
v 1317.47 321.687 529.479
v 1319.32 317.4 529.479
v 1322.56 309.9 529.479
v 1324.03 306.483 529.479
v 1335.7 299.227 529.479
v 1327.46 298.535 529.479
v 1328.51 296.129 529.479
v 1331.22 309.58 501.368
v 1337.41 312.255 499.305
v 1329.75 312.997 498.085
v 1337.7 316.427 495.468
v 1334.46 323.94 487.616
v 1326.51 320.51 490.102
v 1324.67 324.797 485.546
v 1332.7 328.266 483.033
v 1328.6 337.788 473.414
v 1307.85 328.829 479.673
v 1311.95 319.307 489.738
v 1317.47 321.687 487.801
v 1319.32 317.4 492.357
v 1313.97 315.084 494.135
v 1317.21 307.584 502.007
v 1322.56 309.9 500.327
v 1324.03 306.483 503.756
v 1318.45 304.077 505.611
v 1321.88 296.129 507.682
v 1327.46 298.535 507.678
v 1328.51 296.129 508.119
v 1324.72 294.491 508.122
v 1327.92 287.081 509.479
v 1343.68 293.89 509.467
v 1340.48 301.287 508.112
v 1335.7 299.227 508.115
v 1334.65 301.645 507.672
v 1340.83 304.307 506.875
v 1349.51 308.377 503.687
v 1364.28 312.409 501.256
v 1352.93 295.835 509.485
v 1367.7 299.854 509.854
v 1346.16 327.984 518.884
v 1356.55 330.813 518.884
v 1357.25 328.24 518.884
v 1346.86 325.399 518.884
v 1342.87 327.088 485.471
v 1339.95 337.788 474.81
v 1346.16 327.984 484.972
v 1346.86 325.399 487.668
v 1344.61 324.797 487.999
v 1347.71 313.445 498.884
v 1363.05 317.63 496.279
v 1359.95 328.97 485.419
v 1357.25 328.24 485.842
v 1356.55 330.813 483.394
v 1359.29 331.555 482.948
v 1356.37 342.267 472.69
v 1394.95 300.852 511.579
v 1390.2 322.212 495.205
v 1409.42 304.115 513.672
v 1407.13 314.226 504.303
v 1404.65 325.437 494.154
v 1410.86 315.071 538.818
v 1439.1 321.457 538.818
v 1431.51 319.755 538.818
v 1420.41 317.234 538.818
v 1410.86 315.071 504.717
v 1410.46 316.824 503.126
v 1449.93 313.292 518.818
v 1447.64 323.39 509.195
v 1439.1 321.457 508.166
v 1438.42 324.49 505.258
v 1430.83 322.762 504.272
v 1431.51 319.755 507.156
v 1420.41 317.234 505.775
v 1420.01 318.987 504.184
v 1489.41 316.747 528.332
v 1487.38 327.959 517.281
v 1520.01 322.276 532.509
v 1517.98 333.487 521.276
v 1507.53 308.109 568.572
v 1495.35 305.843 568.572
v 1509.93 302.081 568.572
v 1498.58 297.768 568.572
v 1500.92 291.906 568.572
v 1507.53 308.109 542.21
v 1513.51 310.502 541.854
v 1504.56 315.583 533.973
v 1487.68 308.851 535.163
v 1489.76 303.616 540.709
v 1495.35 305.843 540.386
v 1498.58 297.768 543.756
v 1493.8 295.861 542.102
v 1496.14 289.999 542.657
v 1500.92 291.906 544.311
v 1502.4 288.182 544.662
v 1507.03 290.025 546.266
v 1513.69 292.674 548.572
v 1509.93 302.081 547.681
v 1515.91 304.461 548.551
v 1514.06 285.929 574.107
v 1509.4 284.074 574.107
v 1532.25 284.099 554.107
v 1497.61 270.29 542.303
v 1526.87 297.614 553.077
v 1511.79 291.612 547.905
v 1514.06 285.929 548.347
v 1509.4 284.074 546.751
v 1492.11 284.074 541.099
v 1493.46 280.708 541.42
v 1477.42 305.6 562.303
v 1486.03 278.404 562.303
v 1477.42 305.6 534.787
v 1486.62 312.204 531.692
v 1463.79 304.973 530.855
v 1476.86 263.686 535.504
v 1486.03 278.404 538.889
v 1431.54 285.341 551.705
v 1424.62 286.966 551.705
v 1435.5 272.875 551.705
v 1456.78 293.327 529.89
v 1431.54 285.341 521.486
v 1453.05 305.101 527.175
v 1421.99 295.272 518.527
v 1424.62 286.966 519.299
v 1420.65 285.712 517.995
v 1429.16 258.836 520.3
v 1464.42 270.008 531.705
v 1460.95 280.938 530.931
v 1435.5 272.875 522.509
v 1375.16 278.212 511.355
v 1373.01 286.633 511.184
v 1402.62 285.238 512.043
v 1400.47 293.647 511.766
v 1331.01 254.51 534.931
v 1323.4 251.093 534.931
v 1373.36 273.502 511.392
v 1331.01 254.51 513.762
v 1369.29 282.576 511.24
v 1315.69 258.541 513.084
v 1319.77 249.467 514.537
v 1323.4 251.093 514.33
v 1326.75 243.631 514.931
v 1334.36 247.048 514.176
v 1470.63 337.583 503.293
v 1465.97 364.984 477.057
v 1511.08 344.455 508.488
v 1506.43 371.857 481.07
v 1532.84 355.296 532.665
v 1564.39 370.257 532.665
v 1558.88 375.248 532.665
v 1533.94 349.959 509.886
v 1532.84 355.296 504.379
v 1572.14 357.766 512.665
v 1569.38 371.281 498.144
v 1564.39 370.257 497.844
v 1563.19 376.118 491.525
v 1558.88 375.248 491.251
v 1557.51 381.942 484.194
v 1516.61 373.584 482.133
v 1520.84 352.838 503.237
v 1564.16 336.585 582.269
v 1529.45 326.41 582.269
v 1537.89 323.402 582.269
v 1547.26 321.137 582.269
v 1562.92 346.772 521.136
v 1564.16 336.585 531.926
v 1522.31 341.845 514.416
v 1524.26 325.783 530.493
v 1529.45 326.41 531.6
v 1529.93 322.443 535.634
v 1537.89 323.402 537.112
v 1538.29 320.049 540.508
v 1547.26 321.137 542.144
v 1563.67 306.47 562.269
v 1578.85 323.454 547.336
v 1537.5 302.925 582.398
v 1537.81 294.376 582.398
v 1538.33 290.767 582.398
v 1551.22 299.943 582.398
v 1549.34 302.58 560.749
v 1551.22 299.943 561.233
v 1540.76 314.636 546.539
v 1533.07 309.158 549.575
v 1537.5 302.925 556.842
v 1533.67 300.199 555.429
v 1537.81 294.376 556.492
v 1536.45 293.403 555.991
v 1538.33 290.767 556.475
v 1535 288.399 555.246
v 1537.52 284.867 555.893
v 1555.14 297.409 562.398
v 1552.63 300.942 561.751
v 1600.32 350.138 565.29
v 1598.31 361.068 565.29
v 1568.73 342.433 565.29
v 1579.24 355.539 565.29
v 1603.09 347.373 520.645
v 1580.83 325.13 545.29
v 1600.32 350.138 518.561
v 1600.09 361.106 507.424
v 1598.31 361.068 507.616
v 1598.22 365.521 503.599
v 1579.04 365.137 505.531
v 1579.24 355.539 514.902
v 1572.03 355.731 514.713
v 1567.78 351.482 517.779
v 1568.73 342.433 527.32
v 1566.13 339.835 529.194
v 1704.58 1757.86 469.062
v 1707.98 1746.27 469.062
v 1715.65 1774.81 469.062
v 1707.63 1767.63 469.062
v 1697 1746.64 449.062
v 1700.85 1759.02 448.748
v 1707.12 1743.49 447.741
v 1707.98 1746.27 447.671
v 1725.95 1740.68 445.323
v 1734.73 1768.86 444.621
v 1715.65 1774.81 447.109
v 1716.49 1777.49 447.042
v 1707.27 1780.37 448.238
v 1703.69 1768.86 448.527
v 1707.63 1767.63 448.015
v 1704.58 1757.86 448.261
v 1853.2 1908.52 395.69
v 1849.5 1926.36 396.199
v 1875.96 1913.23 392.457
v 1872.27 1931.09 392.707
v 1845.51 1945.63 397.103
v 1873.28 1931.29 392.565
v 1869.29 1950.56 392.967
v 1869.08 1950.52 393.002
v 1859.44 1948.52 394.679
v 1853.69 1947.33 395.68
v 1856.52 1962.66 418.331
v 1858.52 1952.96 418.331
v 1850.76 1961.47 418.331
v 1852.78 1951.77 418.331
v 1865.51 1967.72 393.631
v 1855.88 1965.72 395.629
v 1856.52 1962.66 395.395
v 1850.76 1961.47 396.531
v 1850.26 1963.89 396.716
v 1842.08 1962.2 398.331
v 1852.78 1951.77 395.789
v 1858.52 1952.96 394.762
v 1910.7 1832.84 428.27
v 1914.58 1835.18 428.27
v 1905.26 1841.87 428.27
v 1909.14 1844.2 428.27
v 1904.51 1824.94 408.27
v 1895.11 1840.53 406.187
v 1912.54 1829.78 405.82
v 1910.7 1832.84 405.424
v 1914.58 1835.18 404.239
v 1916.57 1831.86 404.669
v 1926.14 1837.64 399.847
v 1916.57 1853.52 399.682
v 1907 1847.75 402.558
v 1909.14 1844.2 403.072
v 1905.26 1841.87 404.253
v 1903.15 1845.38 403.741
v 1902.54 1845.01 403.928
v 1895.04 1857.44 426.187
v 1900.53 1848.34 426.187
v 1902.54 1861.95 426.187
v 1892.65 1861.43 401.61
v 1895.04 1857.44 402.153
v 1885.23 1856.95 403.802
v 1900.53 1848.34 403.427
v 1913.85 1856.36 399.456
v 1906.42 1868.67 397.789
v 1900.6 1865.15 399.51
v 1902.54 1861.95 399.942
v 1887.88 1867.95 423.165
v 1893.3 1871.21 423.165
v 1882.53 1876.82 423.165
v 1887.95 1880.08 423.165
v 1881.94 1861.6 403.165
v 1871.96 1878.17 400.594
v 1889.1 1865.91 401.06
v 1887.88 1867.95 400.741
v 1893.3 1871.21 399.147
v 1893.88 1870.24 399.301
v 1900.6 1874.28 397.325
v 1891.25 1889.79 395.048
v 1884.54 1885.75 396.961
v 1887.95 1880.08 397.763
v 1882.53 1876.82 399.353
v 1879.11 1882.49 398.506
v 1863.17 1892.75 398.288
v 1882.47 1904.37 392.695
v 1839.28 1800.12 425.509
v 1837.57 1808.73 423.557
v 1855.52 1803.36 421.868
v 1853.8 1811.96 420.015
v 1848.79 1810.97 421.105
v 1847.23 1818.78 443.557
v 1832.9 1832.21 418.249
v 1847.23 1818.78 419.336
v 1852.98 1819.92 418.084
v 1849.85 1835.59 414.717
v 1842.25 1834.06 416.303
v 1841.12 1839.71 438.249
v 1829.92 1847.11 414.86
v 1841.12 1839.71 415.012
v 1847.59 1841 413.664
v 1845.74 1850.27 411.545
v 1857.49 1795.03 423.56
v 1860.78 1779.79 422.978
v 1841.48 1791.56 426.642
v 1844.77 1776.32 425.748
v 1864.02 1764.83 422.052
v 1843.41 1776.03 425.982
v 1846.65 1761.08 425.076
v 1847.41 1761.23 424.944
v 1867.35 1749.47 421.112
v 1850.74 1745.87 424.026
v 1885.36 1743.94 417.753
v 1882.68 1756.36 418.522
v 1906.72 1748.56 414.02
v 1904.03 1760.99 414.818
v 1903.88 1760.95 414.843
v 1880.06 1768.4 419.28
v 1901.28 1773 415.612
v 1877.91 1778.35 419.892
v 1907.02 1774.24 414.619
v 1904.86 1784.18 415.266
v 1904.48 1784.09 415.331
v 1900 1795.29 440.608
v 1875.4 1789.97 440.608
v 1875.4 1789.97 420.608
v 1901.96 1795.72 415.566
v 1900 1795.29 416.009
v 1873.18 1800.2 419.522
v 1897.78 1805.52 414.05
v 1895.21 1804.97 414.631
v 1870.84 1810.96 417.3
v 1892.89 1815.72 412.425
v 1942.57 1745.12 429.575
v 1941.8 1749.06 429.575
v 1943.64 1754.76 429.575
v 1930.44 1734.1 406.093
v 1928.82 1742.44 406.958
v 1953.55 1738.59 396.135
v 1950.16 1756.02 397.891
v 1943.64 1754.76 400.719
v 1943 1758.03 401.085
v 1923.56 1754.25 409.575
v 1925.21 1745.82 408.626
v 1941.8 1749.06 401.417
v 1942.57 1745.12 401.02
v 1938.27 1778.62 432.846
v 1937.76 1781.23 432.846
v 1932.95 1783.42 432.846
v 1927.15 1782.29 432.846
v 1936.58 1769.02 432.846
v 1936.3 1766.16 432.846
v 1928.82 1773.71 432.846
v 1935.41 1774.99 432.846
v 1944.94 1779.92 400.652
v 1938.27 1778.62 403.578
v 1937.76 1781.23 403.873
v 1944.04 1782.46 401.091
v 1942.23 1791.76 402.142
v 1941.02 1791.53 402.68
v 1931.72 1789.71 406.803
v 1932.95 1783.42 406.089
v 1927.15 1782.29 408.662
v 1926.5 1785.62 409.039
v 1917.92 1783.94 412.846
v 1921.12 1767.49 410.981
v 1929.71 1769.17 407.21
v 1928.82 1773.71 407.687
v 1935.41 1774.99 404.784
v 1936.58 1769.02 404.172
v 1935.78 1768.86 404.524
v 1936.3 1766.16 404.249
v 1921.79 1763.35 410.596
v 1948.97 1759.2 398.479
v 1913.3 1807.67 433.629
v 1917.34 1786.91 433.629
v 1922.34 1809.42 433.629
v 1929 1810.73 433.629
v 1926.38 1788.68 433.629
v 1933.39 1803 433.629
v 1934.23 1798.76 433.629
v 1913.3 1807.67 410.816
v 1911.34 1817.68 408.862
v 1910.31 1807.08 411.48
v 1914.35 1786.33 413.629
v 1917.34 1786.91 413.109
v 1926.96 1785.71 408.836
v 1926.38 1788.68 409.174
v 1939.42 1799.77 402.349
v 1934.23 1798.76 404.865
v 1933.39 1803 404.453
v 1939.51 1804.19 401.49
v 1935.98 1822.31 398.99
v 1927.08 1820.59 403.117
v 1929 1810.73 404.579
v 1922.34 1809.42 407.67
v 1920.39 1819.45 406.184
v 1736.86 1222.56 399.709
v 1734.73 1234.41 402.179
v 1756.86 1226.14 398.409
v 1754.74 1237.98 401.561
v 1605.88 1900.42 484.512
v 1601.08 1900.16 484.512
v 1601.92 1893.66 484.512
v 1624.73 1888.69 484.512
v 1626.34 1881.58 484.512
v 1610.08 1862.4 484.512
v 1602.23 1889.08 484.512
v 1597.93 1888.1 484.512
v 1609.92 1867.56 484.512
v 1601.51 1872.37 484.512
v 1605.11 1873.19 484.512
v 1605.88 1900.42 459.162
v 1606.65 1902.93 458.943
v 1601.57 1901.74 460.668
v 1601.08 1900.16 460.763
v 1597.39 1901.29 462.117
v 1595.64 1895.58 462.451
v 1601.92 1893.66 460.572
v 1602.23 1889.08 460.644
v 1597.93 1888.1 461.946
v 1597.06 1891.61 462.077
v 1589.03 1889.79 464.512
v 1594.85 1864.12 462.48
v 1602.89 1865.94 460.499
v 1601.51 1872.37 460.825
v 1605.11 1873.19 459.801
v 1609.92 1867.56 458.763
v 1602.91 1861.58 460.649
v 1605.52 1858.51 460.135
v 1610.08 1862.4 458.91
v 1613.22 1858.74 458.293
v 1635.22 1877.55 451.325
v 1629.48 1884.26 452.4
v 1626.34 1881.58 453.65
v 1624.73 1888.69 453.567
v 1629.34 1887.98 451.996
v 1631.57 1895.31 450.925
v 1693.86 1832.37 466.296
v 1698.37 1820.74 466.296
v 1707.65 1848.49 466.296
v 1696.42 1840.13 466.296
v 1686.58 1820.41 446.296
v 1690.84 1833.36 443.037
v 1697.12 1816.94 444.952
v 1698.37 1820.74 444.111
v 1716.78 1814.67 442.152
v 1725.93 1842.47 433.469
v 1707.65 1848.49 436.592
v 1708.11 1849.85 436.205
v 1696.96 1853.52 438.108
v 1692.93 1841.27 441.034
v 1696.42 1840.13 440.633
v 1693.86 1832.37 442.691
v 1754.66 1934.35 437.372
v 1762.5 1951.13 437.372
v 1774.37 1947.27 437.372
v 1765.6 1950.12 437.372
v 1739.81 1939.18 416.561
v 1747.42 1962.65 417.372
v 1754.66 1934.35 412.356
v 1751.01 1923.09 411.448
v 1767.81 1917.63 408.13
v 1777.14 1946.37 409.686
v 1774.37 1947.27 410.233
v 1776.36 1953.38 410.415
v 1767.58 1956.23 412.379
v 1765.6 1950.12 411.971
v 1762.5 1951.13 412.727
v 1764.44 1957.12 413.142
v 1712.2 1916.87 453.442
v 1704.86 1919.55 453.442
v 1709.45 1898.72 453.442
v 1701.98 1920.6 453.442
v 1690.11 1917.01 453.442
v 1694.45 1910.3 453.442
v 1697.49 1902.2 453.442
v 1715.63 1915.62 421.893
v 1712.2 1916.87 423.248
v 1714.91 1924.28 423.253
v 1707.56 1926.96 426.13
v 1704.86 1919.55 426.126
v 1701.98 1920.6 427.254
v 1703.99 1926.07 427.251
v 1688.46 1931.74 433.38
v 1683.89 1919.27 433.442
v 1690.11 1917.01 430.972
v 1688.46 1912.49 430.979
v 1694.45 1910.3 428.597
v 1692.19 1904.13 429.678
v 1697.49 1902.2 428.288
v 1695.03 1895.46 430.395
v 1709.89 1890.04 426.716
v 1712.64 1897.55 424.209
v 1709.45 1898.72 425.089
v 1791.93 1855.79 449.808
v 1777.68 1862.19 449.808
v 1782.02 1860.87 449.808
v 1755.9 1835.88 429.808
v 1767.06 1872.78 417.578
v 1783.4 1827.56 427.612
v 1791.93 1855.79 418.5
v 1794 1855.16 418.369
v 1795.97 1861.66 416.293
v 1783.4 1865.46 417.142
v 1782.02 1860.87 418.621
v 1777.68 1862.19 418.939
v 1779.73 1868.96 416.757
v 1816.85 1727.14 452
v 1809.28 1720.94 452
v 1816.85 1727.14 429.758
v 1819.83 1726.18 429.198
v 1818.28 1731.51 429.578
v 1807.97 1734.87 431.497
v 1804.46 1724.1 431.941
v 1804 1722.66 432
v 1809.28 1720.94 431.014
v 1811.18 1714.98 430.547
v 1815.71 1713.5 429.69
v 1820.85 1717.18 428.827
v 1822.36 1721.84 428.646
v 1800.67 1725.33 459.682
v 1782.58 1743.14 436.224
v 1767.21 1748.14 439.087
v 1762.56 1733.88 439.682
v 1799.53 1721.84 432.791
v 1800.67 1725.33 432.648
v 1811.48 1757.29 456.224
v 1809.97 1761.84 456.224
v 1803.87 1756.74 456.224
v 1801.02 1747.96 456.224
v 1814.91 1756.18 430.67
v 1811.48 1757.29 431.301
v 1812.67 1760.95 431.153
v 1809.97 1761.84 431.649
v 1812.22 1768.72 431.379
v 1806.18 1770.68 432.498
v 1801.85 1757.39 433.022
v 1803.87 1756.74 432.649
v 1801.02 1747.96 433.004
v 1785.77 1752.93 435.819
v 1801.85 1757.39 458.689
v 1807.84 1775.79 458.689
v 1787.5 1758.24 458.689
v 1782.11 1759.99 458.689
v 1797.75 1784.7 458.689
v 1777.68 1769.76 458.689
v 1780.78 1779.28 458.689
v 1791.73 1786.65 458.689
v 1807.84 1775.79 432.306
v 1809.38 1775.29 432.02
v 1811.77 1782.61 431.738
v 1798.49 1786.94 434.159
v 1797.75 1784.7 434.25
v 1791.73 1786.65 435.348
v 1792.69 1789.6 435.23
v 1781.16 1793.35 437.332
v 1776.99 1780.51 437.865
v 1780.78 1779.28 437.168
v 1777.68 1769.76 437.554
v 1774 1770.96 438.233
v 1770.46 1760.07 438.689
v 1781.02 1756.63 436.742
v 1782.11 1759.99 436.604
v 1787.5 1758.24 435.601
v -1598.83 1467.32 430.255
v -1599.39 1472.22 434.517
v -1588.23 1468.51 429.342
v -1588.79 1473.42 433.615
v -1574.81 1492.76 446.892
v -1605.33 1493.72 453.772
v -1574.59 1499.25 452.088
v -1605.13 1500.21 459.238
v -1615.2 1479.84 443.853
v -1614.76 1494.02 455.809
v -1605.78 1479.54 441.847
v -1661.41 1480.17 497.179
v -1656.64 1472.25 497.179
v -1642.98 1472.11 497.179
v -1639.62 1480.17 497.179
v -1658.28 1505.85 497.179
v -1641.94 1506 497.179
v -1661.43 1472.26 445.288
v -1661.41 1480.17 452.593
v -1656.64 1472.25 444.511
v -1656.65 1470.56 443.007
v -1642.99 1470.52 440.651
v -1642.98 1472.11 442.063
v -1639.64 1472.11 441.457
v -1639.62 1480.17 448.566
v -1636.97 1480.17 448.085
v -1636.91 1505.99 470.749
v -1641.94 1506 471.815
v -1641.93 1508.14 473.676
v -1658.28 1508.17 477.179
v -1658.28 1505.85 475.048
v -1664.37 1505.86 476.336
v -1664.44 1480.17 453.143
v -1583.87 1594.01 559.776
v -1583.92 1609.85 559.776
v -1612.47 1593.92 559.776
v -1612.51 1609.76 559.776
v -1583.87 1594.01 520.706
v -1572.96 1594.05 518.412
v -1583.92 1609.85 528.041
v -1577.09 1609.88 526.655
v -1577.13 1624.2 532.679
v -1623.56 1624.06 539.776
v -1623.52 1609.73 535.087
v -1612.51 1609.76 532.768
v -1612.47 1593.92 526.663
v -1622.26 1593.89 528.73
v -1622.23 1582.26 525.01
v -1572.92 1582.41 513.415
v -1511.15 1585.84 501.448
v -1513.54 1622.12 521.434
v -1471.25 1588.47 496.568
v -1473.64 1624.74 515.286
v -1426.34 1623.78 532.76
v -1423.85 1614.09 532.76
v -1423.85 1614.09 500.983
v -1426.34 1623.78 505.999
v -1414.26 1626.89 505.139
v -1417.14 1638.1 510.761
v -1442.2 1631.65 512.76
v -1436.21 1608.41 500.56
v -1376.19 1570.32 473.627
v -1371.8 1581.91 477.86
v -1399.67 1524.48 485.503
v -1415.31 1543.96 485.503
v -1427.95 1534.26 485.503
v -1412.36 1513.36 485.503
v -1398.59 1524.03 447.172
v -1399.67 1524.48 447.573
v -1392.64 1538.25 456.06
v -1413.96 1547.17 464.515
v -1415.31 1543.96 462.533
v -1422.62 1547.02 465.503
v -1427.95 1534.26 457.502
v -1432.77 1536.27 459.458
v -1437.89 1524.03 451.479
v -1412.36 1513.36 441.375
v -1412.44 1513.15 441.246
v -1405.6 1510.3 438.691
v -1362.45 1569.56 471.406
v -1362.91 1583 476.954
v -1281.39 1614.65 475.246
v -1295.57 1620.48 480.27
v -1457 1562.16 509.707
v -1447.95 1562.11 509.707
v -1446.87 1567.53 509.707
v -1483.66 1540.21 509.707
v -1484.23 1511.81 509.707
v -1473.33 1519.94 509.707
v -1467.86 1552.76 509.707
v -1473.51 1526.94 509.707
v -1477.89 1531.07 509.707
v -1469.99 1544.77 509.707
v -1473.98 1544.27 509.707
v -1478.09 1538.57 509.707
v -1457 1562.16 480.797
v -1453.26 1555.1 475.106
v -1446.21 1558.81 476.842
v -1447.95 1562.11 479.5
v -1444.86 1563.74 480.26
v -1446.87 1567.53 482.538
v -1441.13 1570.55 483.181
v -1447.4 1582.4 489.707
v -1473.38 1568.67 486.787
v -1490.4 1545.08 472.696
v -1483.66 1540.21 468.344
v -1491.59 1540.01 469.126
v -1490.85 1511.64 448.023
v -1484.23 1511.81 447.512
v -1484.19 1510.45 446.516
v -1473.08 1510.75 445.553
v -1473.33 1519.94 452.294
v -1470.35 1520.01 452.002
v -1470.54 1527.02 457.147
v -1473.51 1526.94 457.439
v -1473.62 1531.19 460.562
v -1477.89 1531.07 460.979
v -1478.09 1538.57 466.471
v -1473.98 1544.27 470.067
v -1471.59 1542.54 468.47
v -1469.99 1544.77 469.876
v -1467.12 1542.69 467.995
v -1462.6 1548.95 471.91
v -1467.86 1552.76 475.425
v -1302.3 1482.68 413.352
v -1310.5 1498.2 422.609
v -1238.84 1537.47 434.871
v -1257.06 1544.33 440.49
v -1383.68 1501.02 430.414
v -1384.86 1483.29 418.738
v -1318.45 1496.53 421.985
v -1326.88 1511.23 431.526
v -1483.38 1471.33 417.614
v -1478.3 1482.23 425.299
v -1415.75 1457.9 403.755
v -1412.32 1467 409.685
v -1469.94 1497.91 435.975
v -1413.96 1483.87 421.422
v 694.241 -467.26 581.863
v 678.501 -457.905 581.863
v 697.625 -467.734 556.224
v 694.241 -467.26 556.2
v 699.607 -453.567 561.863
v 679.503 -450.751 561.354
v 678.501 -457.905 558.675
v 663.283 -455.768 558.378
v 660.345 -476.705 550.743
v 692.293 -481.184 550.931
v 729.307 -303.119 614.125
v 731.678 -313.204 614.125
v 739.827 -316.787 614.125
v 743.812 -287.788 614.125
v 749.434 -309.032 614.125
v 753.619 -290.027 614.125
v 755.545 -298.998 614.125
v 751.248 -307.112 614.125
v 724.331 -308.366 593.639
v 729.307 -303.119 592.94
v 730.621 -314.317 591.681
v 731.678 -313.204 591.532
v 737.767 -318.963 589.668
v 739.827 -316.787 589.376
v 744.335 -321.061 588.002
v 752.751 -312.167 586.808
v 749.434 -309.032 587.818
v 751.248 -307.112 587.561
v 755.089 -310.759 586.39
v 761.178 -304.322 585.514
v 755.545 -298.998 587.243
v 759.118 -295.236 586.72
v 753.619 -290.027 588.417
v 754.354 -289.234 588.313
v 748.075 -283.283 590.243
v 743.812 -287.788 590.86
v 740.005 -284.179 592.031
v 725.5 -299.51 594.125
v 718.13 -286.585 617.476
v 719.444 -295.543 617.476
v 720.546 -280.57 596.866
v 716.361 -284.857 597.476
v 718.13 -286.585 596.916
v 714.301 -290.526 597.472
v 710.628 -294.289 596.418
v 707.845 -297.143 595.398
v 715.225 -304.335 596.082
v 721.682 -297.719 595.155
v 719.444 -295.543 595.847
v 727.47 -287.314 594.675
v 677.788 -262.756 607.759
v 680.939 -259.518 607.759
v 683.276 -257.112 607.759
v 675.373 -265.251 607.759
v 682.508 -267.35 587.759
v 677.788 -262.756 584.457
v 682.742 -267.107 587.729
v 685.659 -264.112 587.378
v 680.939 -259.518 584.214
v 683.276 -257.112 584.032
v 686.905 -260.644 586.259
v 692.939 -254.437 585.62
v 681.518 -243.316 579.148
v 660.489 -264.918 579.945
v 672.534 -276.641 585.583
v 679.614 -269.372 587.687
v 675.373 -265.251 584.648
v 685.269 -273.902 615.431
v 688.887 -277.422 615.431
v 691.046 -275.195 615.431
v 687.429 -271.675 615.431
v 693.963 -272.2 615.431
v 696.735 -269.346 615.431
v 690.345 -268.681 615.431
v 693.117 -265.827 615.431
v 682.597 -271.304 588.958
v 685.269 -273.902 589.843
v 675.606 -278.484 586.604
v 685.28 -287.89 589.808
v 692.271 -280.711 592.162
v 688.887 -277.422 591.041
v 691.046 -275.195 591.768
v 699.774 -283.68 594.297
v 702.69 -280.685 595.366
v 693.963 -272.2 592.75
v 696.735 -269.346 593.392
v 700.364 -272.878 594.885
v 706.42 -266.646 595.431
v 695.922 -256.421 587.401
v 689.855 -262.653 588.133
v 693.117 -265.827 590.627
v 690.345 -268.681 590.964
v 687.429 -271.675 590.57
v 701.967 -285.83 617.881
v 699.685 -288.172 617.881
v 705.64 -282.054 617.881
v 703.904 -292.267 617.881
v 706.164 -289.938 617.881
v 709.837 -286.175 617.881
v 708.323 -279.303 617.881
v 712.542 -283.398 617.881
v 701.967 -285.83 594.725
v 699.685 -288.172 593.889
v 695.867 -284.448 593.142
v 689.566 -290.91 590.834
v 700.297 -301.366 593.156
v 706.598 -294.903 595.242
v 703.904 -292.267 594.716
v 706.164 -289.938 595.544
v 709.837 -286.175 596.89
v 712.542 -283.398 597.881
v 715.236 -286.022 597.639
v 720.891 -280.211 596.816
v 709.871 -269.461 597.829
v 704.193 -275.272 596.157
v 708.323 -279.303 597.055
v 705.64 -282.054 596.072
v 703.447 -279.917 595.643
v 1045.6 -597.793 532.358
v 1042.58 -601.261 532.358
v 1043.07 -595.605 511.053
v 1045.6 -597.793 510.882
v 1040.06 -599.073 510.903
v 1042.58 -601.261 510.732
v 1037.82 -606.739 510.495
v 1094.72 -635.315 512.358
v 1048.15 -594.863 511.008
v 888.349 -491.652 564.312
v 905.659 -496.003 564.312
v 881.236 -479.75 564.312
v 894.973 -467.068 564.312
v 886.757 -497.974 541.293
v 888.349 -491.652 541.654
v 904.067 -502.312 537.897
v 905.659 -496.003 538.824
v 915.121 -498.383 537.16
v 920.008 -478.919 538.863
v 895.719 -464.522 543.364
v 894.973 -467.068 543.138
v 888.104 -465.277 544.051
v 876.315 -471.688 544.312
v 881.236 -479.75 543.108
v 878.854 -489.272 542.325
v 765.898 -468.156 552.956
v 712.553 -470.69 555.996
v 711.251 -485.177 550.317
v 769.671 -481.734 548.612
v 811.071 -196.246 613.937
v 758.072 -242.382 613.937
v 742.543 -247.91 613.937
v 775.549 -237.314 613.937
v 803.557 -235.253 613.937
v 781.661 -268.502 583.12
v 844.211 -247.155 565.094
v 811.071 -196.246 559.393
v 710.895 -224.759 578.619
v 722.539 -261.194 593.937
v 744.491 -252.837 586.139
v 742.543 -247.91 584.597
v 758.072 -242.382 579.37
v 761.211 -252.684 582.454
v 703.436 -345.991 614.564
v 716.572 -331.658 614.564
v 689.766 -333.449 614.564
v 702.902 -319.116 614.564
v 721.949 -336.585 591.801
v 708.802 -350.918 591.617
v 716.572 -331.658 593.447
v 722.327 -325.387 592.663
v 708.657 -312.845 594.564
v 702.902 -319.116 592.741
v 700.297 -316.723 592.362
v 687.15 -331.056 588.506
v 689.766 -333.449 589.084
v 682.23 -341.666 587.376
v 695.9 -354.194 589.162
v 703.436 -345.991 591.133
v 707.611 -410.183 579.039
v 731.945 -395.402 581.336
v 714.969 -422.29 574.702
v 739.303 -407.509 575.834
v 718.954 -427.204 572.103
v 743.745 -414.957 572.609
v 724.921 -439.272 566.736
v 749.701 -427.038 567.562
v 714.535 -384.665 610.836
v 710.861 -379.15 610.836
v 725.823 -388.236 585.488
v 712.097 -367.632 590.836
v 695.21 -378.894 587.957
v 700.152 -386.303 587.428
v 710.861 -379.15 589.712
v 714.535 -384.665 589.387
v 698.661 -395.262 583.988
v 703.781 -402.94 581.491
v 905.67 -294.967 557.37
v 914.977 -309.416 556.174
v 896.91 -300.611 557.008
v 906.227 -315.059 555.885
v 922.591 -351.814 573.514
v 915.411 -369.654 551.227
v 911.348 -372.264 551.194
v 928.602 -361.143 551.338
v 922.591 -351.814 552.366
v 922.702 -351.737 552.369
v 920.977 -349.05 552.665
v 916.09 -341.461 553.503
v 916.023 -341.358 553.514
v 898.646 -352.556 553.155
v 916.09 -341.461 574.831
v 922.903 -322.674 554.831
v 920.866 -323.992 554.763
v 915.734 -327.294 554.594
v 908.264 -332.106 554.436
v 914.821 -342.28 553.477
v 934.346 -340.437 553.011
v 913.685 -324.107 576.174
v 916.001 -316.441 576.174
v 910.023 -326.462 554.799
v 913.685 -324.107 554.92
v 916.001 -316.441 555.536
v 918.483 -314.842 555.618
v 903.711 -316.672 555.802
v 902.453 -389.516 550.112
v 897.21 -381.376 551.076
v 920.654 -377.793 550.264
v 889.084 -380.954 572.873
v 880.991 -377.665 552.873
v 887.915 -388.415 550.906
v 892.134 -385.702 550.941
v 889.084 -380.954 551.476
v 905.125 -370.626 551.615
v 901.251 -364.612 552.168
v 895.518 -368.31 552.117
v 879.989 -378.318 553.051
v 874.078 -369.129 554.997
v 889.596 -359.121 552.962
v 866.007 -357.33 557.653
v 842.875 -343.457 563.871
v 872.82 -345.991 556.907
v 849.677 -332.106 563.15
v 930.884 -449.446 541.044
v 943.786 -460.644 538.413
v 926.476 -454.527 540.894
v 939.378 -465.724 538.13
v 945.668 -455.039 538.927
v 934.235 -445.121 541.257
v 969.256 -427.87 540.531
v 957.824 -417.952 543.053
v 801.375 -410.772 563.86
v 791.212 -396.605 569.069
v 813.008 -402.415 563.267
v 802.856 -388.249 568.902
v 783.219 -385.459 573.872
v 816.593 -361.515 568.444
v 824.585 -372.661 565.805
v 795.086 -368.822 572.707
v 790.132 -361.911 574.343
v 810.47 -357.778 570.11
v 805.516 -350.88 571.741
v 799.427 -355.244 572.79
v 774.837 -372.892 576.894
v 769.571 -365.546 578.675
v 794.162 -347.911 574.541
v 756.747 -350.624 582.773
v 785.334 -330.122 577.927
v 764.495 -361.361 580.157
v 793.049 -340.885 575.333
v 748.042 -338.53 585.714
v 776.651 -318.003 580.851
v 750.814 -389.298 601.81
v 748.098 -391.115 601.81
v 755.189 -386.38 601.81
v 751.359 -396.004 601.81
v 754.076 -394.187 601.81
v 758.45 -391.269 601.81
v 758.395 -384.243 601.81
v 761.656 -389.132 601.81
v 750.814 -389.298 579.572
v 749.111 -386.751 580.889
v 748.098 -391.115 579.468
v 745.125 -386.662 581.81
v 737.623 -391.678 581.524
v 745.938 -404.143 575.75
v 753.441 -399.139 576.03
v 751.359 -396.004 577.373
v 754.076 -394.187 577.476
v 759.82 -402.799 573.629
v 764.195 -399.881 573.573
v 758.45 -391.269 577.553
v 761.656 -389.132 577.511
v 763.749 -392.267 576.062
v 770.495 -387.762 575.977
v 761.957 -374.952 579.624
v 755.2 -379.457 580.774
v 758.395 -384.243 579.673
v 755.189 -386.38 579.735
v 753.497 -383.833 580.797
v 752.595 -384.422 580.95
v 762.157 -406.319 594.52
v 759.475 -408.11 594.52
v 767.222 -402.94 594.52
v 761.701 -411.45 594.52
v 764.395 -409.659 594.52
v 769.449 -406.28 594.52
v 771.697 -404.783 594.52
v 769.46 -401.443 594.52
v 762.157 -406.319 572.005
v 759.475 -408.11 572.039
v 756.28 -403.311 574.233
v 749.189 -408.046 573.966
v 757.771 -420.933 568.444
v 764.874 -416.198 568.709
v 761.701 -411.45 570.604
v 764.395 -409.659 570.568
v 771.074 -419.679 566.55
v 775.616 -416.646 566.721
v 776.139 -416.301 566.74
v 769.449 -406.28 570.505
v 771.697 -404.783 570.475
v 774.202 -408.545 569.147
v 782.395 -403.081 569.041
v 773.902 -390.335 574.412
v 765.697 -395.799 574.52
v 769.46 -401.443 571.912
v 767.222 -402.94 571.939
v 764.885 -399.421 573.564
v 782.362 -419.078 588.287
v 779.623 -414.97 588.287
v 776.083 -417.337 588.287
v 778.811 -421.432 588.287
v 771.53 -420.37 588.287
v 769.293 -421.868 588.287
v 774.269 -424.465 588.287
v 772.031 -425.963 588.287
v 782.362 -419.078 564.797
v 778.811 -421.432 564.669
v 784.8 -422.725 563.233
v 792.102 -417.862 563.504
v 783.898 -405.551 568.194
v 776.596 -410.427 568.287
v 779.623 -414.97 566.558
v 776.083 -417.337 566.424
v 771.53 -420.37 566.254
v 769.293 -421.868 566.169
v 766.955 -418.348 567.676
v 761.055 -422.277 567.457
v 768.458 -433.372 562.701
v 774.347 -429.444 562.922
v 772.031 -425.963 564.413
v 774.269 -424.465 564.498
v 777.408 -429.188 562.55
v 781.961 -426.155 562.719
v 736.977 -374.133 607.371
v 739.782 -378.343 607.371
v 742.365 -376.616 607.371
v 739.56 -372.418 607.371
v 745.838 -374.299 607.371
v 749.155 -372.098 607.371
v 743.044 -370.089 607.371
v 746.35 -367.888 607.371
v 734.906 -371.036 585.969
v 736.977 -374.133 585.257
v 726.569 -376.59 587.371
v 734.06 -387.826 583.816
v 742.398 -382.272 583.391
v 739.782 -378.343 584.292
v 742.365 -376.616 583.858
v 745.838 -374.299 583.274
v 749.155 -372.098 582.716
v 751.949 -376.296 581.753
v 759.185 -371.471 580.53
v 751.059 -359.275 583.336
v 743.823 -364.1 584.553
v 746.35 -367.888 583.681
v 743.044 -370.089 584.237
v 739.415 -364.65 585.498
v 735.93 -366.966 586.084
v 739.56 -372.418 584.822
v 732.001 -361.681 611.456
v 735.763 -359.173 611.456
v 738.547 -357.317 611.456
v 729.107 -363.601 611.456
v 735.652 -367.158 586.13
v 732.001 -361.681 587.419
v 735.763 -359.173 586.787
v 738.547 -357.317 586.319
v 741.352 -361.515 585.329
v 748.554 -356.715 584.119
v 739.715 -343.457 587.188
v 714.635 -360.171 591.456
v 723.953 -374.158 588.165
v 732.391 -368.528 586.747
v 729.107 -363.601 587.907
v 493.076 -472.648 578.386
v 497.929 -472.533 578.386
v 487.098 -472.789 578.386
v 503.228 -472.418 578.386
v 508.082 -472.302 578.386
v 516.375 -472.11 578.386
v 521.229 -471.995 578.386
v 482.245 -472.904 578.386
v 477.714 -473.006 578.386
v 472.86 -473.121 578.386
v 472.66 -464.496 578.386
v 477.513 -464.381 578.386
v 482.044 -464.278 578.386
v 521.028 -463.383 578.386
v 486.898 -464.163 578.386
v 492.876 -464.035 578.386
v 516.175 -463.485 578.386
v 497.729 -463.92 578.386
v 503.028 -463.792 578.386
v 507.881 -463.677 578.386
v 493.076 -472.648 553.626
v 487.098 -472.789 554.632
v 493.12 -474.568 553.521
v 497.974 -474.452 552.32
v 497.929 -472.533 552.645
v 503.228 -472.418 551.699
v 503.273 -473.966 551.439
v 508.126 -473.851 550.636
v 508.082 -472.302 550.896
v 516.375 -472.11 549.523
v 516.408 -473.672 549.263
v 521.262 -473.556 548.46
v 521.229 -471.995 548.72
v 523.143 -471.957 548.402
v 522.943 -463.331 550.74
v 521.028 -463.383 551.05
v 520.961 -460.759 551.811
v 516.108 -460.874 552.6
v 516.175 -463.485 551.842
v 507.881 -463.677 553.083
v 507.826 -461.053 553.515
v 502.972 -461.169 553.92
v 503.028 -463.792 553.488
v 497.729 -463.92 554.014
v 497.673 -461.655 554.393
v 492.82 -461.77 555.196
v 492.876 -464.035 554.818
v 486.898 -464.163 555.809
v 486.853 -462.32 556.117
v 482 -462.436 556.92
v 482.044 -464.278 556.612
v 477.513 -464.381 557.362
v 477.48 -463.075 557.581
v 472.626 -463.178 558.386
v 472.66 -464.496 558.165
v 471.435 -464.522 558.368
v 471.636 -473.147 557.236
v 472.86 -473.121 557.029
v 472.927 -475.988 556.903
v 477.781 -475.873 556.086
v 477.714 -473.006 556.212
v 482.245 -472.904 555.449
v 482.289 -475.233 555.348
v 487.143 -475.131 554.531
v 702.523 -849.22 560.531
v 700.854 -846.596 560.531
v 685.948 -856.13 560.531
v 687.618 -858.741 560.531
v 709.859 -860.967 560.531
v 712.097 -843.103 540.531
v 702.523 -849.22 538.037
v 700.854 -846.596 539.456
v 711.329 -839.903 540.418
v 702.98 -826.85 540.233
v 667.001 -849.847 539.62
v 675.35 -862.9 532.548
v 685.948 -856.13 535.416
v 687.618 -858.741 534.003
v 677.009 -865.523 531.13
v 684.467 -877.194 524.785
v 709.859 -860.967 531.641
v 711.34 -863.284 530.377
v 721.036 -857.09 532.592
v 659.042 -810.048 563.122
v 646.352 -808.103 541.955
v 656.649 -836.614 543.122
v 667.246 -832.788 542.344
v 659.042 -810.048 541.452
v 664.864 -807.949 541.054
v 662.771 -802.165 540.832
v 707.655 -745.845 557.585
v 686.56 -753.497 557.585
v 698.728 -741.545 557.585
v 695.8 -740.124 557.585
v 691.147 -734.801 557.585
v 689.477 -754.905 537.115
v 686.56 -753.497 537.158
v 703.481 -761.7 536.943
v 710.505 -747.227 535.945
v 707.655 -745.845 535.987
v 709.937 -741.148 535.673
v 701.01 -736.823 535.802
v 698.728 -741.545 536.119
v 695.8 -740.124 536.158
v 698.783 -733.956 535.716
v 692.928 -731.128 535.751
v 691.147 -734.801 536.015
v 686.66 -732.625 536.041
v 676.208 -754.188 537.585
v 684.323 -758.117 537.472
v 686.249 -789.688 560.481
v 697.993 -814.079 560.481
v 687.417 -776.481 560.481
v 701.388 -807.181 560.481
v 702.446 -805.031 560.481
v 688.33 -774.625 560.481
v 694.564 -778.068 560.481
v 699.952 -796.47 560.481
v 698.227 -795.625 560.481
v 693.996 -779.232 560.481
v 677.354 -807.859 540.481
v 686.249 -789.688 539.083
v 696.457 -817.214 540.048
v 697.993 -814.079 539.803
v 700.509 -815.307 539.747
v 703.882 -808.397 539.246
v 701.388 -807.181 539.307
v 702.446 -805.031 539.153
v 707.678 -807.591 539.024
v 712.62 -797.507 538.299
v 701.989 -792.311 538.55
v 699.952 -796.47 538.86
v 698.227 -795.625 538.898
v 703.882 -784.07 538.023
v 693.996 -779.232 538.216
v 694.564 -778.068 538.135
v 704.472 -782.905 537.941
v 712.642 -766.192 536.783
v 681.473 -771.26 538.314
v 688.33 -774.625 538.238
v 687.417 -776.481 538.367
v 680.916 -773.294 538.449
v 675.473 -784.415 539.265
v 415.063 -664.314 606.029
v 427.509 -647.063 581.013
v 416.343 -644.875 585.767
v 412.614 -663.827 586.029
v 415.063 -664.314 584.991
v 413.961 -669.957 585.067
v 422.666 -671.659 581.673
v 369.177 -676.625 624.786
v 372.561 -684.29 624.786
v 372.639 -688.769 624.786
v 407.416 -697.484 624.786
v 365.593 -676.688 624.786
v 407.571 -706.749 624.786
v 407.716 -715.31 624.786
v 389.538 -715.618 624.786
v 384.851 -707.146 624.786
v 384.684 -697.881 624.786
v 360.806 -684.495 624.786
v 360.884 -688.974 624.786
v 349.507 -698.495 624.786
v 377.727 -698.009 624.786
v 356.576 -704.164 624.786
v 361.307 -704.087 624.786
v 370.469 -703.921 624.786
v 383.949 -667.602 596.7
v 369.021 -667.858 602.34
v 369.177 -676.625 601.3
v 365.593 -676.688 601.607
v 365.437 -668.012 602.754
v 348.271 -668.306 604.786
v 348.55 -684.7 602.224
v 360.806 -684.495 601.135
v 360.884 -688.974 600.616
v 347.526 -689.204 601.763
v 347.681 -698.521 600.684
v 349.507 -698.495 600.526
v 349.618 -704.292 599.642
v 356.576 -704.164 599.052
v 356.632 -706.979 598.588
v 361.352 -706.89 598.252
v 361.307 -704.087 598.649
v 370.469 -703.921 597.881
v 370.513 -706.532 597.567
v 377.882 -706.404 595.005
v 377.727 -698.009 595.928
v 384.684 -697.881 593.504
v 384.851 -707.146 592.484
v 380.064 -707.235 594.147
v 380.22 -715.784 593.115
v 389.538 -715.618 589.885
v 389.627 -720.711 589.515
v 407.805 -720.391 583.754
v 407.716 -715.31 584.124
v 412.169 -715.234 582.712
v 412.013 -706.672 583.336
v 407.571 -706.749 584.744
v 407.416 -697.484 585.584
v 411.267 -697.42 584.242
v 411.111 -688.104 584.921
v 372.639 -688.769 598.765
v 372.561 -684.29 599.306
v 384.239 -684.085 594.88
v 403.274 -761.24 619.728
v 383.738 -763.197 619.728
v 330.16 -721.056 619.728
v 339.232 -742.709 619.728
v 360.862 -750.989 619.728
v 372.784 -760.6 619.728
v 380.521 -761.483 619.728
v 364.502 -752.934 619.728
v 405.712 -762.532 574.038
v 399.033 -775.048 571.923
v 403.274 -761.24 575.049
v 406.18 -755.775 576.201
v 332.587 -716.513 599.144
v 330.16 -721.056 598.617
v 323.191 -717.281 599.728
v 317.959 -724 598.921
v 339.232 -742.709 592.395
v 337.707 -745.576 591.545
v 357.979 -756.389 586.001
v 360.862 -750.989 587.759
v 364.502 -752.934 586.727
v 361.185 -759.166 584.781
v 370.814 -764.298 581.805
v 372.784 -760.6 582.699
v 379.174 -764.004 579.882
v 380.521 -761.483 580.49
v 383.738 -763.197 579.072
v 382.202 -766.077 578.377
v 323.748 -811.366 571.129
v 320.052 -803.867 574.112
v 354.35 -796.291 572.425
v 350.654 -788.792 575.3
v 286.612 -817.7 574.596
v 278.107 -829.845 572.586
v 257.379 -797.225 584.316
v 248.874 -809.369 582.421
v 293.135 -829.653 597.544
v 309.911 -843.934 597.544
v 306.76 -839.199 597.544
v 306.605 -810.419 573.928
v 293.135 -829.653 570.287
v 296.619 -803.419 577.544
v 306.059 -849.424 561.928
v 309.911 -843.934 563.023
v 312.193 -847.377 561.514
v 368.487 -809.958 565.298
v 363.044 -801.781 569.124
v 306.76 -839.199 565.117
v 589.991 -921.344 544.313
v 597.872 -917.095 544.313
v 599.92 -920.909 544.313
v 592.05 -925.157 544.313
v 579.36 -927.077 505.693
v 569.519 -908.815 515.417
v 589.991 -921.344 507.94
v 592.05 -925.157 505.91
v 582.209 -930.468 503.829
v 590.536 -945.901 495.602
v 633.561 -922.7 504.682
v 625.234 -907.254 512.949
v 599.92 -920.909 507.581
v 597.872 -917.095 509.614
v 621.171 -904.528 514.564
v 611.319 -886.28 524.313
v 544.684 -928.062 530.432
v 567.983 -954.974 530.432
v 555.47 -944.237 530.432
v 555.426 -937.417 530.432
v 544.639 -921.715 510.432
v 544.684 -928.062 507.27
v 541.901 -928.075 507.426
v 541.956 -937.493 502.738
v 555.426 -937.417 501.972
v 555.47 -944.237 498.576
v 545.073 -944.301 499.165
v 545.151 -956.51 493.085
v 567.994 -956.369 491.743
v 567.983 -954.974 492.442
v 572.948 -954.948 492.148
v 572.758 -921.548 508.855
v 494.723 -810.137 551.893
v 476.656 -774.011 556.454
v 505.956 -804.519 550.497
v 487.888 -768.393 554.755
v 639.828 -690.151 554.952
v 633.606 -688.999 554.952
v 645.049 -691.111 554.952
v 627.806 -687.924 554.952
v 652.229 -692.442 554.952
v 621.884 -686.837 554.952
v 639.828 -690.151 533.38
v 640.585 -686.069 532.94
v 633.606 -688.999 533.57
v 634.14 -686.107 533.259
v 628.34 -685.032 533.437
v 627.806 -687.924 533.747
v 621.884 -686.837 533.883
v 622.518 -683.381 533.517
v 619.68 -682.857 533.581
v 617.297 -695.782 534.952
v 652.819 -702.347 534.146
v 655.613 -687.259 532.393
v 653.276 -686.824 532.441
v 652.229 -692.442 533.104
v 645.049 -691.111 533.251
v 645.806 -687.041 532.781
v 602.614 -660.308 553.087
v 613.345 -661.844 553.087
v 595.946 -659.348 553.087
v 616.151 -662.24 553.087
v 627.772 -663.904 553.087
v 630.823 -664.339 553.087
v 638.426 -665.44 553.087
v 652.608 -667.462 553.087
v 648.99 -666.95 553.087
v 641.109 -665.824 553.087
v 602.358 -662.036 532.44
v 602.614 -660.308 532.257
v 613.101 -663.571 532.066
v 613.345 -661.844 531.884
v 616.151 -662.24 531.786
v 615.95 -663.687 531.939
v 627.561 -665.35 531.535
v 627.772 -663.904 531.382
v 630.823 -664.339 531.252
v 630.578 -666.067 531.436
v 638.181 -667.155 531.145
v 638.426 -665.44 530.944
v 641.109 -665.824 530.855
v 641.031 -666.374 530.919
v 648.901 -667.5 530.66
v 648.99 -666.95 530.594
v 652.608 -667.462 530.474
v 652.374 -669.061 530.662
v 657.884 -669.842 530.479
v 660.133 -654.127 528.634
v 592.362 -644.427 531.453
v 589.89 -661.677 533.087
v 595.49 -662.484 532.839
v 595.946 -659.348 532.542
v 649.747 -790.148 561.483
v 660.333 -786.232 561.483
v 645.149 -781.421 561.483
v 657.862 -776.724 561.483
v 641.042 -796.342 541.483
v 650.715 -792.759 540.838
v 649.747 -790.148 540.715
v 660.333 -786.232 540.01
v 661.313 -788.881 540.135
v 673.747 -784.287 539.333
v 669.373 -772.463 538.849
v 657.862 -776.724 539.583
v 657.306 -775.227 539.524
v 644.593 -779.923 540.334
v 645.149 -781.421 540.394
v 636.678 -784.556 540.934
v 577.679 -770.466 564.514
v 541.166 -755.225 542.831
v 556.172 -738.998 540.937
v 577.679 -770.466 542.456
v 597.961 -812.454 544.514
v 625.346 -800.348 542.426
v 595.612 -744.616 539.956
v 719.756 -679.785 549.633
v 710.583 -684.316 529.633
v 718.509 -685.928 529.102
v 719.756 -679.785 528.194
v 759.608 -687.886 523.209
v 762.547 -673.387 521.914
v 714.78 -663.687 526.89
v 775.916 -817.905 555.516
v 768.013 -811.148 555.516
v 767.055 -823.126 555.516
v 760.398 -824.534 555.516
v 767.189 -807.22 555.516
v 748.766 -823.651 555.516
v 748.565 -815.269 555.516
v 774.536 -798.697 555.516
v 747.73 -811.327 555.516
v 746.261 -804.379 555.516
v 784.41 -816.101 529.695
v 775.916 -817.905 530.986
v 782.707 -808.051 529.03
v 768.013 -811.148 531.369
v 767.189 -807.22 531.033
v 781.872 -804.11 528.68
v 780.469 -797.443 528.132
v 774.536 -798.697 529.17
v 772.41 -788.638 528.672
v 744.19 -794.614 533.321
v 746.261 -804.379 533.851
v 740.906 -805.505 534.664
v 742.376 -812.466 535.043
v 747.73 -811.327 534.229
v 748.565 -815.269 534.421
v 742.487 -816.561 535.3
v 744.19 -824.611 535.516
v 748.766 -823.651 534.927
v 750.257 -830.664 535.342
v 761.211 -828.348 533.827
v 760.398 -824.534 533.62
v 767.055 -823.126 532.609
v 767.779 -826.556 532.796
v 777.319 -824.534 531.346
v 788.462 -864.614 550.071
v 787.906 -861.889 550.071
v 802.188 -875.377 510.318
v 799.572 -862.388 518.883
v 788.462 -864.614 519.158
v 787.906 -861.889 520.957
v 799.16 -859.636 520.675
v 796.288 -845.368 530.071
v 761.356 -852.38 529.966
v 767.378 -882.377 511.787
v 708.357 -881.942 542.816
v 708.357 -881.942 521.033
v 716.572 -877.911 522.352
v 706.42 -878.666 522.816
v 687.607 -888.66 518.797
v 709.258 -922.252 500.422
v 718.364 -916.877 502.015
v 365.971 -1017.63 532.18
v 364.457 -1022 532.18
v 364.491 -1023.89 532.18
v 360.071 -1030.34 532.18
v 375.545 -1023.71 532.18
v 383.315 -1023.59 532.18
v 390.606 -1023.48 532.18
v 369.879 -1036.39 532.18
v 374.298 -1030.1 532.18
v 379.563 -1030.03 532.18
v 391.419 -1029.84 532.18
v 365.893 -1012.78 512.18
v 365.971 -1017.63 510.35
v 359.76 -1012.87 511.073
v 359.904 -1022.08 507.305
v 364.457 -1022 508.554
v 364.491 -1023.89 507.975
v 352.446 -1024.06 505.063
v 352.546 -1030.45 502.713
v 360.071 -1030.34 504.773
v 360.216 -1039.15 502.06
v 369.923 -1039 504.66
v 369.879 -1036.39 505.48
v 374.398 -1036.31 505.01
v 374.298 -1030.1 506.958
v 379.563 -1030.03 506.406
v 379.775 -1043.03 502.793
v 391.619 -1042.85 502.181
v 391.419 -1029.84 505.199
v 400.469 -1029.7 504.732
v 400.369 -1023.32 506.226
v 390.606 -1023.48 507.245
v 390.495 -1016.19 509.53
v 383.204 -1016.31 510.291
v 383.315 -1023.59 508.006
v 375.545 -1023.71 508.819
v 375.445 -1017.47 510.776
v 463.855 -1141.8 446.525
v 486.397 -1143 446.401
v 486.964 -1132.3 453.702
v 464.545 -1128.69 455.566
v 513.503 -1083.79 514.184
v 519.703 -1073.59 514.184
v 512.835 -1068.25 514.184
v 502.482 -1077.09 514.184
v 527.563 -1108.42 470.426
v 484.872 -1082.44 487.27
v 534.698 -1096.69 478.279
v 513.503 -1083.79 486.533
v 519.703 -1073.59 493.355
v 531.303 -1082.6 487.374
v 538.361 -1073.5 493.394
v 517.01 -1056.93 494.117
v 509.952 -1066.03 493.954
v 512.835 -1068.25 493.978
v 502.482 -1077.09 491.026
v 492.007 -1070.71 494.184
v 604.039 -1005.2 595.227
v 624.956 -1032.05 595.227
v 632.225 -1012.28 595.227
v 629.387 -997.639 595.227
v 622.808 -990.575 595.227
v 628.374 -988.771 595.227
v 604.039 -1005.2 482.353
v 622.808 -990.575 481.48
v 600.065 -1000.11 483.702
v 591.171 -1007.04 484.227
v 616.997 -1040.19 473.125
v 625.891 -1033.25 472.056
v 624.956 -1032.05 472.572
v 639.071 -1021.06 471.708
v 632.225 -1012.28 475.304
v 637.546 -1008.12 475.453
v 629.387 -997.639 478.748
v 633.06 -994.785 478.846
v 628.374 -988.771 480.738
v 629.965 -986.762 480.942
v 624.31 -982.27 482.647
v 619.68 -988.092 482.224
v 545.463 -1094.75 478.299
v 550.862 -1084.24 483.194
v 568.751 -1106.69 464.95
v 574.15 -1096.17 469.624
v 563.396 -1068.85 514.327
v 566.313 -1065.36 514.327
v 571.99 -1058.55 514.327
v 575.63 -1054.18 514.327
v 537.637 -1028.74 493.684
v 562.506 -1028.25 489.106
v 528.464 -1039.74 494.327
v 563.396 -1068.85 486.642
v 560.268 -1072.62 487.374
v 563.998 -1075.73 484.027
v 570.042 -1068.47 484.309
v 566.313 -1065.36 485.945
v 571.99 -1058.55 484.588
v 578.625 -1064.08 481.677
v 582.276 -1059.7 480.805
v 575.63 -1054.18 483.719
v 583 -1045.33 481.959
v 512.679 -1010.64 519.812
v 499.054 -1002.8 519.812
v 512.635 -1013.02 496.445
v 512.679 -1010.64 496.411
v 518.746 -1013.14 495.779
v 519.058 -995.847 496.008
v 494.579 -995.4 499.812
v 494.445 -1002.72 499.323
v 499.054 -1002.8 498.798
v 498.976 -1006.8 498.535
v 502.972 -1010.46 497.631
v 486.519 -978.853 523.547
v 514.895 -983.524 523.547
v 544.583 -973.606 492.601
v 482.334 -973.466 503.547
v 482.322 -978.84 503.179
v 486.519 -978.853 502.493
v 486.508 -983.46 502.178
v 514.895 -983.524 497.286
v 514.883 -989.129 497.152
v 544.55 -989.206 492.589
v 462.129 -942.075 546.49
v 464.445 -946.579 546.49
v 470.445 -946.362 546.49
v 461.884 -935.395 546.49
v 472.237 -939.72 546.49
v 472.148 -937.314 546.49
v 482.022 -936.956 546.49
v 453.212 -935.702 546.49
v 443.528 -935.983 546.49
v 449.027 -925.643 546.49
v 461.506 -925.195 546.49
v 503.662 -936.162 546.49
v 516.074 -935.356 546.49
v 518.535 -935.267 546.49
v 518.768 -941.64 546.49
v 515.919 -931.057 546.49
v 518.379 -930.967 546.49
v 529.11 -938.965 546.49
v 457.097 -942.254 516.514
v 462.129 -942.075 515.733
v 457.532 -954.168 512.296
v 464.712 -953.899 511.041
v 464.445 -946.579 513.777
v 470.445 -946.362 512.847
v 470.69 -953.003 510.12
v 476.69 -952.786 508.907
v 476.211 -939.566 514.245
v 472.237 -939.72 514.858
v 472.148 -937.314 515.71
v 482.022 -936.956 514.179
v 482.634 -953.797 507.187
v 504.275 -953.003 503.091
v 503.662 -936.162 510.312
v 516.097 -935.702 508.423
v 516.074 -935.356 508.572
v 518.535 -935.267 508.198
v 518.768 -941.64 505.465
v 509.952 -941.96 506.807
v 510.419 -954.756 500.976
v 529.655 -954.053 497.143
v 529.11 -938.965 504.767
v 532.939 -938.824 504.004
v 532.572 -928.753 508.636
v 518.312 -929.265 510.772
v 518.379 -930.967 510.041
v 515.919 -931.057 510.416
v 515.629 -920.755 515.455
v 461.417 -922.738 522.863
v 461.506 -925.195 521.997
v 449.027 -925.643 523.647
v 448.871 -921.446 525.134
v 440.121 -921.766 526.49
v 440.644 -936.086 521.928
v 443.528 -935.983 521.473
v 443.817 -943.905 518.761
v 453.491 -943.546 516.782
v 453.212 -935.702 519.572
v 461.884 -935.395 518.099
v 575.552 -863.22 566.908
v 565.534 -869.324 566.908
v 586.851 -856.322 566.908
v 555.081 -875.709 566.908
v 596.692 -850.32 566.908
v 559.344 -882.684 566.908
v 569.786 -876.298 566.908
v 579.805 -870.194 566.908
v 591.115 -863.284 566.908
v 607.546 -843.691 566.908
v 610.195 -851.638 566.908
v 597.137 -859.611 566.908
v 575.552 -863.22 537.851
v 571.311 -856.271 541.565
v 565.534 -869.324 535.35
v 560.413 -860.929 539.837
v 549.96 -867.315 537.219
v 555.081 -875.709 532.744
v 549.515 -879.113 531.36
v 553.767 -886.075 527.661
v 559.344 -882.684 529.039
v 563.697 -889.812 525.24
v 574.15 -883.439 527.829
v 569.786 -876.298 531.637
v 579.805 -870.194 534.124
v 585.093 -878.845 529.5
v 596.391 -871.947 532.327
v 591.115 -863.284 536.97
v 597.137 -859.611 538.488
v 601.022 -865.971 535.081
v 614.08 -857.998 538.374
v 610.195 -851.638 541.783
v 617.364 -847.262 543.593
v 613.112 -840.287 545.624
v 607.546 -843.691 545.903
v 603.071 -836.359 545.91
v 592.206 -842.975 546.908
v 596.692 -850.32 543.163
v 586.851 -856.322 540.682
v 582.61 -849.373 544.392
v 499.967 -885.755 562.442
v 512.546 -885.64 562.442
v 483.58 -885.909 562.442
v 473.829 -885.998 562.442
v 526.539 -880.879 562.442
v 524.757 -874.11 562.442
v 520.104 -878.358 562.442
v 512.479 -878.435 562.442
v 457.02 -886.165 562.442
v 499.9 -878.55 562.442
v 448.448 -886.241 562.442
v 448.381 -879.037 562.442
v 483.514 -878.704 562.442
v 473.762 -878.794 562.442
v 456.953 -878.96 562.442
v 499.967 -885.755 532.36
v 483.58 -885.909 534.166
v 500.056 -895.647 528.173
v 512.635 -895.532 527.054
v 512.546 -885.64 531.553
v 526.583 -885.512 530.394
v 526.539 -880.879 532.614
v 540.709 -880.751 531.098
v 540.609 -870.898 535.954
v 524.735 -871.051 536.958
v 524.757 -874.11 535.597
v 520.104 -878.358 534.117
v 512.479 -878.435 534.603
v 512.379 -868.236 539.198
v 499.8 -868.364 539.775
v 499.9 -878.55 535.41
v 483.514 -878.704 536.965
v 483.436 -869.605 540.311
v 473.673 -869.708 540.932
v 473.762 -878.794 537.597
v 456.953 -878.96 538.682
v 456.864 -869.772 541.941
v 448.292 -869.848 542.442
v 448.381 -879.037 539.606
v 440.834 -879.113 540.261
v 440.9 -886.318 537.954
v 448.448 -886.241 537.091
v 448.526 -894.713 534.134
v 457.097 -894.636 533.218
v 457.02 -886.165 536.171
v 473.829 -885.998 535.086
v 473.918 -895.775 531.134
v 483.681 -895.673 530.027
v 513.481 -835.591 570.167
v 537.081 -843.128 570.167
v 513.458 -838.278 570.167
v 507.369 -826.364 550.167
v 507.269 -835.514 549.867
v 513.481 -835.591 549.525
v 513.458 -838.278 549.737
v 507.269 -838.201 549.844
v 507.191 -844.254 549.832
v 537.069 -844.587 549.147
v 537.081 -843.128 549.689
v 576.643 -843.576 547.608
v 576.833 -827.157 546.601
v -1973.55 -1462.71 410.896
v -1978.47 -1479.72 388.241
v -1874.56 -1433.74 387.058
v -1880.04 -1421.34 389.609
v -1973.55 -1462.71 389.479
v -1977.98 -1452.69 390.592
v -1988.39 -1457.3 390.896
v -1844.22 -1027.62 445.931
v -1848.25 -1017.79 451.9
v -1794.05 -1007.02 438.106
v -1798.09 -997.191 442.649
v -1887.51 -1046.51 449.513
v -1892.45 -1037.21 455.11
v -1847.51 -1025.31 448.096
v -1852.43 -1016 454.105
v -1924.19 -1085.66 469.717
v -1928.95 -1076.62 469.717
v -1917.1 -1081.92 442.544
v -1924.19 -1085.66 443.153
v -1921.86 -1072.88 446.397
v -1928.95 -1076.62 447.081
v -1930.36 -1073.93 448.315
v -1944.84 -1081.55 449.717
v -1937.7 -1095.14 443.735
v -1923.21 -1087.52 442.486
v -2046.33 -1076.22 477.136
v -2046.81 -1067.37 481.144
v -2010.5 -1074.28 469.188
v -2010.98 -1065.42 473.067
v -2011.47 -1091.35 489.88
v -2009 -1103.46 489.88
v -2032.79 -1085.35 469.88
v -2013.52 -1081.39 466.636
v -2026.95 -1113.8 455.49
v -2007.68 -1109.84 453.227
v -2009 -1103.46 456.507
v -2008.92 -1103.48 456.478
v -1966.04 -1094.69 450.423
v -1968.55 -1082.46 454.965
v -2011.42 -1091.25 462.022
v -2011.47 -1091.35 461.991
v -1995.14 -1117.08 448.302
v -1996.64 -1106.63 452.683
v -1954.68 -1111.26 442.55
v -1956.19 -1100.81 446.352
v -1972.07 -1136.42 462.007
v -1976.14 -1129.23 462.007
v -1955.91 -1133.11 435.566
v -1972.07 -1136.42 436.866
v -1958.42 -1120.81 440.11
v -1977.07 -1124.63 441.949
v -1976.14 -1129.23 440.326
v -1996.94 -1133.5 442.007
v -1994.35 -1146.17 436.669
v -1971.06 -1141.4 434.731
v -1945.29 -1113.64 439.907
v -1907.05 -1089.88 438.343
v -1939.83 -1122.42 435.974
v -1901.6 -1098.66 434.93
v -1908.42 -1088.11 439.137
v -1901.65 -1096.84 435.248
v -1861.2 -1065.49 433.746
v -1867.95 -1056.76 439.711
v -1818.96 -1031.45 470.113
v -1842.26 -1046.29 470.113
v -1772.12 -1013.78 470.113
v -1771.59 -988.694 470.113
v -1780.13 -994.069 470.113
v -1777.63 -1005.11 470.113
v -1777.67 -1002 470.113
v -1820.48 -1029.08 438.611
v -1818.96 -1031.45 437.183
v -1843.78 -1043.93 439.221
v -1842.26 -1046.29 437.686
v -1853.77 -1053.63 437.347
v -1847.37 -1063.68 431.11
v -1771.23 -1015.16 428.104
v -1772.12 -1013.78 428.723
v -1766.36 -1009.89 427.782
v -1763.45 -995.783 430.86
v -1768.47 -987.043 435.526
v -1771.59 -988.694 436.178
v -1783.79 -965.237 448.218
v -1792.71 -969.882 450.113
v -1780.13 -994.069 437.693
v -1783.01 -993.314 438.865
v -1784.8 -1000.13 437.284
v -1777.67 -1002 434.255
v -1777.63 -1005.11 433.252
v -1700.75 -934.051 431.591
v -1662.38 -942.254 428.143
v -1698.47 -953.003 417.497
v -1665.63 -959.274 416.215
v -4320.76 -315.251 485.208
v -4336.22 -301.353 485.208
v -4449.87 -94.6702 465.208
v -4435.84 -83.9201 464.79
v -4459.43 -420.114 417.966
v -4445.69 -432.067 414.668
v -4112.63 -441.844 395.697
v -4099.63 -435.049 396.932
v -4096.47 -324.53 413.005
v -4320.76 -315.251 409.121
v -4336.22 -301.353 409.111
v -4322.85 -87.8874 440.84
v 3652.76 1393.4 497.844
v 3662.83 1388.03 497.844
v 3664.36 1398.55 497.844
v 3655.58 1403.23 497.844
v 3647.95 1384.39 470.166
v 3652.76 1393.4 472.167
v 3660.14 1377.88 473.826
v 3664.96 1386.89 475.821
v 3662.83 1388.03 475.192
v 3667.54 1396.85 476.969
v 3664.36 1398.55 475.939
v 3670.18 1409.44 477.844
v 3659.69 1415.05 474.856
v 3653.87 1404.15 472.581
v 3655.58 1403.23 473.099
v 3650.88 1394.41 471.558
v 3594.36 1477.94 485.508
v 3599.41 1477.97 485.508
v 3584.23 1455.16 460.06
v 3594.36 1477.94 463.75
v 3592.51 1451.47 461.445
v 3603.49 1476.16 464.941
v 3599.41 1477.97 464.486
v 3604.54 1489.51 465.508
v 3595.05 1493.72 464.977
v 3589.08 1480.29 463.167
v 3574.1 1402.3 471.083
v 3567.13 1413.86 448.824
v 3550.11 1381.31 436.687
v 3560.33 1375.97 438.782
v 3574.1 1402.3 448.416
v 3577.14 1400.71 449.157
v 3580.39 1406.92 451.083
v 3513.85 1369.99 420.578
v 3527.57 1404.45 434.963
v 3525.19 1365.49 423.586
v 3538.9 1399.94 437.527
v 3530.62 1405.9 436.271
v 3550.6 1456.08 453.932
v 3540.97 1401.77 438.612
v 3560.95 1451.96 455.176
v 3553.25 1462.23 455.324
v 3568.03 1514.18 464.084
v 3563.97 1459.18 456.391
v 3578.74 1511.13 464.808
v 2563.61 315.8 505.85
v 2554.28 318.501 485.85
v 2557.27 328.816 483.58
v 2563.61 315.8 481.147
v 2561.76 309.414 482.36
v 2572.45 306.304 477.416
v 2577.29 323.006 475.223
v 2531.94 320.164 496.004
v 2534.9 330.365 492.201
v 2549.96 314.93 488.367
v 2552.92 325.13 486.2
v 2508.26 326.871 504.839
v 2511.26 337.224 499.969
v 2531.89 320.011 496.061
v 2485.88 297.55 521.666
v 2492.18 319.269 514.775
v 2502.64 292.687 511.261
v 2508.94 314.405 508.155
v 2491.14 322.993 513.502
v 2496.52 341.512 504.816
v 2505.9 318.718 508.679
v 2476.51 248.648 512.291
v 2491.29 292.994 517.427
v 2494.73 242.569 502.759
v 2509.52 286.915 506.681
v 2442.39 374.941 503.304
v 2412.93 384.706 499.736
v 2452.68 405.99 484.123
v 2423.21 415.755 480.112
v 2418.99 403.046 487.951
v 2382.15 388.034 501.815
v 2390.27 412.555 490.184
v 2410.88 378.524 502.733
v 2325.22 413.054 505.128
v 2336.53 447.2 494.119
v 2372.09 397.517 499.112
v 2383.4 431.663 488.308
v 2372.79 313.957 558.038
v 2361.54 292.136 558.038
v 2382.06 309.708 558.038
v 2372.48 287.107 558.038
v 2372.79 313.957 528.641
v 2375.88 320.651 526.584
v 2367.66 316.312 526.077
v 2357.42 294.03 527.427
v 2361.54 292.136 528.358
v 2358.11 284.662 526.209
v 2369.05 279.633 527.637
v 2372.48 287.107 530.371
v 2381.46 282.986 531.263
v 2391.7 305.267 537.936
v 2382.06 309.708 533.269
v 2385.13 316.389 531.214
v 2410.49 294.197 566.433
v 2399.23 272.376 566.433
v 2419.74 289.948 566.433
v 2410.18 267.346 566.433
v 2410.49 294.197 542.138
v 2413.56 300.89 544.819
v 2405.36 296.565 541.245
v 2395.1 274.27 531.972
v 2399.23 272.376 532.383
v 2395.79 264.915 529.649
v 2406.75 259.885 530.738
v 2410.18 267.346 533.469
v 2419.15 263.225 534.16
v 2429.39 285.507 543.745
v 2419.74 289.948 543.289
v 2422.82 296.629 546.433
v 2588.51 509.298 512.348
v 2547.01 517.156 512.348
v 2589 511.87 492.348
v 2588.51 509.298 491.821
v 2547.49 519.729 490.313
v 2547.01 517.156 489.885
v 2539.73 518.538 489.537
v 2524.2 436.578 478.223
v 2581.27 425.763 477.16
v 2596.8 507.724 492.107
v 2440.43 614.104 483.927
v 2483.72 605.145 481.343
v 2428.79 572.599 482.179
v 2477.92 562.283 483.758
v 3442.47 -1158.61 535.991
v 3449.57 -1142.13 535.991
v 3437.94 -1169.15 535.991
v 3432.81 -1181.11 535.991
v 3442.47 -1158.61 509.708
v 3437.94 -1169.15 512.434
v 3454.56 -1163.81 509.467
v 3461.66 -1147.32 504.781
v 3449.57 -1142.13 504.825
v 3451.93 -1136.63 503.283
v 3442.92 -1132.75 503.687
v 3423.82 -1177.24 515.702
v 3432.81 -1181.11 515.551
v 3432.21 -1182.51 515.953
v 3445.31 -1188.15 515.991
v 3451.05 -1174.79 512.422
v 3390.66 -1161 538.107
v 3396.72 -1158.53 538.107
v 3405.31 -1167.82 538.107
v 3402.97 -1160.98 538.107
v 3385.22 -1158.88 516.083
v 3389.03 -1149.18 513.741
v 3390.66 -1161 515.85
v 3386.57 -1171.42 518.107
v 3401.58 -1177.31 517.649
v 3405.31 -1167.82 515.412
v 3410.08 -1169.71 515.318
v 3413.83 -1160.15 513.139
v 3404.7 -1156.56 513.451
v 3402.97 -1160.98 514.485
v 3396.72 -1158.53 514.75
v 3398.88 -1153.04 513.353
v 3308.11 -1131.85 521.574
v 3307.52 -1076.47 515.53
v 3321.65 -1131.71 519.723
v 3321.06 -1076.33 512.998
v 3275.73 -1035.82 500.23
v 3279.75 -1020.93 500.438
v 3308.87 -1044.78 511.104
v 3312.89 -1029.89 508.864
v 3228.37 -816.881 402.188
v 3237.99 -791.671 406.152
v 3270.88 -833.082 430.435
v 3280.48 -807.885 434.339
v 3339.14 -811.558 474.939
v 3329.91 -833.338 474.939
v 3361.85 -809.459 452.536
v 3343.34 -801.627 449.262
v 3339.14 -811.558 449.435
v 3334.39 -809.536 448.582
v 3325.16 -831.329 449.069
v 3329.91 -833.338 449.884
v 3326.78 -840.735 450.047
v 3345.27 -848.58 454.939
v 3593.41 -380.173 495.936
v 3552.8 -375.105 472.83
v 3554.3 -368.835 472.62
v 3591.18 -387.046 475.881
v 3593.41 -380.173 475.691
v 3596.7 -380.48 475.936
v 3597.14 -377.345 475.876
v 3453.99 -485.061 496.313
v 3436.51 -479.61 456.588
v 3453.99 -485.061 468.16
v 3433.85 -488.12 455.788
v 3466.4 -498.281 476.313
v 3469.64 -487.89 475.773
v 3454.56 -483.193 468.381
v 3414.51 -531.273 474.898
v 3406.37 -517.708 438.382
v 3397.07 -542.355 431.519
v 3408.67 -546.745 436.701
v 3414.51 -531.273 441.351
v 3436.24 -539.489 451.759
v 3439.7 -530.313 454.898
v 3389.94 -475.77 454.33
v 3392.55 -471.253 454.33
v 3386.19 -473.608 454.33
v 3388.8 -469.09 454.33
v 3385.36 -493.828 426.047
v 3373.66 -487.071 417.724
v 3394.32 -478.304 429.63
v 3389.94 -475.77 426.469
v 3392.55 -471.253 427.511
v 3396.95 -473.787 430.686
v 3405.15 -459.556 434.33
v 3394.11 -453.183 426.311
v 3385.89 -467.414 422.81
v 3388.8 -469.09 424.853
v 3386.19 -473.608 423.761
v 3382.61 -471.547 421.173
v 3370.63 -431.888 407.759
v 3379.48 -405.551 409.957
v 3382.46 -435.868 416.233
v 3391.3 -409.531 418.743
v 3395.2 -380.506 445.084
v 3390.22 -378.83 414.032
v 3395.2 -380.506 417.729
v 3383.35 -399.28 411.823
v 3396.43 -403.67 421.636
v 3406.69 -373.122 425.084
v 3398.58 -370.396 419.049
v 3396.64 -345.697 414.937
v 3402.17 -327.627 416.856
v 3413.65 -350.893 427.628
v 3419.18 -332.822 429.679
v 3386.94 -369.283 410.606
v 3390.97 -353.004 411.648
v 3394.93 -371.253 416.54
v 3398.96 -354.988 417.563
v 3363.81 -356.882 392.674
v 3368.12 -333.155 393.013
v 3382.67 -360.324 406.535
v 3387 -336.598 406.957
v 3350.81 -417.197 392.058
v 3364.4 -379.725 395.804
v 3363.95 -421.97 401.887
v 3377.53 -384.486 405.644
v 3622.69 -465.392 484.68
v 3622.06 -419.423 480.62
v 3635.05 -465.225 485.525
v 3634.41 -419.244 481.418
v 3911.34 1018.91 598.367
v 3919.06 1009.64 598.367
v 3929.75 1012.13 598.367
v 3914.21 1026.22 598.367
v 3934.79 1023.7 598.367
v 3928.17 1029.1 598.367
v 3896.62 1013.86 559.354
v 3907.81 1023.16 562.463
v 3910.51 997.144 566.296
v 3921.71 1006.44 569.545
v 3919.06 1009.64 568.081
v 3929.75 1012.13 572.051
v 3927.88 1007.84 571.986
v 3940.64 1002.29 578.367
v 3948.82 1021.09 578.031
v 3936.08 1026.65 572.413
v 3934.79 1023.7 572.444
v 3928.17 1029.1 569.032
v 3931.88 1029.86 570.284
v 3928.95 1044.01 566.885
v 3907.69 1039.62 560.611
v 3910.61 1025.48 563.102
v 3914.21 1026.22 564.32
v 3911.34 1018.91 564.434
v 4078.9 1109.3 583.921
v 4085.18 1129.46 583.526
v 4093.45 1104.77 586.609
v 4099.72 1124.93 586.657
v 4080.85 1136.61 582.134
v 4087.86 1157.37 582.106
v 4100.24 1130.06 586.401
v 4101.31 1152.83 585.296
v 3961.02 1090.06 595.086
v 3963.98 1088.36 595.086
v 3969.83 1085.92 595.086
v 3963.95 1097.07 595.086
v 3974.79 1083.84 595.086
v 3977.13 1089.44 595.086
v 3968.03 1095.36 595.086
v 3973.16 1093.21 595.086
v 3953.11 1093.38 564.425
v 3961.02 1090.06 566.706
v 3949.71 1085.29 565.194
v 3960.77 1080.67 569.146
v 3963.98 1088.36 567.902
v 3969.83 1085.92 570.019
v 3966.43 1077.83 571.324
v 3977.49 1073.21 575.086
v 3980.87 1081.3 574.02
v 3974.79 1083.84 571.817
v 3977.13 1089.44 570.912
v 3983.45 1086.79 573.037
v 3986.85 1094.88 571.456
v 3975.8 1099.51 567.892
v 3973.16 1093.21 568.909
v 3968.03 1095.36 567.049
v 3971.41 1103.45 566.133
v 3960.37 1108.07 563.259
v 3956.98 1099.98 564.006
v 3963.95 1097.07 565.835
v 3977.74 1131.46 588.665
v 3980.7 1129.75 588.665
v 3986.55 1127.31 588.665
v 3980.67 1138.44 588.665
v 3991.51 1125.22 588.665
v 3993.85 1130.82 588.665
v 3984.75 1136.74 588.665
v 3989.88 1134.59 588.665
v 3969.83 1134.77 560.951
v 3977.74 1131.46 562.722
v 3966.43 1126.68 561.437
v 3977.49 1122.05 564.214
v 3980.7 1129.75 563.562
v 3986.55 1127.31 565.094
v 3983.15 1119.21 565.761
v 3994.21 1114.59 568.665
v 3997.59 1122.68 567.999
v 3991.51 1125.22 566.401
v 3993.85 1130.82 565.939
v 4000.17 1128.17 567.602
v 4003.57 1136.26 567.003
v 3992.52 1140.89 564.271
v 3989.88 1134.59 564.551
v 3984.75 1136.74 563.283
v 3988.13 1144.83 562.702
v 3977.09 1149.46 559.751
v 3973.7 1141.38 560.513
v 3980.67 1138.44 562.15
v 4037 1174.87 591.015
v 4038.56 1178.47 591.015
v 4034.45 1168.96 591.015
v 4032.61 1164.71 591.015
v 4015.49 1188.41 591.015
v 4013.94 1184.82 591.015
v 4011.4 1178.89 591.015
v 4009.56 1174.64 591.015
v 4037 1174.87 569.273
v 4042.63 1172.45 570.847
v 4038.56 1178.47 569.202
v 4044.33 1175.98 570.91
v 4047.25 1182.75 570.791
v 4013.67 1197.23 560.747
v 4010.75 1190.46 560.938
v 4015.49 1188.41 562.435
v 4013.94 1184.82 562.642
v 4009.5 1186.73 561.243
v 4006.94 1180.81 561.586
v 4011.4 1178.89 562.828
v 4009.56 1174.64 562.96
v 4004.26 1176.93 561.508
v 4000.89 1169.11 561.752
v 4034.72 1154.53 571.015
v 4038.08 1162.35 570.769
v 4032.61 1164.71 569.329
v 4034.45 1168.96 569.359
v 4040.07 1166.53 570.807
v 4210.48 1108.78 581.466
v 4206.91 1096.28 581.764
v 4197.14 1112.59 584.923
v 4193.58 1100.09 585.436
v 4217.18 1111.78 579.558
v 4212.32 1094.74 580.207
v 4211.77 1113.33 580.919
v 4208.53 1081.46 580.458
v 4190.58 1100.94 586.129
v 4186.79 1087.66 585.834
v 4198.33 1084.37 583.063
v 4213.42 1080.07 579.452
v 4206.08 1054.37 579.183
v 4191.01 1058.67 582.295
v 4191.47 1058.54 582.216
v 4195.04 1015.66 578.04
v 4180.42 1019.82 579.809
v 4184.88 1008.27 600.244
v 4197.55 1014.93 577.825
v 4184.14 967.885 570.795
v 4176.72 1020.89 580.244
v 4174 1011.36 578.992
v 4184.88 1008.27 577.801
v 4174.17 970.74 571.148
v 4162.08 958.402 567.877
v 4166.24 972.992 571.596
v 4179.98 953.295 566.784
v 2095.45 -698.879 463.049
v 2106.92 -702.936 463.049
v 2087.03 -692.659 463.049
v 2082.38 -689.23 463.049
v 2091.29 -691.252 463.049
v 2097.64 -695.923 463.049
v 2104.66 -701.259 463.049
v 2092.36 -703.076 436.057
v 2095.45 -698.879 435.72
v 2106.79 -713.736 428.239
v 2116.17 -701.016 427.156
v 2111.09 -697.266 429.954
v 2106.92 -702.936 430.386
v 2104.66 -701.259 431.612
v 2109.69 -694.451 431.125
v 2102.59 -689.204 435.029
v 2097.64 -695.923 435.519
v 2091.29 -691.252 438.904
v 2105.08 -672.555 437.473
v 2094.67 -664.877 443.049
v 2078.7 -686.517 442.805
v 2082.38 -689.23 441.477
v 2080.19 -692.199 441.334
v 2084.83 -695.616 439.66
v 2087.03 -692.659 439.801
v 1884.55 -1051.91 406.555
v 1897.62 -1023.36 384.737
v 1870.88 -1044.55 386.555
v 1879.74 -1055.72 381.121
v 1884.55 -1051.91 380.546
v 1887.36 -1055.48 378.833
v 1909.29 -1038.09 376.759
v 1765.05 -1169.78 372.852
v 1773.41 -1193.37 360.652
v 1790.91 -1187.16 358.933
v 1782.55 -1163.58 371.369
v 1546.63 -1041.84 440.452
v 1575.15 -1074.54 432.884
v 1494.83 -1077.81 455.233
v 1527.97 -1116.93 431.948
v 1562.6 -1106.77 425.757
v 1575.89 -1091.25 427.599
v 1966.69 -961.117 412.071
v 1954 -947.27 412.071
v 1969.62 -964.316 412.071
v 1954.22 -954.808 412.071
v 1957.13 -957.981 412.071
v 1957.95 -975.001 412.071
v 1911.41 -1017.67 412.071
v 1955.4 -977.343 412.071
v 1913.18 -1016.05 412.071
v 1947.99 -984.138 412.071
v 1946.44 -985.559 412.071
v 1918.97 -1010.74 412.071
v 1922.14 -1007.83 412.071
v 1936.71 -994.478 412.071
v 1940.2 -991.279 412.071
v 1966.69 -961.117 380.177
v 1969.62 -964.316 378.158
v 1975.09 -953.413 380.003
v 1963.09 -942.087 390.087
v 1954 -947.27 391.197
v 1953.05 -946.234 392.071
v 1941.78 -956.574 391.679
v 1946.57 -961.82 387.815
v 1954.22 -954.808 387.517
v 1957.13 -957.981 384.844
v 1949.1 -965.34 385.634
v 1957.95 -975.001 379.913
v 1955.4 -977.343 380.206
v 1945.68 -966.747 386.542
v 1938.27 -973.542 387.32
v 1947.99 -984.138 381.062
v 1946.44 -985.559 381.24
v 1938.37 -976.742 386.442
v 1932.13 -982.475 387.16
v 1940.2 -991.279 381.644
v 1936.71 -994.478 381.828
v 1930.24 -987.427 386.471
v 1915.67 -1000.77 387.033
v 1922.14 -1007.83 382.607
v 1918.97 -1010.74 382.773
v 1912.84 -1004.06 386.636
v 1907.06 -1009.37 386.295
v 1913.18 -1016.05 382.658
v 1911.41 -1017.67 382.709
v 1905.23 -1010.93 386.225
v 1898.99 -1016.66 385.991
v 1911.94 -1030.78 378.364
v 1981.81 -966.747 372.617
v 1975.03 -959.351 377.291
v 1263.57 -1189.23 463.46
v 1270.59 -1184.24 463.46
v 1252.39 -1197.44 437.143
v 1251.6 -1190.63 440.398
v 1276.68 -1190.32 439.408
v 1272.56 -1183.12 442.045
v 1270.59 -1184.24 441.885
v 1269.81 -1177.49 443.344
v 1261.98 -1178.39 443.46
v 1263.57 -1189.23 440.586
v 1244.86 -1176.07 468.141
v 1244.69 -1172.92 468.141
v 1244.22 -1168.75 468.141
v 1228.79 -1156.49 447.078
v 1231.25 -1177.65 444.213
v 1244.86 -1176.07 444.551
v 1246.41 -1189.34 441.214
v 1258.16 -1187.97 441.399
v 1256.26 -1171.57 445.127
v 1244.69 -1172.92 444.988
v 1244.22 -1168.75 445.565
v 1256.08 -1167.36 445.859
v 1254.47 -1153.5 448.141
v 1324.16 -940.27 496.901
v 1329.56 -938.364 496.901
v 1331.85 -944.813 496.901
v 1326.45 -946.733 496.901
v 1315.95 -943.175 470.019
v 1312.99 -934.793 473.269
v 1324.16 -940.27 471.371
v 1326.45 -946.733 468.918
v 1319.33 -949.241 467.75
v 1322.09 -957.034 464.664
v 1341.42 -950.201 467.615
v 1338.67 -942.407 470.932
v 1331.85 -944.813 469.811
v 1329.56 -938.364 472.259
v 1337.9 -935.407 473.635
v 1334.93 -927.025 476.901
v 2031.46 -771.797 434.49
v 2021.15 -780.039 435.074
v 2018.54 -755.647 440.862
v 2008.23 -763.888 441.438
v 2008.42 -764.119 441.349
v 2021.15 -780.039 461.73
v 2002.41 -768.931 441.73
v 2023.32 -795.062 431.31
v 2043.58 -778.848 429.926
v 2035.41 -768.636 434.267
v 1832.71 -1073.22 451.861
v 1852.41 -1063.49 451.861
v 1824.58 -1041.48 451.861
v 1824.76 -1045.92 451.861
v 1837.67 -1046.95 451.861
v 1834.16 -1076.17 392.272
v 1832.71 -1073.22 393.974
v 1853.87 -1066.45 387.839
v 1852.41 -1063.49 389.08
v 1858.7 -1060.39 387.485
v 1849.24 -1041.24 393.938
v 1837.67 -1046.95 396.427
v 1830.58 -1032.57 400.663
v 1822.22 -1036.71 402.644
v 1824.58 -1041.48 401.236
v 1822.97 -1042.29 401.617
v 1824.76 -1045.92 400.734
v 1813.73 -1051.36 403.861
v 1826.13 -1076.47 394.939
v 1744.69 -1090.34 417.681
v 1779.82 -1073.33 413.436
v 1760.66 -1123.34 396.299
v 1795.79 -1106.32 393.103
v 1759.66 -892.128 462.632
v 1681.49 -929.79 462.632
v 1726.91 -903.236 462.632
v 1752.33 -885.256 462.632
v 1764.33 -898.744 435.253
v 1759.66 -892.128 437.508
v 1776.72 -896.441 435.184
v 1759.81 -872.536 442.516
v 1753.79 -872.83 442.632
v 1678.75 -925.925 433.119
v 1681.49 -929.79 432.022
v 1674.42 -934.793 431.231
v 1681.79 -945.197 428.335
v 1731.64 -909.929 434.253
v 1726.91 -903.236 436.134
v 1752.33 -885.256 439.523
v 1758.02 -893.293 437.261
v 1726.3 -1052.97 447.452
v 1720.2 -1042.47 447.452
v 1713.03 -1046.63 447.452
v 1716.92 -1036.81 447.452
v 1708.99 -1022.31 447.452
v 1706.19 -1013.2 447.452
v 1699.34 -1027.9 447.452
v 1709.75 -1040.97 447.452
v 1729.18 -1051.3 426.21
v 1726.3 -1052.97 426.406
v 1723.09 -1040.79 426.073
v 1720.2 -1042.47 426.282
v 1716.92 -1036.81 426.178
v 1717.27 -1036.61 426.153
v 1708.99 -1022.31 426.022
v 1710.84 -1021.24 425.886
v 1706.19 -1013.2 425.807
v 1708.63 -1011.79 425.618
v 1704.1 -1004 425.577
v 1691.89 -1011.08 426.477
v 1690.09 -1020.79 426.893
v 1695.52 -1030.13 426.972
v 1699.34 -1027.9 426.711
v 1707.63 -1042.2 426.852
v 1709.75 -1040.97 426.698
v 1713.03 -1046.63 426.782
v 1707.74 -1049.68 427.142
v 1720.18 -1071.16 427.452
v 1732.64 -1063.93 426.611
v 1734.01 -1059.61 426.36
v 1752.05 -1049.15 423.432
v 1747.23 -1040.83 424.639
v 1684.43 -1099.46 417.384
v 1642.63 -1099.16 420.434
v 1684.52 -1086.33 423.321
v 1642.72 -1086.04 425.761
v 1652.55 -953.515 428.053
v 1663.38 -943.009 429.9
v 1662.48 -963.753 426.57
v 1673.31 -953.234 426.883
v 1688.78 -982.846 425.645
v 1678.15 -993.16 426.583
v 1670.25 -963.753 426.092
v 1659.62 -974.067 427.055
v 1666.53 -1004.45 427.578
v 1639.49 -976.601 428.267
v 1651.11 -965.314 427.272
v 1631.66 -1004.64 450.286
v 1631.13 -972.263 428.644
v 1610.68 -992.124 430.286
v 1627.11 -1009.05 429.775
v 1631.66 -1004.64 429.413
v 1635.46 -1008.54 429.331
v 1651.36 -993.109 428.051
v 1612.57 -1033.65 452.158
v 1604.81 -1044.73 452.158
v 1602.13 -1021.84 431.342
v 1612.57 -1033.65 431.1
v 1589.47 -1033.02 432.158
v 1602.02 -1047.21 431.868
v 1604.81 -1044.73 431.702
v 1608.86 -1049.33 431.584
v 1613.36 -1048.7 431.384
v 1634.77 -1029.77 429.894
v 1626.94 -1020.93 430.097
v 1584.66 -1007.51 452.46
v 1597.89 -1011.61 452.46
v 1580.3 -1021.65 432.46
v 1581.21 -1007.28 432.162
v 1597.19 -1022.72 431.609
v 1597.89 -1011.61 431.38
v 1611.51 -999.648 430.412
v 1603.72 -990.767 430.647
v 1584.66 -1007.51 431.97
v 3432.71 -1207.46 537.862
v 3429.26 -1214.85 537.862
v 3429.19 -1205.83 516.988
v 3432.71 -1207.46 516.653
v 3425.75 -1213.23 517.123
v 3429.26 -1214.85 516.752
v 3409.03 -1258.31 517.862
v 3419.42 -1263.13 516.655
v 3444.65 -1208.95 515.52
v 3434.27 -1204.12 516.591
v 3514.29 -1008.99 499.827
v 3516.82 -922.547 495.513
v 3538.24 -1009.69 505.246
v 3540.78 -923.25 499.868
v 3517.72 -1049.75 502.789
v 3508.61 -1028.54 499.469
v 3528.93 -1044.94 505.897
v 3519.82 -1023.73 501.914
v 3479.78 -1048.9 491.292
v 3474.72 -1042.88 490.076
v 3486.07 -1043.63 493.397
v 3481.01 -1037.6 491.739
v 3468.04 -1026.06 489.041
v 3462.86 -1019.88 489.192
v 3473.08 -1021.83 490.449
v 3467.9 -1015.66 489.605
v 3467.82 -1011.72 510.273
v 3457.44 -1013.42 490.093
v 3469.79 -1014.07 490.029
v 3467.82 -1011.72 489.674
v 3470.54 -1009.44 490.273
v 3467.09 -1005.32 489.916
v 3466.81 -1005.56 489.854
v 3451.35 -1006.15 491.209
v 3460.72 -998.292 490.585
v 3445.46 -999.136 492.246
v 3461.14 -997.946 490.556
v 3455.25 -990.921 491.503
v 3441.31 -994.184 492.594
v 3452.48 -984.804 491.843
v 3456.63 -989.769 491.399
v 3440.84 -989.436 492.651
v 3433.07 -980.184 493.646
v 3448.72 -982.82 492.255
v 3440.95 -973.568 493.364
v 3421.44 -947.59 514.159
v 3421.35 -953.63 514.159
v 3417.25 -943.905 490.689
v 3424.86 -935.241 488.136
v 3421.44 -947.59 491.497
v 3414.69 -955.256 493.852
v 3423.66 -963.164 494.159
v 3427.38 -958.941 494.015
v 3421.35 -953.63 493.125
v 3432 -941.512 489.834
v 3419.36 -923.775 506.97
v 3413.89 -910.94 506.97
v 3408.19 -920.64 506.97
v 3419.36 -923.775 485.044
v 3423.27 -909.839 481.341
v 3414.86 -907.472 480.654
v 3413.89 -910.94 481.585
v 3411.13 -910.159 481.37
v 3408.19 -920.64 484.182
v 3403.62 -919.36 483.831
v 3402.02 -925.093 485.369
v 3422.77 -930.916 486.97
v 3424.37 -925.183 485.518
v 3387.72 -921.907 484.361
v 3386.27 -896.735 476.08
v 3398.85 -921.267 484.335
v 3397.4 -896.095 476.431
v 3316.33 -937.634 490.299
v 3316.47 -930.762 487.052
v 3325.44 -937.826 490.323
v 3325.6 -930.967 487.164
v 3327.07 -928.817 486.181
v 3304.23 -913.742 479.474
v 3331.68 -921.843 483.367
v 3308.85 -906.768 476.396
v 3353.1 -914.868 505.967
v 3361.65 -914.881 505.967
v 3349.26 -921.088 483.647
v 3353.1 -914.868 481.333
v 3360.37 -927.921 485.967
v 3366.54 -917.901 482.603
v 3361.65 -914.881 481.578
v 3364.09 -910.901 480.242
v 3351.26 -902.993 476.442
v 3346.46 -910.773 479.365
v 3344.32 -938.376 517.894
v 3353.27 -959.517 517.894
v 3347.05 -944.8 517.894
v 3338.76 -932.131 487.542
v 3341.85 -939.426 490.499
v 3344.32 -938.376 490.079
v 3347.05 -944.8 492.683
v 3344.44 -945.914 493.129
v 3350.66 -960.617 497.637
v 3353.27 -959.517 497.41
v 3355.71 -965.263 497.894
v 3362.46 -962.409 497.307
v 3347.98 -928.228 486.049
v 3355.97 -934.217 488.416
v 3368.73 -928.676 486.235
v 3367.32 -960.336 496.882
v 3380.07 -954.795 495.05
v 3404.78 -995.31 495.947
v 3396.5 -983.908 496.184
v 3411.43 -990.473 495.182
v 3403.13 -979.083 495.678
v 3400.9 -1008.57 496.504
v 3407.36 -1003.87 495.781
v 3409.78 -1020.79 495.73
v 3416.25 -1016.08 494.755
v 3409.78 -1007.2 495.49
v 3404.41 -999.814 496.136
v 3413.97 -992.866 495.067
v 3419.33 -1000.25 494.422
v 3422.28 -1004.1 494.067
v 3430.37 -1015.23 493.095
v 3413.51 -1010.49 495.048
v 3421.61 -1021.62 494.104
v 3436.81 -1024.06 492.319
v 3418.44 -1023.92 494.572
v 3424.86 -1032.75 493.655
v 3427.44 -1030.89 493.367
v 3432.48 -1037.81 492.731
v 3441.84 -1030.99 491.713
v 3435.95 -1046.06 491.848
v 3448.74 -1036.76 490.345
v 3439.94 -1051.54 491.227
v 3452.73 -1042.24 489.431
v 3456.41 -1064.03 487.947
v 3465.17 -1057.66 486.683
v 3462.63 -1072.59 486.298
v 3471.4 -1066.22 487.86
v 3447.54 -1052.91 490.078
v 3456.81 -1046.16 488.71
v 3455.9 -1064.4 488.021
v 3464.57 -1102.15 493.245
v 3460.1 -1076.33 487.564
v 3476.82 -1100.03 495.856
v 3472.33 -1074.2 488.573
v 3214.5 -1315.74 536.454
v 3207.25 -1315.66 536.454
v 3214.46 -1320.92 536.454
v 3214.5 -1315.74 512.835
v 3214.46 -1320.92 512.853
v 3219.58 -1315.78 513.949
v 3219.66 -1308.01 513.926
v 3205.11 -1307.87 510.982
v 3205.03 -1315.65 511.014
v 3207.25 -1315.66 511.268
v 3207.09 -1332.18 511.379
v 3239.18 -1332.48 515.024
v 3239.29 -1321.15 516.454
v 3126.06 -1393.93 547.768
v 3121.5 -1392.97 521.408
v 3126.06 -1393.93 521.288
v 3115.38 -1421.93 524.528
v 3129.18 -1424.84 527.768
v 3136.41 -1390.59 519.245
v 3127.17 -1388.64 519.496
v 3142.25 -1422.35 525.06
v 3146.13 -1405.06 522.173
v 3168.82 -1428.32 519.353
v 3172.7 -1411.04 518.713
v 3137.59 -1383.56 517.571
v 3140.16 -1369.68 514.171
v 3145.69 -1385.06 517.05
v 3148.26 -1371.18 514.556
v 3171.72 -1373.91 513.541
v 3168.53 -1391.18 515.886
v 3160.17 -1371.76 513.527
v 3156.97 -1389.04 516.81
v 3149.75 -1402.5 521.038
v 3152.4 -1388.19 516.973
v 3165.88 -1405.48 518.456
v 3192.12 -1381.92 513.096
v 3193.31 -1369.97 512.92
v 3203.38 -1383.05 512.038
v 3204.57 -1371.1 511.863
v 3214.78 -1345.58 532.94
v 3214.36 -1343.1 512.229
v 3214.78 -1345.58 512.291
v 3184.06 -1348.33 511.228
v 3186.96 -1365.17 512.28
v 3222.96 -1358.97 511.723
v 3220.48 -1344.6 512.94
v 3254.59 -1364.99 532.567
v 3252.17 -1377.47 509.215
v 3273.22 -1366.88 511.037
v 3268.7 -1357.88 512.567
v 3254.59 -1364.99 511.132
v 3251.08 -1358.03 512.214
v 3244.15 -1361.53 511.912
v 3247.99 -1387.89 530.314
v 3238.33 -1381.23 530.314
v 3251.93 -1382.15 508.503
v 3247.99 -1387.89 507.854
v 3242.28 -1375.5 510.272
v 3238.33 -1381.23 509.775
v 3235.62 -1379.37 510.314
v 3232.43 -1384.01 509.911
v 3248.24 -1394.91 506.999
v 3251.45 -1390.27 507.167
v 3257.35 -1402.53 504.75
v 3265.12 -1389.23 506.034
v 3265.63 -1407.36 503.093
v 3273.4 -1394.07 504.518
v 3273.48 -1385.66 506.136
v 3278.7 -1377.14 508.273
v 3286.62 -1393.72 503.127
v 3291.84 -1385.2 504.545
v 3307.91 -1361.71 511.121
v 3312.74 -1357.74 512.085
v 3314.09 -1369.23 508.577
v 3318.92 -1365.26 509.627
v 3288.02 -1354.25 513.886
v 3302.15 -1342.65 516.874
v 3298.12 -1366.54 509.981
v 3312.23 -1354.95 512.803
v 3304.71 -1341.62 517.003
v 3317.07 -1331.45 519.216
v 3310.95 -1349.23 514.283
v 3323.32 -1339.08 516.397
v 3342.6 -1345.04 513.957
v 3333.05 -1333.4 517.456
v 3349.43 -1339.44 514.853
v 3339.87 -1327.8 518.354
v 3389.03 -1300.41 519.315
v 3406.94 -1264.87 517.943
v 3396.64 -1304.25 517.968
v 3414.56 -1268.71 517.052
v 3360.37 -1345.04 512.733
v 3351.7 -1336.83 515.338
v 3390.82 -1312.95 516.949
v 3382.16 -1304.74 519.513
v 3321.75 -1378.99 505.864
v 3355.63 -1352.43 511.48
v 3347.98 -1342.65 514.156
v 3292.74 -1402.67 499.148
v 3310.2 -1379.08 505.812
v 3300.06 -1408.11 497.339
v 3317.53 -1384.51 504.471
v 3267.66 -1410.44 501.742
v 3278.11 -1394.31 504.037
v 3275.65 -1415.62 498.553
v 3286.1 -1399.49 501.448
v 3266.26 -1458.83 494.059
v 3268.15 -1449.53 494.814
v 3270.64 -1459.73 492.903
v 3272.55 -1450.42 493.654
v 3269.57 -1435.53 518.424
v 3269.22 -1432.52 497.478
v 3269.57 -1435.53 496.844
v 3264.07 -1433.12 498.424
v 3265.42 -1444.47 496.158
v 3274.46 -1443.4 494.214
v 3273.48 -1435.07 496.003
v 3260.34 -1424.32 500.305
v 3264.96 -1419.55 500.003
v 3263.82 -1427.68 499.178
v 3268.44 -1422.91 498.876
v 3250.94 -1439.1 500.264
v 3243.91 -1419.99 504.332
v 3260.71 -1435.5 498.785
v 3253.7 -1416.4 502.68
v 3234.66 -1449.55 503.006
v 3231.98 -1425.37 506.32
v 3242.47 -1448.68 501.217
v 3239.77 -1424.5 504.786
v 3209.58 -1448.06 509.066
v 3208.09 -1416.26 511.753
v 3217.52 -1447.69 507.209
v 3216.03 -1415.89 510.229
v 3210.58 -1457.58 508.143
v 3205.84 -1461.54 509.047
v 3202.11 -1447.46 511.01
v 3197.37 -1451.42 512.078
v 3200.18 -1454.77 511.095
v 3192.86 -1460.89 512.671
v 3198.53 -1467.67 510.622
v 3174.8 -1490.45 516.479
v 3180.32 -1477.46 515.144
v 3181.06 -1493.11 514.62
v 3186.58 -1480.12 513.378
v 3244.45 -1487.56 518.648
v 3251.77 -1489.21 518.648
v 3246.65 -1477.85 518.648
v 3253.98 -1479.5 518.648
v 3237.06 -1489.11 498.101
v 3240.63 -1473.29 498.648
v 3243.76 -1490.63 495.8
v 3244.45 -1487.56 495.981
v 3251.77 -1489.21 493.517
v 3250.78 -1493.59 493.224
v 3257.12 -1495.02 491.293
v 3261.09 -1477.46 492.469
v 3254.76 -1476.03 494.4
v 3253.98 -1479.5 494.166
v 3246.65 -1477.85 496.545
v 3247.33 -1474.8 496.658
v 3225.23 -1492.33 501.396
v 3216.05 -1491.13 504.106
v 3226.16 -1485.23 501.744
v 3216.97 -1484.04 504.361
v 3207.23 -1489.99 506.628
v 3208.68 -1478.81 507.023
v 3217.5 -1479.96 504.51
v 3215.55 -1494.93 503.971
v 3215.05 -1498.85 503.751
v 3225.11 -1500.16 500.421
v 3226.11 -1492.45 501.105
v 3210.16 -1494.24 527.466
v 3204.64 -1489.66 507.466
v 3203.65 -1497.26 507.231
v 3209.67 -1498.05 505.367
v 3210.16 -1494.24 505.506
v 3214.06 -1527.18 501.793
v 3214.06 -1507.18 503.25
v 3226.45 -1527.18 497.428
v 3226.45 -1507.18 499.36
v 3240.04 -1511.81 494.628
v 3249.29 -1511.81 491.37
v 3240.04 -1527.33 492.62
v 3249.29 -1527.33 489.361
v 3265.27 -1511.81 486.308
v 3265.27 -1500.01 487.98
v 3249.29 -1500.01 492.85
v 3249.29 -1529.12 489.13
v 3266.61 -1529.12 483.148
v 3266.61 -1511.81 485.885
v 3218.54 -1564.95 497.348
v 3229.29 -1535.69 495.565
v 3232.89 -1570.22 492.186
v 3243.65 -1540.96 490.265
v 3458.2 -1545.58 561.205
v 3450.41 -1566.33 561.205
v 3458.2 -1545.58 538.541
v 3450.41 -1566.33 536.041
v 3462.48 -1547.19 540.312
v 3465.55 -1539 541.205
v 3450.39 -1533.31 535.08
v 3436.65 -1569.88 530.593
v 3452.6 -1575.87 537.222
v 3455.47 -1568.24 538.134
v 3409.95 -1422.43 528.392
v 3397.71 -1420.63 528.392
v 3426.24 -1424.79 528.392
v 3439.17 -1426.67 528.392
v 3396.37 -1429.89 528.392
v 3413.13 -1432.32 528.392
v 3440.76 -1436.35 528.392
v 3424.9 -1434.03 528.392
v 3398.38 -1416.03 499.111
v 3410.63 -1417.81 499.641
v 3397.71 -1420.63 499.327
v 3389.65 -1419.47 498.905
v 3388.31 -1428.71 499.564
v 3396.37 -1429.89 499.988
v 3395.1 -1438.6 501.111
v 3411.86 -1441.04 503.79
v 3413.13 -1432.32 502.126
v 3424.9 -1434.03 503.793
v 3423.49 -1443.74 505.77
v 3439.35 -1446.05 508.392
v 3440.76 -1436.35 505.371
v 3449.31 -1437.59 506.9
v 3450.66 -1428.34 503.914
v 3439.17 -1426.67 502.84
v 3439.61 -1423.63 502.221
v 3426.69 -1421.75 501.294
v 3426.24 -1424.79 501.914
v 3409.95 -1422.43 499.97
v 3404.74 -1379.63 526.119
v 3392.5 -1377.86 526.119
v 3421.03 -1382.01 526.119
v 3391.16 -1387.11 526.119
v 3407.91 -1389.54 526.119
v 3419.69 -1391.25 526.119
v 3435.55 -1393.56 526.119
v 3433.96 -1383.88 526.119
v 3393.17 -1373.24 506.119
v 3405.41 -1375.03 505.59
v 3392.5 -1377.86 505.252
v 3384.44 -1376.68 505.769
v 3383.1 -1385.93 504.06
v 3391.16 -1387.11 503.923
v 3389.89 -1395.82 502.285
v 3406.65 -1398.25 501.86
v 3407.91 -1389.54 503.543
v 3419.69 -1391.25 503.331
v 3418.27 -1400.95 501.964
v 3434.14 -1403.27 501.856
v 3435.55 -1393.56 503.17
v 3444.1 -1394.81 503.023
v 3445.45 -1385.56 504.139
v 3433.96 -1383.88 504.238
v 3434.4 -1380.85 504.473
v 3421.48 -1378.97 505.1
v 3421.03 -1382.01 504.688
v 3404.74 -1379.63 504.966
v 3345.42 -1413.3 524.917
v 3337.41 -1422.73 524.917
v 3356.06 -1400.74 524.917
v 3364.51 -1390.78 524.917
v 3344.54 -1428.77 524.917
v 3355.49 -1415.86 524.917
v 3373.55 -1394.55 524.917
v 3363.18 -1406.78 524.917
v 3333.86 -1419.73 495.975
v 3341.85 -1410.28 498.074
v 3337.41 -1422.73 496.188
v 3332.15 -1428.95 495.248
v 3339.28 -1434.99 495.593
v 3344.54 -1428.77 496.151
v 3351.26 -1434.47 496.116
v 3362.21 -1421.56 497.274
v 3355.49 -1415.86 497.405
v 3363.18 -1406.78 499.474
v 3370.66 -1413.12 498.558
v 3381.03 -1400.9 501.282
v 3373.55 -1394.55 502.257
v 3379.13 -1387.96 503.767
v 3372.01 -1381.92 504.917
v 3364.51 -1390.78 503.023
v 3362.16 -1388.78 503.517
v 3353.71 -1398.75 500.996
v 3356.06 -1400.74 500.505
v 3345.42 -1413.3 497.483
v 3276.16 -1510.76 483.022
v 3282.73 -1461.2 489.337
v 3285.34 -1511.97 479.756
v 3291.9 -1462.41 486.581
v 3268.25 -1558.08 502.668
v 3273.54 -1558.86 502.668
v 3264.35 -1557.52 482.572
v 3268.25 -1558.08 481.272
v 3263.33 -1564.5 482.668
v 3272.51 -1565.85 479.56
v 3273.54 -1558.86 479.506
v 3278.31 -1559.55 477.912
v 3284.13 -1519.84 478.709
v 3274.07 -1518.37 482.529
v 3264.92 -1580.38 504.775
v 3262.69 -1593.37 504.775
v 3259.45 -1568.65 483.765
v 3257.65 -1579.13 483.888
v 3264.92 -1580.38 481.465
v 3262.69 -1593.37 481.82
v 3253.62 -1591.82 484.713
v 3252.27 -1599.69 484.775
v 3270.79 -1602.87 478.87
v 3276.16 -1571.52 478.095
v 3271.39 -1609 478.582
v 3260.93 -1649.75 480.944
v 3262.46 -1606.71 481.287
v 3252.01 -1647.46 483.044
v 3244.3 -1660.89 510.552
v 3241.09 -1658.56 486.602
v 3244.3 -1660.89 486.359
v 3230.19 -1673.63 490.552
v 3240.33 -1680.98 488.858
v 3255.18 -1660.44 483.954
v 3248.24 -1655.42 484.929
v 3177.61 -1744.74 491.682
v 3170.02 -1737.09 492.708
v 3235.24 -1687.55 490.104
v 3227.65 -1679.9 491.074
v 3159.63 -1448.58 547.975
v 3158.05 -1440.46 547.975
v 3165.09 -1450.14 519.758
v 3159.63 -1448.58 521.261
v 3167.13 -1443.05 519.477
v 3158.05 -1440.46 521.567
v 3159.42 -1435.67 521.311
v 3135.39 -1428.8 526.702
v 3130.78 -1444.91 527.975
v 3158.42 -1452.8 521.535
v 3010.62 -1332.81 429.809
v 3012.2 -1328.73 429.809
v 3011.59 -1323.56 429.809
v 3003.74 -1335.96 429.809
v 3008.67 -1337.87 408.4
v 3010.62 -1332.81 408.161
v 3012.28 -1333.45 409.809
v 3013.86 -1329.37 409.644
v 3012.2 -1328.73 408.008
v 3013.86 -1324.44 407.89
v 3011.59 -1323.56 405.646
v 3016.93 -1309.74 405.178
v 2995.49 -1301.45 383.634
v 2978.18 -1346.23 385.815
v 2996.96 -1353.5 404.313
v 3003.74 -1335.96 403.497
v -2941.97 1601.16 566.517
v -2940.16 1617.21 566.517
v -2951.08 1608.19 566.517
v -2962.64 1600.69 566.517
v -2955.94 1608.19 566.517
v -2968.63 1615.27 566.517
v -2930.31 1615.72 545.718
v -2941.97 1601.16 541.824
v -2937.03 1621.1 546.517
v -2940.16 1617.21 545.474
v -2942.41 1619.02 545.75
v -2951.08 1608.19 542.899
v -2955.94 1608.19 542.643
v -2967.12 1617.15 543.924
v -2968.63 1615.27 543.436
v -2973.01 1618.79 543.928
v -2977.8 1612.82 542.381
v -2962.64 1600.69 540.631
v -2962.64 1593.27 538.989
v -2941.97 1593.27 540.076
v -2894.93 1617.18 571.344
v -2893.12 1633.23 571.344
v -2904.05 1624.2 571.344
v -2915.6 1616.7 571.344
v -2908.9 1624.2 571.344
v -2921.59 1631.28 571.344
v -2883.27 1631.73 547.446
v -2894.93 1617.18 547.087
v -2890 1637.12 550.431
v -2893.12 1633.23 550.344
v -2895.38 1635.03 551.344
v -2904.05 1624.2 549.152
v -2908.9 1624.2 548.869
v -2920.08 1633.16 550.276
v -2921.59 1631.28 549.755
v -2925.98 1634.8 550.281
v -2930.76 1628.84 548.654
v -2915.6 1616.7 546.796
v -2915.6 1609.28 545.148
v -2894.93 1609.28 545.271
v -2873.06 1557.84 557.022
v -2864.79 1558.23 557.022
v -2864.91 1560.93 557.022
v -2873.19 1560.54 557.022
v -2856.27 1572.62 557.022
v -2856.46 1576.34 557.022
v -2879.15 1571.52 557.022
v -2879.33 1575.24 557.022
v -2882.26 1557.39 528.719
v -2873.06 1557.84 526.171
v -2881.86 1549.03 525.707
v -2856.83 1550.25 519.342
v -2857.23 1558.59 521.974
v -2864.79 1558.23 523.879
v -2864.91 1560.93 524.851
v -2846.4 1561.82 519.836
v -2846.93 1573.07 523.015
v -2856.27 1572.62 525.555
v -2856.46 1576.34 526.532
v -2854.07 1576.46 525.868
v -2854.55 1586.51 528.488
v -2885.6 1585.01 537.022
v -2885.11 1574.96 534.572
v -2879.33 1575.24 532.975
v -2879.15 1571.52 532.002
v -2892.41 1570.89 535.693
v -2891.87 1559.64 532.321
v -2873.19 1560.54 527.146
v -2929.58 1556.71 559.961
v -2921.29 1557.11 559.961
v -2921.42 1559.81 559.961
v -2929.7 1559.41 559.961
v -2912.79 1571.51 559.961
v -2912.97 1575.22 559.961
v -2935.65 1570.41 559.961
v -2935.83 1574.13 559.961
v -2938.77 1556.26 530.862
v -2929.58 1556.71 531.455
v -2938.37 1547.92 527.833
v -2913.33 1549.12 529.538
v -2913.75 1557.47 532.471
v -2921.29 1557.11 531.987
v -2921.42 1559.81 532.968
v -2902.9 1560.7 534.169
v -2903.44 1571.95 537.234
v -2912.79 1571.51 536.694
v -2912.97 1575.22 537.54
v -2910.57 1575.33 537.678
v -2911.05 1585.39 539.961
v -2942.11 1583.9 538.003
v -2941.62 1573.85 535.803
v -2935.83 1574.13 536.166
v -2935.65 1570.41 535.351
v -2948.91 1569.77 534.559
v -2948.38 1558.52 531.142
v -2929.7 1559.41 532.436
v -2995.57 1579.8 555.264
v -3022.62 1579.06 555.264
v -2995.68 1583.59 535.264
v -2995.57 1579.8 534.464
v -3022.73 1582.85 533.705
v -3022.62 1579.06 532.939
v -3031.38 1578.81 532.455
v -3030.56 1549.03 523.304
v -2986.83 1550.22 526.105
v -2987.64 1580.02 534.881
v -2881.5 1726.76 559.842
v -2897.62 1740.5 563.448
v -2870.83 1739.28 558.027
v -2886.95 1753.02 561.772
v -2932.7 1740.91 560.63
v -2934.34 1747.53 560.577
v -2902.55 1748.37 563.293
v -2904.18 1754.99 563.303
v -3042.05 1703.02 551.827
v -3048.4 1712.29 551.237
v -3014.14 1722.13 553.876
v -3020.48 1731.4 553.292
v -3024.95 1689.19 573.297
v -3025.86 1674.07 552.133
v -3019.03 1677.44 553.297
v -3024.85 1689.24 553.185
v -3024.95 1689.19 553.178
v -3028.99 1697.35 552.83
v -3035.72 1694.04 552.379
v -3010.44 1686.48 554.271
v -3013.91 1696.76 553.975
v -2975.21 1698.44 556.837
v -2978.68 1708.7 556.612
v -2977.53 1677.44 556.196
v -2981.07 1686.16 556.35
v -2933.65 1695.19 559.888
v -2937.18 1703.93 559.728
v -2965.93 1699.62 557.551
v -2968.98 1708.86 557.356
v -2938.83 1708.55 559.667
v -2941.87 1717.79 559.544
v -2977.35 1718.33 556.776
v -2980.63 1728.26 556.536
v -2950.63 1727.15 558.991
v -2953.9 1737.07 558.784
v -2621.09 1882.82 590.618
v -2648.28 1894.52 590.618
v -2652.23 1885.33 590.618
v -2625.05 1873.63 590.618
v -2621.09 1882.82 567.858
v -2625.05 1873.63 565.573
v -2612.33 1879.04 568.192
v -2608.08 1888.89 570.618
v -2651.14 1907.41 569.075
v -2655.37 1897.58 566.597
v -2648.28 1894.52 566.859
v -2652.23 1885.33 564.565
v -2659.5 1888.45 564.294
v -2664.69 1876.39 561.272
v -2623 1858.45 562.844
v -2617.8 1870.51 565.841
v -2622.31 1852.68 561.812
v -2749.62 1909.7 563.135
v -2603.8 1894.01 572.132
v -2731.09 1951.03 567.028
v -2741.61 1913.68 562.846
v -2726.83 1948.02 566.288
v -2707.62 1899.05 560.612
v -2692.83 1933.39 567.533
v -2511.73 1685.24 561.18
v -2523.7 1689.51 561.18
v -2513.9 1679.16 561.18
v -2525.88 1683.43 561.18
v -2528.36 1676.45 561.18
v -2514.58 1677.26 561.18
v -2533.11 1678.15 561.18
v -2551.66 1680.2 561.18
v -2517.83 1668.14 561.18
v -2516.29 1672.46 561.18
v -2510.96 1687.39 541.18
v -2511.73 1685.24 540.621
v -2522.94 1691.66 541.157
v -2523.7 1689.51 540.597
v -2526.26 1690.43 540.594
v -2528.44 1684.35 539.012
v -2525.88 1683.43 539.015
v -2528.36 1676.45 537.295
v -2533.11 1678.15 537.228
v -2531.76 1681.93 538.176
v -2548.86 1688.03 538.005
v -2551.66 1680.2 536.108
v -2554.05 1681.06 536.055
v -2557.81 1670.51 533.56
v -2516.89 1655.92 534.015
v -2513.14 1666.47 536.486
v -2517.83 1668.14 536.479
v -2516.29 1672.46 537.49
v -2512.24 1671.01 537.497
v -2510.52 1675.81 538.626
v -2514.58 1677.26 538.609
v -2513.9 1679.16 539.038
v -2509.2 1677.49 539.085
v -2507.03 1683.57 540.696
v -2562.01 1614.77 547.461
v -2563.33 1615.2 547.461
v -2556.01 1611.62 547.461
v -2570.61 1617.62 547.461
v -2547.64 1612.9 547.461
v -2553.67 1610.85 547.461
v -2572.05 1613.31 547.461
v -2572.74 1611.21 547.461
v -2572.15 1607.08 547.461
v -2571.27 1603.76 547.461
v -2538.72 1591.96 547.461
v -2562.01 1614.77 521.944
v -2560.52 1619.27 523.088
v -2563.33 1615.2 521.836
v -2562.04 1619.09 522.853
v -2569.32 1621.51 522.453
v -2570.61 1617.62 521.427
v -2572.91 1618.38 521.299
v -2574.34 1614.06 520.162
v -2572.05 1613.31 520.289
v -2572.74 1611.21 519.737
v -2575 1611.97 519.613
v -2576.18 1608.41 518.675
v -2572.15 1607.08 518.966
v -2573.06 1604.35 518.302
v -2571.27 1603.76 518.448
v -2571.86 1601.96 518.01
v -2539.02 1591.06 519.379
v -2538.72 1591.96 519.572
v -2536.04 1591.06 519.556
v -2524.28 1626.48 527.46
v -2541.26 1632.11 527.461
v -2547.64 1612.9 523.18
v -2552.46 1614.5 523.167
v -2553.67 1610.85 522.374
v -2556.01 1611.62 522.205
v -2554.17 1617.18 523.556
v -2576.59 1639.86 553.558
v -2572.86 1652.02 553.558
v -2582.77 1641.75 553.558
v -2579.03 1653.91 553.558
v -2584.7 1642.35 553.558
v -2593.95 1645.19 553.558
v -2589.57 1643.85 553.558
v -2586.11 1656.09 553.558
v -2583.41 1679.52 553.558
v -2584.63 1660.9 553.558
v -2574.41 1639.19 525.316
v -2576.59 1639.86 525.221
v -2570.68 1651.34 528.392
v -2572.86 1652.02 528.282
v -2572.06 1654.6 528.876
v -2578.24 1656.5 528.559
v -2579.03 1653.91 527.967
v -2586.11 1656.09 527.606
v -2584.63 1660.9 528.766
v -2580.79 1659.72 528.905
v -2575.46 1677.08 533.201
v -2583.41 1679.52 532.991
v -2582.66 1681.95 533.558
v -2593.36 1685.24 533.18
v -2606.11 1643.72 522.638
v -2595.42 1640.43 523.258
v -2593.95 1645.19 524.474
v -2589.57 1643.85 524.662
v -2590.84 1639.73 523.61
v -2585.95 1638.23 523.822
v -2584.7 1642.35 524.873
v -2582.77 1641.75 524.954
v -2584.23 1636.98 523.736
v -2578.06 1635.08 524.002
v -2631.64 1705.81 561.053
v -2619.54 1701.92 561.053
v -2629.67 1711.96 561.053
v -2617.56 1708.06 561.053
v -2629.05 1713.88 561.053
v -2627.49 1718.74 561.053
v -2615.3 1715.12 561.053
v -2626.09 1723.09 561.053
v -2591.89 1712.11 561.053
v -2610.5 1713.57 561.053
v -2632.34 1703.64 532.755
v -2631.64 1705.81 533.214
v -2620.23 1699.74 533.305
v -2619.54 1701.92 533.763
v -2616.95 1701.09 533.88
v -2614.98 1707.23 535.175
v -2617.56 1708.06 535.062
v -2615.3 1715.12 536.642
v -2610.5 1713.57 536.838
v -2611.72 1709.75 535.983
v -2594.44 1704.19 536.691
v -2591.89 1712.11 538.512
v -2589.47 1711.33 538.613
v -2586.04 1721.99 541.053
v -2627.4 1735.28 539.002
v -2630.83 1724.61 536.723
v -2626.09 1723.09 536.98
v -2627.49 1718.74 536.05
v -2631.58 1720.05 535.826
v -2633.14 1715.19 534.789
v -2629.05 1713.88 534.995
v -2629.67 1711.96 534.564
v -2634.41 1713.48 534.343
v -2636.39 1707.33 532.997
v -3256.97 1723.63 558.986
v -3291.42 1754.6 558.986
v -3298.97 1708.5 558.986
v -3301.74 1712.57 558.986
v -3294.87 1752.25 558.986
v -3284.13 1763.5 538.986
v -3256.97 1723.63 534.673
v -3293.25 1757.28 537.779
v -3291.42 1754.6 537.495
v -3294.87 1752.25 537.043
v -3296.23 1754.23 537.254
v -3303.69 1711.24 531.522
v -3301.74 1712.57 531.746
v -3298.97 1708.5 531.269
v -3301.3 1706.91 531.023
v -3288.18 1687.66 528.801
v -3244.44 1717.47 534.004
v -3251.29 1727.51 535.42
v -3209.73 1727.7 562.88
v -3201.32 1715.28 562.88
v -3226.62 1740.73 562.88
v -3210.82 1729.31 562.88
v -3228.51 1742.8 562.88
v -3209.73 1727.7 538.005
v -3210.82 1729.31 538.116
v -3214.86 1724.23 537.1
v -3206.45 1711.81 536.519
v -3201.32 1715.28 537.424
v -3199.18 1712.13 537.277
v -3179.97 1725.16 540.125
v -3206.35 1764.09 542.88
v -3233.22 1745.87 538.896
v -3230.32 1741.59 538.454
v -3228.51 1742.8 538.72
v -3226.95 1740.5 538.567
v -3226.62 1740.73 538.617
v -3216.36 1725.57 537.138
v -2614.8 1837.87 581.064
v -2623.3 1819 581.064
v -2629.19 1821.65 581.064
v -2639.25 1826.18 581.064
v -2614.8 1837.87 559.836
v -2623.3 1819 555.094
v -2607.44 1834.55 560.127
v -2605.76 1838.29 561.064
v -2618.99 1844.27 560.572
v -2629.19 1821.65 554.87
v -2639.25 1826.18 554.486
v -2634.27 1837.24 557.287
v -2667.71 1852.32 556.102
v -2674.89 1836.39 552.016
v -2623.93 1813.41 553.912
v -2621.73 1818.28 555.151
v -2681.52 1811.75 546.246
v -2677.26 1823.06 549.054
v -2633.52 1793.66 548.819
v -2629.26 1804.96 551.57
v -2684.62 1794.88 542.463
v -2681.14 1804.1 544.758
v -2639.09 1777.71 545.263
v -2635.61 1786.94 547.353
v -2699.16 1712.86 527.479
v -2695.63 1722.28 529.391
v -2668.9 1701.54 528.717
v -2665.37 1710.96 530.671
v -2699.91 1732.69 530.564
v -2695.93 1743.34 532.71
v -2660.99 1718.11 532.392
v -2657 1728.76 534.648
v -2689.1 1755.64 535.495
v -2685.77 1764.54 537.312
v -2650.69 1741.25 537.471
v -2647.36 1750.15 539.424
v -2683.85 1770.39 538.499
v -2679.05 1783.2 541.219
v -2647.57 1756.81 540.584
v -2642.77 1769.62 543.373
v -2678.46 1608.68 504.92
v -2699.96 1628.84 507.667
v -2672.43 1615.11 507.453
v -2693.92 1635.27 510.2
v -2720.58 1619.68 502.464
v -2728.62 1625.55 504.258
v -2700.87 1646.7 512.643
v -2708.92 1652.57 513.448
v -2721.15 1654.81 541.386
v -2718.77 1663.32 541.386
v -2707.27 1673.17 541.386
v -2730.86 1647.79 541.386
v -2735.94 1635.56 541.386
v -2739.52 1630.18 541.386
v -2740.87 1626.89 541.386
v -2745.94 1617.48 541.386
v -2758.03 1610.62 541.386
v -2758.03 1617.48 541.386
v -2748.63 1626.89 541.386
v -2748.63 1630.18 541.386
v -2740.11 1641.97 541.386
v -2740.11 1646.15 541.386
v -2744.15 1646.15 541.386
v -2745.94 1651.67 541.386
v -2730.86 1654.81 541.386
v -2726.38 1654.81 541.386
v -2716.38 1673.17 541.386
v -2718.77 1654.81 512.967
v -2721.15 1654.81 512.732
v -2718.77 1663.32 515.501
v -2705.78 1663.32 516.734
v -2705.78 1673.17 519.666
v -2707.27 1673.17 519.527
v -2707.27 1679.59 521.386
v -2716.38 1679.59 520.533
v -2716.38 1673.17 518.674
v -2726.38 1673.17 517.896
v -2726.38 1654.81 512.401
v -2730.86 1654.81 513.561
v -2730.86 1657.2 514.277
v -2745.94 1657.2 518.185
v -2745.94 1651.67 516.531
v -2751.61 1651.67 517.999
v -2751.61 1646 516.38
v -2744.15 1646 514.448
v -2744.15 1646.15 514.491
v -2740.11 1646.15 513.444
v -2740.11 1641.97 512.264
v -2751.01 1641.97 515.088
v -2751.01 1630.18 511.703
v -2748.63 1630.18 511.059
v -2748.63 1626.89 510.075
v -2760.27 1626.89 513.226
v -2760.27 1617.48 510.487
v -2758.03 1617.48 509.881
v -2758.03 1610.62 507.947
v -2763.7 1610.62 509.481
v -2763.7 1601.82 506.998
v -2745.94 1601.82 502.078
v -2745.94 1617.48 506.609
v -2740.87 1617.48 505.235
v -2740.87 1626.89 507.975
v -2739.52 1626.89 507.61
v -2739.52 1630.18 508.594
v -2735.94 1630.18 507.624
v -2735.94 1635.56 509.232
v -2730.86 1635.56 507.858
v -2730.86 1647.79 511.509
v -2721.15 1647.79 510.716
v 4048.18 2519.12 547.088
v 4044.38 2549.58 546.329
v 4091.93 2524.6 549.112
v 4088.14 2555.04 548.813
v 4107.86 2242.86 556.027
v 4095.37 2263.48 554.188
v 4127.29 2254.62 561.938
v 4114.8 2275.24 559.842
v 1127.56 -2670.09 500.932
v 1117.93 -2642.49 500.932
v 1107.26 -2629.69 500.932
v 1135.22 -2646.71 500.932
v 1072.36 -2614.56 454.373
v 1071.73 -2675.22 457.919
v 1127.56 -2674.58 477.797
v 1127.56 -2670.09 477.346
v 1137.56 -2670.14 480.932
v 1138.16 -2646.34 478.843
v 1135.22 -2646.71 477.874
v 1134.62 -2642.81 477.276
v 1117.93 -2642.49 471.529
v -4931.11 -1720.66 696.483
v -4946.96 -1714.74 696.483
v -4946.96 -1722.07 696.483
v -4931.11 -1720.66 696.483
v -4931.91 -1711.67 696.483
v -4946.96 -1714.74 696.483
v -4946.96 -1713.02 696.483
v -4931.11 -1720.66 676.483
v -4946.96 -1722.07 693.379
v -4946.96 -1722.07 696.483
v -4931.11 -1720.66 676.483
v -4946.96 -1722.07 693.379
v -4946.96 -1722.07 676.117
v -4931.91 -1711.67 673.859
v -4931.91 -1711.67 696.483
v -4946.96 -1713.02 677.702
v -4946.96 -1713.02 696.483
v -4931.91 -1711.67 673.859
v -4946.96 -1713.02 677.702
v -4946.96 -1713.02 673.224
v -4917.71 -1739.89 708.162
v -4917.03 -1747.55 708.162
v -4918.57 -1730.22 679.795
v -4917.71 -1739.89 682.603
v -4938.73 -1732.01 679.398
v -4937.19 -1749.35 684.913
v -4917.03 -1747.55 684.831
v -4916 -1759.06 688.162
v -4895.58 -1757.24 688.105
v -4897.28 -1738.07 683.008
v -4926.93 -1855.48 708.292
v -4946.96 -1842.7 708.292
v -4946.96 -1847.71 708.292
v -4926.93 -1855.48 708.292
v -4922.96 -1845.23 708.292
v -4946.96 -1842.7 708.292
v -4946.96 -1835.93 708.292
v -4926.93 -1855.48 688.126
v -4946.96 -1847.71 696.046
v -4946.96 -1847.71 708.292
v -4926.93 -1855.48 688.126
v -4946.96 -1847.71 696.046
v -4946.96 -1847.71 688.155
v -4922.96 -1845.23 687.812
v -4922.96 -1845.23 708.292
v -4946.96 -1835.93 698.882
v -4946.96 -1835.93 708.292
v -4922.96 -1845.23 687.812
v -4946.96 -1835.93 698.882
v -4946.96 -1835.93 688.038
v -4931.65 -1877.23 709.948
v -4946.96 -1883.31 709.948
v -4937.68 -1892.79 709.948
v -4946.96 -1889.19 709.948
v -4931.65 -1877.23 709.948
v -4946.96 -1871.29 709.948
v -4946.96 -1883.31 709.948
v -4946.96 -1889.19 699.323
v -4937.68 -1892.79 686.154
v -4937.68 -1892.79 686.154
v -4946.96 -1889.19 699.323
v -4946.96 -1889.19 687.406
v -4931.65 -1877.23 687.981
v -4937.68 -1892.79 709.948
v -4946.96 -1871.29 694.571
v -4931.65 -1877.23 687.981
v -4946.96 -1871.29 694.571
v -4946.96 -1871.29 689.494
v 683.733 328.65 417.121
v 684.323 279.671 426.006
v 711.863 282.615 420.857
v 779.134 302.285 458.951
v 778.933 348.513 420.226
v 2485.35 -2727.42 451.166
v 2479.63 -2768.39 451.166
v 2521.16 -2774.2 451.166
v 2526.89 -2733.23 451.166
v 2485.35 -2727.42 414.098
v 2502.09 -2609.74 398.005
v 2479.63 -2768.39 424.065
v 2521.16 -2774.2 431.166
v 2526.89 -2733.23 419.43
v 2543.59 -2615.6 405.19
v 1048.91 293.506 465.245
v 1149.62 294.85 484.075
v 1050.65 161.48 506.06
v 1151.4 162.824 524.878
v -2601.32 -1710 406.322
v -2664.2 -1753.13 402.614
v -2614.95 -1690.11 412.54
v -2677.84 -1733.26 411.689
v -2542.97 -1667.32 398.537
v -2597.09 -1704.74 406.615
v -2555.05 -1649.84 399.754
v -2609.16 -1687.27 411.786
v -2029.69 -2801.72 425.103
v -2029.5 -2800.18 425.103
v -2020.16 -2809.3 402.778
v -2029.69 -2801.72 403.824
v -2015.84 -2803.87 402.223
v -2026.01 -2795.79 403.345
v -2029.5 -2800.18 403.789
v -2037.47 -2796.35 404.689
v -2041.8 -2805.38 405.103
v -2033.38 -2809.41 404.317
v -2049.53 -2795.24 405.544
v -2060.18 -2786.5 406.464
v -2044.5 -2789.1 405.297
v -2055.16 -2780.37 406.383
v -2067.14 -2789.33 406.814
v -2070.39 -2781.3 407.247
v -2063.43 -2778.49 406.952
v -2047.94 -2772.5 406.226
v -2051.52 -2765.78 406.537
v -2040.49 -2768.52 405.891
v -2044.07 -2761.8 406.291
v -2062.32 -2767.33 407.028
v -2053.28 -2762.49 406.696
v -2056.66 -2777.93 406.587
v -2047.61 -2773.09 406.179
v -2051.73 -2755.41 406.921
v -2057.79 -2744.07 407.554
v -2041.42 -2749.89 406.666
v -2047.49 -2738.55 407.341
v -2064.9 -2748.91 407.689
v -2071.34 -2752.33 407.822
v -2068.7 -2741.8 407.872
v -2075.13 -2745.25 408.006
v -2080.63 -2759.28 407.991
v -2070.51 -2753.87 407.782
v -2078.1 -2764 407.81
v -2067.98 -2758.59 407.553
v -2066.21 -2761.92 407.33
v -2055.31 -2756.08 407.061
v -2060.43 -2746.51 407.596
v -1968 -2901.3 430.167
v -1969.37 -2905.69 430.167
v -1967.69 -2905.69 430.167
v -1968 -2901.3 430.167
v -1967.69 -2905.69 430.167
v -1957.61 -2904.53 430.167
v -1957.97 -2905.69 430.167
v -1969.37 -2905.69 426.787
v -1969.37 -2905.69 408.741
v -1969.37 -2905.69 426.787
v -1968 -2901.3 408.539
v -1957.97 -2905.69 410.419
v -1957.61 -2904.53 409.521
v -1957.61 -2904.53 409.521
v -1957.97 -2905.69 410.419
v -1957.97 -2905.69 409.549
v -1968 -2901.3 408.539
v -1957.61 -2904.53 430.167
v -1981.73 -2894.9 429.562
v -1985.1 -2905.69 429.562
v -1980.97 -2905.69 429.562
v -1981.73 -2894.9 429.562
v -1980.97 -2905.69 429.562
v -1971.34 -2898.14 429.562
v -1973.7 -2905.69 429.562
v -1985.1 -2905.69 421.142
v -1981.73 -2894.9 407.166
v -1985.1 -2905.69 421.142
v -1985.1 -2905.69 407.855
v -1973.7 -2905.69 414.093
v -1971.34 -2898.14 407.937
v -1971.34 -2898.14 407.937
v -1973.7 -2905.69 414.093
v -1973.7 -2905.69 408.399
v -1981.73 -2894.9 407.166
v -1971.34 -2898.14 429.562
v -1996.03 -2889.82 428.566
v -2000.98 -2905.69 428.566
v -1994.9 -2905.69 428.566
v -1996.03 -2889.82 428.566
v -1994.9 -2905.69 428.566
v -1985.63 -2893.06 428.566
v -1989.57 -2905.69 428.566
v -2000.98 -2905.69 416.289
v -1996.03 -2889.82 406.615
v -2000.98 -2905.69 416.289
v -2000.98 -2905.69 407.469
v -1985.63 -2893.06 406.995
v -1989.57 -2905.69 417.267
v -1985.63 -2893.06 406.995
v -1989.57 -2905.69 417.267
v -1989.57 -2905.69 407.743
v -1996.03 -2889.82 406.615
v -1985.63 -2893.06 428.566
v -2011.15 -2883.25 427.627
v -2018.14 -2905.69 427.627
v -2009.55 -2905.69 427.627
v -2011.15 -2883.25 427.627
v -2009.55 -2905.69 427.627
v -2000.75 -2886.49 427.627
v -2006.74 -2905.69 427.627
v -2018.14 -2905.69 410.041
v -2011.15 -2883.25 405.728
v -2018.14 -2905.69 410.041
v -2018.14 -2905.69 406.662
v -2000.75 -2886.49 406.129
v -2006.74 -2905.69 421.686
v -2000.75 -2886.49 406.129
v -2006.74 -2905.69 421.686
v -2006.74 -2905.69 407.213
v -2011.15 -2883.25 405.728
v -2000.75 -2886.49 427.627
v -2472.3 -2897.11 429.029
v -2463.5 -2905.69 429.029
v -2480.65 -2905.69 429.029
v -2472.3 -2897.11 406.294
v -2472.3 -2897.11 429.029
v -2463.5 -2905.69 425.034
v -2463.5 -2905.69 429.029
v -2472.3 -2897.11 406.294
v -2463.5 -2905.69 425.034
v -2463.5 -2905.69 408.549
v -2480.65 -2905.69 421.834
v -2480.65 -2905.69 421.834
v -2480.65 -2905.69 405.946
v -2483.12 -2889.15 423.886
v -2513.15 -2898.92 423.886
v -2499.22 -2905.69 423.886
v -2506.2 -2905.69 423.886
v -2513.15 -2898.92 423.886
v -2483.12 -2889.15 423.886
v -2506.2 -2905.69 410.691
v -2506.2 -2905.69 423.886
v -2513.15 -2898.92 401.147
v -2506.2 -2905.69 410.691
v -2506.2 -2905.69 402.954
v -2483.12 -2889.15 403.815
v -2499.22 -2905.69 420.387
v -2483.12 -2889.15 403.815
v -2499.22 -2905.69 420.387
v -2499.22 -2905.69 403.874
v -2493.65 -2878.89 400.748
v -2513.15 -2898.92 401.147
v -2475.31 -2877.75 403.163
v -2485.84 -2867.49 400.276
v -2455.81 -2857.74 403.318
v -2466.34 -2847.48 400.32
v -2443.37 -2849.3 404.077
v -2453.09 -2838.25 401.25
v -2422.39 -2830.82 405.136
v -2432.11 -2819.79 402.221
v -2406.39 -2822.95 406.856
v -2410.28 -2808.77 404.716
v -2379.43 -2815.54 410.253
v -2383.33 -2801.37 408.49
v -2369.52 -2812.23 410.413
v -2373.41 -2798.05 408.808
v -2342.57 -2804.82 410.865
v -2346.46 -2790.64 409.309
v -2330.77 -2800.75 411.065
v -2334.66 -2786.57 409.344
v -2303.82 -2793.34 411.762
v -2307.71 -2779.17 409.801
v -2290.64 -2791.27 412.215
v -2294.98 -2775.48 409.976
v -2262.63 -2783.57 412.8
v -2266.97 -2767.78 410.822
v -2249.51 -2779.43 413.074
v -2253.6 -2764.57 411.276
v -2221.43 -2771.72 414.099
v -2225.52 -2756.85 412.464
v -2241.85 -2818.2 416.159
v -2246.26 -2802.18 415.086
v -2215.04 -2810.83 416.913
v -2219.45 -2794.81 415.987
v -2284.07 -2828.9 415.155
v -2288.21 -2813.85 413.986
v -2255.29 -2820.99 415.742
v -2259.43 -2805.93 414.711
v -2232.29 -2847.42 418.017
v -2236.29 -2832.84 417.182
v -2201.87 -2839.05 417.742
v -2205.88 -2824.49 417.406
v -2265.24 -2853.75 417.396
v -2269.02 -2839.99 416.434
v -2243.26 -2847.71 417.694
v -2247.03 -2833.95 416.816
v -2262.22 -2888.21 419.583
v -2266.58 -2872.34 418.493
v -2234.6 -2880.62 419.647
v -2238.96 -2864.75 418.775
v -2221.38 -2877.48 419.761
v -2225.38 -2862.94 419.046
v -2193.79 -2869.9 418.372
v -2197.78 -2855.35 418.078
v -2227.16 -2905.69 440.931
v -2203.34 -2905.69 440.931
v -2229.14 -2898.49 440.931
v -2186.07 -2900.94 440.931
v -2229.14 -2898.49 440.931
v -2186.07 -2900.94 440.931
v -2227.16 -2905.69 430.1
v -2227.16 -2905.69 440.931
v -2227.16 -2905.69 420.819
v -2227.16 -2905.69 430.1
v -2229.14 -2898.49 420.686
v -2186.07 -2900.94 418.899
v -2203.34 -2905.69 428.553
v -2186.07 -2900.94 418.899
v -2203.34 -2905.69 428.553
v -2203.34 -2905.69 419.79
v -2189.72 -2887.66 418.721
v -2229.14 -2898.49 420.686
v -2243.72 -2899.84 440.64
v -2265 -2905.69 440.64
v -2242.12 -2905.69 440.64
v -2242.12 -2905.69 440.64
v -2242.12 -2905.69 428.188
v -2243.72 -2899.84 440.64
v -2243.72 -2899.84 420.557
v -2243.72 -2899.84 420.557
v -2242.12 -2905.69 428.188
v -2242.12 -2905.69 420.588
v -2265 -2905.69 425.317
v -2265 -2905.69 425.317
v -2265 -2905.69 420.535
v -2310.49 -2901.23 419.677
v -2314.36 -2887.21 418.58
v -2280.68 -2893.03 419.587
v -2284.53 -2879.01 418.503
v -2352.93 -2905.69 439.694
v -2329.55 -2905.69 439.694
v -2355.17 -2897.55 439.694
v -2319.81 -2903.01 439.694
v -2355.17 -2897.55 439.694
v -2319.81 -2903.01 439.694
v -2352.93 -2905.69 427.821
v -2352.93 -2905.69 439.694
v -2352.93 -2905.69 418.957
v -2352.93 -2905.69 427.821
v -2355.17 -2897.55 418.751
v -2319.81 -2903.01 419.694
v -2329.55 -2905.69 425.882
v -2319.81 -2903.01 419.694
v -2329.55 -2905.69 425.882
v -2329.55 -2905.69 419.513
v -2323.69 -2888.9 418.527
v -2355.17 -2897.55 418.751
v -2332.38 -2874.04 417.133
v -2336.35 -2859.56 415.772
v -2288.59 -2862 417.271
v -2292.56 -2847.52 416.145
v -2353.91 -2873.75 437.389
v -2373.47 -2879.12 437.389
v -2344.57 -2871.18 416.567
v -2353.91 -2873.75 416.589
v -2347.45 -2860.68 415.608
v -2379.62 -2869.53 415.579
v -2376.74 -2880.02 416.664
v -2373.47 -2879.12 416.644
v -2371.52 -2886.18 417.389
v -2351.97 -2880.81 417.268
v -2333.66 -2828.84 413.276
v -2303.51 -2820.47 413.774
v -2329.33 -2844.47 414.771
v -2299.17 -2836.1 415.096
v -2375.81 -2838.84 412.696
v -2345.67 -2830.41 412.993
v -2371.43 -2854.47 414.329
v -2341.3 -2846.03 414.464
v -2414.28 -2851.19 408.757
v -2384.74 -2840.85 412.224
v -2408.92 -2866.51 411.389
v -2379.39 -2856.17 414.255
v -2450.09 -2885.71 407.804
v -2428.08 -2860.5 407.783
v -2437.62 -2896.6 410.869
v -2415.61 -2871.39 410.943
v -2403.62 -2882.14 436.669
v -2424.18 -2905.69 436.669
v -2409.86 -2905.69 436.669
v -2403.62 -2882.14 436.669
v -2409.86 -2905.69 436.669
v -2391.17 -2893.03 436.669
v -2402.22 -2905.69 436.669
v -2424.18 -2905.69 415.164
v -2403.62 -2882.14 413.785
v -2424.18 -2905.69 415.164
v -2424.18 -2905.69 413.656
v -2391.17 -2893.03 416.669
v -2402.22 -2905.69 426.716
v -2391.17 -2893.03 416.669
v -2402.22 -2905.69 426.716
v -2402.22 -2905.69 415.647
v -2403.62 -2882.14 413.785
v -2391.17 -2893.03 436.669
v -2381.44 -2904.34 438.987
v -2382.61 -2905.69 438.987
v -2379.9 -2905.69 438.987
v -2382.61 -2905.69 437.697
v -2382.61 -2905.69 418.765
v -2382.61 -2905.69 437.697
v -2381.44 -2904.34 418.987
v -2381.44 -2904.34 438.987
v -2379.9 -2905.69 438.987
v -2379.9 -2905.69 421.461
v -2381.44 -2904.34 418.987
v -2379.9 -2905.69 421.461
v -2379.9 -2905.69 418.928
v 1028.56 -774.715 487.096
v 1028.65 -769.737 487.665
v 1028.48 -779.821 486.203
v 1034.63 -779.911 485.073
v 1034.8 -769.839 486.958
v 999.413 -774.241 491.473
v 999.557 -764.989 492.281
v 1028.71 -765.463 488.155
v 1006.39 -792.157 488.69
v 1009.88 -781.101 488.788
v 1026.23 -798.402 483.827
v 1029.7 -787.346 484.487
v 984.897 -799.106 492.525
v 994.604 -802.165 490.444
v 981.991 -808.333 492.85
v 991.698 -811.391 490.09
v 999.669 -815.525 487.728
v 991.231 -812.876 490.034
v 1004.83 -817.15 486.424
v 1009.48 -802.408 486.734
v 995.873 -798.121 490.562
v 987.769 -815.589 490.674
v 988.859 -812.121 490.708
v 998.578 -818.993 487.945
v 980.21 -832.302 492.289
v 983.65 -821.36 491.605
v 992.889 -836.295 488.367
v 996.34 -825.353 488.401
v 1019.36 -816.485 482.648
v 1012.68 -837.715 481.969
v 1008.53 -813.068 485.728
v 1001.85 -834.311 485.776
v 995.617 -839.379 487.149
v 997.631 -832.98 487.259
v 1010.67 -844.114 481.501
v 981.212 -860.635 481.783
v 987.68 -840.082 489.567
v 987.446 -862.605 478.864
v 993.913 -842.053 487.375
v 992.021 -864.269 476.996
v 997.398 -847.198 484.001
v 1004.03 -868.057 472.35
v 1009.41 -850.973 478.586
v 1001.95 -882.914 465.422
v 995.661 -880.931 467.805
v 1003.8 -877.053 467.905
v 997.498 -875.07 470.542
v 988.626 -878.717 470.749
v 998.811 -870.898 472.383
v 991.787 -868.684 475.099
v 983.461 -895.11 463.339
v 997.631 -899.576 458.819
v 1002.8 -883.17 465.156
v 972.551 -876.388 475.991
v 984.318 -880.099 471.062
v 966.818 -894.598 467.162
v 978.596 -898.296 462.801
v 971.527 -876.068 476.406
v 974.644 -866.15 480.848
v 987.446 -870.181 475.509
v 1231.86 -954.232 465.341
v 1229.09 -944.8 468.11
v 1246.7 -949.868 466.984
v 1243.94 -940.437 469.987
v 1297.18 -754.457 517.482
v 1319.12 -746.728 516.861
v 1303.04 -771.093 515.104
v 1324.98 -763.364 515.307
v 1281.8 -759.87 517.596
v 1275.87 -743.016 520.481
v 1313.19 -729.886 518.821
v 1229.64 -655.471 532.62
v 1225.37 -644.58 532.637
v 1241.63 -650.787 532.018
v 1237.37 -639.884 533.144
v 1176.48 -668.025 547.342
v 1185.55 -654.127 547.342
v 1176.48 -668.025 522.346
v 1185.55 -654.127 525.223
v 1192.49 -643.492 527.342
v 1185.79 -639.129 526.641
v 1163.52 -673.246 519.523
v 1170.21 -677.623 520.225
v 1210.66 -657.8 550.916
v 1201.6 -693.159 524.606
v 1191.25 -686.043 523.341
v 1222.76 -662.343 530.916
v 1215.66 -646.705 530.852
v 1207.34 -650.493 529.143
v 1210.66 -657.8 529.078
v 1216.73 -704.906 548.992
v 1222.76 -696.127 548.992
v 1208.66 -703.691 525.149
v 1218.5 -689.371 528.117
v 1214.7 -707.85 525.933
v 1216.73 -704.906 526.59
v 1233.8 -716.641 527.98
v 1239.83 -707.85 528.025
v 1222.76 -696.127 528.466
v 1224.56 -693.517 528.992
v 1195.18 -707.517 546.831
v 1186.13 -712.469 520.015
v 1224.76 -739.011 524.042
v 1229.97 -731.422 526.831
v 1195.18 -707.517 522.211
v 1198.45 -702.744 523.274
v 1194.61 -700.12 522.774
v 1181.01 -731.652 538.326
v 1171.96 -736.592 513.804
v 1210.59 -763.146 515.417
v 1215.8 -755.558 518.259
v 1181.01 -731.652 516.8
v 1184.28 -726.879 518.326
v 1180.44 -724.243 517.773
v 1443.77 -1070.2 472.134
v 1421.37 -1050.8 475.792
v 1455.17 -1057.04 467.182
v 1432.77 -1037.64 470.58
v 1461.09 -1029.89 462.253
v 1471.83 -1020.93 458.383
v 1469.7 -1040.23 461.045
v 1480.45 -1031.27 457.25
v 1294.62 -1018.69 488.676
v 1286.28 -1015.93 465.852
v 1297.29 -1046.7 467.952
v 1303.82 -1044.37 468.676
v 1294.62 -1018.69 466.524
v 1314.25 -1011.66 467.761
v 1312.42 -1006.57 467.279
v 1271.3 -990.486 484.977
v 1276.15 -977.753 484.977
v 1272.77 -994.606 464.583
v 1271.3 -990.486 464.43
v 1283.82 -990.652 464.977
v 1280.83 -982.283 464.527
v 1278.86 -976.78 464.403
v 1276.15 -977.753 464.409
v 1273.97 -971.648 464.341
v 1262.82 -975.641 463.992
v 1268.48 -991.484 464.223
v 1277.21 -972.173 464.352
v 1311.88 -959.76 464.281
v 1315.49 -969.87 465.062
v 1340.15 -990.204 467.397
v 1330.96 -993.493 467.255
v 1336.04 -978.725 466.02
v 1326.85 -982.014 466.064
v 1374.2 -978.009 466.95
v 1335.33 -1005.74 468.451
v 1378.59 -990.255 469.123
v 1358.73 -966.901 486.852
v 1343.16 -958.109 464.327
v 1351.22 -980.619 466.852
v 1362.24 -976.678 466.665
v 1358.73 -966.901 465.45
v 1362.11 -965.685 465.306
v 1357.56 -952.952 466.467
v 1482.03 -1001.23 453.735
v 1433.21 -935.356 467.656
v 1497.71 -989.615 449.045
v 1453.28 -929.662 465.71
v 1406.91 -898.386 510.554
v 1409.96 -907.216 510.554
v 1433.74 -899 510.554
v 1409.96 -907.216 485.756
v 1406.91 -898.386 490.554
v 1433.74 -899 483.038
v 1437.94 -911.183 476.703
v 1444.53 -908.905 476.107
v 1437.27 -887.892 486.569
v 1376.32 -923.135 510.554
v 1411.28 -911.055 483.612
v 1376.32 -923.135 479.914
v 1336.29 -922.79 478.747
v 1342.1 -939.618 472.11
v 1377.75 -927.294 478.018
v 1315.64 -1175.98 442.667
v 1310.68 -1160.02 447.247
v 1336.52 -1169.5 444.679
v 1331.57 -1153.54 449.52
v 1321.42 -1156.69 448.314
v 1305.17 -1142.26 452.128
v 1315.91 -1138.93 453.174
v 1317.86 -1129.4 456.023
v 1355.81 -1117.62 462.354
v 1323.25 -1146.75 451.375
v 1361.2 -1134.97 456.493
v 1300.83 -1112.45 489.462
v 1308.59 -1110.05 489.462
v 1310.45 -1116.04 489.462
v 1302.69 -1118.44 489.462
v 1297.65 -1113.44 459.363
v 1287.45 -1080.56 465.964
v 1300.83 -1112.45 459.822
v 1302.69 -1118.44 458.231
v 1297.33 -1120.1 457.456
v 1301.76 -1134.39 453.982
v 1361.18 -1115.96 463.369
v 1356.75 -1101.68 468.011
v 1310.45 -1116.04 459.351
v 1308.59 -1110.05 460.943
v 1313.68 -1108.47 461.677
v 1303.48 -1075.58 469.462
v 1094.74 -813.631 480.813
v 1104.75 -804.724 484.768
v 1102.61 -822.474 480.377
v 1112.62 -813.567 484.322
v 1111.61 -864.832 470.252
v 1120.37 -854.876 475.253
v 1121.82 -873.828 469.295
v 1130.59 -863.872 474.284
v 1102.71 -859.125 470.455
v 1086.59 -838.982 473.626
v 1114 -850.09 475.635
v 1097.89 -829.947 477.801
v 1086.91 -867.02 464.731
v 1079.8 -874.135 460.945
v 1090.35 -863.578 466.555
v 1082.76 -856.002 467.6
v 1072.22 -866.547 462.011
v 1107.29 -874.609 466.188
v 1100.89 -881.007 462.796
v 1102.78 -870.104 466.8
v 1096.38 -876.503 463.398
v 1093.78 -888.11 458.997
v 1113.19 -891.757 483.314
v 1110.15 -888.033 462.262
v 1113.19 -891.757 461.613
v 1103.08 -893.779 458.958
v 1114.46 -907.766 456.576
v 1125.17 -899.051 461.625
v 1116.83 -888.801 463.314
v 1125.49 -916.929 455.756
v 1129.75 -907.101 459.864
v 1141.37 -923.801 456.765
v 1145.62 -913.973 460.844
v 1069.17 -907.625 447.49
v 1073.55 -900.715 450.727
v 1081.49 -915.444 447.308
v 1085.87 -908.534 450.531
v 1147.82 -927.486 456.872
v 1151.14 -916.212 461.219
v 1159.9 -931.044 458.199
v 1163.22 -919.757 462.506
v 1180.01 -937.749 460.159
v 1176.69 -918.323 465.729
v 1190.41 -935.971 462.896
v 1187.1 -916.545 468.433
v 1202.72 -914.408 493.599
v 1200.83 -909.455 473.458
v 1202.72 -914.408 472.249
v 1191.98 -912.821 470.605
v 1197.19 -926.565 467.279
v 1210.24 -921.612 471.508
v 1206.91 -912.821 473.599
v 1271.71 -942.766 494.511
v 1275.59 -955.985 494.511
v 1283.47 -939.311 494.511
v 1269.89 -936.559 471.697
v 1271.71 -942.766 469.52
v 1261.87 -938.914 470.856
v 1268.27 -960.707 464.06
v 1276.29 -958.365 464.206
v 1275.59 -955.985 464.958
v 1296.79 -949.753 467.42
v 1290.99 -929.969 474.511
v 1281.54 -932.746 473.28
v 1283.47 -939.311 471.027
v 1195 -978.623 455.791
v 1191.08 -967.541 455.532
v 1206.24 -974.656 458.358
v 1202.33 -963.561 458.094
v 1184.88 -967.694 476.25
v 1162.16 -954.872 450.931
v 1181.28 -950.789 456.25
v 1169.81 -990.716 449.816
v 1192.56 -985.853 454.927
v 1188.52 -966.926 455.026
v 1184.88 -967.694 454.217
v 1039.93 -920.729 442.704
v 1069 -940.885 436.162
v 1033.69 -929.751 440.274
v 1062.75 -949.894 431.807
v 1048.62 -907.702 475.164
v 1051.73 -903.197 447.508
v 1048.62 -907.702 446.179
v 1033.97 -890.874 455.164
v 1025.13 -903.62 452.095
v 1077.7 -940.078 438.223
v 1083.43 -931.824 442.214
v 1031.83 -871.115 489.162
v 1027.97 -881.545 489.162
v 1032.92 -868.185 464.771
v 1031.83 -871.115 464.041
v 1021.98 -864.128 469.162
v 1010.12 -896.121 458.108
v 1021.06 -900.177 454.305
v 1027.97 -881.545 460.462
v 1032.16 -883.093 458.739
v 1036.03 -872.677 462.397
v 1005.01 -934.844 469.317
v 1026.18 -943.354 469.317
v 1016.66 -939.528 469.317
v 1010.86 -920.333 446.994
v 1005.01 -934.844 440.654
v 1002.84 -917.108 449.317
v 993.657 -939.95 439.142
v 1026.51 -953.17 431.022
v 1029.86 -944.839 434.021
v 1026.18 -943.354 435.088
v 1024.41 -924.453 443.166
v 1015.32 -925.311 444.25
v 1016.66 -939.528 437.847
v 971.883 -998.164 450.193
v 965.894 -1013.05 450.193
v 982.67 -1002.96 450.193
v 1007.83 -1019.46 450.193
v 1008.55 -1027.17 450.193
v 971.883 -998.164 429.68
v 973.553 -994.03 429.817
v 964.892 -995.348 430.193
v 958.903 -1010.23 429.724
v 965.894 -1013.05 429.211
v 960.384 -1026.75 428.826
v 1004.22 -1044.4 425.424
v 1010.79 -1028.07 426.011
v 1008.55 -1027.17 426.19
v 1011.12 -1020.78 426.421
v 1007.83 -1019.46 426.682
v 1010.04 -1013.97 426.863
v 982.67 -1002.96 428.909
v 984.496 -998.432 429.06
v 951.111 -969.524 453.106
v 948.35 -999.84 430.807
v 925.151 -990.268 432.38
v 960.818 -969.627 431.712
v 952.48 -966.197 432.264
v 951.111 -969.524 432.17
v 936.25 -963.394 433.106
v 917.871 -987.261 432.859
v 931.229 -954.91 435.363
v 938.51 -957.905 433.276
v 959.382 -961.385 432.184
v 965.839 -946.822 438.109
v 966.395 -964.495 431.713
v 972.852 -949.932 436.031
v 967.008 -942.51 440.406
v 968.633 -938.837 442.334
v 966.406 -943.866 439.694
v 975.612 -947.948 436.803
v 977.85 -942.919 439.291
v 977.305 -942.676 439.484
v 971.104 -933.27 445.256
v 979.776 -937.122 442.232
v 938.955 -942.036 466.053
v 939.5 -940.795 443.558
v 938.955 -942.036 442.817
v 933.411 -938.095 445.983
v 933.222 -938.018 446.053
v 929.159 -947.193 440.579
v 956.666 -959.376 432.396
v 960.184 -951.442 435.843
v 952.291 -947.948 438.091
v 943.385 -932.042 475.859
v 964.603 -941.448 475.859
v 956.722 -937.954 475.859
v 943.385 -932.042 448.78
v 956.722 -937.954 443.471
v 964.603 -941.448 441.09
v 941.382 -920.102 455.859
v -4442.52 -2653.3 692.915
v -4450.39 -2662.38 692.915
v -4452.44 -2657.3 692.915
v -4440.17 -2652.35 692.915
v -4452.67 -2648.14 692.915
v -4437.38 -2666.06 670.214
v -4442.52 -2653.3 670.382
v -4440.17 -2652.35 670.369
v -4438.09 -2657.52 670.301
v -4433.03 -2655.49 670.274
v -4438.32 -2642.36 670.478
v -4452.67 -2648.14 671.385
v -4455.11 -2642.12 671.768
v -4463.93 -2645.67 672.915
v -4458.28 -2659.66 672.031
v -4452.44 -2657.3 671.269
v -4450.39 -2662.38 670.946
v -4454.21 -2663.92 671.444
v -4451.11 -2671.6 670.955
v -4417.76 -2719.82 665.078
v -4430.74 -2725.07 665.555
v -4434.77 -2677.66 670.035
v -4447.75 -2682.91 669.991
v -4409.26 -2747.84 683.663
v -4399.28 -2806.89 651.672
v -4427.42 -2737.15 663.663
v -4387.37 -2802.08 649.974
v -4409.26 -2747.84 660.585
v -4396.86 -2742.84 659.866
v -4403.11 -2727.33 662.643
v -4458.89 -2765.5 686.35
v -4449.9 -2761.87 686.35
v -4464.4 -2751.85 665.583
v -4458.89 -2765.5 664.018
v -4482.44 -2759.12 666.35
v -4473.22 -2781.96 663.263
v -4430.14 -2764.57 661.074
v -4439.07 -2742.43 664.328
v -4455.13 -2748.91 665.131
v -4449.9 -2761.87 663.695
v -4439.64 -2847.79 679.564
v -4437.68 -2852.57 679.564
v -4425.46 -2841.99 654.996
v -4439.64 -2847.79 657.961
v -4431.68 -2826.83 657.01
v -4452.64 -2835.41 659.564
v -4438.52 -2869.84 656.966
v -4416.84 -2860.97 651.89
v -4422.77 -2846.47 653.993
v -4437.68 -2852.57 657.253
v -4434.93 -2801.79 681.02
v -4443.9 -2805.46 681.02
v -4429.34 -2815.41 657.134
v -4434.93 -2801.79 658.763
v -4411.35 -2808.04 653.974
v -4420.69 -2785.26 657.558
v -4463.68 -2802.88 661.02
v -4454.63 -2824.96 659.936
v -4438.6 -2818.4 658.825
v -4443.9 -2805.46 660.223
v -4470.57 -2602.98 696.758
v -4475.16 -2590.24 696.758
v -4478.9 -2591.59 696.758
v -4474.31 -2604.32 696.758
v -4465.08 -2607.19 673.428
v -4468.6 -2608.45 673.885
v -4461.62 -2605.93 672.977
v -4469.93 -2582.86 674.296
v -4476.91 -2585.38 675.201
v -4475.16 -2590.24 674.922
v -4478.9 -2591.59 675.407
v -4480.67 -2586.66 675.69
v -4488.92 -2589.64 676.758
v -4480.8 -2612.18 675.477
v -4472.55 -2609.19 674.406
v -4474.31 -2604.32 674.683
v -4470.57 -2602.98 674.197
v -4448.7 -2623.09 693.428
v -4445.88 -2622.07 693.428
v -4453.16 -2610.67 693.428
v -4450.36 -2609.66 693.428
v -4456.22 -2631.78 672.015
v -4446.78 -2628.39 670.784
v -4448.7 -2623.09 671.09
v -4445.88 -2622.07 670.723
v -4444.16 -2626.88 670.654
v -4435.29 -2623.69 670.64
v -4443.97 -2599.61 670.919
v -4452.83 -2602.8 671.833
v -4450.36 -2609.66 671.438
v -4453.16 -2610.67 671.803
v -4455.64 -2603.78 672.2
v -4515.03 -2634.06 702.48
v -4503.56 -2629.92 702.48
v -4519.41 -2621.91 680.542
v -4515.03 -2634.06 679.857
v -4534.25 -2627.26 682.48
v -4525.79 -2650.77 681.151
v -4483.7 -2635.62 675.652
v -4492.33 -2611.61 677.019
v -4508.11 -2617.29 679.074
v -4503.56 -2629.92 678.359
v -4621.34 -2885.7 667.293
v -4613.29 -2905.69 667.293
v -4613.36 -2885.62 667.293
v -4613.15 -2905.69 667.293
v -4621.34 -2885.7 667.293
v -4621.12 -2905.69 667.293
v -4613.29 -2905.69 667.293
v -4613.36 -2885.62 647.293
v -4613.15 -2905.69 666.956
v -4613.36 -2885.62 647.293
v -4613.15 -2905.69 666.956
v -4613.15 -2905.69 642.413
v -4621.34 -2885.7 646.832
v -4613.36 -2885.62 667.293
v -4621.12 -2905.69 642.282
v -4621.34 -2885.7 646.832
v -4621.12 -2905.69 642.282
v -4621.12 -2905.69 641.861
v -4572.41 -2890.29 669.953
v -4572.46 -2885.76 669.953
v -4572.24 -2905.69 669.953
v -4572.46 -2885.76 669.953
v -4584.8 -2890.42 669.953
v -4584.8 -2890.42 669.953
v -4601.39 -2890.59 669.953
v -4600.58 -2905.69 669.953
v -4601.24 -2905.69 669.953
v -4600.58 -2905.69 669.953
v -4572.51 -2905.69 669.953
v -4572.51 -2905.69 669.953
v -4572.41 -2890.29 649.077
v -4572.24 -2905.69 669.514
v -4572.41 -2890.29 649.077
v -4572.24 -2905.69 669.514
v -4572.24 -2905.69 646.132
v -4572.46 -2885.76 649.953
v -4572.41 -2890.29 669.953
v -4584.85 -2885.89 648.863
v -4584.8 -2890.42 647.989
v -4601.39 -2890.59 646.725
v -4601.39 -2890.59 669.953
v -4601.24 -2905.69 644.454
v -4601.24 -2905.69 669.953
v -4601.39 -2890.59 646.725
v -4601.24 -2905.69 644.454
v -4601.24 -2905.69 643.513
v -4525.35 -2904.15 674.933
v -4525.33 -2905.69 674.933
v -4488.15 -2905.69 674.933
v -4488.17 -2903.75 674.933
v -4525.35 -2904.15 674.933
v -4488.17 -2903.75 674.933
v -4526.61 -2904.16 650.398
v -4526.72 -2892.66 651.961
v -4525.35 -2904.15 650.516
v -4525.33 -2905.69 650.104
v -4525.35 -2904.15 650.516
v -4488.15 -2905.69 657.245
v -4488.17 -2903.75 653.977
v -4488.17 -2903.75 653.977
v -4488.15 -2905.69 657.245
v -4488.15 -2905.69 653.52
v -4488.28 -2892.25 654.933
v -4528.72 -2904.69 671.961
v -4561.26 -2905.03 671.961
v -4561.26 -2905.69 671.961
v -4528.71 -2905.69 671.961
v -4528.72 -2904.69 671.961
v -4561.26 -2905.03 671.961
v -4526.6 -2904.66 650.357
v -4528.72 -2904.69 650.178
v -4562.47 -2893.03 649.102
v -4562.33 -2905.04 647.122
v -4561.26 -2905.03 647.223
v -4561.26 -2905.69 647.016
v -4561.26 -2905.03 647.223
v -4528.71 -2905.69 649.903
v -4473.27 -2667.31 699.723
v -4510.15 -2681.64 699.723
v -4495.5 -2675.95 699.723
v -4486.78 -2672.56 699.723
v -4469.98 -2666.03 673.542
v -4473.27 -2667.31 673.971
v -4473.5 -2656.97 674.094
v -4516.57 -2673.72 679.723
v -4513.05 -2682.77 678.511
v -4510.15 -2681.64 678.279
v -4505.47 -2693.66 676.104
v -4490.82 -2687.96 675.059
v -4495.5 -2675.95 676.873
v -4486.78 -2672.56 675.734
v -4481.2 -2686.89 673.928
v -4467.7 -2681.64 672.695
v -4586.99 -2641.58 711.564
v -4561.41 -2632.37 686.07
v -4586.99 -2641.58 689.419
v -4566.97 -2616.91 686.935
v -4592.56 -2626.14 690.28
v -4603.1 -2643.06 691.564
v -4599.7 -2652.47 691.038
v -4584.99 -2647.16 689.107
v -4605.42 -2871.47 677.341
v -4611.7 -2854.49 677.341
v -4618.92 -2857.15 677.341
v -4612.64 -2874.14 677.341
v -4605.42 -2871.47 650.882
v -4612.64 -2874.14 650.006
v -4603.78 -2875.92 650.11
v -4593.79 -2872.24 651.384
v -4604.18 -2844.13 657.341
v -4604.32 -2844.18 657.328
v -4614.17 -2847.82 656.431
v -4611.7 -2854.49 654.923
v -4618.92 -2857.15 654.058
v -4622.19 -2848.34 655.929
v -4633.6 -2852.56 653.896
v -4622.76 -2881.91 647.698
v -4611.32 -2877.69 649.344
v -4629.85 -2827.67 684.459
v -4624.01 -2843.45 684.459
v -4616.78 -2840.77 684.459
v -4622.61 -2825 684.459
v -4640.89 -2823.18 660.078
v -4632.64 -2820.14 661.702
v -4644.03 -2824.35 659.469
v -4624.01 -2843.45 656.977
v -4616.78 -2840.77 658.209
v -4615.05 -2815.18 664.459
v -4624.89 -2818.82 662.899
v -4622.61 -2825 661.707
v -4629.85 -2827.67 660.325
v -4634.11 -2816.14 690.327
v -4627.23 -2813.6 690.327
v -4632.84 -2798.42 690.327
v -4639.72 -2800.97 690.327
v -4651.27 -2795.11 665.289
v -4634.11 -2816.14 662.532
v -4627.23 -2813.6 663.938
v -4625.25 -2818.95 662.827
v -4625.41 -2787.18 670.327
v -4635.6 -2790.95 668.232
v -4632.84 -2798.42 666.975
v -4639.72 -2800.97 665.511
v -4643.02 -2792.05 667.039
v -4632.93 -2762.39 701.894
v -4625.51 -2759.37 701.894
v -4631.29 -2745.16 701.894
v -4638.72 -2748.18 701.894
v -4641.12 -2771.94 671.663
v -4651.14 -2747.34 676.428
v -4630.76 -2767.73 673.742
v -4632.93 -2762.39 674.777
v -4625.51 -2759.37 676.129
v -4623.18 -2765.12 675.147
v -4611.59 -2760.4 676.143
v -4622.86 -2732.73 681.894
v -4625.54 -2733.83 681.487
v -4634.43 -2737.45 680.032
v -4631.29 -2745.16 678.398
v -4638.72 -2748.18 677.088
v -4640.77 -2743.12 678.193
v -4611.51 -2708.7 708.7
v -4625.83 -2714.54 708.7
v -4622.81 -2721.95 708.7
v -4608.5 -2716.11 708.7
v -4611.51 -2708.7 686.356
v -4608.5 -2716.11 684.526
v -4608.91 -2707.64 686.271
v -4608.95 -2707.53 686.3
v -4613.06 -2697.43 688.7
v -4633.73 -2705.85 687.02
v -4629.57 -2716.06 684.77
v -4625.83 -2714.54 685.336
v -4622.81 -2721.95 684.061
v -4629.31 -2724.58 683.079
v -4597.61 -2722.46 682.032
v -4601.37 -2713.22 684.291
v -4593.27 -2680.23 712.629
v -4609.59 -2686.87 712.629
v -4606.4 -2694.72 712.629
v -4590.07 -2688.08 712.629
v -4593.27 -2680.23 689.491
v -4590.07 -2688.08 687.492
v -4587.31 -2677.82 689.177
v -4590.94 -2668.9 689.742
v -4619.69 -2680.6 692.629
v -4616.07 -2689.51 690.692
v -4609.59 -2686.87 690.351
v -4606.4 -2694.72 688.35
v -4580.2 -2695.82 685.043
v -4584.31 -2685.72 687.235
v -4566.92 -2652.66 709.406
v -4575.03 -2655.96 709.406
v -4560.5 -2668.45 709.406
v -4568.61 -2671.75 709.406
v -4560.29 -2642.92 685.837
v -4549.23 -2670.09 684.136
v -4569.38 -2646.62 687.023
v -4566.92 -2652.66 686.645
v -4575.03 -2655.96 687.706
v -4578.07 -2648.5 688.171
v -4587.5 -2652.34 689.406
v -4575.72 -2681.27 687.013
v -4566.29 -2677.43 686.367
v -4568.61 -2671.75 686.724
v -4560.5 -2668.45 685.663
v -4558.32 -2673.78 685.327
v -4556.62 -2728.19 702.355
v -4562.9 -2712.76 702.355
v -4569.3 -2715.37 702.355
v -4563.02 -2730.8 702.355
v -4542.32 -2731.98 675.098
v -4553.26 -2736.44 675.462
v -4554.68 -2701.6 680.995
v -4556.21 -2702.22 681.083
v -4565.63 -2706.05 681.619
v -4562.9 -2712.76 680.175
v -4569.3 -2715.37 680.461
v -4572.29 -2708.01 682.059
v -4582.18 -2712.03 682.355
v -4569.55 -2743.07 675.868
v -4559.66 -2739.04 675.622
v -4563.02 -2730.8 677.217
v -4556.62 -2728.19 676.98
v -4555.53 -2681.03 707.013
v -4563.51 -2684.28 707.013
v -4549.86 -2694.94 707.013
v -4557.85 -2698.19 707.013
v -4558.46 -2673.84 685.344
v -4555.53 -2681.03 684.362
v -4563.51 -2684.28 684.88
v -4557.85 -2698.19 681.837
v -4549.86 -2694.94 681.381
v -4546.87 -2702.32 680
v -4537.64 -2698.56 679.475
v -4533.78 -2778.8 692.052
v -4539.87 -2763.84 692.052
v -4547.97 -2767.13 692.052
v -4541.87 -2782.1 692.052
v -4533.78 -2778.8 667.626
v -4541.87 -2782.1 667.602
v -4531.55 -2784.26 666.733
v -4522.56 -2780.59 666.58
v -4534.79 -2750.56 671.714
v -4543.79 -2754.22 671.868
v -4539.87 -2763.84 670.221
v -4547.97 -2767.13 670.263
v -4551.62 -2758.14 671.899
v -4560.61 -2761.8 672.052
v -4548.03 -2792.7 666.431
v -4539.04 -2789.04 666.471
v -4513.18 -2782.38 686.736
v -4507.36 -2796.68 686.736
v -4514.78 -2799.7 686.736
v -4520.6 -2785.4 686.736
v -4515.59 -2776.47 666.641
v -4506.34 -2772.69 666.484
v -4513.18 -2782.38 665.701
v -4520.6 -2785.4 665.77
v -4531.7 -2784.31 666.736
v -4521.4 -2809.59 662.651
v -4512.26 -2805.87 662.671
v -4514.78 -2799.7 663.664
v -4507.36 -2796.68 663.68
v -4504.68 -2803.27 662.633
v -4495.43 -2799.5 662.785
v -4492.23 -2824.67 681.372
v -4507 -2830.68 681.372
v -4503.15 -2840.1 681.372
v -4488.39 -2834.1 681.372
v -4492.23 -2824.67 660.495
v -4488.39 -2834.1 659.766
v -4484.59 -2821.56 660.748
v -4487.58 -2814.21 661.372
v -4514.89 -2825.28 660.739
v -4511.88 -2832.68 659.659
v -4507 -2830.68 659.85
v -4503.15 -2840.1 658.994
v -4508.5 -2842.27 658.71
v -4504.9 -2851.09 657.967
v -4480.81 -2841.29 659.031
v -4484.41 -2832.47 659.832
v -1187.48 204.507 492.945
v -1181.84 208.411 492.945
v -1177.77 220.607 492.945
v -1190.13 190.238 492.945
v -1184.8 193.923 492.945
v -1173.05 195.971 492.945
v -1175.46 222.207 492.945
v -1170.18 200.527 492.945
v -1171.06 215.859 492.945
v -1175.51 208.245 492.945
v -1173.38 214.26 492.945
v -1187.48 204.507 468.904
v -1181.84 208.411 468.688
v -1194.87 215.194 467.254
v -1211.64 203.624 467.904
v -1193.01 176.684 471.797
v -1184.72 182.418 471.51
v -1190.13 190.238 470.379
v -1184.8 193.923 470.174
v -1181.96 189.815 470.735
v -1173.05 195.971 470.892
v -1168.08 188.766 472.228
v -1156.38 196.854 472.945
v -1162.56 205.787 471.247
v -1170.18 200.527 470.783
v -1175.51 208.245 469.2
v -1171.26 211.188 469.458
v -1173.38 214.26 468.829
v -1171.06 215.859 468.97
v -1166.59 209.371 470.299
v -1155.76 216.858 470.957
v -1168.23 234.903 467.398
v -1179.05 227.416 466.682
v -1175.46 222.207 467.705
v -1177.77 220.607 467.531
v -1180.32 224.306 466.959
v -1188.78 218.457 467.166
v -1154.6 166.459 498.304
v -1161.29 182.2 498.304
v -1178.19 179.769 498.304
v -1186 166.523 474.035
v -1154.94 163.246 477.588
v -1154.6 166.459 477.212
v -1143.9 166.075 478.304
v -1143.48 177.926 476.833
v -1143.27 183.8 476.081
v -1161.21 184.44 473.774
v -1161.29 182.2 474.135
v -1178.09 182.802 471.975
v -1178.19 179.769 472.469
v -1181.54 184.606 471.402
v -1130.69 177.465 501.264
v -1130.31 188.024 476.949
v -1130.69 177.465 478.25
v -1143.1 188.484 475.327
v -1116.8 165.115 481.264
v -1116.66 169.287 480.903
v -1116.38 176.953 480.07
v -1045.4 187.486 510.969
v -1045.77 177.312 510.969
v -1026.28 197.878 510.969
v -1027.04 176.646 510.969
v -1026.79 183.506 510.969
v -1047.41 201.257 486.488
v -1047.9 187.576 487.034
v -1045.4 187.486 487.344
v -1045.77 177.312 487.832
v -1061.49 177.875 486.186
v -1061.97 164.385 486.846
v -1021.63 162.939 490.969
v -1021.15 176.428 490.817
v -1027.04 176.646 490.165
v -1026.79 183.506 489.835
v -1019.39 183.25 490.757
v -1018.88 197.609 490.323
v -1026.28 197.878 489.408
v -1026.18 200.489 489.358
v -1081.97 177.171 505.689
v -1074.48 176.902 505.689
v -1074.36 180.306 505.689
v -1081.85 180.575 505.689
v -1081.97 177.171 483.831
v -1081.85 180.575 483.539
v -1093.26 177.58 482.439
v -1093.58 168.468 483.228
v -1072.57 167.713 485.638
v -1072.23 176.825 485.057
v -1074.48 176.902 484.774
v -1074.36 180.306 484.482
v -1064.77 179.961 485.689
v -1064.26 194.243 484.716
v -1090.74 195.19 481.303
v -1091.26 180.908 482.356
v -1111.19 182.687 503.228
v -1101.49 182.341 503.228
v -1101.6 179.436 503.228
v -1111.29 179.782 503.228
v -1119.42 182.981 478.928
v -1118.96 195.638 477.792
v -1111.19 182.687 479.974
v -1111.29 179.782 480.333
v -1116.28 179.961 479.698
v -1093.2 179.142 482.304
v -1101.6 179.436 481.459
v -1101.49 182.341 481.208
v -1094.34 182.085 481.928
v -1093.88 194.743 480.928
v -1145.39 -240.59 500.597
v -1142.11 -227.895 500.085
v -1138.61 -242.343 500.649
v -1135.33 -229.648 500.121
v -1153.11 -218.309 499.658
v -1153.29 -206.1 499.086
v -1133.85 -218.015 499.672
v -1134.04 -205.806 499.205
v -1301.33 -84.2016 506.902
v -1315.28 -75.7295 506.902
v -1322.1 -85.8526 506.902
v -1306.25 -86.2877 506.902
v -1299.46 -88.6041 485.51
v -1301.33 -84.2016 484.599
v -1288.29 -83.8817 486.902
v -1295.32 -67.2829 483.63
v -1315.28 -75.7295 481.408
v -1316.06 -73.9122 480.959
v -1325.47 -77.9051 480.097
v -1322.1 -85.8526 481.857
v -1326.36 -87.6571 481.547
v -1321.51 -99.1111 483.75
v -1303.97 -91.6884 485.102
v -1306.25 -86.2877 483.986
v -1306.9 -118.257 510.928
v -1311.97 -106.175 486.064
v -1306.9 -118.257 488.037
v -1320.67 -109.823 485.877
v -1310.48 -134.113 490.005
v -1279.41 -121.072 490.928
v -1284.53 -108.876 489.676
v -1308.71 -101.53 485.705
v -1282.16 -88.4889 488.057
v -1303.62 -111.883 487.625
v -1277.08 -98.8423 489.319
v -1205.95 -327.23 507.614
v -1209.29 -305.231 504.231
v -1171.34 -321.957 509.372
v -1174.68 -299.958 506.404
v -935.699 -90.191 488.825
v -928.763 -81.2965 485.856
v -915.394 -106.009 489.769
v -908.459 -97.1274 486.707
v -969.228 -74.181 519.035
v -961.681 -79.9784 519.035
v -976.286 -68.7675 519.035
v -988.887 -66.8222 519.035
v -956.549 -83.9201 519.035
v -997.047 -60.5641 519.035
v -996.702 -49.7499 519.035
v -982.542 -49.7755 519.035
v -969.428 -59.8346 519.035
v -965.955 -62.5093 519.035
v -973.336 -79.5304 493.36
v -969.228 -74.181 492.158
v -965.788 -85.3279 493.069
v -961.681 -79.9784 491.764
v -956.549 -83.9201 491.198
v -960.712 -89.3592 492.717
v -947.799 -99.2647 492.388
v -933.094 -80.1063 486.157
v -962.271 -57.7101 489.092
v -965.955 -62.5093 490.495
v -969.428 -59.8346 490.877
v -967.158 -56.8783 490.049
v -980.271 -46.8064 492.069
v -982.542 -49.7755 492.741
v -993.551 -41.3289 495.654
v -998.783 -48.1502 497.203
v -996.702 -49.7499 496.652
v -1004.75 -60.2441 499.035
v -999.752 -64.0835 497.713
v -997.047 -60.5641 496.912
v -988.887 -66.8222 495.715
v -992.661 -71.7366 496.834
v -983.789 -78.545 495.123
v -976.286 -68.7675 493.376
v -973.792 -145.388 499.971
v -962.059 -127.279 497.797
v -960.267 -154.154 501.061
v -948.534 -136.033 498.043
v -982.063 -120.112 498.142
v -970.274 -101.901 495.281
v -965.655 -130.734 498.258
v -953.866 -112.523 494.822
v -1007.44 -161.615 500.767
v -994.008 -143.993 499.943
v -988.943 -175.718 500.846
v -975.518 -158.109 501.146
v -1025.59 -155.012 500.301
v -1025.66 -151.16 500.24
v -1009.01 -154.717 500.764
v -1009.08 -150.865 500.703
v -1013.18 -122.646 520.425
v -1003 -136.506 520.425
v -999.841 -132.142 520.425
v -999.808 -106.687 520.425
v -1008.92 -93.7872 520.425
v -1017.15 -122.953 500.268
v -1013.18 -122.646 500.297
v -1015.69 -141.868 500.38
v -1002.67 -140.857 500.425
v -1003 -136.506 500.379
v -999.529 -136.237 500.163
v -999.841 -132.142 500.119
v -997.859 -131.989 499.996
v -999.808 -106.687 499.279
v -995.8 -106.38 498.742
v -997.292 -86.9404 498.013
v -1009.38 -87.8618 499.865
v -1008.92 -93.7872 499.95
v -1015.36 -94.2863 500.029
v -1117.1 -163.612 498.045
v -1117.34 -157.686 497.807
v -1113.28 -163.458 498.147
v -1113.52 -157.533 497.909
v -1109.64 -165.276 498.321
v -1109.99 -157.686 498.014
v -1105.03 -165.058 498.424
v -1105.38 -157.469 498.136
v -1043.48 -131.733 520.215
v -1043.44 -127.945 520.215
v -1057.23 -127.829 520.215
v -1053.71 -127.855 520.215
v -1048.33 -136.788 520.215
v -1041.47 -146.693 520.215
v -1043.96 -142.201 520.215
v -1043.48 -131.733 500.027
v -1028.71 -131.861 500.152
v -1043.44 -127.945 500.081
v -1027.59 -128.085 500.215
v -1027.53 -120.125 500.136
v -1068.88 -119.767 499.979
v -1068.98 -132.59 499.621
v -1057.26 -132.692 499.734
v -1057.23 -127.829 499.931
v -1053.71 -127.855 499.96
v -1053.79 -136.749 499.775
v -1048.33 -136.788 499.913
v -1048.38 -142.163 499.836
v -1043.96 -142.201 499.873
v -1043.99 -146.668 499.81
v -1041.47 -146.693 499.831
v -1041.51 -150.699 499.785
v -1028.87 -150.801 500.144
v -1020.84 -70.2648 521.18
v -1050.1 -72.6324 521.18
v -1019.96 -70.2008 499.96
v -1020.84 -70.2648 499.986
v -1021.24 -54.2419 499.782
v -1053.47 -56.8527 501.18
v -1052.18 -72.7988 500.853
v -1050.1 -72.6324 500.832
v -1049.44 -80.7846 500.708
v -1020.18 -78.417 499.85
v -1063.44 -74.9744 522.816
v -1057.74 -64.173 522.816
v -1072.28 -62.9956 522.816
v -1063.44 -74.9744 501.062
v -1053.47 -74.4241 500.844
v -1054.06 -63.9683 501.097
v -1057.74 -64.173 501.207
v -1058.24 -55.2146 501.35
v -1072.67 -56.0208 501.793
v -1072.28 -62.9956 501.67
v -1106.2 -64.9153 502.816
v -1105.06 -85.2127 501.639
v -1062.99 -82.8451 500.829
v -1120.07 -70.2392 523.242
v -1126.22 -75.2176 523.242
v -1133.46 -79.0057 523.242
v -1126.22 -70.2392 503.172
v -1120.07 -70.2392 502.983
v -1126.22 -75.2176 502.808
v -1133.46 -75.2176 503.03
v -1133.46 -79.0057 502.753
v -1141.39 -79.0057 502.873
v -1141.39 -92.2771 501.901
v -1133.46 -92.2771 501.781
v -1110.23 -74.5137 502.368
v -1110.23 -64.9153 502.94
v -1120.07 -64.9153 503.242
v -1139.32 -114.596 500.161
v -1139.15 -100.225 501.229
v -1105.37 -115.032 500.077
v -1105.18 -100.66 500.886
v -1125.49 -143.046 519.515
v -1138.76 -140.781 519.515
v -1106.97 -131.784 519.515
v -1113.24 -136.161 519.515
v -1125.52 -145.49 498.018
v -1125.49 -143.046 498.197
v -1113.36 -145.644 498.252
v -1113.24 -136.161 498.806
v -1107.03 -136.237 498.854
v -1106.97 -131.784 499.18
v -1100.8 -131.861 499.228
v -1100.75 -127.945 499.515
v -1147.08 -127.356 499.14
v -1147.25 -140.665 497.945
v -1138.76 -140.781 498.177
v -1138.79 -142.879 498.022
v -1165.48 -166.594 496.982
v -1165.45 -155.562 496.369
v -1134.76 -166.696 497.667
v -1134.72 -155.664 497.237
v -1168.21 -201.544 498.74
v -1168.17 -190.27 498.114
v -1133.26 -201.659 499.056
v -1133.21 -190.397 498.617
v -1218.33 -189.847 517.035
v -1202.6 -191.652 517.035
v -1213.54 -178.201 517.035
v -1217.95 -183.858 517.035
v -1227.28 -200.124 495.757
v -1226 -188.977 495.541
v -1203.6 -202.837 497.035
v -1202.32 -191.69 496.742
v -1202.6 -191.652 496.728
v -1201.81 -178.931 496.277
v -1213.54 -178.201 495.747
v -1213.27 -173.85 495.637
v -1225.41 -173.095 495.238
v -1226.04 -183.359 495.484
v -1217.95 -183.858 495.846
v -1218.33 -189.847 495.994
v -1190.56 -189.719 518.51
v -1179.66 -190.397 518.51
v -1199.47 -174.963 518.51
v -1190.13 -182.732 518.51
v -1197.02 -198.831 497.227
v -1196.43 -189.361 496.936
v -1176.88 -200.085 498.51
v -1176.29 -190.602 497.992
v -1179.66 -190.397 497.851
v -1178.24 -167.49 496.669
v -1202.23 -166.005 495.697
v -1202.78 -174.759 496.002
v -1199.47 -174.963 496.158
v -1199.92 -182.117 496.537
v -1190.13 -182.732 496.998
v -1190.56 -189.719 497.202
v -1242.09 -186.993 515.183
v -1253.45 -188.798 515.183
v -1242.45 -190.052 515.183
v -1233.11 -188.017 495.183
v -1242.09 -186.993 494.794
v -1232.05 -178.867 495.102
v -1252.05 -176.576 494.168
v -1253.45 -188.798 494.294
v -1262.11 -187.8 493.918
v -1263.2 -197.385 493.848
v -1237.37 -200.341 495.127
v -1236.27 -190.769 495.039
v -1242.45 -190.052 494.771
v -1216.62 -129.57 519.101
v -1232.6 -137.415 519.101
v -1192.88 -132.04 519.101
v -1182.95 -133.076 519.101
v -1232.77 -139.027 519.101
v -1213.93 -139.347 519.101
v -1205.26 -140.256 519.101
v -1192.71 -150.801 519.101
v -1183.92 -142.483 519.101
v -1216.62 -129.57 495.935
v -1215.46 -118.346 496.596
v -1235.59 -127.586 494.61
v -1236.57 -136.993 495.033
v -1232.6 -137.415 495.121
v -1232.77 -139.027 495.076
v -1240.21 -138.26 494.823
v -1241.15 -147.192 494.669
v -1215.02 -149.918 495.551
v -1213.93 -139.347 495.897
v -1205.26 -140.256 496.535
v -1206.2 -149.394 495.927
v -1192.71 -150.801 496.111
v -1193.17 -155.204 495.648
v -1185.32 -156.023 495.842
v -1183.92 -142.483 497.179
v -1168.32 -144.108 497.238
v -1166.43 -125.897 499.101
v -1182.04 -124.272 498.89
v -1182.95 -133.076 498.168
v -1192.88 -132.04 497.683
v -1191.71 -120.816 498.508
v -1289.68 -160.476 514.213
v -1280.04 -160.732 514.213
v -1269.96 -154.986 514.213
v -1278.86 -144.902 514.213
v -1288.34 -149.867 514.213
v -1261.6 -148.114 514.213
v -1269.71 -139.68 514.213
v -1263.17 -131.144 514.213
v -1289.75 -163.023 493.043
v -1289.68 -160.476 493.125
v -1280.1 -163.266 493.271
v -1280.04 -160.732 493.351
v -1270.11 -160.988 493.632
v -1269.96 -154.986 493.747
v -1261.79 -155.204 493.968
v -1261.6 -148.114 493.715
v -1257.87 -148.216 494.004
v -1249.56 -140.205 494.213
v -1249.14 -123.926 493.599
v -1262.97 -123.568 492.37
v -1263.17 -131.144 492.698
v -1269.49 -130.978 492.488
v -1269.71 -139.68 492.943
v -1278.73 -139.437 492.711
v -1278.86 -144.902 492.996
v -1288.2 -144.658 492.756
v -1288.34 -149.867 493.029
v -1297.21 -149.637 492.801
v -1297.49 -160.284 492.941
v -1282.6 -180.684 514.01
v -1297.94 -163.535 492.828
v -1282.6 -180.684 493.04
v -1303.63 -168.629 492.53
v -1278.11 -197.142 492.927
v -1257.62 -178.803 494.01
v -1267.81 -167.438 493.717
v -1251.18 -77.3932 516.497
v -1247.13 -83.9585 516.497
v -1246.08 -86.4925 516.497
v -1252.93 -73.2211 516.497
v -1260.19 -81.143 490.682
v -1251.18 -77.3932 492.106
v -1257.26 -88.1818 491.583
v -1247.13 -83.9585 493.182
v -1246.08 -86.4925 493.467
v -1249.74 -88.0154 492.926
v -1244.76 -99.9941 493.455
v -1221.67 -90.3702 496.497
v -1234.96 -58.4524 494.87
v -1267.21 -71.8901 489.093
v -1264.63 -78.0971 489.752
v -1252.93 -73.2211 491.571
v -1213.79 -77.9307 498.194
v -1211.53 -51.4392 499.755
v -1180.65 -80.7718 503.33
v -1178.39 -54.2803 506.324
v -1168.98 -85.9294 502.849
v -1164.63 -85.2895 502.781
v -1179.14 -87.4011 502.842
v -1177.04 -101.901 501.477
v -1162.52 -99.7894 501.533
v -1159.53 -70.8535 504.107
v -1154.43 -70.1112 504.026
v -1170.93 -72.5172 504.286
v -1152.48 -83.5234 502.665
v -1161.67 -56.2128 505.353
v -1144.16 -68.6139 503.842
v -1146.28 -53.9732 504.98
v -1128.29 -9.57737 525.525
v -1142.99 -20.9419 525.525
v -1138.33 -20.8907 525.525
v -1123.67 -48.8796 525.525
v -1125.9 -42.9542 525.525
v -1138.09 -43.0822 525.525
v -1119.93 -2.67931 500.505
v -1128.37 -2.76889 500.656
v -1128.29 -9.57737 501.47
v -1146.73 -9.78214 502.024
v -1146.6 -20.9803 503.664
v -1142.99 -20.9419 503.476
v -1142.56 -58.3628 504.544
v -1123.57 -58.1453 503.75
v -1123.67 -48.8796 504.433
v -1105.36 -48.6749 503.526
v -1105.53 -34.1237 503.457
v -1125.99 -34.3541 504.504
v -1125.9 -42.9542 504.979
v -1138.09 -43.0822 505.525
v -1138.33 -20.8907 503.235
v -1119.73 -20.6731 502.549
v -1140.38 43.6236 519.316
v -1152.25 43.7259 519.316
v -1143.57 34.1275 519.316
v -1140.4 40.3345 519.316
v -1133.87 30.2881 519.316
v -1133.91 26.2568 519.316
v -1143.63 26.7047 519.316
v -1143.75 11.9999 519.316
v -1124.85 43.4956 494.865
v -1140.38 43.6236 494.831
v -1124.79 51.4175 494.017
v -1158.65 51.7119 493.673
v -1158.72 43.7771 494.731
v -1152.25 43.7259 494.766
v -1152.33 34.2043 496.245
v -1143.57 34.1275 496.142
v -1143.63 26.7047 497.094
v -1153.9 26.7943 497.227
v -1154.02 12.0895 499.237
v -1143.75 11.9999 499.106
v -1143.77 10.6049 499.316
v -1126.71 10.4513 498.939
v -1126.58 26.1928 497.075
v -1133.91 26.2568 497.037
v -1133.87 30.2881 496.52
v -1127.41 30.2369 496.554
v -1127.32 40.2321 495.273
v -1140.4 40.3345 495.303
v -1187.66 18.4884 518.562
v -1186.21 26.8327 518.562
v -1194.27 18.8084 518.562
v -1207.18 19.4227 518.562
v -1194.88 18.834 518.562
v -1161.73 17.2342 498.562
v -1187.66 18.4884 496.489
v -1160.72 38.3508 495.566
v -1185.59 39.5538 493.668
v -1186.21 26.8327 495.509
v -1193.87 27.2038 493.779
v -1194.27 18.8084 494.995
v -1194.88 18.834 494.858
v -1194.55 25.796 493.849
v -1206.85 26.3847 491.074
v -1207.18 19.4227 492.08
v -1214.93 19.8066 490.329
v -1215.63 5.26819 492.32
v -1188.36 3.95 498.526
v -1272.09 52.0446 501.832
v -1263.43 45.1593 501.832
v -1261.81 40.7568 501.832
v -1293.17 34.2171 471.442
v -1299.3 50.9056 468.003
v -1263.43 45.1593 476.367
v -1261.81 40.7568 477.307
v -1270.35 37.6085 475.883
v -1267.98 31.184 477.27
v -1239.96 41.4991 481.832
v -1247.2 61.2079 477.519
v -1272.09 52.0446 473.603
v -1274.97 59.8642 471.937
v -1293.72 17.6054 499.094
v -1296.03 24.0683 499.094
v -1302.3 14.5467 472.005
v -1293.72 17.6054 473.484
v -1299.81 7.6102 473.416
v -1266.97 19.3203 479.094
v -1274.38 40.0785 474.686
v -1302 30.2241 470.074
v -1299.37 22.8781 471.55
v -1296.03 24.0683 472.108
v -1266.13 -18.3951 507.831
v -1268.73 -11.8042 507.831
v -1276.47 -22.4776 482.508
v -1266.13 -18.3951 484.353
v -1274.56 -27.3024 483.604
v -1250.34 -17.7424 487.831
v -1257.21 -0.375687 483.89
v -1281.39 -9.93571 479.787
v -1279.04 -15.8867 481.082
v -1268.73 -11.8042 482.889
v -1269.16 -40.689 511.69
v -1270.87 -35.8386 511.69
v -1276.76 -43.3766 485.255
v -1269.16 -40.689 486.666
v -1274.81 -48.8924 486.346
v -1246.32 -38.8461 491.69
v -1252.58 -21.1339 487.786
v -1280.5 -30.9882 482.725
v -1277.91 -38.3214 484.318
v -1270.87 -35.8386 485.613
v -1228.69 -34.1749 517.64
v -1227.34 -25.5491 517.64
v -1234.81 -33.2278 493.542
v -1228.69 -34.1749 495.098
v -1236.16 -41.828 494.374
v -1221.54 -44.106 497.64
v -1217.79 -20.0844 495.554
v -1232.13 -17.8448 491.944
v -1233.19 -24.6277 492.669
v -1227.34 -25.5491 494.157
v -1179.38 -17.1921 526.787
v -1168.22 -16.6802 526.787
v -1168.06 -20.3276 526.787
v -1179.21 -20.8395 526.787
v -1189.25 -17.6528 501.625
v -1190.03 -0.823614 498.892
v -1179.38 -17.1921 503.824
v -1179.21 -20.8395 504.429
v -1189.79 -21.3386 502.056
v -1188.83 -42.0328 505.25
v -1158.62 -40.6378 506.787
v -1159.57 -19.9437 503.955
v -1168.06 -20.3276 504.288
v -1168.22 -16.6802 503.727
v -1160.14 -16.3091 503.409
v -1160.91 0.520165 501.131
v -1114.61 82.2862 512.626
v -1101.33 89.5938 512.626
v -1122.19 68.6308 512.626
v -1114.61 82.2862 490.627
v -1097.56 81.4927 491.079
v -1097.19 89.4019 490.375
v -1101.33 89.5938 490.266
v -1100.85 99.8706 489.235
v -1130.3 101.253 487.664
v -1131.8 69.0787 491.619
v -1122.19 68.6308 491.891
v -1122.39 64.3818 492.43
v -1115.47 64.0619 492.626
v -1118.71 123.253 507.95
v -1108.99 122.766 507.95
v -1117.88 139.839 507.95
v -1108.17 139.353 507.95
v -1130.49 120.245 485.347
v -1128.98 150.525 481.744
v -1118.89 119.669 486.261
v -1118.71 123.253 485.816
v -1108.99 122.766 486.583
v -1109.41 114.23 487.434
v -1099.46 113.731 487.95
v -1097.76 148.081 484.797
v -1107.71 148.58 484.031
v -1108.17 139.353 484.829
v -1117.88 139.839 484.081
v -1117.38 149.949 482.949
v -1180.61 129.856 505.116
v -1190.49 124.571 505.116
v -1167.42 130.112 505.116
v -1187.16 113.718 505.116
v -1180.41 119.58 505.116
v -1167.23 119.823 505.116
v -1156.96 130.304 505.116
v -1155.38 123.381 505.116
v -1180.61 129.856 480.328
v -1167.42 130.112 481.455
v -1180.7 134.54 479.633
v -1190.68 134.348 478.453
v -1190.49 124.571 479.671
v -1200.09 124.379 478.524
v -1199.89 113.475 479.873
v -1187.16 113.718 481.911
v -1187.1 110.467 482.457
v -1180.25 110.595 483.555
v -1180.41 119.58 482.043
v -1167.23 119.823 483.169
v -1167.1 112.899 484.323
v -1151.91 113.193 485.116
v -1152.11 123.445 483.666
v -1155.38 123.381 483.44
v -1155.51 130.343 482.28
v -1156.96 130.304 482.182
v -1157.07 136.063 481.402
v -1167.53 135.859 480.669
v -1192.01 86.7655 511.926
v -1191.82 77.3718 511.926
v -1172.69 75.7336 511.926
v -1176.59 87.0598 511.926
v -1192.01 86.7655 484.991
v -1176.59 87.0598 487.868
v -1192.39 106.705 482.216
v -1212.31 106.321 479.029
v -1211.74 76.9878 482.564
v -1191.82 77.3718 486.582
v -1191.52 61.7583 489.013
v -1172.43 62.1294 491.926
v -1172.69 75.7336 489.856
v -1147.35 76.22 490.359
v -1147.78 98.8084 487.291
v -1176.82 98.2453 486.009
v -301.857 2195.1 455.675
v -296.224 2204.65 456.814
v -267.403 2174.78 453.749
v -261.77 2184.35 454.889
v -320.77 2205.31 457.291
v -316.228 2213.01 457.373
v -306.577 2196.95 455.834
v -302.046 2204.65 456.752
v -297.126 2169.57 474.371
v -297.359 2165.44 474.371
v -307.367 2174.87 453.54
v -303.382 2182.55 454.371
v -297.126 2169.57 452.994
v -297.359 2165.44 452.536
v -308.758 2159.86 451.92
v -305.296 2152.78 451.206
v -284.546 2162.93 452.328
v -283.979 2172.7 453.397
v -330.866 2185.52 458.065
v -340.707 2193.45 461.74
v -327.727 2182.99 456.928
v -320.258 2192.26 455.793
v -333.249 2202.71 460.58
v -353.698 2177.33 463.651
v -343.846 2169.4 460.034
v -243.425 2156.63 451.715
v -240.831 2163.6 452.535
v -188.032 2136.03 449.164
v -185.45 2142.99 449.937
v -190.604 2107.75 448.344
v -206.734 2107.6 449.029
v -190.671 2115.37 448.545
v -206.801 2115.23 449.199
v -222.53 2097.77 449.905
v -222.619 2107.46 449.68
v -206.645 2097.91 449.253
v -237.826 2090.15 450.922
v -221.729 2090.29 450.048
v -237.781 2084.75 451.046
v -237.737 2080.14 451.168
v -221.629 2080.29 449.881
v -252.698 2075.38 452.725
v -252.776 2084.62 452.227
v -237.703 2075.51 451.466
v -270.164 2095.08 452.706
v -270.242 2104.18 451.979
v -254.713 2095.22 452.065
v -254.802 2104.32 451.338
v -286.439 2104.03 452.94
v -286.517 2112.69 451.96
v -270.32 2112.83 451.471
v -303.237 2121.34 451.819
v -303.382 2137.92 449.589
v -283.333 2121.52 451.122
v -283.478 2138.1 449.548
v -169.175 2051.33 444.037
v -179.171 2066.11 446.068
v -162.707 2055.69 443.651
v -172.715 2070.48 445.705
v -177.513 1981.93 447.23
v -157.531 2021.02 440.719
v -168.429 1977.28 446.549
v -148.447 2016.37 439.907
v -155.883 2024.6 440.433
v -135.289 2064.91 444.978
v -145.931 2019.52 439.297
v -125.326 2059.83 446.766
v -249.848 2003.69 455.023
v -246.063 2024 454.177
v -205.81 1995.48 449.727
v -202.014 2015.8 447.685
v -247.7 1925.17 456.42
v -240.531 1969.67 454.898
v -229.61 1922.27 455.683
v -222.452 1966.75 453.187
v -259.633 1869.34 476.446
v -270.242 1869.34 476.446
v -245.763 1871.68 476.446
v -246.33 1868.48 476.446
v -255.614 1892.19 456.446
v -259.633 1869.34 455.705
v -270.242 1869.34 455.829
v -270.242 1872.03 455.99
v -279.504 1872.03 455.963
v -279.504 1852.32 454.782
v -253.522 1852.32 455.234
v -244.416 1862.77 455.548
v -243.525 1868 455.634
v -246.33 1868.48 455.586
v -245.763 1871.68 455.683
v -240.085 1870.68 455.736
v -236.879 1888.89 456.184
v -400.052 1850.05 467.379
v -399.974 1870.98 469.594
v -355.858 1849.9 460.056
v -355.791 1870.84 462.277
v -653.136 1822.65 528.066
v -637.518 1822.72 528.066
v -631.663 1812.07 528.066
v -637.485 1815.34 528.066
v -653.092 1815.26 528.066
v -660.962 1811.95 528.066
v -662.476 1822.61 504.479
v -662.532 1834.4 508.066
v -653.136 1822.65 503.171
v -653.092 1815.26 500.926
v -660.973 1815.22 502.064
v -660.962 1811.95 501.066
v -664.38 1811.92 501.321
v -664.346 1805.01 499.216
v -628.835 1805.18 494.854
v -628.869 1812.09 496.618
v -631.663 1812.07 496.93
v -631.674 1815.36 497.832
v -637.485 1815.34 498.672
v -637.518 1822.72 500.912
v -630.539 1822.76 499.903
v -630.583 1834.55 502.913
v -585.142 1839.8 521.153
v -569.524 1839.88 521.153
v -563.669 1829.23 521.153
v -569.491 1832.49 521.153
v -585.109 1832.41 521.153
v -592.968 1829.1 521.153
v -594.493 1839.76 498.161
v -594.549 1851.55 501.153
v -585.142 1839.8 496.761
v -585.109 1832.41 495.241
v -592.99 1832.37 496.383
v -592.968 1829.1 495.707
v -596.386 1829.07 496.2
v -596.363 1822.16 494.763
v -560.841 1822.33 489.63
v -560.875 1829.24 490.718
v -563.669 1829.23 491.123
v -563.691 1832.52 491.726
v -569.491 1832.49 492.758
v -569.524 1839.88 494.28
v -562.545 1839.9 493.036
v -562.6 1851.7 495.44
v -523.249 1864.45 513.882
v -507.631 1864.53 513.882
v -501.775 1853.88 513.882
v -507.597 1857.14 513.882
v -523.215 1857.07 513.882
v -531.075 1853.74 513.882
v -532.6 1864.41 492.034
v -532.655 1876.2 493.882
v -523.249 1864.45 490.058
v -523.215 1857.07 488.935
v -531.097 1857.03 490.565
v -531.075 1853.74 490.048
v -534.492 1853.72 490.726
v -534.47 1846.81 489.602
v -498.948 1846.98 483.316
v -498.981 1853.89 484.262
v -501.775 1853.88 484.76
v -501.798 1857.17 485.114
v -507.597 1857.14 486.149
v -507.631 1864.53 486.939
v -500.651 1864.55 485.693
v -500.707 1876.35 487.135
v -386.793 1929.84 493.298
v -371.175 1929.91 493.298
v -365.331 1919.27 493.298
v -371.142 1922.52 493.298
v -386.76 1922.46 493.298
v -394.63 1919.13 493.298
v -396.144 1929.79 472.6
v -396.2 1941.58 472.468
v -386.793 1929.84 471.275
v -386.76 1922.46 471.458
v -394.641 1922.42 472.574
v -394.63 1919.13 472.656
v -398.048 1919.12 473.14
v -398.014 1912.19 473.298
v -362.492 1912.36 467.432
v -362.526 1919.29 467.508
v -365.331 1919.27 467.971
v -365.342 1922.55 468.007
v -371.142 1922.52 468.964
v -371.175 1929.91 469.045
v -364.196 1929.95 467.893
v -364.251 1941.74 467.949
v -325.879 1977.61 485.561
v -310.272 1977.69 485.561
v -304.417 1967.04 485.561
v -310.239 1970.31 485.561
v -325.846 1970.23 485.561
v -333.716 1966.9 485.561
v -335.23 1977.58 465.241
v -335.286 1989.36 465.561
v -325.879 1977.61 464.141
v -325.846 1970.23 463.799
v -333.727 1970.19 464.726
v -333.716 1966.9 464.574
v -337.134 1966.89 464.976
v -337.1 1959.98 464.863
v -301.589 1960.14 460.801
v -301.623 1967.05 461.067
v -304.417 1967.04 461.342
v -304.428 1970.33 461.356
v -310.239 1970.31 461.929
v -310.272 1977.69 462.238
v -303.293 1977.72 461.358
v -303.337 1989.51 461.902
v -389.187 2016.73 491.714
v -373.569 2016.81 491.714
v -367.713 2006.16 491.714
v -373.535 2009.41 491.714
v -389.153 2009.34 491.714
v -397.013 2006.02 491.714
v -398.538 2016.68 471.137
v -398.593 2028.48 470.778
v -389.187 2016.73 470.477
v -389.153 2009.34 470.661
v -397.024 2009.31 471.217
v -397.013 2006.02 471.299
v -400.43 2006 471.541
v -400.397 1999.08 471.714
v -364.886 1999.25 468.448
v -364.919 2006.17 468.522
v -367.713 2006.16 468.785
v -367.724 2009.43 468.819
v -373.535 2009.41 469.366
v -373.569 2016.81 469.374
v -366.589 2016.83 468.787
v -366.645 2028.62 468.392
v -450.991 1987.69 499.401
v -435.373 1987.76 499.401
v -429.518 1977.11 499.401
v -435.34 1980.38 499.401
v -450.958 1980.3 499.401
v -458.817 1976.97 499.401
v -460.342 1987.65 478.04
v -460.398 1999.44 477.086
v -450.991 1987.69 477.007
v -450.958 1980.3 477.452
v -458.828 1980.26 478.382
v -458.817 1976.97 478.58
v -462.235 1976.96 478.984
v -462.201 1970.05 479.401
v -426.69 1970.22 475.364
v -426.724 1977.13 475.193
v -429.518 1977.11 475.523
v -429.529 1980.4 475.339
v -435.34 1980.38 475.887
v -435.373 1987.76 475.441
v -428.393 1987.79 474.782
v -428.449 1999.59 474.252
v -509.512 1953.73 512.532
v -493.894 1953.81 512.532
v -488.038 1943.16 512.532
v -493.86 1946.41 512.532
v -509.479 1946.34 512.532
v -517.338 1943.02 512.532
v -518.863 1953.68 490.105
v -518.918 1965.48 488.506
v -509.512 1953.73 488.306
v -509.479 1946.34 489.045
v -517.36 1946.31 490.769
v -517.338 1943.02 491.081
v -520.766 1943 491.831
v -520.733 1936.08 492.532
v -485.211 1936.24 485.101
v -485.244 1943.17 484.554
v -488.038 1943.16 484.885
v -488.061 1946.43 484.572
v -493.86 1946.41 485.63
v -493.894 1953.81 484.924
v -486.914 1953.83 483.723
v -486.97 1965.62 482.594
v -582.07 1934.32 532.291
v -566.452 1934.39 532.291
v -560.596 1923.75 532.291
v -566.419 1927 532.291
v -582.037 1926.93 532.291
v -589.896 1923.61 532.291
v -591.421 1934.27 508.434
v -591.477 1946.06 506.253
v -582.07 1934.32 506.382
v -582.037 1926.93 507.726
v -589.918 1926.9 509.661
v -589.896 1923.61 510.236
v -593.313 1923.6 511.075
v -593.291 1916.67 512.291
v -557.769 1916.84 503.897
v -557.802 1923.77 502.837
v -560.596 1923.75 503.449
v -560.619 1927.03 502.876
v -566.419 1927 504.146
v -566.452 1934.39 502.85
v -559.472 1934.43 501.32
v -559.528 1946.22 499.617
v -647.504 1916.87 549.069
v -631.885 1916.93 549.069
v -626.03 1906.29 549.069
v -631.852 1909.54 549.069
v -647.47 1909.47 549.069
v -655.329 1906.15 549.069
v -656.854 1916.81 527.307
v -656.91 1928.6 524.296
v -647.504 1916.87 525.199
v -647.47 1909.47 526.792
v -655.352 1909.44 528.728
v -655.329 1906.15 528.236
v -658.747 1906.14 529.069
v -658.714 1899.22 526.954
v -623.203 1899.38 518.621
v -623.236 1906.31 520.422
v -626.03 1906.29 521.102
v -626.052 1909.57 521.524
v -631.852 1909.54 522.95
v -631.885 1916.93 521.36
v -624.906 1916.97 519.642
v -624.961 1928.76 517.104
v -730.804 1840.68 532.975
v -739.153 1840.52 532.975
v -816.576 1839.06 532.975
v -725.283 1787.08 496.352
v -729.691 1781.23 494.836
v -726.296 1840.76 508.27
v -730.804 1840.68 508.037
v -731.272 1865.46 512.975
v -739.609 1865.31 512.168
v -739.153 1840.52 507.602
v -816.576 1839.06 505.203
v -827.563 1872.4 506.13
v -842.48 1864.57 504.775
v -834.91 1784.12 500.438
v -830.279 1779.33 499.236
v -2820.69 1044.54 622.025
v -2811.04 1053.6 622.025
v -2806.33 1075.42 622.025
v -2820.89 1084.2 622.025
v -2809.76 1057.45 622.025
v -2802.54 1057.68 622.025
v -2799.96 1051.78 622.025
v -2800.52 1077.94 622.025
v -2803.38 1075.46 622.025
v -2793.41 1052.36 622.025
v -2791.87 1060.29 622.025
v -2792 1071.75 622.025
v -2835.83 1087.31 432.241
v -2827.54 1092.99 430.58
v -2835.6 1040.62 433.025
v -2827.06 1033.28 431.128
v -2820.64 1033.31 429.472
v -2820.69 1044.54 429.446
v -2813.52 1040.81 427.663
v -2807.77 1051.9 426.445
v -2811.04 1053.6 427.113
v -2809.76 1057.45 426.867
v -2802.54 1057.68 425.405
v -2803.13 1052.12 425.411
v -2799.96 1051.78 424.667
v -2800.21 1049.41 424.62
v -2793.31 1048.67 422.999
v -2793.41 1052.36 423.186
v -2792 1052.72 422.877
v -2791.87 1060.29 423.187
v -2788.08 1060.88 422.34
v -2788.2 1071.79 422.548
v -2792 1071.75 423.316
v -2792.1 1080.9 423.519
v -2800.54 1080.81 425.225
v -2800.52 1077.94 425.093
v -2803.41 1077.92 425.675
v -2803.38 1075.46 425.633
v -2806.33 1075.42 426.23
v -2813.96 1088.31 427.815
v -2820.89 1084.2 429.206
v -2820.94 1093.03 429.244
v -2826.08 919.519 425.863
v -2825.77 885.333 423.471
v -2826.48 963.393 429.256
v -2826.83 1001.92 431.378
v -2826.92 1011.54 431.366
v -2831.6 1011.5 432.575
v -2840.13 1003.2 435.09
v -2838.95 871.92 425.229
v -2825.66 872.035 422.948
v -2727.13 773.844 406.772
v -2727.13 812.662 406.498
v -2665.33 772.653 379.599
v -2665.92 812.662 386.724
v -2818.41 828.878 444.467
v -2823.89 814.403 444.467
v -2822.46 811.331 444.467
v -2805.74 837.85 444.467
v -2803.74 837.607 444.467
v -2812.23 810.269 444.467
v -2795.17 824.68 444.467
v -2808.87 812.547 444.467
v -2802.99 808.31 444.467
v -2804.56 802.065 444.467
v -2789.02 823.118 444.467
v -2792.82 822.901 444.467
v -2799.03 798.519 444.467
v -2792.96 803.869 444.467
v -2786.06 813.008 444.467
v -2818.41 828.878 421.757
v -2834.49 819.88 424.467
v -2830.19 811.484 423.737
v -2823.89 814.403 422.683
v -2822.46 811.331 422.442
v -2825.78 809.782 422.995
v -2822.01 801.668 422.381
v -2810.68 806.928 420.491
v -2812.23 810.269 420.747
v -2808.87 812.547 420.18
v -2802.99 808.31 419.2
v -2806.87 804.266 419.856
v -2804.56 802.065 419.472
v -2806.21 800.337 419.751
v -2801.2 795.537 418.924
v -2799.03 798.519 418.551
v -2797.68 797.931 418.33
v -2792.96 803.869 417.523
v -2789.6 802.013 416.972
v -2783.03 810.729 415.847
v -2786.06 813.008 416.352
v -2780.55 820.328 415.413
v -2787.3 825.409 416.523
v -2789.02 823.118 416.823
v -2791.34 824.872 417.204
v -2792.82 822.901 417.461
v -2795.17 824.68 417.847
v -2793.33 839.539 417.497
v -2803.35 840.768 419.196
v -2803.74 837.607 419.267
v -2805.74 837.85 419.606
v -2804.91 844.633 419.454
v -2815.36 845.977 421.221
v -2779.62 1199.83 589.904
v -2794.42 1195.31 589.904
v -2795.99 1192.29 589.904
v -2764.79 1195.3 589.904
v -2763.75 1193.56 589.904
v -2790.56 1183.55 589.904
v -2768.73 1178.86 589.904
v -2786.71 1182.28 589.904
v -2786.46 1175.05 589.904
v -2792.36 1172.46 589.904
v -2766.2 1173.05 589.904
v -2768.69 1175.92 589.904
v -2791.78 1165.92 589.904
v -2783.84 1164.39 589.904
v -2772.39 1164.53 589.904
v -2779.62 1199.83 425.856
v -2796.57 1207.03 427.755
v -2800.59 1198.5 427.904
v -2794.42 1195.31 427.118
v -2795.99 1192.29 427.121
v -2799.23 1193.97 427.534
v -2803.35 1186.02 427.756
v -2792.26 1180.27 426.554
v -2790.56 1183.55 426.43
v -2786.71 1182.28 426.023
v -2786.46 1175.05 425.704
v -2792.03 1175.64 426.433
v -2792.36 1172.46 426.312
v -2794.73 1172.71 426.622
v -2795.46 1165.81 426.358
v -2791.78 1165.92 425.903
v -2791.43 1164.5 425.785
v -2783.84 1164.39 424.826
v -2783.25 1160.6 424.653
v -2772.35 1160.74 423.28
v -2772.39 1164.53 423.396
v -2763.23 1164.64 422.305
v -2763.33 1173.09 422.837
v -2766.2 1173.05 423.125
v -2766.24 1175.96 423.277
v -2768.69 1175.92 423.523
v -2768.73 1178.86 423.679
v -2755.85 1186.52 422.772
v -2761 1195.2 423.862
v -2763.75 1193.56 423.995
v -2764.79 1195.3 424.228
v -2758.91 1198.79 423.959
v -2764.23 1207.88 424.833
v -2819.25 1147.38 629.275
v -2823.25 1132.42 629.275
v -2821.52 1129.5 629.275
v -2807.55 1157.57 629.275
v -2805.53 1157.51 629.275
v -2811.23 1129.47 629.275
v -2795.7 1145.52 629.275
v -2808.11 1132.07 629.275
v -2801.85 1128.46 629.275
v -2802.78 1122.07 629.275
v -2789.44 1144.59 629.275
v -2793.19 1144 629.275
v -2796.93 1119.1 629.275
v -2791.42 1125.03 629.275
v -2785.47 1134.82 629.275
v -2819.25 1147.38 429.161
v -2834.34 1136.81 431.275
v -2829.22 1128.87 430.6
v -2823.25 1132.42 429.624
v -2821.52 1129.5 429.429
v -2824.67 1127.63 429.944
v -2820.09 1119.92 429.092
v -2809.35 1126.3 427.37
v -2811.23 1129.47 427.698
v -2808.11 1132.07 427.268
v -2801.85 1128.46 426.274
v -2805.3 1124.05 426.728
v -2802.78 1122.07 426.322
v -2804.24 1120.19 426.514
v -2798.78 1115.93 425.631
v -2796.93 1119.1 425.4
v -2795.52 1118.66 425.182
v -2791.42 1125.03 424.658
v -2787.89 1123.53 424.106
v -2782.23 1132.85 423.392
v -2785.47 1134.82 423.918
v -2780.72 1142.66 423.607
v -2787.94 1147.05 424.918
v -2789.44 1144.59 425.015
v -2791.91 1146.1 425.464
v -2793.19 1144 425.548
v -2795.7 1145.52 425.998
v -2795.37 1160.5 426.173
v -2805.47 1160.71 427.444
v -2805.53 1157.51 427.406
v -2807.55 1157.57 427.66
v -2807.4 1164.4 427.785
v -2817.93 1164.7 429.067
v -2716.83 1096.41 433.619
v -2722.4 1089.67 433.619
v -2704.18 1111.73 433.619
v -2737.54 1071.34 433.619
v -2741.78 1066.21 433.619
v -2697.59 1119.71 433.619
v -2724.51 1091.41 411.134
v -2718.95 1098.15 411.522
v -2722.4 1089.67 410.911
v -2737.54 1071.34 412.047
v -2740.39 1073.69 412.729
v -2744.63 1068.56 413.359
v -2741.78 1066.21 412.659
v -2749.42 1056.95 413.619
v -2739.92 1049.12 410.759
v -2680.11 1121.54 412.337
v -2689.6 1129.37 413.394
v -2697.59 1119.71 412.756
v -2699.95 1121.66 413.023
v -2706.54 1113.69 412.497
v -2704.18 1111.73 412.23
v -2716.83 1096.41 411.299
v -2632.05 1158.18 436.254
v -2637.23 1154.72 436.254
v -2611.8 1171.7 436.254
v -2657.44 1141.23 436.254
v -2664.13 1136.77 436.254
v -2604.86 1176.34 436.254
v -2640.22 1159.22 414.837
v -2635.06 1162.67 415.047
v -2637.23 1154.72 414.304
v -2657.44 1141.23 413.55
v -2660.45 1145.74 414.095
v -2667.14 1141.27 413.849
v -2664.13 1136.77 413.304
v -2672.67 1131.07 413.012
v -2665.35 1120.09 411.751
v -2588.41 1171.44 414.787
v -2595.74 1182.42 416.124
v -2604.86 1176.34 415.709
v -2607.78 1180.72 416.254
v -2614.73 1176.09 415.942
v -2611.8 1171.7 415.396
v -2632.05 1158.18 414.516
v -2749.79 958.018 409.444
v -2702.21 1018.02 405.3
v -2740.79 950.876 407.106
v -2693.2 1010.88 404.908
v -2572.79 1107.47 429.7
v -2581.15 1101.79 429.7
v -2555.25 1119.39 429.7
v -2610.56 1081.8 429.7
v -2546.07 1125.63 429.7
v -2669.74 1041.56 429.7
v -2618.55 1076.37 429.7
v -2660.08 1048.12 429.7
v -2644.17 1058.95 429.7
v -2635.28 1064.99 429.7
v -2583.73 1105.6 407.51
v -2575.38 1111.27 407.834
v -2581.15 1101.79 407.396
v -2610.56 1081.8 408.04
v -2613.45 1086.05 408.117
v -2621.43 1080.62 408.216
v -2618.55 1076.37 408.117
v -2635.28 1064.99 408.023
v -2637.93 1068.88 408.197
v -2646.81 1062.84 408.025
v -2644.17 1058.95 407.898
v -2660.08 1048.12 407.517
v -2662.12 1051.12 407.625
v -2671.77 1044.54 407.294
v -2669.74 1041.56 407.118
v -2675.49 1037.65 406.881
v -2667 1025.16 406.284
v -2527.88 1119.72 408.342
v -2536.38 1132.21 409.7
v -2546.07 1125.63 408.824
v -2549.1 1130.09 409.287
v -2558.28 1123.85 408.665
v -2555.25 1119.39 408.056
v -2572.79 1107.47 407.315
v -2362.81 1573.25 524.994
v -2379.52 1577.87 525.447
v -2359.66 1584.64 527.984
v -2376.37 1589.26 528.372
v -2323.7 1561.98 544.6
v -2311.39 1558.69 544.6
v -2327.47 1562.99 523.46
v -2326.42 1566.87 524.6
v -2323.7 1561.98 523.285
v -2325.98 1553.45 520.66
v -2313.67 1550.14 520.141
v -2311.39 1558.69 522.719
v -2307.92 1557.77 522.56
v -2306.88 1561.65 523.753
v -2357.44 1560.69 521.683
v -2353.75 1574.49 525.624
v -2339.27 1555.83 520.918
v -2335.57 1569.62 525.006
v -2295.78 1565.09 525.145
v -2291.35 1581.66 529.92
v -2275.67 1559.71 524.323
v -2271.24 1576.28 529.251
v -2321.72 1581.77 528.786
v -2318.06 1595.39 532.531
v -2301.2 1576.28 528.052
v -2297.56 1589.9 531.94
v -2327.14 1584.33 529.212
v -2349.52 1590.32 529.824
v -2323.74 1597.03 532.732
v -2346.13 1603.02 533.237
v -2375.19 1597.19 530.43
v -2371.36 1611.52 534.151
v -2345.69 1604.64 533.68
v -2457.1 1647.37 558.01
v -2444.09 1592.56 558.01
v -2456.97 1603.29 558.01
v -2455.67 1652.59 538.01
v -2457.1 1647.37 536.728
v -2477.81 1658.67 537.645
v -2500.75 1575.15 518.318
v -2415.36 1562.56 519.752
v -2412.6 1589.31 526.373
v -2444.09 1592.56 525.272
v -2443.4 1599.17 526.839
v -2456.97 1603.29 526.958
v -2444.72 1643.61 536.837
v -674.732 165.704 504.267
v -673.441 171.68 504.267
v -691.898 187.307 504.267
v -699.367 179.18 504.267
v -660.261 153.482 484.267
v -675.011 153.827 481.503
v -659.838 171.36 481.096
v -673.441 171.68 479.091
v -673.096 186.872 476.9
v -691.898 187.307 474.758
v -691.62 199.401 471.994
v -709.13 199.798 469.896
v -709.609 179.423 473.22
v -699.367 179.18 474.659
v -699.668 166.28 475.795
v -674.732 165.704 479.953
v -737.06 186.693 469.587
v -723.357 203.599 467.348
v -728.088 179.423 470.59
v -714.384 196.329 470.182
v -734.633 212.737 487.348
v -734.255 227.288 460.076
v -748.47 209.755 462.897
v -741.58 204.162 465.119
v -734.633 212.737 463.72
v -716.088 212.557 465.894
v -614.342 56.1911 514.106
v -624.772 74.1979 514.106
v -628.089 64.7274 514.106
v -620.03 56.1911 514.106
v -614.342 74.1979 491.375
v -614.342 56.1911 488.402
v -624.772 74.1979 492.97
v -624.772 80.3665 492.206
v -637.095 80.3665 494.106
v -637.095 64.7274 492.329
v -628.089 64.7274 491.3
v -628.089 56.1911 489.865
v -620.03 56.1911 489.214
v -620.03 40.5521 486.52
v -597.755 40.5521 484.785
v -597.755 56.1911 486.215
v -647.047 46.2343 514.808
v -652.257 46.2343 514.808
v -640.413 28.7012 514.808
v -634.724 28.7012 514.808
v -647.047 62.347 493.201
v -647.047 46.2343 489.724
v -657.467 62.347 494.808
v -657.467 46.2343 490.566
v -652.257 46.2343 490.145
v -652.257 28.7012 485.37
v -640.413 28.7012 484.679
v -640.413 9.26113 480.6
v -606.761 9.26113 481.162
v -606.761 28.7012 483.521
v -634.724 28.7012 484.637
v -634.724 46.2343 488.728
v -684.484 49.0755 485.411
v -684.016 86.9959 488.657
v -666.027 48.8451 490.652
v -665.56 86.7655 495.227
v -698.455 136.089 504.222
v -697.553 140.799 504.222
v -710.177 152.675 504.222
v -715.008 147.108 504.222
v -698.232 122.549 480.754
v -698.455 136.089 479.071
v -683.237 122.792 484.222
v -683.538 141.029 481.616
v -697.553 140.799 478.799
v -697.753 152.88 477.669
v -710.177 152.675 475.242
v -710.421 167.406 474.17
v -728.566 167.099 471.071
v -728.233 146.891 471.775
v -715.008 147.108 474.622
v -714.819 135.82 475.689
v -732.875 123.701 494.783
v -746.689 123.47 494.783
v -732.652 110.032 494.783
v -746.467 109.802 494.783
v -732.875 123.701 471.896
v -724.058 123.854 473.949
v -732.997 131.187 471.868
v -746.812 130.957 468.652
v -746.689 123.47 468.681
v -756.997 123.304 465.745
v -756.764 109.636 465.813
v -746.467 109.802 468.732
v -746.344 102.52 468.868
v -732.529 102.75 472.908
v -732.652 110.032 472.212
v -723.835 110.186 474.783
v -747.758 76.5015 491.875
v -737.572 84.1547 471.439
v -756.051 83.8475 465.541
v -755.584 55.7176 464.75
v -747.413 55.8456 467.157
v -747.758 76.5015 468.452
v -737.45 76.6679 471.875
v -723.635 76.8982 499.846
v -737.45 76.6679 499.846
v -723.401 63.23 499.846
v -737.216 62.9997 499.846
v -723.635 76.8982 476.741
v -714.819 77.039 479.846
v -723.757 84.3851 476.019
v -747.524 62.8205 467.671
v -737.216 62.9997 471.332
v -737.094 55.7176 470.796
v -723.29 55.948 475.11
v -723.401 63.23 476.236
v -714.596 63.3708 478.936
v -798.241 59.5058 451.378
v -788.378 59.7234 454.39
v -806.668 59.3266 448.959
v -806.301 42.4461 449.684
v -788.011 42.8429 454.65
v -798.92 90.6049 478.007
v -785.44 113.065 458.007
v -807.247 112.592 451.913
v -806.768 90.4385 449.097
v -798.92 90.6049 451.888
v -784.282 59.813 455.837
v -799.967 141.426 457.198
v -798.709 151.459 458.402
v -789.236 140.082 459.461
v -787.978 150.116 460.588
v -803.195 118.952 453.678
v -801.08 135.82 456.431
v -793.978 117.801 456.276
v -791.863 134.668 458.472
v -828.431 138.405 474.046
v -827.184 148.324 452.614
v -828.431 138.405 450.6
v -840.899 150.039 453.491
v -843.738 127.284 450.296
v -813.114 123.457 451.797
v -811.511 136.294 454.046
v -935.509 76.5911 471.084
v -934.741 100.741 472.461
v -920.047 76.092 466.022
v -919.279 100.255 467.811
v -878.258 97.4006 486.975
v -891.193 97.8102 486.975
v -863.731 109.303 452.992
v -877.868 109.751 456.854
v -878.258 97.4006 455.371
v -891.193 97.8102 459.403
v -890.748 111.914 460.903
v -911.988 112.592 466.975
v -912.945 82.7341 464.501
v -864.621 81.1984 449.151
v -905.208 34.8826 490.477
v -918.444 12.2047 470.477
v -906.299 11.6415 466.873
v -905.208 34.8826 464.44
v -877.067 33.5644 455.964
v -876.443 46.7079 454.433
v -916.73 48.602 466.865
v -880.64 3.41249 460.042
v -879.293 23.9659 457.603
v -837.515 0.571357 447.662
v -836.157 21.112 444.846
v -799.343 10.2082 484.166
v -799.522 -0.375687 484.166
v -786.085 -0.60605 484.166
v -785.907 9.97782 484.166
v -786.241 -9.79494 484.166
v -772.649 -10.0253 484.166
v -756.786 -19.7261 484.166
v -739.442 -10.6012 484.166
v -745.754 -10.486 484.166
v -799.343 10.2082 453.131
v -785.907 9.97782 455.564
v -799.21 17.6566 452.468
v -807.247 17.7973 450.687
v -807.715 -9.69255 452.23
v -799.688 -9.83333 453.477
v -799.522 -0.375687 453.314
v -786.085 -0.60605 455.735
v -786.241 -9.79494 455.782
v -792.074 -9.69255 454.654
v -792.464 -31.8329 455.123
v -757.009 -32.4472 459.101
v -756.786 -19.7261 460.132
v -733.776 -20.1228 463.092
v -733.62 -10.7036 463.996
v -739.442 -10.6012 463.112
v -739.309 -3.16563 464.166
v -745.632 -3.05045 462.777
v -745.754 -10.486 462.155
v -772.649 -10.0253 457.87
v -772.17 17.7973 458.562
v -785.762 18.0277 455.574
v -620.03 -204.961 514.948
v -597.755 -189.796 515.024
v -613.351 -214.764 522.402
v -591.076 -199.599 522.557
v -668.409 -196.515 522.811
v -671.204 -190.001 522.811
v -685.909 -204.014 499.017
v -668.409 -196.515 495.653
v -682.079 -212.947 502.811
v -657.433 -202.376 499.733
v -667.897 -177.945 488.038
v -707.716 -195.017 497.112
v -703.865 -204.001 499.949
v -671.204 -190.001 492.871
v -735.68 -197.385 498.817
v -749.417 -168.475 493.322
v -722.099 -190.922 496.326
v -735.836 -162.012 489.991
v -725.728 -124.873 480.244
v -747.524 -138.618 485.678
v -740.322 -150.033 488.148
v -716.243 -158.518 486.377
v -707.85 -153.22 484.06
v -794.924 -100.225 477.025
v -782.601 -87.4267 472.406
v -797.763 -120.599 484.589
v -793.978 -129.608 487.655
v -757.955 -131.029 484.901
v -756.53 -100.225 475.768
v -781.666 -79.5176 469.604
v -786.865 -71.3142 466.509
v -757.476 -64.1986 465.31
v -762.675 -55.9952 462.932
v -793.154 -42.0712 481.445
v -790.304 -57.3262 461.445
v -801.559 -39.55 454.47
v -777.725 -49.3659 459.713
v -785.44 -37.1824 456.201
v -793.154 -42.0712 455.851
v -796.694 -36.4785 454.84
v -762.14 -45.7442 485.889
v -757.053 -48.7005 485.889
v -717.19 -17.2817 465.889
v -762.14 -45.7442 459.8
v -766.961 -38.1294 457.766
v -772.671 -41.7512 457.436
v -765.057 -53.7684 462.256
v -757.053 -48.7005 461.13
v -754.482 -52.7574 462.306
v -711.824 -25.7411 465.129
v -675.823 -37.5535 492.41
v -661.118 -31.4745 492.41
v -684.439 -33.0359 467.016
v -678.361 -47.7534 466.72
v -672.595 -45.3602 466.794
v -675.823 -37.5535 466.524
v -661.118 -31.4745 469.497
v -656.955 -41.5721 467.673
v -650.409 -38.8717 468.805
v -657.433 -21.8761 472.41
v -661.652 -72.0309 494.62
v -646.947 -65.952 494.62
v -670.268 -67.5133 469.19
v -664.19 -82.2308 470.906
v -658.424 -79.8376 471.281
v -661.652 -72.0309 469.957
v -646.947 -65.952 471.799
v -642.773 -76.0494 473.712
v -636.238 -73.3491 474.62
v -643.262 -56.3536 470.998
v -640.479 -133.499 481.326
v -627.611 -128.188 484.122
v -625.24 -170.369 495.989
v -612.371 -165.045 497.42
v -621.01 -116.823 484.149
v -599.169 -107.801 487.582
v -611.024 -140.985 490.45
v -589.183 -131.963 494.665
v -642.739 -111.512 504.164
v -655.396 -94.4399 473.276
v -614.342 -77.47 479.401
v -643.763 -122.569 479.193
v -638.988 -120.599 480.115
v -642.739 -111.512 477.878
v -606.46 -96.5259 484.164
v -622.178 -63.5332 497.666
v -642.305 -39.55 469.821
v -627.611 -75.1024 476.334
v -618.883 -71.4934 477.666
v -622.178 -63.5332 475.847
v -615.766 -60.884 476.45
v -627.166 -33.2918 472.982
v -592.868 -44.234 502.449
v -597.799 -36.2737 502.449
v -599.402 -48.2909 502.449
v -592.868 -44.234 477.066
v -586.846 -40.497 477.368
v -597.799 -36.2737 476.087
v -587.792 -30.0668 477.841
v -598.267 -13.1864 478.857
v -614.809 -23.4375 476.043
v -599.402 -48.2909 476.783
v -601.261 -49.4427 476.702
v -590.642 -66.5662 481.782
v -576.226 -57.6334 482.449
v -579.944 -65.5808 483.481
v -566.586 -87.1195 490.462
v -593.013 -73.6818 482.623
v -579.654 -95.2206 489.72
v -561.732 -84.0993 490.684
v -585.432 -98.8039 489.181
v -575.157 -115.364 494.998
v -551.457 -100.672 497.022
v -552.248 -129.762 530.788
v -533.768 -136.711 510.788
v -550.355 -109.695 499.199
v -560.674 -116.043 498.295
v -552.248 -129.762 503.993
v -561.253 -135.29 502.86
v -553.094 -148.587 508.299
v -534.626 -103.168 501.463
v -524.763 -96.4236 501.739
v -521.345 -122.595 509.922
v -511.493 -115.863 510.225
v -527.969 -71.7494 519.345
v -525.965 -78.9289 519.345
v -531.13 -63.6483 491.369
v -527.969 -71.7494 494.217
v -551.335 -71.5446 489.861
v -545.479 -86.5436 494.634
v -525.965 -78.9289 496.529
v -523.85 -84.3424 498.379
v -510.503 -79.1337 499.345
v -515.312 -66.8094 494.983
v -542.151 -42.5959 508.547
v -540.147 -49.7755 508.547
v -545.312 -34.5076 482.823
v -542.151 -42.5959 483.992
v -565.517 -42.3911 480.692
v -559.661 -57.403 484.711
v -540.147 -49.7755 486.063
v -538.032 -55.189 487.914
v -524.685 -49.9802 488.547
v -529.494 -37.6559 484.923
v -576.816 -10.6396 480.547
v -556.032 -2.52573 481.343
v -569.792 -28.6462 479.966
v -548.997 -20.5324 481.808
v -562.823 17.1446 502.216
v -577.717 11.3344 502.216
v -560.307 10.6945 481.711
v -562.823 17.1446 482.049
v -552.893 13.5868 481.824
v -558.548 28.0613 481.448
v -588.56 16.3384 482.216
v -581.291 -2.26978 480.737
v -573.576 0.73773 481.233
v -577.717 11.3344 481.762
v -550.233 6.77834 504.307
v -520.488 -14.4278 484.307
v -539.924 35.3305 480.931
v -550.233 6.77834 481.409
v -558.415 3.57886 481.284
v -547.294 -24.8964 482.046
v -607.317 395.892 486.453
v -568.478 402.073 486.453
v -594.727 425.264 486.453
v -590.564 428.719 486.453
v -599.169 386.075 460.46
v -607.317 395.892 459.863
v -577.283 404.211 464.052
v -594.727 425.264 460.173
v -590.564 428.719 459.663
v -568.478 402.073 465.097
v -590.642 383.708 461.445
v -584.842 376.707 461.859
v -557.134 399.667 466.453
v -593.013 442.951 455.424
v -629.036 413.093 457.762
v -611.737 392.231 459.134
v -640.312 381.967 481.033
v -665.571 360.197 481.033
v -621.366 383.861 481.033
v -626.776 369.822 481.033
v -640.312 381.967 455.12
v -655.697 399.821 453.82
v -665.571 360.197 451.445
v -681.033 378.14 451.67
v -694.102 366.878 450.728
v -666.973 335.394 450.337
v -626.776 369.822 456.33
v -595.273 359.212 459.776
v -590.174 373.021 461.033
v -621.366 383.861 457.566
v -643.897 409.995 455.716
v -660.35 198.3 475.623
v -647.993 208.808 473.371
v -647.515 183.211 478.935
v -635.158 193.719 476.904
v -626.442 190.058 477.641
v -585.432 224.92 471.818
v -618.605 180.844 478.89
v -577.595 215.706 473.555
v -627.221 254.548 492.04
v -618.082 262.317 492.04
v -627.221 254.548 464.032
v -661.263 294.594 451.841
v -630.917 251.4 464.461
v -604.39 220.185 472.04
v -591.554 231.089 470.658
v -618.082 262.317 463.005
v -612.449 267.103 462.517
v -646.491 307.161 451.56
v -690.039 293.954 448.495
v -725.65 335.778 445.979
v -677.193 304.896 447.789
v -712.792 346.734 448.11
v -562.066 211.188 474.674
v -563.146 226.341 472.599
v -528.893 213.556 475.069
v -529.972 228.709 473.37
v -560.051 192.618 477.407
v -560.786 201.705 476.227
v -524.507 195.459 477.295
v -525.23 204.546 476.219
v -598.968 160.584 501.286
v -569.792 180.37 501.286
v -589.996 168.238 501.286
v -579.821 174.342 501.286
v -594.905 153.827 481.286
v -598.968 160.584 480.644
v -564.726 171.936 478.983
v -569.792 180.37 478.428
v -564.136 183.762 478.198
v -566.942 188.433 477.89
v -582.627 179.014 478.779
v -579.821 174.342 478.979
v -589.996 168.238 479.784
v -594.438 175.635 479.467
v -608.653 167.099 480.583
v -603.21 158.038 481.09
v -626.431 115.062 512.835
v -613.996 130.509 512.835
v -615.978 144.613 512.835
v -627.611 123.496 512.835
v -630.616 144.907 512.835
v -612.104 117.071 486.245
v -626.431 115.062 487.884
v -613.996 130.509 484.727
v -602.408 132.134 483.675
v -604.39 146.238 482.598
v -615.978 144.613 483.255
v -618.126 159.983 481.436
v -643.196 156.476 483.054
v -641.359 143.397 485.253
v -630.616 144.907 484.233
v -627.611 123.496 486.976
v -654.628 119.708 489.883
v -651.867 100.075 492.835
v -624.861 103.864 489.089
v -606.215 91.8463 488.417
v -599.859 99.2307 486.766
v -597.276 84.1547 488.082
v -590.92 91.5263 486.612
v -607.006 105.374 486.991
v -602.018 111.171 486.028
v -584.007 85.5753 485.941
v -579.02 91.3728 484.787
v -591.588 132.493 482.812
v -587.625 137.1 482.198
v -597.577 125.543 484.068
v -589.695 118.748 484.097
v -579.743 130.317 482.093
v -596.953 137.126 482.92
v -585.432 150.512 481.137
v -580.055 145.892 481.027
v -553.717 157.641 501.605
v -544.622 149.809 501.605
v -548.585 145.214 501.605
v -554.285 138.597 501.605
v -557.68 153.046 501.605
v -563.379 146.43 501.605
v -559.005 162.197 479.097
v -549.876 172.781 478.644
v -553.717 157.641 479.063
v -557.68 153.046 479.524
v -564.103 158.562 479.409
v -569.792 151.946 480.072
v -563.379 146.43 480.187
v -575.558 132.275 481.605
v -566.463 124.443 481.397
v -554.285 138.597 479.932
v -549.409 134.4 479.591
v -543.709 141.003 479.09
v -548.585 145.214 479.431
v -544.622 149.809 479.082
v -541.939 147.505 478.895
v -532.811 158.089 478.105
v -554.552 75.9256 503.107
v -549.019 65.6872 503.107
v -561.253 72.3038 483.107
v -554.552 75.9256 482.152
v -555.721 62.0654 481.66
v -549.019 65.6872 480.836
v -544.622 57.5477 480.651
v -536.607 61.8734 479.778
v -549.453 85.6393 481.279
v -557.468 81.3136 482.554
v -570.248 39.477 503.944
v -558.882 35.3305 481.863
v -568.367 52.8765 483.077
v -575.424 49.0627 483.944
v -570.248 39.477 483.022
v -578.797 34.857 483.25
v -574.489 26.8967 482.635
v -529.026 34.3834 480.597
v -515.278 40.0785 479.19
v -525.342 25.5017 480.762
v -511.605 31.184 479.356
v -519.341 73.9675 498.969
v -505.594 70.0769 498.969
v -490.309 65.7384 498.969
v -534.036 78.1269 478.969
v -530.451 90.7841 478.406
v -519.341 73.9675 476.74
v -523.471 59.3778 478.137
v -482.105 47.6549 477.449
v -474.502 74.4922 473.845
v -486.836 77.9861 472.702
v -490.309 65.7384 473.585
v -505.594 70.0769 474.823
v -502.009 82.7341 474.493
v -510.069 109.751 476.284
v -459.351 98.8468 475.947
v -513.252 94.9306 476.376
v -462.535 84.0267 475.231
v -459.307 176.237 477.909
v -464.127 117.519 475.999
v -473.266 177.388 477.572
v -478.086 118.671 475.136
v -516.97 148.081 477.572
v -514.811 158.562 477.394
v -503.234 145.24 476.714
v -501.063 155.721 476.879
v -514.199 172.18 477.951
v -510.536 186.053 477.847
v -487.181 165.064 476.716
v -483.519 178.95 477.458
v -512.351 201.973 476.859
v -508.644 215.45 475.42
v -493.393 196.752 477.219
v -489.686 210.228 476.233
v -480.68 187.96 477.948
v -474.513 214.016 475.743
v -466.476 184.594 478.047
v -460.309 210.663 475.784
v -507.141 228.594 474.43
v -479.3 245.513 473.175
v -498.324 214.106 475.867
v -470.483 231.025 473.81
v -526.021 262.739 493.184
v -535.906 263.929 493.184
v -513.575 264.467 493.184
v -524.774 262.598 493.184
v -550.689 265.708 493.184
v -561.365 266.988 493.184
v -570.259 268.05 493.184
v -575.012 281.386 493.184
v -593.024 283.549 493.184
v -581.235 269.368 493.184
v -560.886 255.38 493.184
v -550.21 254.1 493.184
v -535.416 252.321 493.184
v -525.531 251.144 493.184
v -513.03 251.464 493.184
v -500.417 265.017 493.184
v -499.883 252.014 493.184
v -526.321 269.88 468.995
v -526.021 262.739 469.851
v -536.14 269.471 468.28
v -535.906 263.929 468.937
v -550.689 265.708 467.76
v -551.123 276.075 466.128
v -561.732 275.64 465.26
v -561.365 266.988 466.631
v -570.259 268.05 465.69
v -568.756 280.631 464.024
v -575.012 281.386 463.179
v -574.055 289.385 462.01
v -609.599 293.647 457.635
v -610.557 285.648 459.154
v -593.024 283.549 461.24
v -594.538 270.968 463.281
v -581.235 269.368 464.678
v -582.593 257.991 466.42
v -560.886 255.38 468.496
v -560.485 245.807 469.638
v -549.876 246.255 470.189
v -550.21 254.1 469.258
v -535.416 252.321 470.314
v -535.049 243.478 471.418
v -525.23 243.887 471.879
v -525.531 251.144 471.241
v -513.03 251.464 471.94
v -512.785 245.705 472.382
v -499.638 246.255 473.086
v -499.883 252.014 472.655
v -490.165 252.411 473.184
v -490.699 265.427 472.211
v -500.417 265.017 471.683
v -500.707 271.915 470.977
v -513.853 271.378 469.901
v -513.575 264.467 470.728
v -524.83 264.006 469.807
v -524.774 262.598 469.975
v -483.953 280.503 491.808
v -476.55 284.291 491.808
v -489.085 277.892 471.22
v -483.953 280.503 470.454
v -480.202 260.474 471.808
v -462.313 269.599 469.721
v -471.196 287.017 468.559
v -476.55 284.291 469.347
v -494.128 318.757 469.924
v -501.53 314.981 468.852
v -506.774 334.716 481.899
v -524.151 370.807 481.899
v -510.057 328.253 468.569
v -531.097 372.279 468.341
v -504.87 330.736 469.316
v -506.774 334.716 469.31
v -502.755 336.636 469.899
v -520.032 372.778 469.769
v -524.151 370.807 469.146
v -526.021 374.711 469.11
v -475.47 332.988 469.46
v -490.165 363.32 472.924
v -463.259 338.901 468.312
v -477.942 369.233 471.698
v -433.091 365.931 492.966
v -446.483 395.111 492.966
v -458.405 354.323 468.508
v -476.884 394.599 472.966
v -433.091 365.931 465.972
v -429.206 357.458 465.12
v -381.049 379.548 460.01
v -392.526 404.556 462.452
v -414.067 409.983 465.5
v -446.483 395.111 469.088
v -451.581 406.22 470.292
v -516.67 442.554 463.138
v -515.891 456.492 457.664
v -437.466 438.165 463.634
v -436.687 452.102 460.006
v -563.023 443.796 458.184
v -568.367 455.276 453.902
v -528.414 459.909 455.628
v -533.768 471.389 451.173
v -541.327 490.83 443.777
v -530.451 500.774 440.732
v -530.919 479.439 448.387
v -520.043 489.384 445.044
v -492.502 521.444 462.68
v -506.328 515.057 462.68
v -499.861 507.98 462.68
v -509.879 518.948 433.817
v -499.159 528.739 430.109
v -506.328 515.057 435.502
v -513.698 508.338 438.128
v -507.219 501.248 441.053
v -499.861 507.98 438.568
v -491.111 498.406 442.68
v -471.886 515.966 438.491
v -483.998 529.212 431.009
v -492.502 521.444 433.151
v -456.98 502.451 473.77
v -468.413 492.007 473.77
v -447.774 492.378 473.77
v -459.196 481.935 473.77
v -456.98 502.451 444.092
v -448.453 510.258 442.352
v -464.984 511.218 440.552
v -476.417 500.774 443.01
v -468.413 492.007 447.37
v -474.246 486.683 449.04
v -465.04 476.598 452.323
v -459.196 481.935 450.811
v -451.292 473.283 453.77
v -439.871 483.727 451.133
v -447.774 492.378 447.85
v -439.236 500.173 446.234
v -419.978 430.153 464.361
v -419.065 444.372 460.685
v -390.6 428.259 461.812
v -389.677 442.478 459.071
v -436.186 460.997 457.499
v -442.765 471.389 454.259
v -407.744 479.017 452.956
v -414.323 489.396 450.887
v -324.232 483.855 475.397
v -344.648 482.639 475.397
v -312.488 484.546 454.753
v -324.232 483.855 455.345
v -313.367 499.353 455.397
v -353.186 496.986 453.497
v -352.295 482.178 454.711
v -344.648 482.639 454.966
v -344.214 475.382 454.712
v -323.798 476.598 455.091
v -377.699 480.335 476.007
v -381.673 489.537 453.002
v -377.699 480.335 453.771
v -389.677 486.082 453.003
v -380.671 465.22 456.007
v -357.16 475.382 454.5
v -362.192 487.029 453.513
v -238.004 474.704 444.217
v -248.434 494.605 446.907
v -225.959 481.013 443.047
v -236.39 500.915 445.706
v -120.428 556.87 427.134
v -101.871 585.577 418.43
v -95.0584 540.475 422.541
v -76.5014 569.195 413.864
v -81.7223 614.13 409.402
v -73.7296 625.021 405.893
v -50.6864 587.522 404.667
v -40.5898 602.266 400.136
v -289.767 782.124 390.231
v -295.834 769.991 395.173
v -306.254 790.367 389.32
v -312.321 778.233 394.662
v -309.582 743.92 403.226
v -300.576 761.928 398.529
v -298.962 738.609 402.82
v -289.957 756.617 397.646
v -363.717 765.115 405.501
v -356.503 780.896 398.567
v -319.156 744.739 404.625
v -311.942 760.507 400.726
v -396.712 778.976 403.672
v -394.886 789.419 399.241
v -366.856 773.767 402.483
v -365.03 784.21 398.2
v -395.844 656.135 417.156
v -396.4 642.466 419.001
v -427.447 657.402 415.939
v -427.993 643.733 417.081
v -408.156 660.896 416.656
v -407.143 686.058 415.462
v -378.289 659.706 417.369
v -377.287 684.867 415.183
v -365.309 668.357 416.987
v -346.507 689.04 414.318
v -360.143 663.66 417.727
v -341.331 684.343 414.971
v -371.064 685.763 415.121
v -359.821 699.368 413.583
v -361.713 678.033 416.069
v -350.47 691.651 414.152
v -356.971 721.599 432.865
v -346.551 722.636 432.865
v -364.596 712.359 412.255
v -356.971 721.599 410.771
v -354.6 704.104 412.865
v -342.243 719.078 409.97
v -346.551 722.636 409.881
v -334.974 736.651 407.211
v -346.073 745.814 406.581
v -362.381 726.066 410.61
v -342.277 704.577 412.395
v -315.259 737.278 405.36
v -332.002 696.092 413.021
v -304.985 728.792 405.657
v -251.284 669.983 415.237
v -260.757 687.99 410.692
v -236.924 677.534 412.723
v -246.397 695.554 407.66
v -323.319 642.492 422.699
v -278.769 678.033 414.451
v -306.109 620.913 429.557
v -261.559 656.468 418.905
v -440.95 531.106 437.219
v -441.34 563.806 430.926
v -401.053 531.58 443.599
v -401.443 564.293 436.183
v -379.524 541.575 444.604
v -379.725 558.597 440.486
v -343.702 542.011 450.025
v -343.913 559.033 445.378
v -301.322 555.219 476.967
v -319.835 554.988 476.967
v -301.178 543.239 476.967
v -319.69 543.022 476.967
v -301.322 555.219 448.714
v -295.834 555.283 448.218
v -301.489 569.246 444.728
v -320.002 569.028 445.639
v -319.835 554.988 449.969
v -324.889 554.924 449.148
v -324.744 542.958 452.885
v -319.69 543.022 453.706
v -319.534 529.686 456.967
v -301.022 529.903 455.109
v -301.178 543.239 452.388
v -295.69 543.303 451.734
v -233.918 545.095 471.423
v -268.817 562.386 443.77
v -269.429 530.364 451.423
v -234.219 529.686 447.276
v -233.918 545.095 444.634
v -192.029 522.096 441.731
v -181.799 540.744 440.122
v -138.273 479.503 430.863
v -141.323 490.343 432.319
v -108.138 487.976 427.648
v -111.189 498.816 427.627
v -169.075 491.866 458.546
v -175.754 489.985 458.546
v -155.06 479.426 433.373
v -159.323 494.605 435.395
v -169.075 491.866 436.412
v -171.179 499.353 437.278
v -177.858 497.472 437.969
v -175.754 489.985 437.103
v -189.658 486.082 438.546
v -185.394 470.903 436.749
v -214.794 456.505 463.958
v -245.028 442.26 443.229
v -246.542 451.001 443.958
v -188.244 462.379 436.452
v -197.817 476.956 438.922
v -219.057 462.993 440.868
v -214.794 456.505 439.839
v -273.559 446.266 447.588
v -288.721 485.134 451.636
v -252.653 454.418 445.072
v -267.826 493.287 449.283
v -344.948 405.068 456.221
v -352.707 429.206 457.458
v -305.141 417.866 451.046
v -312.9 442.004 453.172
v -330.121 369.847 453.321
v -336.588 383.234 454.506
v -301.69 383.593 450.768
v -308.157 396.98 450.984
v -380.426 329.405 458.113
v -392.994 346.734 460.248
v -337.301 360.696 453.972
v -349.869 378.012 456.036
v -418.586 246.255 470.239
v -417.172 262.368 467.423
v -408.2 245.333 469.878
v -406.775 261.446 467.091
v -443.099 271.838 491.553
v -436.598 260.947 491.553
v -432.924 286.467 491.553
v -440.895 299.841 491.553
v -451.425 317.49 491.553
v -447.641 334.063 491.553
v -471.674 319.716 468.264
v -443.099 271.838 468.163
v -456.914 263.596 469.947
v -446.55 246.255 471.553
v -432.746 254.484 469.5
v -436.598 260.947 468.969
v -422.649 269.266 466.846
v -432.924 286.467 465.108
v -418.675 294.978 462.471
v -426.646 308.339 462.568
v -440.895 299.841 464.379
v -451.425 317.49 465.844
v -434.805 327.408 464.398
v -441.819 339.144 465.772
v -448.353 335.254 466.378
v -447.641 334.063 466.236
v -363.45 -11.3051 534.42
v -381.773 -16.7442 507.244
v -364.563 -19.1758 511.198
v -363.45 -11.3051 509.255
v -340.373 -14.5557 514.42
v -337.546 5.47295 508.597
v -377.832 11.168 500.447
v -300.521 17.1063 510.633
v -302.936 26.8071 507.427
v -277.767 22.7885 511.932
v -280.194 32.4894 508.726
v -327.404 34.0379 501.344
v -330.432 43.8667 497.947
v -308.925 39.733 502.323
v -311.942 49.549 498.791
v -340.384 14.4827 505.588
v -349.39 47.1814 494.476
v -332.08 16.7735 506.231
v -341.086 49.4722 494.804
v -294.053 -16.9234 554.036
v -292.884 -24.4357 554.036
v -295.088 -10.2173 554.036
v -291.448 -33.663 554.036
v -281.574 -14.9781 554.036
v -308.035 -46.0385 554.036
v -277.21 -41.2521 554.036
v -280.405 -22.5032 554.036
v -278.98 -31.7177 554.036
v -301.3 -25.7411 524.148
v -302.469 -18.2287 521.572
v -292.884 -24.4357 524.657
v -291.448 -33.663 527.539
v -323.319 -38.603 525.342
v -321.004 -53.538 530.861
v -307.211 -51.4008 531.774
v -308.035 -46.0385 529.878
v -277.21 -41.2521 531.166
v -275.93 -49.5067 533.532
v -265.578 -47.8942 534.036
v -268.338 -30.0668 528.778
v -278.98 -31.7177 528.138
v -280.405 -22.5032 525.26
v -271.188 -21.0699 525.778
v -272.357 -13.5447 523.406
v -281.574 -14.9781 522.874
v -284.457 3.57886 516.942
v -305.731 0.277005 515.411
v -303.894 -11.5866 519.261
v -295.088 -10.2173 519.848
v -294.053 -16.9234 522.097
v -331 -10.3836 514.888
v -314.313 -7.79847 516.911
v -328.54 -26.2786 520.23
v -311.853 -23.6934 522.29
v -364.719 -114.776 567.863
v -357.294 -85.2511 567.863
v -371.487 -101.619 567.863
v -358.941 -69.5481 567.863
v -346.796 -72.2357 567.863
v -348.511 -58.7724 567.863
v -368.671 -134.011 547.863
v -357.45 -121.072 545.92
v -364.719 -114.776 542.24
v -346.919 -94.2479 539.122
v -357.294 -85.2511 533.877
v -346.351 -72.6324 531.947
v -346.796 -72.2357 531.719
v -341.074 -63.8403 530.093
v -348.511 -58.7724 526.801
v -333.349 -36.5041 522.543
v -344.18 -29.1197 517.866
v -367.658 -63.6099 524.384
v -358.941 -69.5481 528.235
v -380.203 -94.056 531.955
v -371.487 -101.619 536.358
v -386.315 -118.705 538.922
v -456.168 -93.2625 554.307
v -439.948 -107.596 554.307
v -449.589 -86.4285 554.307
v -434.36 -99.8918 554.307
v -477.819 -88.2074 509.173
v -463.147 -101.172 516.614
v -456.168 -93.2625 515.478
v -439.948 -107.596 523.715
v -448.921 -117.757 525.179
v -430.998 -133.601 534.307
v -415.748 -116.337 531.817
v -434.36 -99.8918 522.344
v -428.95 -93.7744 521.455
v -444.19 -80.3111 513.721
v -449.589 -86.4285 514.608
v -464.561 -73.2083 507.024
v -422.516 -86.3773 520.351
v -418.976 -75.3967 517.437
v -397.013 -94.6191 528.554
v -393.473 -83.6257 525.62
v -445.626 -72.3637 510.77
v -443.232 -55.189 505.555
v -419.065 -76.0494 517.636
v -416.683 -58.8875 512.406
v -391.357 -43.3382 542.42
v -394.319 -64.621 542.42
v -406.007 -74.1682 519.789
v -401.532 -41.9176 509.935
v -395.844 -75.5759 522.42
v -394.319 -64.621 519.065
v -382.43 -66.2719 522.145
v -376.886 -26.2786 510.62
v -388.764 -24.6277 507.882
v -391.357 -43.3382 512.557
v -431.833 -45.6802 532.817
v -423.829 -40.0619 532.817
v -448.398 -43.3766 500.531
v -446.55 -30.0668 497.855
v -431.833 -45.6802 504.793
v -432.612 -51.324 506.508
v -408.167 -54.7154 512.817
v -406.464 -42.4679 509.076
v -423.829 -40.0619 504.667
v -422.905 -33.3558 503.227
v -461.867 -24.2054 516.206
v -450.346 -25.8051 496.206
v -461.867 -24.2054 493.451
v -449.255 -17.9216 494.836
v -494.896 -11.5866 485.798
v -496.61 -23.9366 487.214
v -462.491 -28.6718 494.226
v -496.955 -59.2203 522.017
v -512.718 -28.0447 485.636
v -496.955 -59.2203 495.748
v -519.542 -31.5001 485.258
v -497.746 -74.6289 500.408
v -462.313 -56.7119 502.017
v -468.357 -44.7715 496.778
v -375.94 752.239 431.672
v -390.133 752.649 431.672
v -366.622 766.19 405.413
v -398.849 767.15 408.696
v -399.462 746.557 411.672
v -390.322 746.288 410.642
v -390.133 752.649 410.276
v -375.94 752.239 408.675
v -376.107 746.762 409.304
v -367.201 746.506 408.674
v -380.203 723.801 433.716
v -394.396 724.21 433.716
v -370.886 737.764 409.948
v -403.124 738.711 412.515
v -403.725 718.118 413.716
v -394.586 717.849 413.054
v -394.396 724.21 412.696
v -380.203 723.801 411.667
v -380.37 718.323 412.103
v -371.465 718.067 411.833
v -398.026 698.152 435.137
v -383.832 697.73 435.137
v -374.515 711.693 412.666
v -406.742 712.64 414.131
v -407.343 692.047 415.137
v -398.215 691.779 414.972
v -398.026 698.152 414.621
v -383.832 697.73 414.166
v -383.988 692.252 414.467
v -375.094 691.996 414.38
v -246.664 19.6658 541.814
v -225.157 26.1032 541.814
v -237.002 35.2409 541.814
v -256.316 36.5207 511.014
v -257.919 12.5886 517.577
v -247.188 11.8719 519.201
v -246.664 19.6658 517.034
v -214.827 17.5542 521.814
v -214.304 25.3865 519.987
v -225.157 26.1032 518.254
v -224.189 40.6672 514.469
v -236.59 41.4991 512.466
v -237.002 35.2409 514.101
v -253.088 59.8514 529.772
v -245.774 64.8298 529.772
v -253.644 51.4559 507.14
v -253.088 59.8514 504.958
v -237.981 50.4065 509.772
v -237.058 64.2411 506.177
v -245.774 64.8298 504.711
v -245.117 74.6714 501.941
v -259.333 75.6185 499.327
v -260.357 60.3377 503.593
v -218.178 70.7552 531.957
v -220.449 85.2937 503.041
v -218.178 70.7552 507.509
v -233.74 83.2076 501.886
v -229.955 59.0323 508.688
v -203.795 63.1404 511.957
v -205.309 72.7773 509.131
v -230.902 96.9527 499.125
v -236.59 113.539 494.628
v -217.844 101.432 499.62
v -223.532 118.018 494.679
v -259.377 94.7386 495.693
v -260.757 106.91 493.329
v -239.907 96.9527 497.673
v -241.288 109.124 495.098
v -290.146 86.5223 492.586
v -292.517 107.383 489.867
v -275.218 88.2245 494.839
v -277.578 109.072 491.356
v -296.669 41.7167 503.515
v -295.478 67.9909 495.564
v -273.648 40.6672 507.18
v -272.446 66.9542 499.587
v -775.488 357.638 447.016
v -727.62 397.927 454.165
v -759.268 338.363 444.021
v -711.401 378.652 451.754
v 1805.28 161.89 540.254
v 1820.66 129.485 533.29
v 1835.61 136.294 529.342
v 1850.77 160.469 525.571
v 1830.87 180.37 532.905
v 1751.24 100.741 548.305
v 1741.51 126.145 554.14
v 1763.57 95.5321 544.461
v 1794.81 109.751 538.518
v 1778.65 143.781 546.628
v 1778.65 143.781 574.866
v 1794.81 109.751 574.866
v 1784.89 97.4262 574.866
v 1820.66 129.485 574.866
v 1739.4 130.599 554.866
v 1768.31 92.2174 542.769
v 1784.89 97.4262 539.738
v 1815.71 94.5851 532.091
v 1831.35 100.267 529.007
v 1837.5 123.496 528.369
v 1786.32 0.73773 579.948
v 1814.75 -8.74551 574.654
v 1777.78 -22.0169 597.168
v 1798.64 -31.5001 593.853
v 1826.13 41.9726 652.433
v 1782.52 38.658 559.033
v 1795.32 68.5156 538.321
v 1814.28 20.6385 559.433
v 1824.71 21.112 555.775
v 1832.76 39.1315 544.414
v 1826.13 41.9726 545.107
v 1836.08 62.347 532.486
v 1784.24 12.1919 624.356
v 1777.78 -22.0169 624.356
v 1782.52 38.658 624.356
v 1814.28 20.6385 624.356
v 1786.32 0.73773 624.356
v 1784.24 12.1919 574.11
v 1760.25 31.5423 570.004
v 1760.55 -17.1921 600.905
v 1775.89 -32.9207 604.356
v 1788.21 -38.1294 601.803
v 1794.38 -36.7089 598.543
v 1736.55 2.1583 591.712
v 1726.67 65.0217 552.066
v 1706.04 81.0832 550.869
v 1730.86 70.4097 548.85
v 1710.22 86.4583 551.122
v 1731.07 61.6047 553.725
v 1701.39 23.4412 575.788
v 1701.47 84.6282 551.687
v 1671.79 46.4647 564.435
v 1676.36 42.9197 565.805
v 1679.54 -4.63739 585.086
v 1654.51 14.8282 574.547
v 1657.4 12.5886 575.665
v 1653 -38.7693 591.337
v 1630.85 -21.5434 579.821
v -1254.52 743.716 507.978
v -1255.62 750.076 510.226
v -1243.61 745.622 507.743
v -1244.72 751.983 510.014
v -1208.85 777.542 509.024
v -1209.64 782.79 508.262
v -1199.38 778.963 508.67
v -1200.16 784.21 507.908
v -1266.62 782.201 510.175
v -1266.05 798.903 505.945
v -1238.65 781.254 509.819
v -1238.09 797.956 506.457
v -978.824 930.193 431.505
v -978.824 943.465 426.261
v -948.011 930.193 424.241
v -948.011 943.465 418.658
v -712.937 903.303 422.531
v -694.859 896.724 422.531
v -732.83 915.026 391.17
v -716.722 925.918 382.261
v -721.153 897.748 400.556
v -712.937 903.303 396.321
v -699.534 891.438 402.531
v -694.859 896.724 398.573
v -688.414 891.029 401.501
v -683.538 896.532 397.379
v -761.105 922.834 390.398
v -757.476 936.349 382.344
v -741.669 917.625 390.971
v -738.051 931.14 382.439
v -792.553 925.445 393.641
v -810.564 943.465 386.823
v -783.313 934.698 387.284
v -801.325 952.706 380.465
v -843.27 885.167 450.217
v -848.958 877.577 450.217
v -830.001 870.947 450.217
v -816.253 872.368 450.217
v -830.001 885.167 450.217
v -843.27 885.167 420.77
v -830.001 885.167 418.418
v -843.27 891.323 417.821
v -864.599 891.323 422.351
v -864.599 877.577 428.771
v -848.958 877.577 425.57
v -848.958 870.947 428.959
v -830.001 870.947 426.139
v -830.001 864.305 430.217
v -816.253 864.305 429.127
v -816.253 872.368 424.176
v -805.822 872.368 423.35
v -805.822 887.535 414.909
v -816.253 899.86 409.78
v -830.001 899.86 411.38
v -797.295 873.315 422.092
v -767.428 861.937 423.818
v -802.438 859.787 429.176
v -772.582 848.422 428.356
v -784.961 878.179 418.166
v -778.805 892.744 409.525
v -763.632 869.168 420.664
v -757.476 883.746 412.701
v -792.074 884.22 415.591
v -813.882 906.963 406.004
v -784.126 891.835 410.63
v -805.922 914.591 401
v -931.402 924.523 422.603
v -935.22 950.095 412.767
v -890.158 930.692 410.308
v -893.976 956.264 399.833
v -878.581 903.879 446.001
v -863.174 906.49 415.125
v -884.503 927.825 410.213
v -893.509 918.815 416.295
v -878.581 903.879 419.733
v -885.683 896.775 424.407
v -879.293 890.376 426.001
v -768.853 740.132 451.383
v -753.213 773.306 445.911
v -750.352 731.403 441.139
v -734.711 764.577 438.474
v -804.397 763.349 476.425
v -793.02 792.261 457.296
v -781.543 754.364 461.962
v -770.167 783.276 451.336
v -830.468 779.462 481.057
v -823.834 814.07 458.149
v -810.253 775.584 474.298
v -803.618 810.192 454.04
v -891.204 735.998 479.404
v -904.407 756.719 487.573
v -832.439 773.434 485.61
v -845.641 794.155 473.736
v -785.518 731.506 487.548
v -804.497 721.113 460.892
v -809.618 731.122 467.548
v -799.009 710.375 455.353
v -774.931 722.687 449.318
v -780.697 733.963 455.591
v -785.518 731.506 457.061
v -790.36 740.964 462.34
v -826.505 730.111 501.049
v -818.323 734.296 501.049
v -815.24 728.255 501.049
v -823.422 724.07 501.049
v -833.14 726.719 476.097
v -838.049 736.331 481.049
v -826.505 730.111 474.717
v -823.422 724.07 470.421
v -830.847 720.268 471.963
v -825.726 710.273 464.846
v -815.24 728.255 468.72
v -818.323 734.296 472.862
v -811.811 737.623 471.021
v -816.72 747.235 476.807
v -801.225 694.71 449.928
v -806.301 704.104 455.786
v -820.628 707.175 461.981
v -839.474 697.001 462.446
v -829.889 679.236 452.253
v -870.198 685.379 457.612
v -851.33 695.58 462.025
v -857.007 660.973 446.336
v -838.138 671.16 450.121
v -876.655 684.983 490.385
v -889.668 677.956 490.385
v -865.979 690.755 459.953
v -876.655 684.983 457.455
v -878.814 714.535 470.385
v -902.514 701.736 464.969
v -889.668 677.956 454.771
v -896.425 674.309 453.453
v -883.078 649.595 442.334
v -863.308 660.281 446.228
v -946.062 569.323 439.208
v -971.711 606.937 441.88
v -962.983 612.888 442.708
v -972.011 636.502 445.131
v -974.56 646.28 446.56
v -926.504 648.353 444.313
v -929.053 658.131 448.325
v -899.197 592.718 442.264
v -914.837 625.431 442.52
v -887.219 598.452 442.411
v -902.859 631.152 441.986
v -945.773 620.068 443.05
v -930.956 625.905 443.007
v -939.606 604.416 441.617
v -924.789 610.265 442.232
v -970.007 615.243 464.752
v -980.906 631.229 444.752
v -970.007 615.243 442.819
v -985.937 627.799 444.495
v -948.957 622.449 443.17
v -952.285 627.325 443.469
v -977.288 565.368 458.482
v -1033.47 573.866 458.482
v -995.221 563.23 458.482
v -1022.34 570.282 458.482
v -1008.9 565.969 458.482
v -967.18 572.369 438.482
v -1037.12 580.88 438.383
v -1038.83 575.581 437.329
v -1033.47 573.866 436.785
v -1038.29 558.853 434.133
v -1027.17 555.283 433.347
v -1022.34 570.282 436.062
v -1008.9 565.969 435.315
v -1007.17 551.341 432.886
v -993.986 552.915 434.066
v -995.221 563.23 435.529
v -977.288 565.368 437.059
v -975.974 554.336 435.627
v -965.187 555.615 436.913
v -1085.5 584.079 468.155
v -1097.68 588.367 468.155
v -1071.81 579.254 468.155
v -1110.55 592.897 468.155
v -1085.5 584.079 440.442
v -1071.81 579.254 438.733
v -1082.31 593.179 442.517
v -1094.47 597.466 444.188
v -1097.68 588.367 441.888
v -1110.55 592.897 443.566
v -1107.26 602.202 445.842
v -1122.38 607.526 448.155
v -1128.59 589.877 443.407
v -1061.29 566.187 435.746
v -1054.96 584.194 439.509
v -1068.4 588.93 441.101
v -1156.23 599.719 471.673
v -1169.38 598.426 471.673
v -1141.24 609.433 449.776
v -1157.04 607.884 450.032
v -1156.23 599.719 447.342
v -1169.38 598.426 447.527
v -1170.27 607.475 450.755
v -1185.48 605.99 451.673
v -1183.57 586.562 444.631
v -1139.44 590.862 444.078
v -1216.06 714.893 494.278
v -1215.33 731.595 500.176
v -1194.26 713.946 491.821
v -1193.53 730.648 497.866
v -1260.54 720.256 500.442
v -1259.88 733.963 505.052
v -1240.64 719.309 498.305
v -1239.98 733.016 502.917
v -1289.72 743.063 510.83
v -1292.59 752.931 514.268
v -1266.96 749.692 511.024
v -1269.84 759.56 514.61
v -1064.06 690.512 496.003
v -1059.44 686.416 496.003
v -1054.92 677.355 496.003
v -1052.76 686.57 496.003
v -1064.22 697.039 496.003
v -1070.5 699.074 496.003
v -1064.06 690.512 468.452
v -1063.96 686.314 467.072
v -1059.44 686.416 466.62
v -1059.23 677.265 463.614
v -1054.92 677.355 463.18
v -1054.65 666.194 459.453
v -1045.86 666.399 458.635
v -1046.34 686.723 465.284
v -1052.76 686.57 465.953
v -1053.01 697.295 469.477
v -1064.22 697.039 470.638
v -1064.54 710.887 475.313
v -1070.77 710.746 476.003
v -1070.5 699.074 472.075
v -1078.35 698.895 472.942
v -1078.15 690.179 469.936
v -1025.74 686.096 494.053
v -1032.18 701.877 494.053
v -1038.94 698.511 494.053
v -1031.85 688.259 494.053
v -1021.49 698.088 466.057
v -1025.74 686.096 462.735
v -1032.18 701.877 468.554
v -1029.54 709.326 470.595
v -1044.24 714.535 474.053
v -1048.69 701.966 470.532
v -1038.94 698.511 468.254
v -1041.37 691.638 466.301
v -1031.85 688.259 464.074
v -1034.59 680.49 461.947
v -1021 675.665 458.989
v -1018.25 683.434 461.106
v -980.705 680.158 458.182
v -981.195 690.358 461.792
v -965.555 680.887 457.972
v -966.033 691.088 461.582
v -928.964 687.504 483.512
v -928.585 679.454 483.512
v -929.431 697.205 463.512
v -919.513 697.679 463.41
v -928.964 687.504 459.667
v -958.508 686.096 459.72
v -957.963 674.718 455.564
v -928.418 676.126 455.157
v -928.585 679.454 456.477
v -918.678 679.927 456.398
v -939.428 696.732 463.42
v -939.951 707.892 467.495
v -920.047 708.852 467.825
v -941.02 716.672 470.965
v -944.693 728.28 475.073
v -902.147 728.997 476.241
v -905.832 740.605 481.042
v -962.059 699.637 489.056
v -973.135 700.789 489.056
v -969.941 699.432 489.056
v -954.178 699.842 464.554
v -962.059 699.637 464.502
v -954.489 711.924 469.056
v -981.662 711.22 468.634
v -981.384 700.571 465.05
v -973.135 700.789 465.097
v -973.102 699.343 464.648
v -969.941 699.432 464.643
v -969.818 694.633 462.948
v -961.926 694.838 462.81
v -980.828 719.04 471.388
v -981.195 733.016 475.811
v -953.699 719.744 471.832
v -954.066 733.72 476.769
v -949.625 748.733 506.449
v -932.17 749.193 483.443
v -949.625 748.733 482.535
v -932.37 757.192 486.449
v -968.872 756.245 484.306
v -968.471 741.053 478.962
v -949.435 741.553 479.981
v -1063.65 753.417 513.811
v -1031.91 754.351 513.811
v -1077.11 753.02 490.995
v -1077.41 763.349 493.811
v -1063.65 753.417 489.252
v -1063.23 738.865 484.433
v -1020.06 740.132 479.174
v -1020.48 754.684 483.777
v -1031.91 754.351 485.264
v -1032.21 764.68 487.139
v -1007.09 747.709 505.838
v -995.7 761.941 505.838
v -1012.03 761.467 505.838
v -1006.79 737.278 476.58
v -1007.09 747.709 479.852
v -990.368 737.764 477.239
v -991.08 762.082 484.876
v -995.7 761.941 484.672
v -996.045 773.677 481.355
v -1020.28 772.96 483.603
v -1019.93 761.237 485.838
v -1012.03 761.467 484.81
v -1011.62 747.568 480.392
v -946.241 791.621 500.926
v -946.43 783.66 500.926
v -946.152 794.961 475.163
v -929.365 794.552 475.157
v -946.241 791.621 476.567
v -971.866 792.235 476.743
v -972.178 779.065 480.413
v -946.552 778.451 480.926
v -946.43 783.66 479.242
v -929.632 783.251 479.289
v -918.155 791.314 476.324
v -922.897 815.49 466.295
v -901.023 794.68 474.402
v -905.765 818.844 463.777
v -972.49 859.121 456.364
v -976.931 886.114 448.405
v -937.892 864.804 448.055
v -942.322 891.797 438.682
v -1036.8 837.21 473.599
v -1036.64 849.138 471.333
v -1005.36 836.813 467.095
v -1005.22 848.742 464.323
v -942.033 810.64 469.12
v -968.738 810.985 470.655
v -941.855 824.501 464.119
v -968.56 824.833 466.534
v -987.952 801.041 474.071
v -987.83 811.228 471.603
v -968.872 800.798 473.946
v -1056.18 792.261 485.779
v -1056.08 799.85 484.377
v -1018.73 791.787 479.5
v -1018.63 799.377 477.768
v -994.576 799.07 474.858
v -994.464 807.901 472.854
v -1018.52 808.208 475.754
v -1082.27 809.59 487.558
v -1088.31 817.385 487.667
v -1067.58 820.956 483.001
v -1073.61 828.763 482.769
v -1072.68 842.483 505.057
v -1068.88 859.569 476.788
v -1093.99 846.297 484.774
v -1087.77 834.509 485.057
v -1072.68 842.483 480.53
v -1067.92 833.498 480.781
v -1057.91 838.797 477.835
v -2092.65 1891.39 598.882
v -2099.76 1907.51 600.514
v -2084.33 1895.07 597.98
v -2091.44 1911.18 599.956
v -2132.47 1902.54 604.687
v -2126.77 1904.67 604.141
v -2128.68 1892.34 603.629
v -2122.98 1894.47 603.057
v -2157.82 1865.76 628.676
v -2172.39 1874.06 628.676
v -2145.43 1872.44 604.144
v -2157.82 1865.76 604.959
v -2156.16 1892.34 607.076
v -2176.38 1881.45 608.676
v -2172.39 1874.06 607.353
v -2180.45 1869.71 607.682
v -2119.67 1868.18 601.12
v -2103.3 1874.27 599.55
v -2112.3 1898.45 601.767
v -1776.97 1850.86 622.464
v -1790.19 1866.81 622.464
v -1766.09 1849.22 597.228
v -1776.97 1850.86 597.482
v -1762.68 1871.81 602.134
v -1788.84 1875.75 602.464
v -1790.19 1866.81 600.656
v -1799.26 1868.18 600.843
v -1803.06 1843.05 595.853
v -1778.7 1839.38 595.113
v -1860.86 1859.97 598.419
v -1859.46 1881.92 602.076
v -1823.89 1857.59 598.374
v -1822.49 1879.55 602.437
v -1902.81 1817.92 591.83
v -1900 1827.91 593.243
v -1836.92 1799.44 587.956
v -1834.12 1809.41 589.735
v -1983.59 1843.97 593.734
v -1980.79 1853.96 594.225
v -1917.71 1825.49 592.799
v -1914.91 1835.47 593.97
v -2035.8 1839.93 592.817
v -2036.73 1851.59 592.64
v -1993.62 1843.24 593.464
v -1994.54 1854.9 593.799
v -2116.82 1785.23 594.262
v -2118.72 1804.66 597.475
v -2108.09 1786.08 594.141
v -2110 1805.52 596.93
v -2100.46 1772.25 589.694
v -2096.44 1790.44 594.967
v -2084.11 1768.65 588.056
v -2080.11 1786.83 593.24
v -2055.92 1764.25 585.768
v -2054.74 1769.59 587.239
v -2041.46 1761.05 584.338
v -2040.28 1766.41 585.829
v -2070.53 1773.07 588.79
v -2068.47 1782.39 591.433
v -2052.68 1778.9 589.784
v -2033.11 1756.81 582.961
v -2029.13 1774.8 587.804
v -2015.87 1753 581.587
v -2011.89 1771 586.431
v -2039.79 1795 593.515
v -2035.77 1813.2 593.153
v -2023.45 1791.39 592.275
v -2019.44 1809.59 593.128
v -2015.51 1810.67 593.093
v -2011.6 1828.37 593.071
v -2001.17 1807.51 592.588
v -1997.26 1825.19 592.908
v -1994.12 1806.65 592.345
v -1990.27 1824.09 592.914
v -1972.26 1801.82 591.778
v -1968.41 1819.27 592.593
v -1962.09 1799.19 591.232
v -1958.99 1813.2 592.163
v -1925.58 1791.13 588.957
v -1922.49 1805.14 590.809
v -1997.16 1779.69 588.396
v -1994.54 1789.02 590.731
v -1933.18 1761.68 582.743
v -1930.55 1771.01 584.7
v -1922.97 1761.14 582.439
v -1921.08 1767.22 583.755
v -1858.98 1741.15 577.886
v -1857.09 1747.22 578.939
v -1864.27 1774.65 584.03
v -1859.93 1788.55 586.444
v -1848.08 1769.59 582.78
v -1843.74 1783.49 585.201
v -1913.83 1789.28 588.156
v -1910.65 1799.45 589.726
v -1875.9 1777.43 584.741
v -1872.73 1787.6 586.517
v -1740.96 1761.53 579.041
v -1737.03 1775.29 581.475
v -1729.95 1758.38 578.228
v -1726.01 1772.14 580.672
v -2061.43 1702.25 568.095
v -2057.58 1715.55 571.826
v -2038.62 1695.65 565.848
v -2034.77 1708.96 569.609
v -2085.04 1738.63 579.257
v -2079.99 1755.68 584.108
v -2029.85 1722.26 573.321
v -2024.78 1739.31 578.042
v -1993.03 1743.3 602.633
v -1995 1736.49 602.633
v -1993.03 1743.3 579.007
v -1988.85 1757.75 582.633
v -2006.17 1747.1 580.024
v -2011.6 1728.36 575.025
v -1998.45 1724.55 574.185
v -1995 1736.49 577.298
v -1975.1 1730.73 575.808
v -1968.94 1751.99 580.853
v -1949.9 1729.56 598.884
v -1951.88 1722.73 598.884
v -1949.9 1729.56 575.663
v -1945.72 1743.99 578.884
v -1963.04 1733.36 576.471
v -1968.47 1714.61 571.95
v -1955.33 1710.8 571.285
v -1951.88 1722.73 574.09
v -1931.97 1716.97 572.852
v -1925.82 1738.23 577.601
v -1886.36 1714.9 596.041
v -1906.88 1717.52 596.041
v -1889.32 1704.66 596.041
v -1908.96 1710.34 596.041
v -1883.42 1725.04 574.859
v -1886.36 1714.9 572.982
v -1903.07 1730.72 576.041
v -1906.88 1717.52 573.334
v -1922.1 1721.93 574.029
v -1927.23 1704.19 570.211
v -1912.03 1699.78 569.593
v -1908.96 1710.34 571.861
v -1889.32 1704.66 571.011
v -1892.06 1695.21 569.027
v -1875.57 1690.44 568.591
v -1869.87 1710.13 572.388
v -2018.15 1690.35 564.721
v -2013.28 1704.02 568.594
v -1975.49 1675.18 562.223
v -1970.62 1688.85 565.66
v -2342.43 1370.98 468.502
v -2342.43 1382.83 471.598
v -2307.83 1370.98 470.482
v -2307.83 1382.83 473.781
v -2326.91 1416.2 507.489
v -2318.42 1425.17 507.489
v -2336.44 1439.29 486.758
v -2340.41 1418.81 481.092
v -2326.91 1416.2 481.425
v -2328.9 1405.96 478.598
v -2310.28 1402.36 478.923
v -2306.32 1422.83 484.761
v -2318.42 1425.17 484.487
v -2316.44 1435.41 487.489
v -2279.75 1410.45 508.945
v -2283.88 1416.56 508.945
v -2264.4 1407.48 483.591
v -2279.75 1410.45 483.347
v -2260.97 1425.16 488.945
v -2281.45 1429.13 488.551
v -2283.88 1416.56 484.731
v -2296.9 1419.08 484.448
v -2300.51 1400.47 479.032
v -2282.36 1396.96 479.313
v -2231.44 1416.49 512.384
v -2237.3 1423.58 512.384
v -2219.72 1414.87 489.06
v -2231.44 1416.49 488.644
v -2218.26 1425.49 492.384
v -2236.69 1428.05 491.774
v -2237.3 1423.58 490.332
v -2247.64 1425.02 489.984
v -2249.26 1413.32 486.344
v -2232.2 1410.95 486.948
v -2250 1370.03 473.464
v -2259.71 1367.14 472.054
v -2247.61 1370.75 473.832
v -2256.17 1399.42 481.745
v -2268.26 1395.81 479.891
v -2260.17 1354.35 493.464
v -2256.5 1342.1 493.464
v -2277.5 1349.18 466.044
v -2260.17 1354.35 468.334
v -2273.85 1336.93 462.609
v -2256.5 1342.1 464.871
v -2254.16 1334.21 462.571
v -2240.53 1338.28 464.469
v -2263.63 1365.96 471.496
v -2232.21 1339.39 465.169
v -2231.05 1368.61 474.111
v -2216.35 1338.75 465.641
v -2215.18 1367.97 474.763
v -2219.37 1379.7 478.202
v -2191.24 1378.57 476.328
v -2219.68 1371.93 475.757
v -2191.55 1370.8 473.587
v -2230.26 1385.11 479.204
v -2229.63 1400.84 484.034
v -2182.86 1383.22 476.873
v -2182.23 1398.95 482.14
v -1971.4 1547.76 523.534
v -1973.21 1559.14 528.637
v -1959.47 1549.67 522.931
v -1961.27 1561.05 528.462
v -2026.89 1530.71 523.111
v -2023.97 1512.35 516.175
v -2065.64 1524.55 521.879
v -2062.71 1506.18 515.86
v -2010.61 1538.64 551.451
v -1982.54 1518.94 512.231
v -1989.17 1560.65 530.544
v -2013.49 1556.77 531.451
v -2010.61 1538.64 523.935
v -2027.72 1535.92 525.002
v -1803.06 1600.86 566.735
v -1796.42 1611.29 566.735
v -1816.8 1600.86 538.826
v -1816.8 1621.71 546.082
v -1803.06 1600.86 539.5
v -1803.06 1590.42 536.19
v -1784.1 1590.42 537.324
v -1784.1 1611.29 543.83
v -1796.42 1611.29 543.11
v -1796.42 1621.71 546.735
v -1755.66 1604.17 568.679
v -1760.88 1609.39 568.679
v -1740.02 1604.17 543.826
v -1755.66 1604.17 542.891
v -1740.02 1622.18 548.679
v -1760.88 1622.18 548.01
v -1760.88 1609.39 544.107
v -1774.15 1609.39 543.681
v -1774.15 1590.42 538.031
v -1755.66 1590.42 539.136
v -1693.61 1571.21 538.665
v -1694.52 1582.85 541.311
v -1650.96 1574.53 528.865
v -1651.86 1586.16 532.637
v -1715.89 1598.64 566.961
v -1720.97 1599.26 566.961
v -1708.73 1600.38 544.391
v -1715.89 1598.64 543.575
v -1711.63 1612.26 546.961
v -1723.43 1609.39 545.824
v -1720.97 1599.26 543.409
v -1733.86 1596.12 541.973
v -1731.19 1585.18 539.322
v -1713.65 1589.44 541.499
v -1720.43 1571.31 558.991
v -1720.11 1581.43 538.991
v -1720.43 1571.31 536.469
v -1824.38 1584.74 532.9
v -1825.82 1539.46 508.305
v -1711.75 1535.83 509.881
v -1710.63 1570.99 537.255
v -1862.07 1530.25 500.97
v -1862.3 1542.55 508.836
v -1836.95 1530.73 502.171
v -1837.19 1543.03 510.401
v -1941.67 1532.12 512.182
v -1941.46 1542.08 517.408
v -1897.59 1531.18 505.765
v -1897.38 1541.13 511.629
v -1919.84 1550.99 519.58
v -1921.08 1559.62 524.291
v -1899.94 1553.84 519.047
v -1901.16 1562.47 523.923
v -1702.37 1598.14 544.272
v -1704.47 1624.56 550.335
v -1660.66 1601.46 539.106
v -1662.76 1627.88 546.953
v -1765.08 1448.47 472.137
v -1788.47 1438.25 472.137
v -1758.67 1451.26 439.133
v -1765.08 1448.47 437.72
v -1765.16 1466.13 452.137
v -1803.34 1449.46 442.942
v -1796.86 1434.59 432.044
v -1788.47 1438.25 433.488
v -1782.74 1425.13 423.6
v -1759.35 1435.33 427.902
v -1740.49 1446.81 433.652
v -1658.96 1455.35 429.816
v -1662.47 1468.84 442.373
v -1740.2 1460.54 444.894
v -1744.28 1507.96 485.219
v -1744.28 1520.76 496.174
v -1693.09 1507.96 484.287
v -1693.09 1520.76 496.229
v -1882.21 1410.41 429.573
v -1881.26 1425.96 439.269
v -1804 1417.9 421.433
v -1807.79 1433.2 432.474
v -1943.13 1439.19 509.583
v -1982.63 1459.61 486.625
v -1977.47 1469.57 489.583
v -1943.13 1439.19 464.833
v -1943.33 1438.93 464.73
v -1911.57 1414.75 440.676
v -1904.49 1424.07 444.608
v -1957.63 1410.84 479.209
v -1955.8 1413.91 452.835
v -1957.63 1410.84 451.495
v -1965.63 1419.8 459.209
v -1985.53 1386.62 445.04
v -1954.31 1367.88 424.172
v -1936.24 1398 437.373
v -2055.49 1402.75 500.823
v -2083.74 1392.24 500.823
v -2051.49 1404.24 472.295
v -2055.49 1402.75 471.871
v -2057.1 1419.32 480.823
v -2097.86 1404.15 476.5
v -2092.25 1389.08 468.466
v -2083.74 1392.24 468.944
v -2074.92 1368.53 455.947
v -2046.68 1379.04 457.727
v -2008.75 1346.01 462.366
v -1970.24 1349.23 417.93
v -1975.62 1361.09 426.686
v -2008.75 1346.01 428.234
v -2008.8 1346.26 428.4
v -2083.25 1339.61 442.366
v -2083.61 1325.93 434.304
v -2121.02 1357.8 506.949
v -2096.6 1327.83 438.441
v -2089.87 1338.97 443.331
v -2121.02 1357.8 457.607
v -2120.83 1357.97 457.658
v -2168.35 1415.66 486.949
v -2179.85 1408.25 485.395
v -1868.71 1485.2 505.911
v -1892.93 1483.5 505.911
v -1863.7 1485.55 472.865
v -1868.71 1485.2 473.283
v -1864.57 1497.96 480.633
v -1900.27 1495.45 485.911
v -1899.39 1483.04 478.749
v -1892.93 1483.5 477.602
v -1891.24 1459.29 463.299
v -1867.01 1461 457.833
v -1822.14 1493.31 515.153
v -1846.04 1494.51 478.191
v -1838.74 1483.15 469.945
v -1822.14 1493.31 476.014
v -1822.07 1493.06 475.833
v -1748.42 1505.82 483.556
v -1749.18 1519.48 495.153
v -2074.98 1465.13 526.892
v -2113.5 1468.15 504.034
v -2110.1 1455.6 500.295
v -2074.98 1465.13 502.651
v -2074.96 1464.86 502.566
v -2000.43 1459.45 490.767
v -1997.85 1472.89 495.613
v -2137.76 1456.38 524.733
v -2161.57 1451.55 524.733
v -2132.84 1457.37 501.149
v -2137.76 1456.38 500.966
v -2135.31 1469.57 504.733
v -2170.38 1462.46 503.099
v -2167.91 1450.26 499.832
v -2161.57 1451.55 500.081
v -2156.75 1427.77 491.137
v -2132.94 1432.59 491.729
v -2122.82 1592.83 561.847
v -2124.16 1581.41 561.847
v -2121.79 1601.8 541.847
v -2122.82 1592.83 539.479
v -2138.15 1603.7 541.844
v -2140.52 1583.32 536.171
v -2124.16 1581.41 536.42
v -2124.69 1576.84 535.19
v -2111.13 1575.26 535.225
v -2109.27 1591.26 539.507
v -2217.18 1634.53 572.512
v -2154.07 1616.8 572.512
v -2163.73 1619.52 572.512
v -2229.12 1630.32 547.117
v -2224.34 1647.29 552.512
v -2219.15 1627.52 546.802
v -2217.18 1634.53 549.073
v -2163.73 1619.52 545.718
v -2165.66 1612.68 543.728
v -2155.99 1609.97 543.125
v -2154.07 1616.8 545.115
v -2144.07 1614 544.492
v -2141.28 1623.93 547.336
v -2296.75 1725.88 597.232
v -2301 1725.33 597.232
v -2279.61 1714.71 569.322
v -2295.03 1712.71 567.424
v -2282.93 1740.31 577.232
v -2315.28 1736.11 573.182
v -2313.67 1723.69 569.427
v -2310.2 1717.46 567.72
v -2307.79 1713.11 566.528
v -2297.4 1718.88 569.194
v -2301 1725.33 570.959
v -2296.75 1725.88 571.474
v -2363.81 1687.67 554.161
v -2367.27 1693.91 555.821
v -2372.77 1662.95 546.847
v -2384.61 1684.27 551.462
v -2355.42 1672.58 550.527
v -2426.42 1656.6 541.153
v -2429.64 1666.26 543.153
v -2388.03 1669.4 547.265
v -2391.26 1679.06 549.308
v -2286.51 1638.78 546.129
v -2273.24 1671.01 556.152
v -2267.96 1631.14 545.085
v -2254.69 1663.37 555.221
v -2344.96 1634.71 541.482
v -2341.49 1650.62 545.791
v -2303.73 1625.7 541.464
v -2300.25 1641.62 546.057
v -2301.5 1525.8 513.868
v -2296.94 1536.87 517.239
v -2278.92 1516.49 512.463
v -2274.36 1527.57 515.718
v -2267.61 1516.19 513.071
v -2262.81 1527.86 516.374
v -2255.69 1511.27 512.528
v -2250.88 1522.95 515.803
v -2217.4 1540.85 521.903
v -2213.51 1552.51 524.858
v -2170.48 1525.21 519.52
v -2166.59 1536.87 522.657
v -2247.64 1553.93 523.877
v -2244.79 1573.84 529.516
v -2233.97 1551.99 523.836
v -2231.12 1571.89 529.44
v -2250.17 1584.47 532.388
v -2248.59 1593.75 535.181
v -2230.73 1581.16 532.281
v -2229.15 1590.42 535.061
v -2221.88 1573.46 530.237
v -2216.83 1589.95 535.469
v -2175.43 1559.24 528.269
v -2170.38 1575.73 532.972
v -2036.21 1663.93 557.921
v -2033.41 1673.38 560.084
v -1964.65 1642.61 553.19
v -1961.83 1652.04 555.739
v -2071.38 1671.09 559.645
v -2068.01 1685.69 563.393
v -2046.73 1665.4 558.158
v -2043.36 1680.01 561.504
v -1802.97 1790.33 607.24
v -1805.65 1781.69 607.24
v -1820.12 1795.65 586.952
v -1802.97 1790.33 585.591
v -1826.76 1774.33 583.185
v -1809.6 1768.99 581.858
v -1805.65 1781.69 584.082
v -1779.54 1773.56 582.053
v -1774.15 1790.92 585.103
v -1800.25 1799.04 587.24
v 2275.41 154.723 508.13
v 2290.62 184.632 508.765
v 2294.88 144.817 506.695
v 2310.09 174.739 507.794
v 2323.14 179.82 530.445
v 2326.85 200.681 510.445
v 2311.48 170.413 507.506
v 2316.95 167.636 507.267
v 2323.14 179.82 508.062
v 2331.38 175.635 507.62
v 2340.58 193.719 509.323
v 2304.47 140.632 505.616
v 2315.26 161.89 506.626
v 2319.53 132.979 503.952
v 2330.34 154.224 505.343
v 2326.67 122.485 502.569
v 2337.07 142.923 503.712
v 2349.86 110.698 498.623
v 2360.26 131.136 500.292
v 2385.64 136.793 520.899
v 2379.64 124.98 520.899
v 2398.05 143.499 499.673
v 2389.48 147.85 500.899
v 2384.24 137.51 499.436
v 2385.64 136.793 499.186
v 2379.64 124.98 497.893
v 2371.95 128.897 499.029
v 2361.9 109.098 497.227
v 2376.75 101.547 494.06
v 2346.06 168.545 528.094
v 2332.71 175.328 507.523
v 2335.71 181.241 508.094
v 2346.06 168.545 506.085
v 2339.98 156.591 505.068
v 2376.56 138.009 500.175
v 2385.64 155.875 502.7
v 2376.56 162.466 504.121
v 2385.42 179.897 506.936
v 2398.21 151.459 501.132
v 2407.07 168.89 504.48
v 2338.47 181.548 508.041
v 2347.02 198.377 510
v 2367.38 166.856 505.337
v 2375.93 183.685 507.768
v 2319.76 234.468 512.717
v 2307.68 241.033 511.214
v 2329.01 251.464 515.349
v 2316.92 258.042 514.15
v 2281.02 255.534 534.218
v 2276.87 280.375 506.173
v 2262.19 253.358 504.276
v 2275.81 245.948 506.763
v 2281.02 255.534 507.894
v 2317.16 258.464 514.218
v 2302.87 296.257 512.535
v 2308.16 305.498 513.727
v 2319.46 286.774 516.948
v 2324.75 296.014 518.874
v 2243.99 300.186 522.828
v 2247.17 305.702 522.828
v 2232.96 281.053 522.828
v 2237.05 288.169 522.828
v 2243.99 300.186 500.466
v 2237.05 288.169 501.855
v 2249.85 296.808 501.028
v 2254.6 305.024 500.628
v 2248.73 308.403 501.129
v 2247.17 305.702 500.591
v 2238.49 310.707 501.333
v 2224.26 286.07 501.844
v 2232.96 281.053 502.507
v 2231.99 279.389 502.644
v 2238.49 275.64 502.828
v 2243.55 284.419 502.107
v 2252.74 331.99 505.629
v 2265.5 327.306 505.543
v 2247.01 316.402 502.581
v 2259.77 311.718 501.988
v 2229.48 363.794 511.167
v 2238.01 376.592 513.709
v 2238.23 357.958 510.224
v 2246.76 370.756 512.764
v 2202.93 373.751 512.604
v 2175.45 403.136 517.843
v 2220.49 390.158 516.014
v 2192.99 419.556 520.084
v 1960.87 445.716 569.541
v 1957.39 457.554 569.541
v 1959.05 451.884 569.541
v 1965.23 430.882 569.541
v 1962.79 446.291 513.261
v 1960.87 445.716 514.025
v 1957.25 465.118 493.056
v 1947.94 462.379 496.698
v 1950 455.378 504.212
v 1957.39 457.554 501.318
v 1959.05 451.884 507.404
v 1943.2 447.213 513.615
v 1955.05 406.924 542.541
v 1979.68 414.168 539.771
v 1974 433.468 526.507
v 1965.23 430.882 529.945
v 2087.35 419.159 577.419
v 2087.34 437.358 577.419
v 2083.79 430.255 577.419
v 2073.83 427.068 577.419
v 2059.01 422.295 577.419
v 2077.41 415.959 577.419
v 2062.57 411.186 577.419
v 2052.65 407.999 577.419
v 2049.08 419.108 577.419
v 2037.31 415.32 577.419
v 2040.88 404.211 577.419
v 2087.35 419.159 519.365
v 2077.41 415.959 521.506
v 2088.63 415.179 519.217
v 2114.26 423.421 516.987
v 2107.66 443.898 505.891
v 2087.34 437.358 509.538
v 2084.54 446.048 504.861
v 2079.26 444.346 506.462
v 2083.79 430.255 514.058
v 2073.83 427.068 517.695
v 2071.32 434.927 513.84
v 2056.48 430.153 518.331
v 2059.01 422.295 523.128
v 2049.08 419.108 526.761
v 2046.44 427.299 521.117
v 2034.67 423.51 526.128
v 2037.31 415.32 529.031
v 2033.95 414.244 529.419
v 2037.52 403.136 526.233
v 2040.88 404.211 525.869
v 2045.18 390.824 522.149
v 2056.95 394.599 520.768
v 2052.65 407.999 524.518
v 2062.57 411.186 523.31
v 2064.86 404.057 521.297
v 2079.7 408.818 519.542
v 2075.59 455.749 556.721
v 2079.18 444.576 556.721
v 2070.05 472.976 556.721
v 2067.9 479.67 556.721
v 2089.59 447.917 556.721
v 2085.99 459.09 556.721
v 2066.11 485.237 556.721
v 2080.46 476.316 556.721
v 2064.18 491.227 556.721
v 2074.59 494.58 556.721
v 2078.31 483.01 556.721
v 2076.52 488.577 556.721
v 2075.59 455.749 500.142
v 2070.05 472.976 489.24
v 2067.58 453.164 502.096
v 2071.17 442.004 508.721
v 2079.18 444.576 506.301
v 2089.65 447.686 503.525
v 2089.59 447.917 503.4
v 2101.31 451.692 501.605
v 2097.71 462.853 495.516
v 2085.99 459.09 497.615
v 2080.46 476.316 487.571
v 2087.07 478.441 486.777
v 2084.92 485.134 483.047
v 2078.31 483.01 483.841
v 2076.52 488.577 480.738
v 2083.5 490.817 479.901
v 2081.57 496.819 476.556
v 2074.59 494.58 477.271
v 2073.04 499.379 473.52
v 2062.64 496.039 474.103
v 2064.18 491.227 477.863
v 2055.53 488.449 478.349
v 2057.46 482.447 483.029
v 2066.11 485.237 481.985
v 2067.9 479.67 485.088
v 2060.02 477.123 486.042
v 2062.17 470.442 490.654
v 2005.89 475.689 585.134
v 2017.59 489.601 585.134
v 2011.05 509.899 585.134
v 1997.94 473.142 585.134
v 2009.02 516.247 585.134
v 2001.58 489.089 585.134
v 2002.79 458.053 585.134
v 2006.94 445.14 585.134
v 2010.64 433.621 585.134
v 1988.21 470.007 585.134
v 1993.06 454.93 585.134
v 2013.8 423.779 585.134
v 1997.21 442.017 585.134
v 2000.92 430.486 585.134
v 2004.08 420.656 585.134
v 1997.94 473.142 486.042
v 2002.79 458.053 499.731
v 2005.89 475.689 483.84
v 2008.18 468.573 490.354
v 2028.07 474.973 485.6
v 2022.83 491.29 472.848
v 2017.59 489.601 473.458
v 2011.05 509.899 454.766
v 2019.51 512.625 454.471
v 2017.47 518.961 448.451
v 2009.02 516.247 448.387
v 2007.14 522.071 442.529
v 1992.49 517.361 443.791
v 2001.58 489.089 471.348
v 1974.92 480.514 477.718
v 1979.22 467.127 491.62
v 1988.21 470.007 488.951
v 1993.06 454.93 503.246
v 1988.23 453.382 504.99
v 1992.38 440.455 517.587
v 1997.21 442.017 515.485
v 2000.92 430.486 525.255
v 1993.6 428.131 528.807
v 1996.76 418.302 537.134
v 2004.08 420.656 533.641
v 2005.99 414.705 534.914
v 2015.71 417.828 533.794
v 2013.8 423.779 529.952
v 2022.19 426.48 526.379
v 2019.03 436.309 518.371
v 2010.64 433.621 521.398
v 2006.94 445.14 511.183
v 2011.93 446.739 509.408
v 2007.78 459.653 498.443
v 1972.59 499.353 457.492
v 1968.33 512.625 443.173
v 1987.28 504.076 454.949
v 1983.02 517.348 442.13
v 1948.89 519.255 431.542
v 1941.31 540.59 407.962
v 1955.74 521.687 430.091
v 1948.14 543.022 408.403
v -2011.91 -2748.43 403.604
v -2012.02 -2739.16 404.011
v -1993.76 -2748.21 401.526
v -1993.86 -2738.94 401.951
v -1853.77 -2691.2 391.314
v -1853.47 -2679.41 391.965
v -1842.15 -2691.49 392.642
v -1841.85 -2679.71 393.264
v -1878.23 -2669.97 415.489
v -1877.54 -2661.17 415.489
v -1883.23 -2661.42 415.489
v -1878.53 -2670.24 415.489
v -1887.87 -2656.26 415.489
v -1875.95 -2673.11 415.489
v -1881.54 -2672.94 415.489
v -1890.98 -2668.35 415.489
v -1885.44 -2668.59 415.489
v -1899.14 -2665.74 415.489
v -1898.52 -2651.42 415.489
v -1896.32 -2656.43 415.489
v -1899.69 -2659.47 415.489
v -1905.38 -2658.21 415.489
v -1902.13 -2668.42 415.489
v -1908.21 -2667.55 415.489
v -1909.87 -2669.04 415.489
v -1900.83 -2669.88 415.489
v -1876.88 -2671.47 390.414
v -1878.23 -2669.97 390.226
v -1870.31 -2665.56 388.366
v -1875.72 -2659.53 387.608
v -1877.54 -2661.17 388.175
v -1879.94 -2658.48 387.836
v -1883.23 -2661.42 388.857
v -1887.87 -2656.26 388.463
v -1883.54 -2652.35 387.146
v -1892.61 -2642.27 386.2
v -1900.43 -2649.29 388.807
v -1898.52 -2651.42 388.958
v -1899.79 -2652.57 389.345
v -1896.32 -2656.43 389.618
v -1899.69 -2659.47 390.643
v -1902.85 -2655.95 390.394
v -1905.38 -2658.21 391.16
v -1907.31 -2656.06 391.007
v -1913.52 -2661.64 392.789
v -1908.21 -2667.55 393.31
v -1909.87 -2669.04 393.793
v -1912.07 -2666.59 393.571
v -1918.91 -2672.74 395.489
v -1910.46 -2682.13 395.302
v -1898.22 -2671.12 392.682
v -1900 -2669.14 392.522
v -1900.83 -2669.88 392.773
v -1902.13 -2668.42 392.668
v -1899.14 -2665.74 391.76
v -1894.19 -2671.24 392.265
v -1890.98 -2668.35 391.262
v -1888.38 -2671.23 391.623
v -1885.44 -2668.59 390.709
v -1881.54 -2672.94 391.255
v -1885.68 -2676.66 392.546
v -1876.78 -2686.55 391.375
v -1866.99 -2677.75 390.736
v -1873.3 -2670.73 389.854
v -1875.95 -2673.11 390.679
v -1878.53 -2670.24 390.319
v -1701.3 -2684.12 431.034
v -1700.61 -2675.31 431.034
v -1706.3 -2675.58 431.034
v -1701.6 -2684.39 431.034
v -1710.95 -2670.39 431.034
v -1699.03 -2687.26 431.034
v -1704.6 -2687.09 431.034
v -1714.06 -2682.5 431.034
v -1708.52 -2682.73 431.034
v -1722.2 -2679.88 431.034
v -1721.59 -2665.57 431.034
v -1719.4 -2670.57 431.034
v -1722.77 -2673.61 431.034
v -1728.45 -2672.36 431.034
v -1725.21 -2682.58 431.034
v -1723.9 -2684.02 431.034
v -1731.29 -2681.69 431.034
v -1732.95 -2683.19 431.034
v -1699.96 -2685.61 409.834
v -1701.3 -2684.12 409.553
v -1693.38 -2679.7 410.123
v -1698.8 -2673.68 407.614
v -1700.61 -2675.31 408.177
v -1703.02 -2672.62 406.635
v -1706.3 -2675.58 407.661
v -1710.95 -2670.39 404.687
v -1706.61 -2666.5 403.34
v -1715.68 -2656.41 397.987
v -1723.51 -2663.45 400.313
v -1721.59 -2665.57 401.322
v -1722.87 -2666.71 401.698
v -1719.4 -2670.57 403.816
v -1722.77 -2673.61 404.867
v -1725.93 -2670.09 402.865
v -1728.45 -2672.36 403.638
v -1730.39 -2670.22 402.598
v -1736.59 -2675.79 404.442
v -1731.29 -2681.69 406.021
v -1732.95 -2683.19 405.892
v -1735.15 -2680.73 405.547
v -1741.97 -2686.87 404.913
v -1733.53 -2696.27 406.332
v -1721.29 -2685.27 407.291
v -1723.08 -2683.29 407.011
v -1723.9 -2684.02 406.947
v -1725.21 -2682.58 406.743
v -1722.2 -2679.88 406.978
v -1717.26 -2685.38 407.75
v -1714.06 -2682.5 408.001
v -1711.46 -2685.38 408.406
v -1708.52 -2682.73 408.636
v -1704.6 -2687.09 409.317
v -1708.75 -2690.82 409.022
v -1699.85 -2700.71 410.891
v -1690.06 -2691.9 410.491
v -1696.37 -2684.87 410.262
v -1699.03 -2687.26 410.072
v -1701.6 -2684.39 409.531
v -1788.62 -2674.22 420.694
v -1787.92 -2665.4 420.694
v -1793.62 -2665.67 420.694
v -1788.91 -2674.49 420.694
v -1798.26 -2660.5 420.694
v -1786.34 -2677.35 420.694
v -1791.91 -2677.19 420.694
v -1801.36 -2672.59 420.694
v -1795.83 -2672.83 420.694
v -1809.52 -2669.97 420.694
v -1808.9 -2655.67 420.694
v -1806.71 -2660.68 420.694
v -1810.08 -2663.72 420.694
v -1815.77 -2662.46 420.694
v -1812.52 -2672.67 420.694
v -1811.22 -2674.12 420.694
v -1818.6 -2671.79 420.694
v -1820.25 -2673.29 420.694
v -1787.27 -2675.7 398.82
v -1788.62 -2674.22 398.15
v -1780.7 -2669.81 397.508
v -1786.11 -2663.78 394.796
v -1787.92 -2665.4 395.158
v -1790.33 -2662.73 393.953
v -1793.62 -2665.67 394.607
v -1798.26 -2660.5 392.328
v -1793.93 -2656.6 391.521
v -1802.99 -2646.51 387.818
v -1810.81 -2653.54 389.433
v -1808.9 -2655.67 390.179
v -1810.18 -2656.82 390.417
v -1806.71 -2660.68 391.773
v -1810.08 -2663.72 392.4
v -1813.24 -2660.2 391.165
v -1815.77 -2662.46 391.632
v -1817.69 -2660.31 390.878
v -1823.91 -2665.89 391.994
v -1818.6 -2671.79 394.101
v -1820.25 -2673.29 394.411
v -1822.46 -2670.84 393.552
v -1829.28 -2676.97 394.559
v -1820.84 -2686.38 395.552
v -1808.61 -2675.37 396.291
v -1810.39 -2673.39 395.398
v -1811.22 -2674.12 395.559
v -1812.52 -2672.67 394.908
v -1809.52 -2669.97 394.306
v -1804.57 -2675.47 396.783
v -1801.36 -2672.59 396.143
v -1798.77 -2675.47 397.439
v -1795.83 -2672.83 396.849
v -1791.91 -2677.19 398.812
v -1796.06 -2680.91 398.475
v -1787.17 -2690.8 399.514
v -1777.36 -2682 400.694
v -1783.69 -2674.97 398.971
v -1786.34 -2677.35 399.501
v -1788.91 -2674.49 398.211
v -1759.91 -2742.97 403.991
v -1759.42 -2734.95 403.994
v -1733.04 -2744.61 408.42
v -1732.55 -2736.58 408.185
v -1727.31 -2748.43 409.447
v -1725.23 -2739.13 409.406
v -1705.22 -2753.36 413.359
v -1703.14 -2744.06 413.078
v -1645.27 -2902.42 432.964
v -1653.19 -2905.69 432.964
v -1643.93 -2905.69 432.964
v -1643.93 -2905.69 432.964
v -1645.27 -2902.42 432.964
v -1645.27 -2902.42 411.267
v -1645.27 -2902.42 411.267
v -1643.93 -2905.69 411.5
v -1653.19 -2905.69 425.583
v -1653.19 -2905.69 411.662
v -1653.19 -2905.69 425.583
v -1768.8 -2904.25 433.825
v -1773.31 -2905.69 433.825
v -1768.35 -2905.69 433.825
v -1768.35 -2905.69 433.825
v -1768.8 -2904.25 433.825
v -1768.8 -2904.25 413.643
v -1768.8 -2904.25 413.643
v -1768.35 -2905.69 413.674
v -1773.31 -2905.69 413.731
v -1800.26 -2903.83 434.132
v -1804.64 -2905.69 434.132
v -1799.47 -2905.69 434.132
v -1799.47 -2905.69 434.132
v -1800.26 -2903.83 434.132
v -1800.26 -2903.83 413.682
v -1800.26 -2903.83 413.682
v -1799.47 -2905.69 413.729
v -1804.64 -2905.69 429.624
v -1804.64 -2905.69 413.784
v -1804.64 -2905.69 429.624
v -1772.5 -2759.19 402.206
v -1769.26 -2747.92 402.596
v -1747.2 -2766.46 406.803
v -1743.96 -2755.19 407.012
v -1778.16 -2777.55 401.513
v -1774.94 -2766.28 401.98
v -1752.87 -2784.82 406.288
v -1749.63 -2773.55 406.481
v -1785.03 -2793.23 400.491
v -1781.8 -2781.96 400.881
v -1759.74 -2800.5 406.132
v -1756.5 -2789.22 405.754
v -1788.17 -2808.31 401.884
v -1784.93 -2797.04 401.115
v -1762.87 -2815.58 406.72
v -1759.63 -2804.3 406.569
v -1792.2 -2824.44 403.324
v -1788.96 -2813.16 402.3
v -1766.9 -2831.7 407.485
v -1763.66 -2820.42 406.766
v -1828.04 -2816.67 396.753
v -1824.8 -2805.4 395.124
v -1802.73 -2823.94 401.724
v -1799.49 -2812.66 400.739
v -1821.47 -2799.65 394.613
v -1818.23 -2788.38 393.892
v -1796.16 -2806.92 400.587
v -1792.93 -2795.65 399.408
v -1814.6 -2783.31 394.634
v -1811.36 -2772.03 395.446
v -1789.3 -2790.57 399.499
v -1786.06 -2779.29 400.033
v -1710.84 -2851.45 414.016
v -1690.75 -2856.47 414.893
v -1713.89 -2863.64 414.086
v -1693.8 -2868.66 414.665
v -1704.13 -2844.77 414.795
v -1701.94 -2836.01 415.377
v -1688.36 -2848.71 414.942
v -1686.17 -2839.96 414.893
v -1748.7 -2830 409.818
v -1746.58 -2821.53 409.281
v -1724.64 -2836.01 412.865
v -1722.52 -2827.54 412.891
v -1745.09 -2816.6 409.299
v -1742.85 -2807.65 409.324
v -1722.99 -2822.13 412.644
v -1720.76 -2813.18 413.273
v -1742.34 -2799.64 409.134
v -1740.46 -2792.13 408.98
v -1719.27 -2805.41 413.532
v -1717.38 -2797.9 413.649
v -1705.48 -2808.07 415.682
v -1703.74 -2801.08 416.235
v -1700.01 -2809.44 416.406
v -1698.26 -2802.45 416.96
v -1701.65 -2794.1 416.577
v -1699.41 -2785.1 416.452
v -1673.72 -2801.08 414.244
v -1671.48 -2792.09 414.226
v -1696.78 -2761.92 415.417
v -1669.69 -2768.69 412.455
v -1698.8 -2770.03 415.528
v -1671.73 -2776.8 413.342
v -1690.13 -2757.86 415.011
v -1688.21 -2750.17 414.182
v -1668.36 -2763.31 411.874
v -1666.43 -2755.62 411.102
v -1732.16 -2766.51 409.501
v -1729.56 -2756.15 409.4
v -1709.11 -2772.27 413.729
v -1706.52 -2761.91 413.723
v -1736.69 -2780.15 409.242
v -1734.78 -2772.56 409.279
v -1715.08 -2785.55 413.442
v -1713.19 -2777.96 413.285
v -1809.04 -2764.86 396.006
v -1806.9 -2756.29 396.342
v -1782.17 -2771.58 400.723
v -1780.02 -2763.01 401.068
v -1753.93 -2897.83 413.289
v -1757.6 -2887.78 412.661
v -1704.32 -2879.67 413.881
v -1707.99 -2869.63 414.069
v -1863.7 -2878.55 407.287
v -1857.06 -2874.23 406.751
v -1860.12 -2884.07 408.884
v -1853.47 -2879.76 408.029
v -1870.49 -2864.68 403.512
v -1874.52 -2856.77 401.399
v -1859.02 -2858.83 402.671
v -1863.05 -2850.92 400.228
v -1868.81 -2839.23 396.979
v -1868.56 -2834.52 395.737
v -1865.09 -2839.43 397.075
v -1864.84 -2834.72 395.878
v -1899.9 -2821.24 394.691
v -1872.13 -2822.77 392.927
v -1870.67 -2796.34 385.999
v -1889.16 -2791.37 387.385
v -1900.45 -2831.05 396.68
v -1870.74 -2832.69 395.328
v -1870.19 -2822.87 392.802
v -1832.14 -2846.58 402.183
v -1830.18 -2840.05 401.15
v -1828.55 -2847.66 402.714
v -1826.59 -2841.12 401.681
v -1831.32 -2832.68 399.677
v -1828.84 -2824.37 398.319
v -1816.16 -2837.2 402.266
v -1813.66 -2828.91 401.084
v -1854.82 -2809.89 391.375
v -1850.04 -2793.92 388.118
v -1835.04 -2815.81 395.592
v -1830.26 -2799.83 393.308
v -1900.5 -2775.03 389.536
v -1898.56 -2769.74 389.576
v -1900.62 -2775.33 389.534
v -1890.65 -2778.99 388.205
v -1888.59 -2773.38 388.247
v -1925.74 -2765.78 392.906
v -1923.79 -2760.47 392.941
v -1924.67 -2782.75 391.961
v -1922.75 -2776.9 392.027
v -1919.32 -2784.51 391.247
v -1917.39 -2778.65 391.314
v -1926.02 -2818.93 396.18
v -1917.01 -2791.56 390.627
v -1918.12 -2821.53 396.078
v -1909.12 -2794.16 390.003
v -1941.39 -2812.66 396.166
v -1934.39 -2791.37 392.666
v -1933.5 -2815.26 396.008
v -1926.5 -2793.97 391.901
v -1953.64 -2809.68 397.125
v -1946.64 -2788.39 394.244
v -1945.73 -2812.28 396.622
v -1938.73 -2790.99 393.193
v -1968.26 -2804.9 397.569
v -1961.26 -2783.62 396.169
v -1960.37 -2807.49 397.331
v -1953.37 -2786.22 395.125
v -1979.91 -2842.53 402.338
v -1972.91 -2821.24 400.112
v -1972.02 -2845.12 402.435
v -1965.01 -2823.83 399.71
v -1964.84 -2846.56 402.397
v -1957.83 -2825.27 399.296
v -1956.93 -2849.16 402.494
v -1949.93 -2827.86 399.305
v -1950.65 -2851.04 402.546
v -1943.65 -2829.75 399.091
v -1942.75 -2853.63 402.642
v -1935.75 -2832.34 398.853
v -1937.06 -2855.22 402.673
v -1930.06 -2833.93 398.643
v -1929.17 -2857.82 402.77
v -1922.17 -2836.53 398.829
v -1970.78 -2864.54 404.222
v -1967.83 -2855.58 403.342
v -1962.61 -2867.22 404.668
v -1959.66 -2858.27 403.488
v -1992.09 -2876.55 405.63
v -1984.25 -2852.74 403.667
v -1981.42 -2880.06 406.107
v -1973.59 -2856.24 403.575
v -1976.99 -2882.96 406.359
v -1972.16 -2868.26 404.711
v -1967.69 -2886.03 406.674
v -1962.84 -2871.33 405.22
v -1955.76 -2870.54 405.185
v -1952.9 -2861.85 404.04
v -1946.78 -2873.49 405.454
v -1943.92 -2864.79 404.186
v -1961.18 -2887.2 406.992
v -1956.33 -2872.44 405.437
v -1951.11 -2890.51 407.93
v -1946.26 -2875.76 405.817
v -1932.84 -2862.87 431.082
v -1946.92 -2905.69 431.082
v -1944.58 -2905.69 431.082
v -1928.08 -2864.45 431.082
v -1932.84 -2862.87 431.082
v -1941.64 -2905.69 431.082
v -1944.58 -2905.69 431.082
v -1946.92 -2905.69 422.026
v -1932.84 -2862.87 403.571
v -1946.92 -2905.69 422.026
v -1946.92 -2905.69 406.911
v -1928.08 -2864.45 403.756
v -1941.64 -2905.69 415.618
v -1928.08 -2864.45 403.756
v -1941.64 -2905.69 415.618
v -1941.64 -2905.69 406.936
v -1932.84 -2862.87 403.571
v -1928.08 -2864.45 431.082
v -1929.05 -2905.31 431.844
v -1929.17 -2905.69 431.844
v -1929.17 -2905.69 431.538
v -1929.17 -2905.69 411.016
v -1929.17 -2905.69 431.538
v -1929.05 -2905.31 411.012
v -1929.05 -2905.31 431.844
v -1927.87 -2905.69 431.844
v -1929.05 -2905.31 411.012
v -1927.87 -2905.69 411.123
v -1928.41 -2901.51 410.291
v -1907.93 -2836.91 398.401
v -1918.74 -2904.58 411.408
v -1898.26 -2839.97 398.288
v -1656.57 -2803.41 411.658
v -1655.81 -2790.48 411.522
v -1635.06 -2804.67 408.275
v -1634.31 -2791.74 408.025
v -1661.2 -2821.77 412.371
v -1660.59 -2811.38 412.249
v -1637.3 -2823.18 409.245
v -1636.69 -2812.78 408.668
v -1664.7 -2842.51 412.558
v -1664.03 -2830.94 412.408
v -1640.58 -2843.92 409.889
v -1639.91 -2832.34 409.657
v -1668.13 -2861.12 412.455
v -1667.46 -2849.74 412.883
v -1645.13 -2862.46 410.768
v -1644.47 -2851.09 410.621
v -1671.88 -2882.58 412.642
v -1650.88 -2874.39 411.423
v -1669.25 -2889.31 412.179
v -1648.25 -2881.12 411.306
v -1670.01 -2904.08 412.247
v -1674.03 -2893.78 412.297
v -1644.02 -2893.94 411.124
v -1648.04 -2883.64 411.311
v -1680.75 -2897.38 433.213
v -1686.57 -2905.69 433.213
v -1677.5 -2905.69 433.213
v -1680.75 -2897.38 433.213
v -1694.4 -2902.7 433.213
v -1686.57 -2905.69 433.213
v -1693.23 -2905.69 433.213
v -1677.5 -2905.69 433.213
v -1680.75 -2897.38 412.576
v -1677.5 -2905.69 412.496
v -1694.4 -2902.7 413.213
v -1694.4 -2902.7 433.213
v -1693.23 -2905.69 433.213
v -1693.23 -2905.69 413.179
v -1694.4 -2902.7 413.213
v -1695.37 -2900.21 433.519
v -1709.38 -2905.69 433.519
v -1698.37 -2905.69 433.519
v -1695.37 -2900.21 433.519
v -1698.37 -2905.69 433.519
v -1694.4 -2902.7 433.519
v -1696.43 -2905.69 433.519
v -1694.4 -2902.7 433.519
v -1696.43 -2905.69 433.519
v -1693.23 -2905.69 433.519
v -1693.23 -2905.69 433.519
v -1693.23 -2905.69 413.179
v -1695.37 -2900.21 413.33
v -1709.38 -2905.69 416.197
v -1695.37 -2900.21 413.33
v -1709.38 -2905.69 416.197
v -1709.38 -2905.69 413.227
v -1717.06 -2899.24 433.638
v -1733.57 -2905.69 433.638
v -1714.55 -2905.69 433.638
v -1714.55 -2905.69 433.638
v -1717.06 -2899.24 433.638
v -1717.06 -2899.24 413.581
v -1717.06 -2899.24 413.581
v -1714.55 -2905.69 413.291
v -1733.57 -2905.69 420.356
v -1733.57 -2905.69 420.356
v -1733.57 -2905.69 413.516
v -2168.01 -2784.4 433.769
v -2161.19 -2787.04 433.769
v -2151.07 -2790.95 433.769
v -2161.52 -2767.64 433.769
v -2154.69 -2770.27 433.769
v -2144.58 -2774.19 433.769
v -2178.87 -2783.3 413.769
v -2170.44 -2761.53 412.056
v -2169.05 -2787.1 413.294
v -2168.01 -2784.4 413.09
v -2161.19 -2787.04 412.878
v -2166.71 -2801.29 413.705
v -2156.6 -2805.2 413.158
v -2151.07 -2790.95 412.317
v -2142.84 -2794.15 411.849
v -2136.35 -2777.37 411.067
v -2144.58 -2774.19 411.462
v -2141.56 -2766.36 410.932
v -2151.66 -2762.44 411.255
v -2154.69 -2770.27 411.745
v -2161.52 -2767.64 411.936
v -2160.62 -2765.33 411.781
v -2152.45 -2855.87 435.309
v -2145.47 -2858.05 435.309
v -2135.13 -2861.29 435.309
v -2129.77 -2844.13 435.309
v -2140.11 -2840.89 435.309
v -2147.09 -2838.7 435.309
v -2163.37 -2855.49 415.309
v -2156.41 -2833.21 414.05
v -2153.32 -2858.64 414.622
v -2152.45 -2855.87 414.458
v -2145.47 -2858.05 413.98
v -2150.04 -2872.63 414.797
v -2139.7 -2875.87 414
v -2135.13 -2861.29 413.237
v -2126.71 -2863.92 412.588
v -2121.33 -2846.76 411.721
v -2129.77 -2844.13 412.305
v -2127.26 -2836.12 411.901
v -2137.6 -2832.88 412.637
v -2140.11 -2840.89 413.041
v -2147.09 -2838.7 413.537
v -2146.35 -2836.36 413.419
v 2414.63 -37.2208 476.952
v 2416.94 -28.7742 476.997
v 2422 -39.2556 475.143
v 2424.32 -30.8091 475.186
v 2424.74 -40.6122 474.43
v 2430.57 -42.5063 472.996
v 2420.01 -55.1634 474.637
v 2425.85 -57.0575 473.181
v 2437.76 -22.8744 472.432
v 2434.48 -32.9975 472.683
v 2430.25 -20.4428 474.542
v 2426.96 -30.5659 474.604
v 2492.08 -13.2248 457.669
v 2493.8 -8.61753 457.215
v 2498.44 -15.5796 455.784
v 2500.16 -10.9723 455.411
v 2504.88 -31.8457 453.766
v 2506.37 -27.8271 453.369
v 2511.11 -34.1621 452.14
v 2512.6 -30.1436 451.743
v 2524.92 0.532963 448.22
v 2526.32 4.25715 447.785
v 2527.37 -0.375687 447.468
v 2528.75 3.3613 447.037
v 2560.87 -13.3783 438.149
v 2559.54 -16.9362 438.625
v 2561.31 -12.1753 438.013
v 2545.21 -6.18593 442.383
v 2543.44 -10.9595 443.06
v 2582.97 -21.5946 432.201
v 2559.34 -17.4993 438.698
v 2581.43 -25.7027 432.787
v 2567.23 -15.2596 436.449
v 2568.23 -6.80023 435.724
v 2589.6 -22.58 430.349
v 2594.05 -14.5685 428.79
v 2539.27 -25.9971 444.308
v 2541.8 -16.3603 443.572
v 2565.99 -33.0103 437.446
v 2568.53 -23.3735 436.373
v 2505.52 -153.975 437.182
v 2507.2 -149.547 437.234
v 2510.66 -155.946 434.842
v 2512.36 -151.505 434.884
v 2553.44 -47.7022 439.905
v 2556.19 -42.084 440.141
v 2572.66 -57.0703 432.598
v 2575.4 -51.4392 433.073
v 2543.46 -44.3748 443.1
v 2546.69 -37.7455 442.744
v 2548.48 -46.832 441.39
v 2551.72 -40.2027 441.518
v 2552.52 -75.6783 434.577
v 2562.1 -56.008 435.596
v 2572.76 -85.5454 426.21
v 2582.36 -65.8368 427.723
v 2598.87 -79.94 443.966
v 2592.88 -92.2515 443.966
v 2590.47 -97.2042 443.966
v 2594.61 -77.8667 421.333
v 2598.87 -79.94 419.393
v 2588.62 -90.1782 420.079
v 2592.88 -92.2515 418.139
v 2590.47 -97.2042 417.636
v 2576.56 -90.4342 423.966
v 2572.03 -99.7254 423.109
v 2597.57 -112.178 411.658
v 2618.05 -70.1624 413.437
v 2606.41 -64.493 420.807
v 2578.57 -132.027 413.602
v 2585.11 -113.125 415.911
v 2591.03 -136.34 408.189
v 2597.57 -117.438 410.283
v 2582.34 -148.255 408.502
v 2577.99 -146.22 410.751
v 2586.14 -150.021 406.542
v 2591.45 -138.669 407.414
v 2583.3 -134.868 411.291
v 2568.72 -149.253 434.913
v 2574.02 -164.303 434.913
v 2563.9 -159.568 434.913
v 2569.07 -142.048 414.913
v 2566.25 -148.088 414.657
v 2568.72 -149.253 413.518
v 2563.9 -159.568 412.944
v 2561.43 -158.416 414.218
v 2558.02 -165.698 413.963
v 2570.61 -171.585 407.499
v 2574.02 -164.303 407.849
v 2574.69 -164.623 407.507
v 2551.41 -158.006 439.078
v 2551.41 -158.006 418.347
v 2550.91 -157.776 418.588
v 2549.65 -161.795 418.317
v 2560.19 -137.901 419.078
v 2557.94 -142.739 418.942
v 2522.78 -144.633 431.99
v 2529.8 -129.595 431.881
v 2561.15 -204.334 403.691
v 2568.42 -207.431 399.861
v 2554.53 -201.519 407.322
v 2542.99 -228.611 406.757
v 2556.87 -234.524 398.748
v 2568.75 -186.494 404.591
v 2576.02 -189.591 400.801
v 2540.7 -191.792 415.531
v 2545.11 -181.529 415.733
v 2551.96 -196.63 409.617
v 2556.37 -186.366 409.948
v 2531.22 -171.354 449.124
v 2528.6 -177.485 449.124
v 2532.28 -168.897 423.812
v 2531.22 -171.354 423.76
v 2521.14 -164.111 429.124
v 2512.49 -184.28 428.891
v 2523.63 -189.054 423.261
v 2528.6 -177.485 423.626
v 2534.34 -179.942 420.649
v 2536.97 -173.824 420.963
v 2467.91 -155.946 451.739
v 2471.1 -150.392 451.095
v 2475.33 -160.208 448.181
v 2478.51 -154.641 447.731
v 2477.03 -142.905 449.605
v 2480.63 -137.069 448.958
v 2498.66 -156.24 439.533
v 2502.26 -150.417 439.044
v 2488.96 -142.201 445.376
v 2480.02 -116.465 451.593
v 2489.67 -122.416 447.54
v 2469.84 -132.948 453.538
v 2479.49 -138.899 449.163
v 2503.46 -151.16 438.45
v 2513.59 -134.74 437.105
v 2499.08 -125.794 443.596
v 2490.75 -120.663 447.433
v 2512.46 -126.345 467.433
v 2494.2 -115.083 447.088
v 2521.88 -121.29 436.16
v 2517.32 -118.474 438.186
v 2512.46 -126.345 438.672
v 2502.84 -120.407 443.107
v 2509.06 -110.335 467.088
v 2509.06 -110.335 442.485
v 2523.4 -119.178 436.004
v 2528.82 -110.412 435.642
v 2505.82 -96.2316 445.477
v 2523.09 -78.2251 442.84
v 2526.03 -79.6328 441.746
v 2516.91 -75.256 445.228
v 2509.41 -90.8565 445.169
v 2518.53 -95.2334 441.468
v 2540.09 -86.3901 436.408
v 2532.59 -101.965 435.769
v 2546.13 -108.466 430.279
v 2553.62 -92.8914 430.594
v 2561.44 -96.6539 427.235
v 2566.59 -85.9294 427.946
v 2545.24 -75.6655 436.725
v 2545.68 -74.7313 436.744
v 2528.7 -66.5662 443.209
v 2528.62 -66.7326 443.196
v 2516.13 -74.872 445.546
v 2521.65 -63.3796 445.731
v 2486.56 -89.3592 452.804
v 2494.48 -76.2158 451.938
v 2497.39 -95.886 448.296
v 2505.31 -82.7427 447.823
v 2481.19 -64.1219 457.359
v 2490.59 -43.0822 457.248
v 2499.77 -72.4277 450.803
v 2509.17 -51.3752 451.278
v 2274.42 -550.814 427.989
v 2285.48 -530.966 435.366
v 2283.23 -555.716 421.128
v 2294.27 -535.854 428.275
v 2284.82 -527.318 437.951
v 2293.38 -495.133 451.983
v 2295.17 -530.07 431.484
v 2303.73 -497.884 446.528
v 2296.96 -484.677 452.308
v 2304.43 -456.613 454.193
v 2306.01 -487.083 447.643
v 2313.47 -459.019 450.731
v 2412.68 -388.876 468.786
v 2407.82 -385.177 448.786
v 2412.68 -388.876 446.363
v 2385.96 -413.997 441.368
v 2403.92 -427.614 431.062
v 2427.44 -396.58 439.606
v 2414.36 -386.662 446.963
v 2448.06 -418.643 417.924
v 2422.65 -449.459 414.889
v 2432.67 -405.96 433.374
v 2407.27 -436.777 425.78
v 2400.8 -475.95 410.474
v 2382.91 -461.207 423.75
v 2404.75 -434.703 427.69
v 2390.77 -451.673 424.526
v 2370.71 -451.148 432.362
v 2378.57 -441.614 432.696
v 2325.63 -455.269 447.446
v 2322.2 -441.089 451.427
v 2341.1 -451.519 442.496
v 2337.67 -437.34 447.454
v 2350.59 -567.796 384.312
v 2367.87 -546.489 388.789
v 2358.18 -573.952 377.381
v 2375.48 -552.657 382
v 2334.77 -556.176 398.053
v 2351.98 -534.984 402.677
v 2346.76 -565.902 387.091
v 2363.96 -544.71 391.535
v 2320.11 -541.715 413.045
v 2340.26 -521.112 416.109
v 2327.29 -548.741 405.677
v 2347.45 -528.137 408.729
v 2343.8 -501.391 425.948
v 2373.04 -465.814 425.829
v 2372.06 -524.631 399.394
v 2401.3 -489.054 404.875
v 2309.38 -524.823 428.119
v 2317.93 -492.202 441.658
v 2320.05 -527.626 421.595
v 2328.6 -495.005 435.735
v 780.38 -716.577 521.292
v 787.483 -686.376 519.206
v 851.436 -733.303 507.601
v 858.549 -703.089 507.415
v 1212.53 -1106.41 475.366
v 1210.44 -1106.46 475.366
v 1212.53 -1106.41 451.501
v 1210.44 -1106.46 451.132
v 1225.16 -1140.4 449.033
v 1237.97 -1135.65 450.519
v 1218.69 -1083.71 455.366
v 1172.86 -1084.9 446.025
v 1173.66 -1115.96 444.699
v 1210.66 -1115 450.52
v 1315.48 -685.928 543.37
v 1325.38 -716.577 543.37
v 1327.92 -715.758 543.37
v 1318.01 -685.109 543.37
v 1344.38 -710.435 543.37
v 1346.12 -709.872 543.37
v 1334.47 -679.785 543.37
v 1336.21 -679.235 543.37
v 1315.48 -685.928 522.77
v 1318.01 -685.109 522.627
v 1315.07 -684.661 522.927
v 1308.13 -686.901 523.37
v 1318.82 -719.969 519.285
v 1325.76 -717.729 518.841
v 1325.38 -716.577 518.984
v 1327.92 -715.758 518.822
v 1329.56 -720.864 518.174
v 1346.03 -715.541 517.055
v 1344.38 -710.435 517.759
v 1346.12 -709.872 517.641
v 1346.62 -711.433 517.426
v 1353 -709.36 516.994
v 1341.95 -675.178 521.489
v 1335.56 -677.239 521.848
v 1336.21 -679.235 521.606
v 1334.47 -679.785 521.705
v 1333.44 -676.599 522.091
v 1316.97 -681.91 523.015
v 2197 -332.464 525.191
v 2205.33 -325.681 525.191
v 2215.88 -333.155 525.191
v 2215.05 -345.249 525.191
v 2186.68 -296.119 505.191
v 2169.26 -320.716 501.114
v 2193.28 -337.724 494.446
v 2197 -332.464 495.322
v 2215.05 -345.249 490.34
v 2209.49 -353.107 489.04
v 2219.93 -360.516 486.165
v 2238.62 -334.128 490.506
v 2223.01 -323.071 494.813
v 2215.88 -333.155 493.155
v 2205.33 -325.681 496.074
v 2213.04 -314.778 497.869
v 2252.16 -308.097 526.707
v 2245.5 -303.733 526.707
v 2247.6 -315.034 526.707
v 2241.96 -301.417 526.707
v 2235.3 -297.053 526.707
v 2240.95 -310.683 526.707
v 2237.41 -308.366 526.707
v 2232.16 -295.006 526.707
v 2230.75 -304.002 526.707
v 2225.51 -290.642 526.707
v 2221.7 -288.159 526.707
v 2227.61 -301.955 526.707
v 2215.05 -283.795 526.707
v 2220.95 -297.591 526.707
v 2217.16 -295.108 526.707
v 2210.5 -290.744 526.707
v 2251.9 -293.956 498.679
v 2258.56 -298.32 496.924
v 2245.5 -303.733 497.032
v 2241.96 -301.417 497.969
v 2248.94 -290.744 499.762
v 2242.28 -286.393 501.514
v 2235.3 -297.053 499.729
v 2232.16 -295.006 500.554
v 2238.72 -284.985 502.233
v 2232.06 -280.634 504.003
v 2225.51 -290.642 502.316
v 2221.7 -288.159 503.326
v 2227.96 -278.599 504.938
v 2221.3 -274.248 506.707
v 2215.05 -283.795 505.093
v 2212.53 -282.144 505.761
v 2207.97 -289.093 504.584
v 2210.5 -290.744 503.916
v 2204.07 -300.585 502.244
v 2210.72 -304.936 500.477
v 2217.16 -295.108 502.152
v 2220.95 -297.591 501.146
v 2214.82 -306.971 499.553
v 2221.48 -311.322 497.797
v 2227.61 -301.955 499.384
v 2230.75 -304.002 498.555
v 2225.04 -312.73 497.076
v 2231.7 -317.081 495.315
v 2237.41 -308.366 496.792
v 2240.95 -310.683 495.855
v 2234.66 -320.294 494.233
v 2241.32 -324.645 492.49
v 2247.6 -315.034 494.108
v 2249.92 -316.557 493.499
v 2254.46 -309.608 494.67
v 2252.16 -308.097 495.274
v 2112.65 -239.233 548.519
v 2112.65 -239.233 525.976
v 2121.7 -227.152 526.9
v 2106.03 -234.294 527.851
v 2095.86 -238.645 528.519
v 2116.08 -263.715 520.353
v 2135.64 -237.583 522.839
v 2168.78 -260.388 536.62
v 2164.33 -266.979 536.62
v 2175.66 -265.034 536.62
v 2171.19 -271.624 536.62
v 2168.82 -275.131 536.62
v 2164.37 -281.722 536.62
v 2161.96 -270.485 536.62
v 2162.27 -284.831 536.62
v 2157.81 -291.422 536.62
v 2157.49 -277.076 536.62
v 2155.4 -280.186 536.62
v 2155.28 -295.185 536.62
v 2150.93 -286.777 536.62
v 2150.81 -301.775 536.62
v 2143.94 -297.13 536.62
v 2148.4 -290.539 536.62
v 2154.64 -260.426 516.243
v 2159.09 -253.848 516.62
v 2164.33 -266.979 514.33
v 2161.96 -270.485 514.074
v 2151.39 -263.344 516.215
v 2146.94 -269.935 515.837
v 2157.49 -277.076 512.953
v 2155.4 -280.186 512.423
v 2145.48 -273.48 515.139
v 2141.03 -280.071 514.017
v 2150.93 -286.777 511.303
v 2148.4 -290.539 510.667
v 2138.93 -284.14 513.253
v 2134.48 -290.731 512.131
v 2143.94 -297.13 509.552
v 2142.25 -299.625 509.129
v 2149.12 -304.271 507.257
v 2150.81 -301.775 507.683
v 2160.55 -308.353 505.03
v 2165.01 -301.763 506.158
v 2155.28 -295.185 508.802
v 2157.81 -291.422 509.439
v 2167.1 -297.693 506.923
v 2171.55 -291.102 508.038
v 2162.27 -284.831 510.554
v 2164.37 -281.722 511.079
v 2173.01 -287.557 508.738
v 2177.46 -280.967 509.85
v 2168.82 -275.131 512.194
v 2171.19 -271.624 512.79
v 2180.71 -278.061 510.199
v 2185.18 -271.471 511.307
v 2175.66 -265.034 513.347
v 2177.21 -262.743 513.423
v 2170.33 -258.097 514.84
v 2168.78 -260.388 514.708
v 2266.2 -262.077 525.262
v 2276.22 -268.86 525.262
v 2288.84 -249.369 525.262
v 2288.27 -248.972 525.262
v 2280.96 -244.033 525.262
v 2279.2 -242.855 525.262
v 2247.3 -253.9 505.262
v 2264.69 -228.189 503.473
v 2264.07 -265.238 502.754
v 2266.2 -262.077 502.234
v 2276.22 -268.86 499.102
v 2267.97 -281.069 498.836
v 2277.45 -287.481 494.534
v 2302.75 -250.06 492.168
v 2292.88 -243.38 495.23
v 2288.84 -249.369 496.219
v 2288.27 -248.972 496.386
v 2290.06 -246.323 495.947
v 2282.75 -241.383 498.097
v 2280.96 -244.033 498.536
v 2279.2 -242.855 499.053
v 2281.46 -239.515 498.539
v 2213.75 -197.884 537.694
v 2209.29 -204.475 537.694
v 2220.62 -202.542 537.694
v 2206.92 -207.982 537.694
v 2202.46 -214.572 537.694
v 2216.17 -209.121 537.694
v 2213.8 -212.627 537.694
v 2209.34 -219.218 537.694
v 2207.24 -222.328 537.694
v 2202.79 -228.919 537.694
v 2200.36 -217.682 537.694
v 2200.24 -232.681 537.694
v 2195.79 -239.272 537.694
v 2195.91 -224.273 537.694
v 2193.37 -228.035 537.694
v 2188.91 -234.626 537.694
v 2199.61 -197.935 517.002
v 2204.07 -191.344 516.83
v 2209.29 -204.475 514.748
v 2206.92 -207.982 514.907
v 2196.36 -200.84 517.367
v 2191.9 -207.431 517.668
v 2202.46 -214.572 515.104
v 2200.36 -217.682 515.077
v 2190.45 -210.976 517.657
v 2185.99 -217.567 517.694
v 2195.91 -224.273 515.019
v 2193.37 -228.035 514.986
v 2183.91 -221.637 517.537
v 2179.44 -228.227 517.482
v 2188.91 -234.626 515.048
v 2187.21 -237.122 515.101
v 2194.09 -241.78 513.721
v 2195.79 -239.272 513.693
v 2205.53 -245.863 511.529
v 2209.98 -239.272 511.635
v 2200.24 -232.681 513.554
v 2202.79 -228.919 513.474
v 2212.07 -235.189 511.646
v 2216.52 -228.611 511.506
v 2207.24 -222.328 513.336
v 2209.34 -219.218 513.27
v 2217.98 -225.066 511.568
v 2222.44 -218.476 511.291
v 2213.8 -212.627 513.304
v 2216.17 -209.121 513.145
v 2225.69 -215.558 510.927
v 2230.14 -208.967 510.427
v 2220.62 -202.542 512.772
v 2222.18 -200.239 512.611
v 2215.3 -195.593 514.343
v 2213.75 -197.884 514.447
v 2144.2 -168.155 557.491
v 2139.75 -174.746 557.491
v 2146.3 -165.045 557.491
v 2137.38 -178.252 557.491
v 2132.92 -184.843 557.491
v 2130.82 -187.953 557.491
v 2126.37 -194.544 557.491
v 2123.82 -198.306 557.491
v 2119.36 -204.897 557.491
v 2126.24 -209.543 557.491
v 2130.7 -202.952 557.491
v 2133.25 -199.189 557.491
v 2137.7 -192.599 557.491
v 2150.76 -158.467 557.491
v 2139.8 -189.489 557.491
v 2144.26 -182.898 557.491
v 2146.63 -179.391 557.491
v 2151.08 -172.801 557.491
v 2157.64 -163.113 557.491
v 2153.17 -169.704 557.491
v 2130.06 -168.193 536.782
v 2134.53 -161.615 536.961
v 2139.75 -174.746 533.209
v 2137.38 -178.252 533.161
v 2126.81 -171.111 536.948
v 2122.36 -177.702 536.694
v 2132.92 -184.843 533.08
v 2130.82 -187.953 532.897
v 2120.9 -181.247 536.355
v 2116.45 -187.838 535.895
v 2126.37 -194.544 532.483
v 2123.82 -198.306 532.248
v 2114.36 -191.908 535.376
v 2109.9 -198.498 534.766
v 2119.36 -204.897 531.834
v 2117.67 -207.393 531.679
v 2124.55 -212.038 529.574
v 2126.24 -209.543 529.729
v 2135.97 -216.121 526.751
v 2140.44 -209.53 526.993
v 2130.7 -202.952 530.143
v 2133.25 -199.189 530.354
v 2142.52 -205.46 527.181
v 2146.98 -198.87 527.432
v 2137.7 -192.599 530.608
v 2139.8 -189.489 530.727
v 2148.43 -195.325 527.774
v 2152.89 -188.734 528.025
v 2144.26 -182.898 530.92
v 2146.63 -179.391 530.865
v 2156.14 -185.829 527.857
v 2160.6 -179.238 527.852
v 2151.08 -172.801 530.761
v 2153.17 -169.704 530.745
v 2162.62 -176.09 527.825
v 2167.08 -169.499 527.722
v 2157.64 -163.113 530.835
v 2158.53 -161.795 530.853
v 2151.65 -157.136 533.456
v 2150.76 -158.467 533.436
v 2141.01 -151.864 537.491
v 2136.55 -158.454 537.033
v 2146.3 -165.045 533.345
v 2144.2 -168.155 533.302
v 2244.47 -125.615 559.037
v 2245.34 -141.587 559.037
v 2252.42 -138.132 559.037
v 2245.34 -141.587 510.729
v 2239.93 -139.821 512.339
v 2244.87 -143.097 510.778
v 2252.44 -145.516 508.747
v 2254.57 -138.823 508.525
v 2252.42 -138.132 509.102
v 2258.9 -117.796 508.648
v 2195.9 -97.7161 535.987
v 2189.38 -95.6429 539.037
v 2185.79 -106.918 537.546
v 2244.47 -125.615 513.096
v 2295.13 -124.732 499.587
v 2268.9 -116.375 506.128
v 2300.55 -107.724 499.19
v 2274.32 -99.3671 505.684
v 2197.23 -93.544 536.137
v 2202.87 -75.8319 537.278
v 2274.54 -98.676 505.665
v 2180.71 -92.8786 543.309
v 2187.68 -70.9943 546.204
v 2190.78 -62.3174 546.335
v 2200.34 -32.3192 545.551
v 2227.85 -74.1298 525.973
v 2237.41 -44.1316 524.781
v 2231.27 -42.1864 528.644
v 2203.81 -21.4282 541.973
v 2234.75 -31.2954 526.64
v 2239.97 -51.3752 522.082
v 2246.66 -30.3867 519.752
v 2294.31 -68.6907 502.597
v 2300.99 -47.7022 502.141
v 2321.52 348.564 536.806
v 2331.23 357.51 536.806
v 2319.52 339.746 513.01
v 2321.52 348.564 512.38
v 2337.65 335.612 516.806
v 2342.08 355.027 512.959
v 2331.23 357.51 512.323
v 2338.29 377.449 508.425
v 2328.3 380.982 508.397
v 2317.34 350.048 512.278
v 2296.92 350.522 510.866
v 2310.01 387.458 510.511
v 2315.21 344.033 512.387
v 2396.41 337.775 523.428
v 2398.88 345.262 520.145
v 2405.12 334.895 526.262
v 2407.59 342.382 521.753
v 2392.65 337.263 546.717
v 2394.2 337.301 546.717
v 2397.03 345.876 546.717
v 2366.3 355.999 546.717
v 2363.48 347.425 546.717
v 2365.1 346.35 546.717
v 2394.03 336.802 523.821
v 2392.65 337.263 523.595
v 2394.2 337.301 523.603
v 2396.05 336.687 523.905
v 2397.03 345.876 519.843
v 2399.96 354.732 515.959
v 2369.23 364.869 510.968
v 2366.3 355.999 513.89
v 2363.43 356.959 513.619
v 2360.59 348.385 515.578
v 2363.48 347.425 515.849
v 2363.32 346.938 515.96
v 2365.1 346.35 516.126
v 2362.68 339.016 518.43
v 2390.24 329.929 526.717
v 2440.65 315.314 568.871
v 2445.35 331.824 568.871
v 2438.51 333.769 568.871
v 2414.76 322.686 533.806
v 2440.65 315.314 540.648
v 2410.65 308.262 541.331
v 2436.56 300.89 548.871
v 2444.34 298.676 543.867
v 2456.56 341.64 518.955
v 2422.97 351.2 518.387
v 2418.64 335.996 527.652
v 2437.59 330.595 531.89
v 2438.51 333.769 529.811
v 2445.35 331.824 527.96
v 132.011 -2532.35 523.472
v 122.215 -2543.84 523.472
v 186.057 -2556.67 523.472
v 193.159 -2544.5 523.472
v 132.011 -2532.35 485.494
v 137.076 -2514.1 479.16
v 125.254 -2532.01 487.664
v 122.215 -2543.84 492.668
v 115.124 -2543.16 494.777
v 111.072 -2564.44 503.472
v 182.35 -2577.27 473.354
v 186.057 -2556.67 471.102
v 192.146 -2557.68 468.61
v 193.159 -2544.5 466.983
v 201.263 -2544.5 463.768
v 200.283 -2523.63 462.145
v 85.7356 -2703.28 507.262
v 113.766 -2572.55 502.233
v 119.632 -2712.43 493.019
v 145.982 -2577.31 488.633
v 225.03 -2628.31 488.725
v 190.242 -2697.9 468.725
v 215.579 -2564.13 460.888
v 208.822 -2702.63 462.445
v 225.03 -2628.31 459.51
v 254.763 -2634.73 450.73
v 268.945 -2573.58 443.712
v 70.6518 -2748.91 504.831
v 74.3699 -2730.67 506.675
v 108.823 -2755.66 489.838
v 112.875 -2737.76 491.351
v 127.069 -2702.29 491.863
v 147.34 -2595.21 488.063
v 143.956 -2706 484.953
v 164.906 -2598.59 480.851
v 88.8971 -2618.52 536.48
v 79.78 -2652.8 536.48
v 90.9231 -2610.41 511.014
v 100.385 -2612.1 507.171
v 88.8971 -2618.52 511.728
v 83.153 -2617.33 514.063
v 75.0489 -2651.79 516.48
v 79.78 -2652.8 514.589
v 77.5759 -2664.12 515.139
v 89.5761 -2666.15 510.393
v -1249.32 2011.55 550.89
v -1261 2015.32 553.747
v -1239.75 2041.19 554.06
v -1251.42 2044.95 557.104
v -1258.55 2057.88 586.764
v -1247.48 2086.77 563.668
v -1258.55 2057.88 560.845
v -1258.25 2090.89 566.764
v -1281.71 2029.62 560.192
v -1264.98 2023.22 555.843
v -1252.59 2055.59 559.222
v -1283.34 2048.04 564.038
v -1273.33 2074.16 566.876
v -1275.9 2045.2 561.968
v -1265.91 2071.32 564.858
v -1271.92 1968.35 547.627
v -1242.45 1992.05 546.604
v -1264.84 1959.53 544.987
v -1235.36 1983.23 543.906
v -1259.76 1957.21 543.793
v -1239.29 1973.68 543.13
v -1253.37 1949.26 541.423
v -1232.89 1965.72 540.931
v -1264.2 1937.15 541.104
v -1241.18 1953.41 540.173
v -1258.36 1928.89 538.853
v -1235.35 1945.15 538.087
v -1304.99 1947.07 574.661
v -1307.96 1954.14 574.661
v -1312.57 1952.21 574.661
v -1324.93 1953.52 574.661
v -1316.87 1936.16 574.661
v -1309.6 1945.13 574.661
v -1326.49 1945.2 574.661
v -1324.33 1940.07 574.661
v -1300.73 1936.94 546.372
v -1304.99 1947.07 548.904
v -1284.62 1943.72 545.184
v -1296.08 1970.93 551.936
v -1312.18 1964.15 553.292
v -1307.96 1954.14 550.721
v -1312.57 1952.21 551.021
v -1314.91 1957.75 552.423
v -1324.93 1953.52 553.07
v -1326.49 1957.21 554.1
v -1334.5 1953.83 554.661
v -1330.21 1943.64 551.945
v -1326.49 1945.2 551.702
v -1324.33 1940.07 550.404
v -1327.74 1938.63 550.624
v -1322.8 1926.88 547.425
v -1314.45 1930.4 547.005
v -1316.87 1936.16 548.548
v -1307.48 1940.11 547.963
v -1309.6 1945.13 549.232
v -1363.07 1909.28 581.167
v -1366.82 1922.59 581.167
v -1367.94 1917.74 581.167
v -1358.56 1901.47 549.327
v -1363.07 1909.28 550.442
v -1344.32 1909.67 546.932
v -1357.73 1932.93 554.313
v -1369.03 1926.41 555.333
v -1366.82 1922.59 554.102
v -1369.77 1920.9 554.38
v -1367.94 1917.74 553.308
v -1414.11 1891.13 561.167
v -1409.22 1882.66 560.177
v -1380.81 1957.52 563.465
v -1357.52 1979.16 563.842
v -1366.59 1942.22 557.87
v -1343.29 1963.87 558.216
v -1314.44 1996.89 560.075
v -1296.71 2013.38 559.979
v -1308.95 1990.99 557.956
v -1291.23 2007.46 557.806
v -1318.29 2027.35 586.794
v -1312.76 2021.39 586.794
v -1307.47 2015.71 586.794
v -1312.76 2021.39 564.523
v -1318.29 2027.35 566.794
v -1307.47 2015.71 562.462
v -1306.67 2014.85 562.152
v -1279.4 2040.18 561.688
v -1291.02 2052.7 566.507
v -1327.54 2007.66 586.794
v -1335.17 2000.58 564.409
v -1340.7 2006.54 566.651
v -1327.54 2007.66 564.431
v -1322.26 2001.97 562.417
v -1324.84 2021.27 566.791
v -1384.38 1965.95 565.59
v -1389.4 1971.35 567.491
v -1329.86 2026.68 568.853
v -922.507 1885.46 523.425
v -929.365 1872.67 523.425
v -918.7 1872.85 523.425
v -911.954 1884.88 523.425
v -914.058 1872.92 523.425
v -929.186 1861.95 523.425
v -921.951 1851.38 523.425
v -918.522 1862.13 523.425
v -903.416 1873.1 523.425
v -913.88 1862.21 523.425
v -911.409 1852.07 523.425
v -903.238 1862.39 523.425
v -922.541 1887.22 502.833
v -922.507 1885.46 502.689
v -929.609 1887.11 502.539
v -929.365 1872.67 501.218
v -932.893 1872.62 501.049
v -932.715 1861.9 500.147
v -929.186 1861.95 500.348
v -928.975 1848.87 499.233
v -921.906 1848.99 499.662
v -921.951 1851.38 499.884
v -918.344 1851.45 500.084
v -918.522 1862.13 500.934
v -913.88 1862.21 501.127
v -913.713 1852.04 500.377
v -911.409 1852.07 500.508
v -911.342 1848 500.2
v -903.004 1848.14 500.677
v -903.238 1862.39 501.569
v -898.518 1862.47 501.837
v -898.696 1873.18 502.638
v -903.416 1873.1 502.442
v -903.65 1887.35 503.425
v -911.988 1887.21 503.128
v -911.954 1884.88 502.946
v -914.247 1884.84 502.879
v -914.058 1872.92 502
v -918.7 1872.85 501.807
v -918.912 1885.52 502.82
v -1187.85 1916.56 527.284
v -1193.46 1932.64 530.154
v -1168.14 1923.42 525.634
v -1173.76 1939.51 528.364
v -1208.54 1893.08 524.881
v -1216 1910.85 530.246
v -1190.45 1900.67 524.54
v -1197.91 1918.44 528.833
v -1240.78 1873.67 525.741
v -1240.78 1893.22 530.368
v -1220.78 1873.67 521.291
v -1220.78 1893.22 526.516
v -1279.8 1903.46 537.89
v -1272.89 1920.69 539.446
v -1260.09 1895.55 533.488
v -1253.17 1912.78 535.436
v -1254.91 1925.33 537.749
v -1203.6 1962.7 535.796
v -1248.65 1916.74 535.428
v -1197.34 1954.1 533.528
v -1185.3 1976.82 534.698
v -1181.86 1977.05 534.176
v -1184.81 1969.88 533.753
v -1181.37 1970.13 533.232
v -1194.39 1980.33 536.594
v -1194.74 1985.29 537.313
v -1182.35 1981.17 534.77
v -1182.71 1986.14 535.448
v -1231.08 2045.17 553.044
v -1220.64 2077.57 556.416
v -1219.73 2041.51 550.265
v -1209.28 2073.91 553.384
v -1212.57 2037.42 548.144
v -1202.13 2069.81 551.18
v -1201.22 2033.74 545.292
v -1190.77 2066.14 548.249
v -1243.63 2007.1 549.08
v -1233.18 2039.5 552.501
v -1232.26 2003.43 546.55
v -1221.81 2035.83 549.735
v -1224.36 1998.03 544.372
v -1213.91 2030.43 547.256
v -1213 1994.37 541.844
v -1202.55 2026.77 544.514
v -1160.65 1996.81 560.156
v -1151.35 2034.37 538.029
v -1174.5 2031.48 540.156
v -1170.03 1995.64 535.01
v -1160.65 1996.81 534.127
v -1160.04 1991.94 533.426
v -1139.81 1994.47 531.495
v -1166.45 1964.74 530.664
v -1169.61 1986.34 533.791
v -1127.4 1970.43 526.874
v -1130.55 1992.05 530.139
v -1081.99 1986.34 523.895
v -1113.45 2025.83 532.882
v -1074.93 1991.98 523.921
v -1106.38 2031.45 532.808
v -1445.17 1888.1 567.726
v -1451.9 1895.14 569.203
v -1384.58 1945.96 562.039
v -1391.3 1952.99 564.44
v -1470.89 1909.29 573.756
v -1407.98 1964.39 569.371
v -1464.38 1901.84 572.047
v -1401.46 1956.94 567.073
v -1377.3 1834.72 553.848
v -1375.88 1842.78 553.547
v -1377.73 1832.32 553.943
v -1326.33 1823.21 541.405
v -1324.47 1833.67 541.619
v -1433.74 1844.71 564.855
v -1431.73 1856.05 564.554
v -1375.3 1846.06 553.424
v -1378.93 1799.15 582.446
v -1408.8 1795.24 582.446
v -1388.42 1791.93 582.446
v -1377.54 1807.68 554.115
v -1378.93 1799.15 554.457
v -1420.68 1814.7 562.067
v -1423.46 1797.62 562.446
v -1408.8 1795.24 559.849
v -1412.98 1769.49 553.925
v -1392.61 1766.17 549.095
v -1388.42 1791.93 555.701
v -1364.89 1788.1 550.431
v -1363.5 1796.64 551.761
v -1342.6 1796.64 566.79
v -1327.4 1793.9 566.79
v -1327.4 1793.9 540.763
v -1342.6 1796.64 546.79
v -1326.47 1799.02 540.805
v -1341.68 1801.77 546.608
v -1327.97 1783.36 537.784
v -1317.13 1781.41 533.458
v -1328.71 1779.17 536.802
v -1317.89 1777.22 532.737
v -1344.46 1786.33 545.001
v -1315.28 1791.71 535.48
v -1370.4 1750.97 563.371
v -1360.77 1744.42 563.371
v -1370.4 1750.97 540.495
v -1377.84 1756.02 543.371
v -1387.39 1742 541.191
v -1369.87 1730.07 534.129
v -1360.3 1744.1 536.332
v -1360.77 1744.42 536.525
v -1329.86 1767.34 534.434
v -1336.04 1777.08 538.951
v -1529.22 1823.44 581.607
v -1528.76 1831.12 581.899
v -1466.67 1819.7 570.703
v -1466.21 1827.4 570.752
v -1530.07 1761.75 595.812
v -1529.97 1770.25 595.812
v -1520.33 1770.13 574.329
v -1520.43 1761.63 572.412
v -1529.97 1770.25 574.9
v -1529.93 1773.11 575.544
v -1538.13 1773.2 575.812
v -1538.29 1758.65 572.608
v -1530.1 1758.55 572.326
v -1530.07 1761.75 573.025
v -1539.9 1782.61 577.975
v -1538.92 1795.14 580.412
v -1490.34 1778.73 570.788
v -1489.36 1791.26 573.586
v -1510.69 1744.29 589.84
v -1501.72 1752.63 589.84
v -1504.86 1755.82 589.84
v -1513.54 1748.58 589.84
v -1510.79 1733.83 589.84
v -1500.01 1733.73 589.84
v -1499.99 1736.25 589.84
v -1510.75 1736.34 589.84
v -1501.8 1744.21 564.82
v -1510.69 1744.29 566.649
v -1501.72 1752.63 566.816
v -1491.35 1752.54 564.726
v -1491.25 1763.28 567.212
v -1504.8 1763.41 569.828
v -1504.86 1755.82 568.133
v -1513.47 1755.91 569.796
v -1513.54 1748.58 568.158
v -1523.01 1748.66 569.84
v -1523.18 1730.8 565.832
v -1510.81 1730.68 563.46
v -1510.79 1733.83 564.164
v -1500.01 1733.73 561.938
v -1500.06 1728.19 560.7
v -1492.14 1728.11 559.065
v -1492.02 1740.68 561.954
v -1499.94 1740.74 563.589
v -1499.99 1736.25 562.501
v -1510.75 1736.34 564.722
v -1462.8 1793.53 569.375
v -1462.33 1804.7 569.491
v -1433.37 1792.31 563.823
v -1432.91 1803.47 564.221
v -1483.99 1797.06 573.292
v -1483.54 1808.13 573.508
v -1484.06 1795.59 573.264
v -1469.8 1795 570.699
v -1469.28 1807.54 570.865
v -1530.57 1799.01 580.378
v -1530.11 1810.08 580.827
v -1458.64 1761.25 560.449
v -1460.25 1771.26 563.333
v -1429.49 1765.88 556.048
v -1431.08 1775.89 559.059
v -1484.84 1756.52 564.371
v -1486.52 1767.07 567.2
v -1458.57 1760.71 560.303
v -1397.01 1742.15 543.124
v -1433.31 1736.59 548.958
v -1398.59 1752.44 546.385
v -1434.88 1746.9 552.026
v -1434.87 1746.77 551.99
v -1473.32 1730.48 555.63
v -1474.87 1740.65 558.5
v -4314.33 3216.12 605.513
v -4316.94 3216.14 605.513
v -4316.97 3210.91 605.513
v -4321.76 3207.15 605.513
v -4308.29 3206.98 605.513
v -4314.36 3210.9 605.513
v -4325.9 3207.16 605.513
v -4305.02 3206.96 605.513
v -4288 3206.88 605.513
v -4288.1 3187.76 605.513
v -4305.11 3187.85 605.513
v -4310.24 3201.26 605.513
v -4326 3188.05 605.513
v -4321.78 3201.31 605.513
v -4344.57 3207.27 605.513
v -4347.34 3207.28 605.513
v -4353.1 3209.48 605.513
v -4353.07 3213.96 605.513
v -4355.11 3213.97 605.513
v -4355.13 3209.49 605.513
v -4362.48 3206.11 605.513
v -4366.83 3206.14 605.513
v -4382.78 3206.22 605.513
v -4344.66 3188.14 605.513
v -4349.51 3199.24 605.513
v -4366.93 3187.01 605.513
v -4360.91 3199.29 605.513
v -4382.88 3187.09 605.513
v -4307.97 3216.1 579.516
v -4314.33 3216.12 580.059
v -4307.91 3227.07 579.141
v -4322.3 3227.15 580.37
v -4322.36 3216.17 580.632
v -4316.94 3216.14 580.278
v -4316.97 3210.91 580.456
v -4321.74 3210.94 580.767
v -4321.76 3207.15 580.896
v -4325.9 3207.16 581.166
v -4325.89 3211.08 581.034
v -4344.55 3211.17 582.331
v -4344.57 3207.27 582.383
v -4347.34 3207.28 582.583
v -4347.33 3209.45 582.575
v -4353.1 3209.48 583.068
v -4353.07 3213.96 583.05
v -4346.85 3213.93 582.518
v -4346.78 3226.1 582.47
v -4361.8 3226.17 583.728
v -4361.87 3214.01 583.759
v -4355.11 3213.97 583.224
v -4355.13 3209.49 583.242
v -4362.46 3209.53 583.813
v -4362.48 3206.11 583.827
v -4366.83 3206.14 584.111
v -4366.81 3210.64 584.094
v -4382.76 3210.72 585.137
v -4382.78 3206.22 585.154
v -4388.28 3206.24 585.513
v -4388.38 3187.12 585.249
v -4382.88 3187.09 584.889
v -4382.92 3181.16 584.786
v -4366.97 3181.09 584.063
v -4366.93 3187.01 584.041
v -4360.97 3186.99 583.771
v -4360.91 3199.29 583.748
v -4349.51 3199.24 582.976
v -4349.57 3188.17 583.045
v -4344.66 3188.14 582.725
v -4344.69 3181.41 582.75
v -4326.03 3181.3 581.858
v -4326 3188.05 581.63
v -4321.86 3188.03 581.443
v -4321.78 3201.31 581.093
v -4310.24 3201.26 580.252
v -4310.3 3187.87 580.795
v -4305.11 3187.85 580.456
v -4305.13 3183.34 580.609
v -4288.12 3183.25 579.666
v -4288.1 3187.76 579.378
v -4281.84 3187.73 579.096
v -4281.75 3206.84 578.034
v -4288 3206.88 578.44
v -4287.96 3212.28 578.094
v -4304.98 3212.36 579.387
v -4305.02 3206.96 579.571
v -4308.29 3206.98 579.85
v -4308.27 3210.88 579.717
v -4314.36 3210.9 580.237
v -2504.96 -420.613 501.182
v -2503.49 -405.103 500.678
v -2462.41 -424.645 513.923
v -2460.94 -409.134 514.113
v -2540.31 -413.229 516.612
v -2534.39 -415.123 516.612
v -2541.52 -417.005 516.612
v -2530.85 -416.249 516.612
v -2536.57 -421.957 516.612
v -2532.44 -423.288 516.612
v -2526.6 -425.157 516.612
v -2524.75 -419.385 516.612
v -2543.88 -412.09 488.669
v -2540.5 -401.532 488.757
v -2540.31 -413.229 489.842
v -2541.52 -417.005 489.938
v -2545.36 -415.776 488.615
v -2548.99 -427.115 488.911
v -2539.22 -430.237 492.272
v -2536.57 -421.957 492.056
v -2532.44 -423.288 493.479
v -2535.55 -433.001 493.579
v -2525.72 -436.15 496.506
v -2522.61 -426.436 496.612
v -2526.6 -425.157 495.425
v -2524.75 -419.385 495.341
v -2521.18 -420.524 496.553
v -2517.62 -409.377 496.465
v -2527.62 -406.178 493.17
v -2530.85 -416.249 493.095
v -2534.39 -415.123 491.877
v -2531.01 -404.565 492.016
v -2567.33 -394.225 506.532
v -2561.41 -396.119 506.532
v -2568.54 -398 506.532
v -2557.87 -397.258 506.532
v -2563.6 -402.966 506.532
v -2559.47 -404.284 506.532
v -2553.63 -406.152 506.532
v -2551.78 -400.381 506.532
v -2570.9 -393.086 471.078
v -2567.52 -382.528 470.951
v -2567.33 -394.225 474.153
v -2568.54 -398 473.787
v -2572.38 -396.772 470.971
v -2576 -408.11 469.92
v -2566.25 -411.233 476.996
v -2563.6 -402.966 477.792
v -2559.47 -404.284 480.788
v -2562.58 -414.01 479.975
v -2552.75 -417.145 486.532
v -2549.63 -407.432 486.417
v -2553.63 -406.152 484.915
v -2551.78 -400.381 484.823
v -2548.21 -401.532 486.167
v -2544.63 -390.373 485.989
v -2554.65 -387.174 481.98
v -2557.87 -397.258 481.019
v -2561.41 -396.119 478.45
v -2558.04 -385.561 479.153
v -2590.55 -369.103 487.687
v -2584.64 -370.997 487.687
v -2591.77 -372.879 487.687
v -2581.1 -372.124 487.687
v -2586.82 -377.831 487.687
v -2582.69 -379.162 487.687
v -2576.85 -381.031 487.687
v -2575 -375.259 487.687
v -2594.13 -367.952 447.298
v -2590.75 -357.406 448.223
v -2590.55 -369.103 450.325
v -2591.77 -372.879 449.989
v -2595.61 -371.65 446.737
v -2599.23 -382.989 445.73
v -2589.47 -386.111 454.224
v -2586.82 -377.831 454.733
v -2582.69 -379.162 458.259
v -2585.8 -388.876 457.962
v -2575.97 -392.024 466.726
v -2572.86 -382.311 466.649
v -2576.85 -381.031 463.247
v -2575 -375.259 463.723
v -2571.43 -376.398 466.772
v -2567.86 -365.251 467.687
v -2577.87 -362.052 459.215
v -2581.1 -372.124 458.326
v -2584.64 -370.997 455.33
v -2581.26 -360.44 456.261
v -2547.69 -345.249 506.597
v -2541.77 -347.143 506.597
v -2548.91 -349.024 506.597
v -2538.23 -348.269 506.597
v -2543.96 -353.977 506.597
v -2539.83 -355.295 506.597
v -2533.99 -357.176 506.597
v -2532.14 -351.404 506.597
v -2551.27 -344.097 476.11
v -2547.89 -333.539 475.513
v -2547.69 -345.249 477.612
v -2548.91 -349.024 477.823
v -2552.75 -347.796 476.211
v -2556.38 -359.134 475.797
v -2546.61 -362.257 480.844
v -2543.96 -353.977 480.382
v -2539.83 -355.295 482.029
v -2542.94 -365.021 482.609
v -2533.11 -368.169 486.597
v -2530.01 -358.443 486.002
v -2533.99 -357.176 484.387
v -2532.14 -351.404 484.133
v -2528.57 -352.543 485.557
v -2525.01 -341.397 485.112
v -2535.01 -338.185 481.009
v -2538.23 -348.269 481.524
v -2541.77 -347.143 480.097
v -2538.4 -336.585 479.499
v -2569.42 -318.643 493.996
v -2563.5 -320.537 493.996
v -2570.63 -322.418 493.996
v -2559.96 -321.663 493.996
v -2565.68 -327.371 493.996
v -2561.55 -328.702 493.996
v -2555.71 -330.57 493.996
v -2553.87 -324.798 493.996
v -2572.99 -317.504 455.515
v -2569.61 -306.946 456.364
v -2569.42 -318.643 458.522
v -2570.63 -322.418 458.227
v -2574.47 -321.189 454.985
v -2578.1 -332.528 454.048
v -2568.33 -335.651 462.268
v -2565.68 -327.371 462.983
v -2561.55 -328.702 466.461
v -2564.67 -338.415 465.643
v -2554.83 -341.563 473.996
v -2551.72 -331.85 473.825
v -2555.71 -330.57 471.396
v -2553.87 -324.798 471.823
v -2550.3 -325.937 473.351
v -2546.73 -314.791 472.796
v -2556.73 -311.591 467.313
v -2559.96 -321.663 466.509
v -2563.5 -320.537 463.522
v -2560.12 -309.979 464.364
v -2512.72 -358.571 536.333
v -2509.5 -340.168 536.333
v -2529.06 -379.431 489.725
v -2521.9 -382.208 492.553
v -2512.72 -358.571 492.05
v -2452.2 -382.067 516.072
v -2445.57 -365.008 516.333
v -2509.5 -340.168 490.378
v -2509.02 -338.927 490.364
v -2512.76 -337.481 488.807
v 2997.81 2459.17 570.65
v 3012.58 2453.25 570.65
v 2996.11 2459.84 550.65
v 2997.81 2459.17 550.276
v 2991.54 2448.44 548.953
v 3008.72 2441.58 544.862
v 3013.27 2452.97 546.513
v 3012.58 2453.25 546.683
v 3013.48 2455.52 547.07
v 2998.71 2461.43 550.62
v 2977.35 2450.65 572.037
v 2992.12 2444.74 572.037
v 2975.65 2451.33 552.037
v 2977.35 2450.65 551.651
v 2971.09 2439.93 550.678
v 2988.26 2433.07 546.339
v 2992.82 2444.47 547.918
v 2992.12 2444.74 548.089
v 2993.03 2447.01 548.409
v 2978.25 2452.92 551.922
v 3003.23 2417.1 540.467
v 3009.69 2435.75 543.506
v 3015.8 2412.77 537.411
v 3022.25 2431.4 540.335
v 2967.94 2419.15 569.029
v 2972.03 2406.9 569.029
v 2980.14 2404.1 569.029
v 2993.73 2399.39 569.029
v 3026.37 2430.29 569.029
v 3015.23 2403.52 569.029
v 2997.9 2397.96 569.029
v 3036.8 2445.05 569.029
v 3032.7 2441.23 569.029
v 2959.67 2422.02 549.029
v 2967.94 2419.15 547.089
v 2955.61 2410.28 547.603
v 2971.31 2404.84 543.78
v 2972.03 2406.9 544.071
v 2980.14 2404.1 541.958
v 2979.52 2402.31 541.706
v 2993.12 2397.61 538.174
v 2993.73 2399.39 538.436
v 2997.9 2397.96 537.389
v 2997.09 2395.6 536.999
v 3023.41 2386.49 530.108
v 3043.72 2445.16 539.988
v 3037.57 2447.29 541.432
v 3036.8 2445.05 541.03
v 3034.31 2445.91 541.635
v 3032.7 2441.23 540.826
v 3030.44 2442.03 541.399
v 3026.37 2430.29 539.368
v 3024.69 2430.86 539.791
v 3015.23 2403.52 535.408
v 2968.16 2419.81 547.169
v 3069.7 2725.67 537.235
v 3064.77 2740.6 536.859
v 3079.46 2728.9 536.526
v 3074.53 2743.82 536.185
v 3069.59 2709.03 537.993
v 3066.42 2719.11 537.701
v 3085.71 2714.1 536.778
v 3082.53 2724.19 536.549
v 3145.03 2719.23 555.518
v 3143.45 2723.74 555.518
v 3135.38 2712.4 555.518
v 3138.92 2734.29 555.518
v 3113.2 2725.29 555.518
v 3133.25 2711.64 555.518
v 3110.04 2713.96 555.518
v 3119.99 2715.52 555.518
v 3121.6 2710.95 555.518
v 3145.03 2719.23 534.614
v 3149.8 2720.9 534.586
v 3143.45 2723.74 534.369
v 3149.68 2725.92 534.332
v 3145.9 2736.73 533.888
v 3138.92 2734.29 533.964
v 3137.83 2737.4 533.854
v 3112.11 2728.4 534.706
v 3113.2 2725.29 534.75
v 3104.31 2722.16 535.388
v 3107.49 2713.06 535.518
v 3110.04 2713.96 535.335
v 3110.64 2712.24 535.359
v 3119.99 2715.52 534.688
v 3121.6 2710.95 534.758
v 3116.55 2709.18 535.135
v 3119.92 2699.58 535.085
v 3135.56 2705.06 535.025
v 3133.25 2711.64 534.861
v 3135.38 2712.4 534.847
v 3137.87 2705.28 535.048
v 3153.38 2710.71 535.129
v 3036.87 2654.28 568.846
v 3032.65 2650.67 568.846
v 3012.02 2631.92 568.846
v 3022.6 2631.68 568.846
v 3024.45 2629.64 568.846
v 3024.88 2621.99 568.846
v 3038.39 2655.67 568.846
v 3043.05 2638.5 568.846
v 3035.38 2639.58 568.846
v 3063.28 2678.21 568.846
v 3058.01 2673.5 568.846
v 3033.53 2641.61 568.846
v 3041.54 2649.16 568.846
v 3082.9 2696.04 568.846
v 3083.73 2687.42 568.846
v 3085.48 2685.49 568.846
v 3048.45 2655.45 568.846
v 3092.78 2684.47 568.846
v 3075.51 2668.77 568.846
v 3050.21 2653.5 568.846
v 3050.62 2646.23 568.846
v 3075.1 2676.06 568.846
v 3067.88 2661.93 568.846
v 3060.59 2662.95 568.846
v 3073.34 2677.99 568.846
v 3065.94 2671.33 568.846
v 3058.83 2664.88 568.846
v 3036.77 2654.41 543.974
v 3036.87 2654.28 543.97
v 3032.65 2650.67 544.685
v 3031.04 2652.45 544.692
v 3010.4 2633.7 548.523
v 3012.02 2631.92 548.467
v 3009.95 2630.04 548.846
v 3014.86 2624.64 548.69
v 3022.6 2631.68 547.26
v 3024.45 2629.64 547.197
v 3019.51 2625.15 548.103
v 3023.51 2620.75 548.087
v 3024.88 2621.99 547.801
v 3027.05 2619.59 547.795
v 3045.22 2636.11 544.494
v 3043.05 2638.5 544.527
v 3044.49 2639.81 544.29
v 3040.48 2644.22 544.351
v 3035.38 2639.58 545.193
v 3033.53 2641.61 545.256
v 3041.67 2649.01 543.88
v 3041.54 2649.16 543.882
v 3048.45 2655.45 542.793
v 3050.21 2653.5 542.718
v 3045.51 2649.24 543.49
v 3049.32 2645.04 543.433
v 3050.62 2646.23 543.218
v 3052.68 2643.95 543.187
v 3069.96 2659.65 540.512
v 3067.88 2661.93 540.608
v 3069.25 2663.17 540.418
v 3065.45 2667.37 540.594
v 3060.59 2662.95 541.269
v 3058.83 2664.88 541.35
v 3065.94 2671.33 540.364
v 3065.98 2671.3 540.361
v 3073.34 2677.99 539.338
v 3075.1 2676.06 539.257
v 3070.39 2671.78 539.911
v 3074.21 2667.58 539.734
v 3075.51 2668.77 539.553
v 3077.57 2666.49 539.458
v 3094.83 2682.19 537.366
v 3092.78 2684.47 537.48
v 3094.14 2685.71 537.351
v 3090.34 2689.91 537.573
v 3085.48 2685.49 538.033
v 3083.73 2687.42 538.092
v 3089.57 2692.74 537.499
v 3084.91 2697.87 537.54
v 3082.9 2696.04 537.743
v 3081.35 2697.74 537.757
v 3061.74 2679.91 540.13
v 3063.28 2678.21 540.136
v 3058.01 2673.5 540.898
v 3056.46 2675.19 540.894
v 3036.85 2657.37 543.752
v 3038.39 2655.67 543.758
v 3064.79 2592.43 564.758
v 3071.64 2593.22 564.758
v 3064.47 2596.9 564.758
v 3073.39 2608.19 564.758
v 3068.59 2605.45 564.758
v 3077.5 2590.22 564.758
v 3075.81 2601.75 564.758
v 3081.82 2598.67 564.758
v 3075.02 2585.38 564.758
v 3079.86 2577.21 564.758
v 3093.82 2604.46 564.758
v 3083.45 2601.85 564.758
v 3063.35 2589.62 544.719
v 3064.79 2592.43 544.493
v 3068.45 2587 544.062
v 3071.64 2593.22 543.562
v 3077.5 2590.22 542.802
v 3075.02 2585.38 543.191
v 3072.33 2586.76 543.54
v 3069.01 2580.3 544.06
v 3078.87 2575.25 542.781
v 3079.86 2577.21 542.626
v 3081.82 2576.2 542.373
v 3095.78 2603.45 540.147
v 3093.82 2604.46 540.393
v 3094.39 2605.55 540.297
v 3084.11 2610.81 541.285
v 3080.34 2603.44 542.062
v 3083.45 2601.85 541.775
v 3081.82 2598.67 542.11
v 3075.81 2601.75 542.715
v 3079.48 2608.93 541.908
v 3074.96 2611.25 542.391
v 3073.39 2608.19 542.743
v 3070.69 2609.57 543.043
v 3068.59 2605.45 543.516
v 3067.15 2606.19 543.675
v 3062.82 2597.74 544.648
v 3064.47 2596.9 544.465
v 3062.72 2593.49 544.758
v 3082.55 2627.17 561.01
v 3089.39 2627.97 561.01
v 3082.21 2631.64 561.01
v 3091.14 2642.93 561.01
v 3086.33 2640.19 561.01
v 3095.25 2624.96 561.01
v 3093.55 2636.49 561.01
v 3099.58 2633.41 561.01
v 3092.76 2620.12 561.01
v 3097.62 2611.95 561.01
v 3111.58 2639.2 561.01
v 3101.2 2636.59 561.01
v 3081.1 2624.36 541.01
v 3082.55 2627.17 540.772
v 3086.2 2621.74 540.539
v 3089.39 2627.97 539.965
v 3095.25 2624.96 539.343
v 3092.76 2620.12 539.854
v 3090.07 2621.5 540.102
v 3086.76 2615.04 540.783
v 3096.62 2609.99 539.875
v 3097.62 2611.95 539.668
v 3099.58 2610.94 539.488
v 3113.54 2638.19 536.985
v 3111.58 2639.2 537.194
v 3112.13 2640.29 537.11
v 3101.87 2645.55 538.065
v 3098.1 2638.18 538.771
v 3101.2 2636.59 538.442
v 3099.58 2633.41 538.688
v 3093.55 2636.49 539.29
v 3097.24 2643.67 538.601
v 3092.71 2645.99 538.934
v 3091.14 2642.93 539.228
v 3088.45 2644.31 539.425
v 3086.33 2640.19 539.82
v 3084.89 2640.92 539.926
v 3080.57 2632.48 540.734
v 3082.21 2631.64 540.614
v 3080.46 2628.23 540.941
v 3060.34 2529.89 568.242
v 3066.03 2532.78 568.242
v 3050.39 2538.67 568.242
v 3051.38 2543.24 568.242
v 3066.93 2546.31 568.242
v 3063.05 2548.62 568.242
v 3056.17 2521.15 546.474
v 3042.1 2533.56 548.242
v 3062.34 2528.12 545.555
v 3060.34 2529.89 545.806
v 3066.03 2532.78 544.998
v 3065.75 2528.63 545.083
v 3074.89 2528.02 543.84
v 3076.26 2548.6 543.427
v 3067.12 2549.22 544.663
v 3066.93 2546.31 544.721
v 3063.05 2548.62 545.222
v 3067.95 2550.87 544.531
v 3064.56 2558.24 544.913
v 3043.28 2548.46 547.908
v 3046.68 2541.08 547.532
v 3051.38 2543.24 546.869
v 3050.39 2538.67 547.054
v 3048.26 2540.54 547.323
v 3021.02 2585.48 574.57
v 3015.24 2592.41 574.57
v 3014.15 2593.71 574.57
v 3022.11 2584.18 574.57
v 3018.43 2581.22 574.57
v 3026.36 2575 574.57
v 3017.49 2568.58 574.57
v 3013.16 2576.83 574.57
v 3005.78 2599.69 574.57
v 3007.59 2594.63 574.57
v 3002.12 2590.06 574.57
v 2997.41 2592.66 574.57
v 2995.18 2584.14 574.57
v 3009.07 2567.5 574.57
v 3024.84 2588.67 549.922
v 3021.02 2585.48 550.477
v 3019.06 2595.59 550.61
v 3015.24 2592.41 551.165
v 3014.15 2593.71 551.295
v 3018.02 2596.94 550.698
v 3009.76 2606.82 551.076
v 3003.91 2601.93 552.227
v 3005.78 2599.69 552.141
v 3004.35 2598.5 552.422
v 3007.59 2594.63 552.165
v 3002.12 2590.06 552.962
v 2998.91 2593.92 553.343
v 2997.41 2592.66 553.562
v 2995.68 2594.74 553.767
v 2990.17 2590.14 554.57
v 2995.18 2584.14 553.973
v 2994.06 2583.2 554.136
v 3007.94 2566.55 552.475
v 3009.07 2567.5 552.309
v 3014.22 2561.33 551.693
v 3019.72 2565.92 550.889
v 3017.49 2568.58 551.157
v 3018.99 2569.84 550.938
v 3013.16 2576.83 551.644
v 3018.43 2581.22 550.879
v 3024.74 2573.64 550.116
v 3026.36 2575 549.88
v 3027.88 2573.19 549.696
v 3033.18 2577.62 548.926
v 3025.41 2586.93 549.866
v 3022.11 2584.18 550.345
v 2985 2549.42 555.807
v 2979.82 2545.77 556.559
v 2980.42 2555.92 556.345
v 2975.24 2552.29 557.096
v 2959.14 2566.15 579.907
v 2953.99 2573.45 579.907
v 2960.33 2564.45 579.907
v 2972.09 2547.74 579.907
v 2967.19 2554.71 579.907
v 2964.18 2558.98 579.907
v 2959.14 2566.15 559.084
v 2960.33 2564.45 558.947
v 2960.26 2566.95 558.921
v 2955.12 2574.24 559.517
v 2953.99 2573.45 559.68
v 2952.01 2576.26 559.907
v 2943.3 2570.12 558.816
v 2965.67 2538.35 558.581
v 2974.39 2544.48 557.315
v 2972.09 2547.74 557.584
v 2973.43 2548.69 557.39
v 2968.52 2555.66 557.963
v 2967.19 2554.71 558.157
v 2964.18 2558.98 558.503
v 2965.46 2559.88 558.317
v 2961.61 2565.36 558.761
v 2937.37 2601.28 579.797
v 2936.16 2603.25 579.797
v 2942.68 2592.69 579.797
v 2930.66 2612.16 579.797
v 2943.84 2590.81 579.797
v 2928.82 2615.14 579.797
v 2923.48 2623.78 579.797
v 2921.86 2626.43 579.797
v 2916.71 2635.27 579.797
v 2915.25 2637.64 579.797
v 2906.28 2632.1 579.797
v 2907.74 2629.73 579.797
v 2913.85 2621.49 579.797
v 2915.49 2618.84 579.797
v 2920.82 2610.2 579.797
v 2922.67 2607.22 579.797
v 2928.16 2598.31 579.797
v 2929.38 2596.34 579.797
v 2934.68 2587.75 579.797
v 2935.85 2585.86 579.797
v 2937.37 2601.28 556.298
v 2942.14 2604.22 557.1
v 2936.16 2603.25 555.739
v 2940.97 2606.22 556.548
v 2935.48 2615.13 554.019
v 2930.66 2612.16 553.207
v 2928.82 2615.14 552.523
v 2933.22 2617.85 553.254
v 2927.88 2626.49 551.245
v 2923.48 2623.78 550.574
v 2921.86 2626.43 549.922
v 2926.36 2629.21 550.556
v 2921 2637.91 548.367
v 2916.71 2635.27 547.773
v 2915.25 2637.64 547.281
v 2919.52 2640.27 547.872
v 2913.62 2649.84 545.881
v 2895.9 2638.9 543.134
v 2901.81 2629.33 545.29
v 2906.28 2632.1 546.034
v 2907.74 2629.73 546.533
v 2903.08 2626.85 545.792
v 2908.45 2618.15 547.753
v 2913.85 2621.49 548.65
v 2915.49 2618.84 549.247
v 2909.57 2615.18 548.263
v 2914.9 2606.54 550.209
v 2920.82 2610.2 551.193
v 2922.67 2607.22 551.866
v 2917.65 2604.11 551.033
v 2923.14 2595.21 553.42
v 2928.16 2598.31 554.393
v 2929.38 2596.34 554.949
v 2923.74 2592.85 553.623
v 2929.05 2584.26 555.137
v 2934.68 2587.75 556.46
v 2935.85 2585.86 556.781
v 2931.36 2583.1 555.729
v 2937.45 2573.24 557.35
v 2954.81 2583.94 559.422
v 2948.71 2593.81 559.797
v 2943.84 2590.81 558.656
v 2942.68 2592.69 558.341
v 2947.44 2595.62 559.458
v 2980.77 2805.23 559.307
v 2977.76 2796.41 559.307
v 2981.59 2807.66 559.307
v 2977.04 2794.27 559.307
v 2999.49 2801.57 559.307
v 2998.67 2799.13 559.307
v 2995.66 2790.32 559.307
v 2994.94 2788.18 559.307
v 2975.02 2797.34 538.657
v 2978.03 2806.16 538.045
v 2977.76 2796.41 538.581
v 2977.04 2794.27 538.742
v 2975.28 2794.87 538.79
v 2972.95 2788.02 539.307
v 2994.7 2780.61 538.617
v 2997.03 2787.46 538.142
v 2994.94 2788.18 538.203
v 2995.66 2790.32 538.055
v 2999.03 2789.16 537.957
v 3002.04 2797.98 537.35
v 2998.67 2799.13 537.456
v 2999.49 2801.57 537.302
v 3002.41 2800.57 537.211
v 3004.87 2807.78 536.739
v 2981.4 2815.76 537.374
v 2978.95 2808.56 537.874
v 2981.59 2807.66 537.797
v 2980.77 2805.23 537.965
v 2992.33 2762.24 560.983
v 2993.47 2765.58 560.983
v 2968.15 2762.35 540.983
v 2992.33 2754.11 540.143
v 2994.81 2761.4 539.627
v 2992.33 2762.24 539.71
v 2993.47 2765.58 539.473
v 2996.58 2764.53 539.369
v 2998.82 2771.11 538.92
v 2974.01 2779.56 539.728
v 3009.94 2860.09 555.042
v 3014.17 2857.81 555.042
v 2998.84 2866.07 555.042
v 2994.54 2868.4 555.042
v 2951.62 2866.2 555.042
v 2985.84 2865.38 555.042
v 3009.94 2860.09 532.55
v 3006.69 2854.06 533.185
v 3014.17 2857.81 532.579
v 3011.02 2851.98 533.208
v 3018.14 2848.15 533.283
v 3023.41 2857.94 532.212
v 2985.86 2878.18 531.791
v 2950.71 2870.19 533.771
v 2951.62 2866.2 534.132
v 2915.54 2877.83 526.551
v 2912.64 2868.85 526.779
v 2949.22 2857.05 535.042
v 2985.84 2865.38 532.959
v 2991.32 2862.42 533.017
v 2994.54 2868.4 532.357
v 2998.84 2866.07 532.423
v 2995.59 2860.04 533.083
v 2047.35 1365.63 390.064
v 2072.43 1410.43 392.082
v 2056.22 1363.06 388.599
v 2081.3 1405.45 390.417
v -732.674 2885.83 658.439
v -729.791 2885.01 658.439
v -730.926 2878.96 658.439
v -730.158 2871.77 658.439
v -721.141 2870.09 658.439
v -717.256 2876.4 658.439
v -716.121 2882.45 658.439
v -712.548 2881.79 658.439
v -709.72 2880.69 658.439
v -736.515 2880.28 658.439
v -740.4 2873.97 658.439
v -735.379 2886.33 658.439
v -749.417 2875.66 658.439
v -750.185 2882.84 658.439
v -751.921 2889.78 658.439
v -749.049 2888.89 658.439
v -710.844 2874.62 658.439
v -710.076 2867.44 658.439
v -701.059 2865.75 658.439
v -697.174 2872.07 658.439
v -696.039 2878.13 658.439
v -692.566 2885.57 658.439
v -708.763 2888.59 658.439
v -710.622 2888.93 658.439
v -712.648 2889.89 658.439
v -728.845 2892.91 658.439
v -729.824 2893.1 658.439
v -731.906 2893.77 658.439
v -754.782 2890.3 658.439
v -755.918 2884.25 658.439
v -759.803 2877.94 658.439
v -768.831 2879.63 658.439
v -769.599 2886.81 658.439
v -768.463 2892.86 658.439
v -767.506 2900.77 658.439
v -749.239 2897.01 658.439
v -751.309 2897.74 658.439
v -748.103 2896.8 658.439
v -732.73 2885.57 627.482
v -732.674 2885.83 627.512
v -729.791 2885.01 626.696
v -730.926 2878.96 626.061
v -733.431 2879.42 626.722
v -734.7 2872.62 626.048
v -730.158 2871.77 624.847
v -730.515 2869.86 624.658
v -721.498 2868.17 622.206
v -721.141 2870.09 622.427
v -716.366 2869.19 621.093
v -715.097 2875.99 621.872
v -717.256 2876.4 622.45
v -716.121 2882.45 623.049
v -712.548 2881.79 622.106
v -712.648 2881.23 622.049
v -709.72 2880.69 621.277
v -710.844 2874.62 620.592
v -713.349 2875.09 621.292
v -714.618 2868.3 620.513
v -710.076 2867.44 619.243
v -710.444 2865.53 619.027
v -701.416 2863.84 616.55
v -701.059 2865.75 616.773
v -696.284 2864.87 615.497
v -695.015 2871.66 616.291
v -697.174 2872.07 616.87
v -696.039 2878.13 617.576
v -691.898 2877.35 616.467
v -690.44 2885.16 617.417
v -692.566 2885.57 617.995
v -692.232 2887.36 618.237
v -708.429 2890.39 622.492
v -708.763 2888.59 622.281
v -710.622 2888.93 622.778
v -710.51 2889.5 622.842
v -712.648 2889.89 623.413
v -712.303 2891.68 623.62
v -728.5 2894.72 627.953
v -728.845 2892.91 627.744
v -729.824 2893.1 628.007
v -729.769 2893.37 628.037
v -731.906 2893.77 628.609
v -731.561 2895.56 628.789
v -747.758 2898.6 632.876
v -748.103 2896.8 632.697
v -749.239 2897.01 632.996
v -749.183 2897.34 633.03
v -751.309 2897.74 633.592
v -750.975 2899.54 633.771
v -767.172 2902.56 637.985
v -767.506 2900.77 637.835
v -769.933 2901.22 638.439
v -771.391 2893.41 637.737
v -768.463 2892.86 636.963
v -769.599 2886.81 636.364
v -772.092 2887.28 637.024
v -773.361 2880.47 636.394
v -768.831 2879.63 635.213
v -769.187 2877.71 635.056
v -760.17 2876.03 632.705
v -759.803 2877.94 632.858
v -755.038 2877.04 631.59
v -753.758 2883.85 632.181
v -755.918 2884.25 632.75
v -754.782 2890.3 633.349
v -751.921 2889.78 632.595
v -751.988 2889.44 632.563
v -749.049 2888.89 631.787
v -750.185 2882.84 631.191
v -752.689 2883.3 631.849
v -753.958 2876.5 631.244
v -749.417 2875.66 629.991
v -749.773 2873.74 629.804
v -740.756 2872.05 627.403
v -740.4 2873.97 627.594
v -735.624 2873.07 626.332
v -734.355 2879.88 627.007
v -736.515 2880.28 627.577
v -735.379 2886.33 628.234
v -784.749 2702.02 628.316
v -782.312 2700.28 628.316
v -785.339 2694.91 628.316
v -786.942 2687.86 628.316
v -778.95 2683.34 628.316
v -773.228 2688.06 628.316
v -770.2 2693.43 628.316
v -766.627 2691.4 628.316
v -764.089 2689.82 628.316
v -767.128 2684.45 628.316
v -768.731 2677.41 628.316
v -760.738 2672.9 628.316
v -755.016 2677.61 628.316
v -751.977 2682.97 628.316
v -746.289 2688.88 628.316
v -760.626 2697 628.316
v -762.675 2698.15 628.316
v -764.5 2699.33 628.316
v -778.838 2707.44 628.316
v -780.564 2708.42 628.316
v -782.868 2710.08 628.316
v -788.557 2704.17 628.316
v -791.596 2698.8 628.316
v -797.317 2694.09 628.316
v -805.31 2698.61 628.316
v -803.707 2705.66 628.316
v -800.668 2711.03 628.316
v -797.206 2718.2 628.316
v -784.905 2701.75 603.672
v -784.749 2702.02 603.692
v -782.312 2700.28 603.234
v -785.339 2694.91 602.835
v -787.555 2696.17 603.209
v -790.961 2690.14 602.761
v -786.942 2687.86 602.082
v -787.9 2686.17 601.957
v -779.907 2681.65 600.352
v -778.95 2683.34 600.488
v -774.731 2680.96 599.647
v -771.324 2686.98 600.174
v -773.228 2688.06 600.578
v -770.2 2693.43 601.092
v -766.627 2691.4 600.337
v -766.693 2691.29 600.326
v -764.089 2689.82 599.776
v -767.128 2684.45 599.263
v -769.343 2685.71 599.731
v -772.749 2679.69 599.248
v -768.731 2677.41 598.478
v -769.688 2675.72 598.374
v -761.695 2671.21 596.769
v -760.738 2672.9 596.909
v -756.508 2670.5 595.918
v -753.101 2676.53 596.418
v -755.016 2677.61 596.865
v -751.977 2682.97 597.219
v -748.315 2680.9 596.45
v -744.407 2687.82 597.195
v -746.289 2688.88 597.549
v -745.387 2690.47 597.721
v -759.725 2698.59 600.687
v -760.626 2697 600.535
v -762.675 2698.15 600.967
v -762.619 2698.27 600.979
v -764.5 2699.33 601.376
v -763.599 2700.93 601.522
v -777.948 2709.03 603.941
v -778.838 2707.44 603.822
v -780.564 2708.42 604.113
v -780.408 2708.69 604.133
v -782.868 2710.08 604.548
v -781.966 2711.67 604.701
v -796.304 2719.78 608.115
v -797.206 2718.2 607.811
v -799.355 2719.41 608.316
v -803.262 2712.49 606.984
v -800.668 2711.03 606.378
v -803.707 2705.66 606.165
v -805.911 2706.91 606.494
v -809.329 2700.89 606.256
v -805.31 2698.61 605.553
v -806.267 2696.92 605.45
v -798.275 2692.4 603.919
v -797.317 2694.09 604.022
v -793.087 2691.7 603.211
v -789.681 2697.73 603.614
v -791.596 2698.8 603.947
v -788.557 2704.17 604.334
v -747.368 2726.91 634.585
v -745.632 2723.93 634.585
v -748.66 2718.57 634.585
v -750.263 2711.51 634.585
v -742.27 2707 634.585
v -736.548 2711.72 634.585
v -733.52 2717.08 634.585
v -727.821 2722.98 634.585
v -742.159 2731.1 634.585
v -744.107 2732.2 634.585
v -745.142 2734.79 634.585
v -759.48 2742.89 634.585
v -761.306 2743.93 634.585
v -761.272 2748.39 634.585
v -750.83 2728.87 634.585
v -753.869 2723.51 634.585
v -759.591 2718.8 634.585
v -775.61 2756.51 634.585
v -767.584 2723.32 634.585
v -765.981 2730.36 634.585
v -779.072 2749.34 634.585
v -763.61 2740.6 634.585
v -762.942 2735.72 634.585
v -782.111 2743.98 634.585
v -783.714 2736.94 634.585
v -775.721 2732.42 634.585
v -766.961 2742.49 634.585
v -770 2737.13 634.585
v -748.226 2725.4 603.998
v -747.368 2726.91 604.164
v -745.632 2723.93 603.375
v -748.66 2718.57 602.778
v -750.875 2719.82 603.222
v -754.281 2713.79 602.436
v -750.263 2711.51 601.63
v -751.22 2709.82 601.478
v -743.227 2705.31 599.933
v -742.27 2707 600.116
v -738.051 2704.61 599.323
v -734.645 2710.63 599.977
v -736.548 2711.72 600.31
v -733.52 2717.08 600.678
v -729.847 2715.01 600.071
v -725.939 2721.92 600.544
v -727.821 2722.98 600.855
v -726.919 2724.58 600.965
v -741.268 2732.69 604.393
v -742.159 2731.1 604.222
v -744.107 2732.2 604.692
v -743.25 2733.71 604.854
v -745.142 2734.79 605.312
v -744.24 2736.37 605.481
v -758.578 2744.49 608.946
v -759.48 2742.89 608.775
v -761.306 2743.93 609.217
v -759.38 2747.33 609.581
v -761.272 2748.39 610.037
v -760.37 2749.99 610.209
v -774.708 2758.1 614.132
v -775.61 2756.51 613.902
v -777.759 2757.72 614.585
v -781.666 2750.81 613.579
v -779.072 2749.34 612.753
v -782.111 2743.98 612.081
v -784.326 2745.23 612.678
v -787.733 2739.2 611.939
v -783.714 2736.94 610.83
v -784.672 2735.23 610.541
v -776.679 2730.72 608.331
v -775.721 2732.42 608.619
v -771.491 2730.02 607.449
v -768.085 2736.04 608.464
v -770 2737.13 608.995
v -766.961 2742.49 609.728
v -763.61 2740.6 608.919
v -765.536 2737.19 608.399
v -762.942 2735.72 607.68
v -765.981 2730.36 606.775
v -768.196 2731.61 607.388
v -771.603 2725.58 606.369
v -767.584 2723.32 605.471
v -768.541 2721.61 605.248
v -760.549 2717.11 603.65
v -759.591 2718.8 603.87
v -755.361 2716.4 603.022
v -751.955 2722.43 603.808
v -753.869 2723.51 604.19
v -750.83 2728.87 604.889
v -758.255 2795.83 651.124
v -755.372 2795.03 651.124
v -756.508 2788.96 651.124
v -755.74 2781.78 651.124
v -746.723 2780.09 651.124
v -742.826 2786.41 651.124
v -741.691 2792.47 651.124
v -738.118 2791.79 651.124
v -735.29 2790.69 651.124
v -736.426 2784.63 651.124
v -735.658 2777.45 651.124
v -726.641 2775.76 651.124
v -722.744 2782.07 651.124
v -721.62 2788.13 651.124
v -718.147 2795.56 651.124
v -734.344 2798.6 651.124
v -736.192 2798.94 651.124
v -738.218 2799.89 651.124
v -754.415 2802.92 651.124
v -755.406 2803.1 651.124
v -757.476 2803.78 651.124
v -760.96 2796.34 651.124
v -762.085 2790.29 651.124
v -765.981 2783.98 651.124
v -774.998 2785.66 651.124
v -775.766 2792.85 651.124
v -777.503 2799.77 651.124
v -774.63 2798.9 651.124
v -773.673 2806.8 651.124
v -774.82 2807.02 651.124
v -776.89 2807.75 651.124
v -780.363 2800.31 651.124
v -781.499 2794.26 651.124
v -785.384 2787.95 651.124
v -793.087 2810.78 651.124
v -794.045 2802.87 651.124
v -795.169 2796.82 651.124
v -794.412 2789.64 651.124
v -758.3 2795.56 619.086
v -758.255 2795.83 619.142
v -755.372 2795.03 618.31
v -756.508 2788.96 617.218
v -759.001 2789.43 617.75
v -760.281 2782.62 616.721
v -755.74 2781.78 615.755
v -756.096 2779.87 615.466
v -747.079 2778.18 613.502
v -746.723 2780.09 613.776
v -741.947 2779.2 612.564
v -740.678 2786 613.54
v -742.826 2786.41 614.087
v -741.691 2792.47 614.956
v -738.118 2791.79 614.045
v -738.229 2791.24 613.968
v -735.29 2790.69 613.221
v -736.426 2784.63 612.352
v -738.93 2785.11 612.99
v -740.199 2778.3 612.012
v -735.658 2777.45 610.858
v -736.014 2775.53 610.638
v -726.997 2773.85 608.823
v -726.641 2775.76 608.994
v -721.865 2774.86 608.032
v -720.596 2781.67 608.641
v -722.744 2782.07 609.073
v -721.62 2788.13 609.745
v -717.479 2787.36 608.782
v -716.01 2795.17 609.812
v -718.147 2795.56 610.354
v -717.802 2797.37 610.591
v -733.999 2800.39 614.521
v -734.344 2798.6 614.377
v -736.192 2798.94 614.825
v -736.092 2799.49 614.87
v -738.218 2799.89 615.386
v -737.884 2801.7 615.535
v -754.081 2804.73 619.942
v -754.415 2802.92 619.682
v -755.406 2803.1 619.932
v -755.35 2803.38 619.972
v -757.476 2803.78 620.513
v -757.142 2805.57 620.77
v -773.339 2808.61 624.889
v -773.673 2806.8 624.629
v -774.82 2807.02 624.921
v -774.764 2807.35 624.97
v -776.89 2807.75 625.587
v -776.556 2809.54 625.941
v -792.753 2812.58 630.849
v -793.087 2810.78 630.48
v -795.514 2811.23 631.124
v -796.972 2803.42 629.52
v -794.045 2802.87 628.741
v -795.169 2796.82 627.482
v -797.674 2797.28 628.159
v -798.943 2790.48 626.44
v -794.412 2789.64 625.423
v -794.768 2787.72 625.013
v -785.74 2786.03 622.764
v -785.384 2787.95 623.159
v -780.608 2787.05 621.889
v -779.339 2793.85 623.285
v -781.499 2794.26 623.861
v -780.363 2800.31 624.901
v -777.503 2799.77 624.173
v -777.569 2799.45 624.129
v -774.63 2798.9 623.381
v -775.766 2792.85 622.254
v -778.26 2793.31 622.916
v -779.54 2786.51 621.521
v -774.998 2785.66 620.312
v -775.354 2783.75 619.92
v -766.337 2782.06 617.698
v -765.981 2783.98 617.989
v -761.205 2783.08 616.971
v -759.936 2789.88 618.044
v -762.085 2790.29 618.617
v -760.96 2796.34 619.863
v -746.311 2842.2 655.905
v -743.428 2841.38 655.905
v -744.563 2835.31 655.905
v -743.795 2828.13 655.905
v -734.767 2826.44 655.905
v -730.882 2832.76 655.905
v -729.746 2838.82 655.905
v -726.173 2838.15 655.905
v -723.346 2837.04 655.905
v -750.14 2836.64 655.905
v -754.025 2830.33 655.905
v -749.005 2842.7 655.905
v -763.053 2832.01 655.905
v -763.821 2839.2 655.905
v -765.558 2846.13 655.905
v -762.686 2845.26 655.905
v -724.481 2830.98 655.905
v -723.713 2823.8 655.905
v -714.696 2822.11 655.905
v -710.8 2828.42 655.905
v -709.664 2834.49 655.905
v -706.191 2841.91 655.905
v -722.388 2844.95 655.905
v -724.247 2845.29 655.905
v -726.273 2846.25 655.905
v -742.47 2849.28 655.905
v -743.45 2849.47 655.905
v -745.532 2850.13 655.905
v -768.419 2846.66 655.905
v -769.543 2840.61 655.905
v -773.439 2834.3 655.905
v -782.456 2835.99 655.905
v -783.224 2843.17 655.905
v -782.089 2849.22 655.905
v -781.132 2857.13 655.905
v -762.875 2853.37 655.905
v -764.935 2854.1 655.905
v -761.729 2853.15 655.905
v -746.355 2841.91 624.389
v -746.311 2842.2 624.418
v -743.428 2841.38 623.583
v -744.563 2835.31 622.995
v -747.057 2835.78 623.684
v -748.326 2828.99 623.028
v -743.795 2828.13 621.766
v -744.151 2826.22 621.551
v -735.123 2824.53 618.896
v -734.767 2826.44 619.137
v -729.991 2825.56 617.745
v -728.722 2832.35 618.513
v -730.882 2832.76 619.143
v -729.746 2838.82 619.807
v -726.173 2838.15 618.782
v -726.273 2837.59 618.718
v -723.346 2837.04 617.865
v -724.481 2830.98 617.185
v -726.975 2831.46 617.913
v -728.255 2824.65 617.125
v -723.713 2823.8 615.783
v -724.069 2821.89 615.524
v -715.052 2820.2 612.859
v -714.696 2822.11 613.118
v -709.92 2821.22 611.786
v -708.64 2828.03 612.575
v -710.8 2828.42 613.203
v -709.664 2834.49 613.884
v -705.523 2833.71 612.678
v -704.065 2841.52 613.568
v -706.191 2841.91 614.174
v -705.857 2843.72 614.378
v -722.054 2846.74 619.027
v -722.388 2844.95 618.853
v -724.247 2845.29 619.366
v -724.147 2845.84 619.42
v -726.273 2846.25 620.008
v -725.939 2848.05 620.182
v -742.136 2851.08 624.652
v -742.47 2849.28 624.477
v -743.45 2849.47 624.748
v -743.405 2849.74 624.776
v -745.532 2850.13 625.362
v -745.198 2851.92 625.536
v -761.395 2854.96 630.007
v -761.729 2853.15 629.852
v -762.875 2853.37 630.165
v -762.808 2853.7 630.191
v -764.935 2854.1 630.77
v -764.601 2855.89 630.939
v -780.798 2858.93 635.41
v -781.132 2857.13 635.236
v -783.558 2857.58 635.905
v -785.028 2849.77 635.233
v -782.089 2849.22 634.431
v -783.224 2843.17 633.953
v -785.718 2843.63 634.632
v -786.998 2836.83 634.097
v -782.456 2835.99 632.859
v -782.812 2834.07 632.707
v -773.796 2832.38 630.161
v -773.439 2834.3 630.344
v -768.664 2833.4 628.969
v -767.395 2840.21 629.615
v -769.543 2840.61 630.223
v -768.419 2846.66 630.704
v -765.558 2846.13 629.923
v -765.614 2845.81 629.897
v -762.686 2845.26 629.098
v -763.821 2839.2 628.537
v -766.315 2839.66 629.254
v -767.584 2832.86 628.61
v -763.053 2832.01 627.305
v -763.409 2830.1 627.124
v -754.381 2828.41 624.526
v -754.025 2830.33 624.708
v -749.25 2829.43 623.333
v -747.981 2836.23 623.979
v -750.14 2836.64 624.599
v -749.005 2842.7 625.171
v -818.335 2721.05 641.866
v -811.188 2725.45 641.866
v -821.541 2715.35 641.866
v -825.57 2708.8 641.866
v -825.904 2733.74 641.866
v -828.242 2735.05 641.866
v -830.925 2737.9 641.866
v -835.088 2714.16 641.866
v -831.326 2720.86 641.866
v -844.161 2745.35 641.866
v -831.081 2730.01 641.866
v -828.12 2726.56 641.866
v -846.988 2738.96 641.866
v -850.038 2733.52 641.866
v -856.294 2737.04 641.866
v -837.893 2733.84 641.866
v -840.955 2728.41 641.866
v -844.996 2721.23 641.866
v -867.382 2743.29 641.866
v -856.217 2727.67 641.866
v -854.101 2726.35 641.866
v -873.271 2737.26 641.866
v -867.115 2733.79 641.866
v -858.844 2729.14 641.866
v -864.777 2732.48 641.866
v -809.229 2724.35 610.482
v -812.835 2717.95 609.25
v -811.188 2725.45 610.941
v -810.153 2727.3 611.313
v -824.869 2735.58 615.886
v -825.904 2733.74 615.46
v -828.242 2735.05 616.187
v -827.674 2736.07 616.421
v -830.925 2737.9 617.432
v -830.146 2739.28 617.751
v -843.381 2746.73 620.973
v -844.161 2745.35 620.578
v -848.202 2747.61 621.442
v -851.608 2741.56 619.715
v -846.988 2738.96 618.751
v -850.038 2733.52 617.394
v -856.294 2737.04 618.609
v -854.625 2740.01 619.361
v -865.723 2746.24 621.738
v -867.382 2743.29 620.894
v -872.503 2746.15 621.866
v -876.488 2739.06 619.987
v -873.271 2737.26 619.364
v -874.273 2735.48 618.92
v -868.117 2732.01 617.723
v -867.115 2733.79 618.167
v -864.777 2732.48 617.715
v -865.4 2731.36 617.434
v -859.467 2728.01 616.281
v -858.844 2729.14 616.562
v -856.217 2727.67 616.054
v -856.272 2727.57 616.028
v -854.101 2726.35 615.607
v -854.87 2724.97 615.23
v -845.764 2719.85 613.06
v -844.996 2721.23 613.437
v -842.179 2719.64 612.764
v -838.138 2726.82 614.716
v -840.955 2728.41 615.389
v -837.893 2733.84 616.864
v -831.081 2730.01 615.022
v -831.849 2728.64 614.705
v -828.12 2726.56 613.55
v -831.326 2720.86 612.233
v -833.841 2722.28 613.016
v -837.604 2715.57 611.212
v -835.088 2714.16 610.614
v -835.767 2712.96 610.288
v -826.238 2707.61 608.51
v -825.57 2708.8 608.558
v -822.119 2706.87 608.045
v -818.357 2713.56 608.698
v -821.541 2715.35 609.445
v -818.335 2721.05 610.541
v -875.397 2785.05 657.289
v -888.265 2788.18 657.289
v -886.841 2794.07 657.289
v -886.095 2801.36 657.289
v -873.961 2790.93 657.289
v -872.091 2797.96 657.289
v -864.755 2796.18 657.289
v -851.419 2792.94 657.289
v -866.58 2789.14 657.289
v -868.451 2781.48 657.289
v -855.27 2778.28 657.289
v -844.717 2791.31 657.289
v -831.092 2788 657.289
v -853.4 2785.94 657.289
v -832.583 2780.88 657.289
v -846.498 2784.26 657.289
v -847.957 2778.22 657.289
v -834.053 2774.84 657.289
v -875.397 2785.05 632.553
v -873.115 2784.49 632.416
v -873.961 2790.93 634.164
v -866.58 2789.14 633.727
v -868.451 2781.48 631.629
v -870.688 2782.03 631.763
v -871.879 2777.16 630.426
v -855.092 2773.07 629.073
v -853.901 2777.95 630.557
v -855.27 2778.28 630.682
v -853.4 2785.94 632.948
v -846.498 2784.26 632.377
v -847.957 2778.22 630.538
v -849.738 2778.65 630.703
v -851.508 2771.36 628.483
v -833.797 2767.06 626.805
v -832.027 2774.34 628.649
v -834.053 2774.84 629.248
v -832.583 2780.88 630.788
v -827.919 2779.74 629.412
v -826.205 2786.81 631.214
v -831.092 2788 632.655
v -830.691 2789.65 633.076
v -844.316 2792.96 634.926
v -844.717 2791.31 634.473
v -851.419 2792.94 634.869
v -850.94 2794.91 635.409
v -864.276 2798.15 636.238
v -864.755 2796.18 635.658
v -872.091 2797.96 636.124
v -871.768 2799.3 636.541
v -885.772 2802.71 637.289
v -886.095 2801.36 636.92
v -890.403 2802.41 637.176
v -892.117 2795.35 635.3
v -886.841 2794.07 635.034
v -888.265 2788.18 633.581
v -890.826 2788.8 633.763
v -892.596 2781.51 631.838
v -874.885 2777.21 630.419
v -565.828 2403.23 555.926
v -568.923 2405.07 555.926
v -577.361 2406.11 555.926
v -582.226 2404.53 555.926
v -555.086 2403.43 555.926
v -559.172 2402.41 555.926
v -585.554 2377.54 555.926
v -581.168 2375.21 555.926
v -572.73 2374.17 555.926
v -569.335 2374.8 555.926
v -562.678 2373.98 555.926
v -558.938 2372.19 555.926
v -546.648 2402.4 555.926
v -542.897 2400.09 555.926
v -550.489 2371.15 555.926
v -546.225 2373.1 555.926
v -565.828 2403.23 532.793
v -559.172 2402.41 531.676
v -565.65 2404.66 532.896
v -568.923 2405.07 533.484
v -568.589 2407.72 533.673
v -577.038 2408.77 535.181
v -577.361 2406.11 534.986
v -581.959 2406.67 535.76
v -582.226 2404.53 535.604
v -584.129 2404.78 535.926
v -587.458 2377.78 533.828
v -585.554 2377.54 533.528
v -585.766 2375.77 533.396
v -581.168 2375.21 532.673
v -581.447 2372.93 532.503
v -573.009 2371.89 531.142
v -572.73 2374.17 531.309
v -569.458 2373.76 530.757
v -569.335 2374.8 530.833
v -562.678 2373.98 529.747
v -562.834 2372.67 529.671
v -558.938 2372.19 529.066
v -559.205 2370.03 528.942
v -550.767 2368.98 527.632
v -550.489 2371.15 527.756
v -546.526 2370.67 527.141
v -546.225 2373.1 527.281
v -543.665 2372.79 526.885
v -540.347 2399.79 528.522
v -542.897 2400.09 528.945
v -542.674 2401.91 529.048
v -546.648 2402.4 529.708
v -546.348 2404.82 529.844
v -554.797 2405.85 531.249
v -555.086 2403.43 531.112
v -558.982 2403.92 531.76
v -572.697 2347.8 550.747
v -575.792 2349.65 550.747
v -584.23 2350.68 550.747
v -589.094 2349.11 550.747
v -561.955 2348.01 550.747
v -566.04 2346.98 550.747
v -592.423 2322.13 550.747
v -588.037 2319.78 550.747
v -579.588 2318.75 550.747
v -576.203 2319.37 550.747
v -569.535 2318.56 550.747
v -565.806 2316.76 550.747
v -553.517 2346.97 550.747
v -549.765 2344.67 550.747
v -557.357 2315.73 550.747
v -553.094 2317.67 550.747
v -572.697 2347.8 528.238
v -566.04 2346.98 527.163
v -572.519 2349.24 528.394
v -575.792 2349.65 528.923
v -575.458 2352.3 529.211
v -583.907 2353.35 530.39
v -584.23 2350.68 530.092
v -588.827 2351.25 530.723
v -589.094 2349.11 530.484
v -590.998 2349.35 530.747
v -594.315 2322.36 527.286
v -592.423 2322.13 527.071
v -592.634 2320.35 526.866
v -588.037 2319.78 526.344
v -588.315 2317.51 526.082
v -579.877 2316.47 525.124
v -579.588 2318.75 525.385
v -576.326 2318.34 525.014
v -576.203 2319.37 525.134
v -569.535 2318.56 524.218
v -569.702 2317.25 524.073
v -565.806 2316.76 523.536
v -566.073 2314.6 523.361
v -557.624 2313.55 522.438
v -557.357 2315.73 522.61
v -553.394 2315.24 522.178
v -553.094 2317.67 522.37
v -550.533 2317.36 522.091
v -547.216 2344.36 524.564
v -549.765 2344.67 524.902
v -549.542 2346.49 525.041
v -553.517 2346.97 525.569
v -553.216 2349.39 525.753
v -561.665 2350.43 526.962
v -561.955 2348.01 526.697
v -565.851 2348.5 527.327
v -578.118 1551.62 409.868
v -578.552 1600.16 423.769
v -527.312 1552.06 404.04
v -527.735 1600.63 417.172
v -1037.96 1525.17 405.992
v -1041.19 1524.03 406.009
v -1037.31 1525.4 405.99
v -1039.99 1532.99 408.718
v -1043.87 1531.62 408.738
v -1037.46 1523.73 405.474
v -1036.14 1520.04 404.147
v -1039.37 1518.9 404.164
v -1030.43 1503.87 398.429
v -1023.46 1506.34 398.431
v -1030.48 1526.2 405.439
v -980.961 1537.92 407.008
v -981.117 1544.31 409.126
v -980.961 1537.73 406.944
v -972.957 1537.92 407.224
v -973.102 1544.5 409.405
v -985.703 1537.81 406.842
v -988.631 1537.74 406.742
v -981.173 1546.73 409.928
v -988.831 1546.55 409.662
v -985.358 1522.86 402.168
v -994.008 1537.61 406.555
v -993.663 1522.68 401.888
v -992.961 1522.69 401.911
v -971.377 1512.39 398.903
v -971.621 1523.02 402.434
v -965.042 1512.54 399.033
v -965.287 1523.16 402.559
v -972.835 1524.02 402.75
v -973.002 1531.47 405.174
v -965.788 1524.17 402.889
v -965.966 1531.64 405.366
v -972.813 1523 402.411
v -979.67 1522.83 402.27
v -973.102 1535.98 406.573
v -979.97 1535.82 406.338
v -956.983 1521.05 402.049
v -963.695 1520.9 401.826
v -957.284 1534.18 406.404
v -963.996 1534.03 406.185
v -963.206 1499.36 394.677
v -955.046 1499.55 394.84
v -955.536 1521.08 402.097
v -979.213 1502.8 395.716
v -971.165 1502.98 395.872
v -992.505 1502.5 395.46
v -984.902 1502.68 395.61
v -1003.26 1502.39 395.291
v -1003.71 1521.93 401.387
v -994.976 1502.57 395.45
v -995.422 1522.13 401.67
v 91.1123 1905.56 483.424
v 91.1569 1908.37 483.424
v 98.6598 1917.84 483.424
v 82.4739 1905.72 483.424
v 82.5185 1908.51 483.424
v 75.305 1918.18 483.424
v 94.6189 1893.93 453.826
v 78.6223 1894.17 459.265
v 94.7859 1905.51 453.915
v 91.1123 1905.56 455.198
v 91.1569 1908.37 455.254
v 104.771 1908.17 450.499
v 104.916 1917.74 451.291
v 98.6598 1917.84 453.483
v 98.8156 1927.98 454.34
v 75.4608 1928.33 461.835
v 75.305 1918.18 461.423
v 69.0488 1918.27 463.424
v 68.9041 1908.71 463.036
v 82.5185 1908.51 458.275
v 82.4739 1905.72 458.216
v 78.8004 1905.77 459.499
v 5.45198 1868.28 494.266
v 14.3019 1865.14 494.266
v 4.92878 1845.47 494.266
v 17.3075 1865.14 494.266
v 14.3241 1850.68 494.266
v 17.3186 1850.67 494.266
v 14.313 1871.96 474.266
v 5.45198 1871.95 473.194
v 5.45198 1868.28 473.064
v -5.32374 1868.27 471.752
v -5.31261 1845.46 470.645
v 4.92878 1845.47 471.63
v 4.93991 1841.95 471.507
v 14.3353 1841.95 472.35
v 14.3241 1850.68 472.715
v 17.3186 1850.67 473.003
v 17.3075 1848.52 472.926
v 35.6864 1848.54 470.829
v 35.6641 1867.46 471.913
v 17.2964 1867.45 474.22
v 17.3075 1865.14 474.051
v 14.3019 1865.14 473.762
v -71.4475 1910.29 485.856
v -73.1841 1914.95 485.856
v -80.2306 1913.38 485.856
v -84.2047 1913.46 485.856
v -66.3602 1910.18 485.856
v -66.6163 1897.51 485.856
v -95.4257 1898.09 485.856
v -95.1697 1910.76 485.856
v -90.5499 1915.3 485.856
v -92.3644 1910.7 485.856
v -73.1841 1914.95 463.074
v -71.3585 1914.91 463.346
v -73.1284 1917.99 462.899
v -80.1304 1918.13 461.858
v -80.2306 1913.38 462.129
v -84.2047 1913.46 461.538
v -84.1045 1918.4 461.256
v -90.4832 1918.53 460.259
v -90.5499 1915.3 460.492
v -92.2643 1915.33 460.237
v -92.3644 1910.7 460.501
v -95.1697 1910.76 460.084
v -95.1029 1914.49 459.85
v -102.929 1914.64 458.523
v -103.285 1896.91 459.512
v -95.4591 1896.76 460.67
v -95.4257 1898.09 460.619
v -66.6163 1897.51 464.634
v -66.6608 1895.35 464.636
v -57.2654 1895.16 465.856
v -56.9203 1912.37 465.693
v -66.3157 1912.55 464.231
v -66.3602 1910.18 464.366
v -71.4475 1910.29 463.61
v -56.6309 1972.57 483.77
v -51.9777 1974.35 483.77
v -53.603 1981.38 483.77
v -53.5585 1985.35 483.77
v -56.6977 1967.49 483.77
v -69.3547 1967.63 483.77
v -69.0208 1996.46 483.77
v -56.3526 1996.3 483.77
v -51.7662 1991.71 483.77
v -56.386 1993.49 483.77
v -51.9777 1974.35 463.134
v -52 1972.52 463.239
v -48.9387 1974.31 463.77
v -48.8497 1981.31 463.368
v -53.603 1981.38 462.373
v -53.5585 1985.35 462.144
v -48.6159 1985.29 463.178
v -48.5491 1991.67 462.809
v -51.7662 1991.71 462.135
v -51.7551 1993.43 462.034
v -56.386 1993.49 461.065
v -56.3526 1996.3 460.959
v -52.6234 1996.25 461.739
v -52.5232 2004.08 461.39
v -70.2564 2004.29 457.523
v -70.3566 1996.47 457.972
v -69.0208 1996.46 458.251
v -69.3547 1967.63 460.1
v -71.5254 1967.66 459.69
v -71.6368 1958.26 460.463
v -54.4268 1958.06 463.485
v -54.3154 1967.45 462.992
v -56.6977 1967.49 462.543
v -56.6309 1972.57 462.27
v -55.4175 2022.07 459.647
v -54.9611 2040.28 461.043
v -47.0463 2021.86 461.576
v -46.601 2040.08 462.913
v -1845.96 -26.0354 525.743
v -1836.31 -50.5434 531.161
v -1879.74 -222.801 542.955
v -1872.99 -217.733 544.231
v -1874.92 -229.238 545.105
v -1868.17 -224.171 546.381
v -1938.72 -160.937 530.334
v -1939.38 -154.692 530.451
v -1927.07 -159.734 531.657
v -1927.71 -153.476 531.551
v -1862.96 -59.1819 530.616
v -1871.19 -34.2645 526.034
v -1842.79 -52.5142 531
v -1851.02 -27.5968 526.012
v -1724.23 -45.6802 562.596
v -1734.15 -50.1978 562.596
v -1743.47 -48.6493 562.596
v -1736.03 -46.1025 562.596
v -1771.4 -61.4215 562.596
v -1708.7 -79.2233 542.502
v -1721.53 -85.0975 542.596
v -1724.07 -45.6162 536.293
v -1724.23 -45.6802 536.296
v -1734.24 -23.783 529.062
v -1791.99 -50.1978 533.424
v -1777.88 -81.0534 538.252
v -1765.1 -75.2048 538.289
v -1771.4 -61.4215 536.003
v -1743.47 -48.6493 535.75
v -1743.14 -49.3531 535.876
v -1736.03 -46.1025 535.809
v -1734.15 -50.1978 536.514
v -1736.91 -51.452 536.574
v -1858.25 -238.133 570.187
v -1855.7 -245.3 570.187
v -1832.83 -237.16 570.187
v -1834.21 -229.712 570.187
v -1867.88 -255.218 550.187
v -1872.19 -243.098 547.434
v -1853.94 -250.252 549.55
v -1855.7 -245.3 549.034
v -1832.83 -237.16 547.125
v -1831.16 -241.87 547.28
v -1815.92 -236.444 546.557
v -1820.11 -224.682 546.054
v -1834.21 -229.712 546.879
v -1835.87 -225.041 546.768
v -1859.87 -233.59 548.145
v -1858.25 -238.133 548.546
v -1897.13 -243.905 564.861
v -1924.14 -239.822 532.695
v -1897.14 -244.468 540.462
v -1897.13 -243.905 540.445
v -1880.78 -240.603 544.861
v -1880.52 -225.975 543.127
v -1923.88 -225.194 532.227
v -1961.69 -170.983 550.413
v -1976.74 -166.312 550.413
v -1948.15 -179.942 550.413
v -1946.96 -188.375 550.413
v -1954.78 -186.904 550.413
v -1960.07 -182.399 550.413
v -1968.65 -181.017 550.413
v -1975.76 -173.3 550.413
v -1986.53 -173.453 550.413
v -1987.59 -165.954 550.413
v -1961.69 -170.983 526.789
v -1962.62 -164.329 526.963
v -1976.74 -166.312 524.999
v -1977.78 -158.915 525.892
v -1988.37 -160.412 524.54
v -1987.59 -165.954 523.871
v -1990.27 -166.325 523.53
v -1989.22 -173.837 522.622
v -1986.53 -173.453 522.965
v -1986.34 -174.797 522.803
v -1975.76 -173.3 524.338
v -1974.54 -181.849 524.115
v -1968.65 -181.017 525.134
v -1968.3 -183.563 525.067
v -1960.07 -182.399 526.491
v -1959.34 -187.544 526.052
v -1954.78 -186.904 526.986
v -1954.43 -189.425 526.94
v -1946.96 -188.375 528.372
v -1945.3 -200.111 528.066
v -1931.8 -198.204 530.403
v -1934.65 -178.035 530.413
v -1948.15 -179.942 528.37
v -1949.66 -169.281 528.734
v -1891.05 -166.632 558.86
v -1899.97 -188.439 558.86
v -1900.49 -184.792 558.86
v -1903.81 -168.437 558.86
v -1902.6 -176.947 558.86
v -1887.22 -193.533 538.86
v -1891.05 -166.632 536.195
v -1873.31 -164.098 538.361
v -1875.57 -148.178 536.859
v -1911.25 -153.258 533.306
v -1908.99 -169.179 534.345
v -1903.81 -168.437 534.879
v -1902.6 -176.947 535.324
v -1906.03 -177.433 534.971
v -1904.89 -185.419 535.626
v -1900.49 -184.792 536.333
v -1899.97 -188.439 536.555
v -1904.53 -189.079 535.821
v -1903.57 -195.849 536.232
v -1831.38 -169.179 565.861
v -1839.54 -167.438 565.861
v -1853.64 -174.477 565.861
v -1855.02 -185.15 565.861
v -1820.22 -169.243 565.861
v -1819.05 -167.541 565.861
v -1817.29 -164.943 565.861
v -1809.28 -170.407 565.861
v -1810.21 -171.764 565.861
v -1812.63 -175.322 565.861
v -1819.94 -179.724 565.861
v -1858.67 -191.025 565.861
v -1862.67 -205.588 565.861
v -1853.27 -197.347 565.861
v -1850.38 -188.043 565.861
v -1842.93 -176.064 565.861
v -1831.42 -176.141 565.861
v -1831.36 -167.49 543.152
v -1831.38 -169.179 543.224
v -1839.54 -167.438 542.718
v -1843.72 -159.248 541.348
v -1857.76 -166.427 540.739
v -1853.64 -174.477 542.171
v -1858.82 -182.796 542.358
v -1855.02 -185.15 542.752
v -1858.67 -191.025 543.284
v -1868.31 -191.025 542.382
v -1868.31 -205.588 544.18
v -1862.67 -205.588 544.87
v -1858.18 -215.097 545.861
v -1847.32 -209.965 545.438
v -1853.27 -197.347 544.35
v -1848.28 -189.335 543.625
v -1850.38 -188.043 543.355
v -1842.93 -176.064 542.909
v -1831.42 -176.141 543.522
v -1831.44 -179.647 543.672
v -1819.94 -179.724 544.448
v -1816.54 -187.697 544.807
v -1808.77 -184.383 545.075
v -1812.63 -175.322 545.038
v -1810.21 -171.764 545.142
v -1808.24 -173.108 545.409
v -1807.31 -171.751 545.451
v -1809.28 -170.407 545.183
v -1809.19 -170.267 545.186
v -1817.19 -164.802 544.099
v -1817.29 -164.943 544.094
v -1819.41 -163.497 543.806
v -1821.18 -166.095 543.73
v -1819.05 -167.541 544.018
v -1820.22 -169.243 543.967
v -1807.12 -156.42 566.591
v -1804.27 -152.183 566.591
v -1802.78 -145.989 566.591
v -1792.32 -148.51 566.591
v -1793.82 -154.692 566.591
v -1810.32 -155.639 544.436
v -1807.12 -156.42 544.811
v -1811.71 -161.347 544.534
v -1792.57 -165.941 546.591
v -1790.08 -155.588 546.59
v -1793.82 -154.692 546.098
v -1792.32 -148.51 545.463
v -1787.49 -149.675 546.127
v -1785.97 -143.366 545.48
v -1805.7 -138.618 542.886
v -1807.22 -144.927 543.417
v -1802.78 -145.989 544.027
v -1804.27 -152.183 544.662
v -1806.01 -151.761 544.423
v -1813.07 -140.013 563.986
v -1809.56 -135.495 563.986
v -1823.98 -132.027 563.986
v -1821.89 -137.888 563.986
v -1822.5 -140.41 563.986
v -1813.68 -142.534 563.986
v -1818.63 -152.017 563.986
v -1809.56 -135.495 542.203
v -1810.78 -140.563 542.627
v -1805.27 -136.519 542.703
v -1803.91 -130.862 542.229
v -1827.5 -125.193 539.47
v -1828.86 -130.85 539.857
v -1823.98 -132.027 540.5
v -1825.21 -137.095 540.906
v -1821.89 -137.888 541.327
v -1822.5 -140.41 541.538
v -1828.69 -138.925 540.729
v -1831.78 -151.748 541.758
v -1819.29 -154.743 543.391
v -1818.63 -152.017 543.121
v -1812.27 -153.553 543.986
v -1809.85 -143.455 543.019
v -1813.68 -142.534 542.57
v -1813.07 -140.013 542.359
v -1878.47 -121.341 545.635
v -1890.27 -30.0156 520.226
v -1914.9 -36.7089 516.184
v -1922.18 -102.886 524.605
v -1881.31 -126.383 533.883
v -1878.47 -121.341 533.869
v -1863.18 -129.967 536.635
v -1844.5 -96.8075 535.231
v -1674.03 -38.8973 528.987
v -1700.6 21.2656 513.034
v -1634.6 -21.4794 510.751
v -1661.17 38.6836 501.5
v -1745.43 -96.0268 542.645
v -1738.91 -110.271 545.263
v -1697.3 -91.2276 545.454
v -1703.81 -76.9965 542.491
v -1797.41 -60.2313 555.028
v -1809.46 -64.9281 555.028
v -1794.16 -58.9643 534.415
v -1797.41 -60.2313 534.377
v -1798.09 -48.9052 532.968
v -1839.45 -65.0177 532.499
v -1835.52 -75.0896 533.678
v -1809.46 -64.9281 534.238
v -1807.79 -69.2026 534.889
v -1795.74 -64.5058 535.028
v -1797.93 -116.823 561.148
v -1808.42 -97.8057 561.148
v -1811.2 -124.144 540.793
v -1823.47 -101.901 537.373
v -1797.93 -116.823 541.069
v -1797.86 -116.99 541.097
v -1795.4 -115.633 541.148
v -1805.97 -96.4492 538.108
v -1808.42 -97.8057 538.094
v -1810.2 -94.5807 537.544
v -1794.46 -94.747 559.152
v -1789.29 -91.8931 559.152
v -1793.33 -96.8075 539.122
v -1794.46 -94.747 538.771
v -1788.15 -93.9536 539.152
v -1789.29 -91.8931 538.801
v -1784.41 -89.2184 538.831
v -1795.35 -69.3818 535.677
v -1810.56 -77.7643 535.628
v -1799.62 -97.601 538.742
v -1746.94 -171.099 575.142
v -1727.26 -159.427 575.142
v -1719.76 -156.253 575.142
v -1752.26 -162.255 575.142
v -1727.26 -159.427 552.789
v -1726.06 -162.281 552.581
v -1719.76 -156.253 553.962
v -1718.5 -159.222 553.746
v -1709.57 -155.447 555.142
v -1721.16 -128.047 549.567
v -1748.15 -139.462 548.651
v -1753.13 -160.195 550.334
v -1752.26 -162.255 550.349
v -1764.97 -167.63 548.794
v -1759.16 -181.401 547.991
v -1745.09 -175.463 549.435
v -1746.94 -171.099 549.851
v -1906.93 77.3846 522.95
v -1909.62 61.4767 502.95
v -1913.11 78.4724 500.629
v -1873.88 68.8099 501.142
v -1876.89 83.5404 498.558
v -1906.93 77.3846 500.539
v -1907.4 79.6498 500.285
v -1818.28 67.8245 523.128
v -1818.76 70.1537 523.128
v -1822.95 66.8646 500.347
v -1818.28 67.8245 499.871
v -1820.87 56.7671 503.128
v -1804.89 60.0689 501.493
v -1809.2 80.9296 496.293
v -1825.17 77.6277 497.689
v -1823.43 69.1811 499.7
v -1818.76 70.1537 499.229
v -1854.92 70.5121 521.94
v -1854.27 82.8621 521.94
v -1865.05 66.8774 501.94
v -1854.62 69.1811 500.908
v -1854.92 70.5121 500.587
v -1833.72 75.2089 498.548
v -1836.3 86.8423 496.32
v -1854.27 82.8621 497.91
v -1855.36 87.7637 497
v -1869.01 84.7434 498.156
v -1841.95 63.0381 526.376
v -1838.37 46.8102 506.376
v -1841.95 63.0381 501.894
v -1828.3 49.0371 505.531
v -1833.38 71.9326 499.292
v -1845.22 69.3219 500.463
v -1843.75 62.6413 502.072
v -1780.74 50.7008 524.907
v -1774.07 51.0464 524.907
v -1786.99 62.7181 524.907
v -1784.08 57.1254 524.907
v -1783.39 55.7944 524.907
v -1779.46 48.2436 504.617
v -1780.74 50.7008 503.875
v -1774.07 51.0464 503.49
v -1772.55 48.1412 504.421
v -1766.28 51.4047 503.14
v -1776.01 70.0897 497.515
v -1787.67 64.0107 499.785
v -1786.99 62.7181 500.182
v -1792.64 59.7746 501.238
v -1789.73 54.1819 502.956
v -1784.08 57.1254 501.901
v -1783.39 55.7944 502.31
v -1788.91 52.9149 503.342
v -1786.26 47.8213 504.907
v -1805.74 98.7188 519.785
v -1803.14 93.7404 519.785
v -1806.67 100.498 519.785
v -1802.28 92.0767 519.785
v -1810.32 107.524 519.785
v -1789.11 66.7751 519.785
v -1791.7 71.7535 519.785
v -1791.91 72.163 519.785
v -1799.68 87.0854 519.785
v -1794.51 77.1414 519.785
v -1795.78 79.5858 519.785
v -1798.37 84.5642 519.785
v -1804.67 92.9469 493.652
v -1807.27 97.9253 492.773
v -1803.14 93.7404 493.42
v -1802.28 92.0767 493.714
v -1803.87 91.2448 493.956
v -1801.27 86.2664 494.847
v -1799.68 87.0854 494.609
v -1798.37 84.5642 495.071
v -1800.58 83.4124 495.405
v -1797.99 78.4212 496.321
v -1795.78 79.5858 495.984
v -1794.51 77.1414 496.433
v -1797.68 75.4905 496.912
v -1795.09 70.5121 498.095
v -1791.91 72.163 497.487
v -1791.7 71.7535 497.595
v -1794.84 70.1281 498.194
v -1792.25 65.1369 499.523
v -1789.11 66.7751 498.936
v -1799.82 115.817 488.758
v -1811.48 109.738 490.559
v -1810.32 107.524 490.961
v -1812.12 106.59 491.238
v -1808.47 99.5635 492.499
v -1806.67 100.498 492.227
v -1805.74 98.7188 492.541
v -1771.99 23.71 512.279
v -1796.05 15.6473 514.956
v -1776.39 36.879 508.182
v -1800.47 28.8163 510.793
v -1852.87 -3.39599 519.612
v -1803.85 38.8883 507.903
v -1860.66 19.845 513.664
v -1869.85 7.08549 540.606
v -1868.42 2.83659 540.606
v -1872.13 -3.3576 540.606
v -1860.85 20.4209 513.512
v -1879.74 14.0859 513.388
v -1876.64 4.80746 515.608
v -1869.85 7.08549 516.267
v -1868.42 2.83659 517.59
v -1873.62 1.09607 517.084
v -1872.13 -3.3576 518.47
v -1876.79 -4.91894 518.017
v -1874.83 -10.7676 519.837
v -1904.53 14.9946 534.32
v -1959.63 73.5196 502.156
v -1991.27 17.0807 500.298
v -1985.9 -0.0813358 500.048
v -1882.14 -15.3108 519.32
v -1887.96 4.10358 513.945
v -1904.53 14.9946 510.432
v -1907.37 54.1051 504.045
v 4353.3 -168.936 661.651
v 4362.41 -151.915 663.578
v 4359.84 -172.429 665.526
v 4368.94 -155.408 667.487
v 4359.76 -197.782 691.916
v 4361.77 -193.891 691.916
v 4367.4 -189.041 671.916
v 4363.67 -187.864 669.639
v 4361.77 -193.891 669.515
v 4356.04 -192.087 666.026
v 4354.74 -196.208 665.925
v 4359.76 -197.782 668.99
v 4358.23 -202.632 668.889
v 4362.67 -204.04 671.603
v 4351.88 -187.71 689.639
v 4354.74 -196.208 689.639
v 4356.04 -192.087 689.639
v 4348.18 -199.471 662.752
v 4352.58 -184.383 663.66
v 4351.57 -187.62 663.397
v 4351.88 -187.71 663.562
v 4364.26 250.094 568.185
v 4365.95 245.73 568.185
v 4359.75 251.157 537.787
v 4364.26 250.094 539.055
v 4365.95 245.73 539.723
v 4358.49 214.349 539.976
v 4388.65 207.182 546.166
v 4393.13 274.961 547.494
v 4366.88 281.194 538.332
v 4366.68 188.715 566.91
v 4345.21 181.061 542.46
v 4361.08 174.714 546.91
v 4366.68 188.715 542.575
v 4387.78 203.509 546.146
v 4366.59 159.509 553.119
v 4372.56 191.607 543.542
v 4377.71 157.436 555.285
v 4383.68 189.534 544.983
v 4384.69 166.203 553.106
v 4385.4 177.721 549.11
v 4399.32 165.307 555.287
v 4400.03 176.825 551.393
v 4397.8 156.182 581.276
v 4392.32 157.679 581.276
v 4378.65 155.414 581.276
v 4395.37 150.384 581.276
v 4398.33 158.166 557.659
v 4397.8 156.182 558.308
v 4392.86 159.663 556.418
v 4392.32 157.679 557.066
v 4380.17 161.007 554.325
v 4378.65 155.414 556.136
v 4373.09 156.937 554.874
v 4371.96 152.79 556.228
v 4394.36 146.673 561.276
v 4395.37 150.384 560.094
v 4397.5 149.809 560.56
v 4399.13 155.824 558.609
v 4415.66 146.02 564.052
v 4416.04 151.6 562.169
v 4426.66 145.278 565.716
v 4427.04 150.845 563.838
v 4380.48 130.24 565.346
v 4383.31 135.769 563.751
v 4386.9 126.964 567.286
v 4389.73 132.493 565.638
v 4391.86 130.983 566.417
v 4401.83 130.547 567.746
v 4391.67 126.516 568.01
v 4401.63 126.081 569.337
v 4403.46 129.652 568.262
v 4417.2 129.05 570.059
v 4403.27 125.275 569.813
v 4417.01 124.686 571.547
v 4415.85 122.485 572.173
v 4435.02 135.065 570.132
v 4420.35 115.638 575.07
v 4439.52 128.218 572.971
v 4441.18 109.955 579.29
v 4444.66 122.037 575.671
v 4465.96 102.789 584.316
v 4469.45 114.87 580.853
v 4474.52 132.608 575.608
v 4473.89 123.457 578.538
v 4449.89 134.285 572.139
v 4449.27 125.134 575.142
v 4474.53 132.787 575.553
v 4493.31 122.139 581.155
v 4493.94 131.469 578.251
v 4472.58 134.732 574.711
v 4486.4 133.785 576.634
v 4487.22 145.777 572.956
v 4482.48 155.286 569.323
v 4474.03 155.862 568.051
v 4447.09 149.489 594.711
v 4404.29 152.407 560.46
v 4406 177.58 551.895
v 4447.09 149.489 566.785
v 4446.2 136.524 570.964
v 4474.51 162.863 565.844
v 4467.36 173.395 561.54
v 4271.59 -81.5013 629.368
v 4280.15 -85.0335 630.64
v 4269.4 -86.8252 629.045
v 4277.95 -90.3446 630.315
v 4277.89 -90.4982 630.307
v 4287.3 -94.3887 631.125
v 4289.55 -88.9112 631.191
v 4266.42 -107.276 626.972
v 4282.54 -102.195 631.001
v 4269.34 -116.593 627.511
v 4285.48 -111.525 631.441
v 4226.16 -107.506 619.397
v 4227.15 -98.612 622.571
v 4239.6 -109.004 622.688
v 4240.59 -100.109 624.406
v 4204.96 -107.302 616.204
v 4205.81 -109.644 615.503
v 4199.68 -109.209 614.747
v 4200.53 -111.563 614.04
v 4209.87 -108.172 640.941
v 4209.87 -108.172 616.625
v 4186.85 -116.529 609.126
v 4192.06 -130.901 604.92
v 4227.43 -118.052 617.873
v 4221.14 -100.698 620.941
v 4208.79 -105.177 617.524
v 4232.33 -69.0746 629.493
v 4230.73 -75.6271 627.265
v 4223.71 -66.963 629.605
v 4222.11 -73.5155 627.662
v 4214.42 -81.5013 624.604
v 4216.7 -72.1845 627.968
v 4228.46 -84.9311 625.285
v 4335.26 5.47295 609.827
v 4338.96 16.6327 605.844
v 4359.12 -2.47454 617.575
v 4362.84 8.69802 613.166
v 4272.7 -29.7596 627.832
v 4275.67 -20.8395 624.332
v 4322.99 -46.512 628.144
v 4325.97 -37.5791 626.021
v 4281.21 -20.5452 623.739
v 4285.78 -6.83862 618.147
v 4317.81 -32.7415 624.584
v 4322.38 -19.0222 618.552
v 4289.13 1.83835 614.49
v 4293.69 15.5577 608.819
v 4325.73 -10.3452 614.782
v 4330.29 3.3741 609.886
v 4296.6 22.2894 605.669
v 4301.16 36.0088 599.673
v 4333.19 10.1058 607.59
v 4337.75 23.8252 602.346
v 4302.31 40.0913 597.981
v 4306.87 53.7979 591.768
v 4338.91 27.9077 600.768
v 4343.47 41.6143 595.73
v 4162.54 -231.478 573.986
v 4174.32 -232.387 579.571
v 4160.22 -231.299 572.94
v 4159.23 -244.173 570.737
v 4173.33 -245.261 577.623
v 4163.26 -222.379 575.708
v 4179.98 -232.822 582.357
v 4180.68 -223.723 583.574
v 4159.94 -220.05 574.533
v 4161.31 -202.376 577.565
v 4185.02 -221.995 585.909
v 4186.39 -204.309 588.664
v 4157.13 -185.24 617.878
v 4176.37 -196.246 617.878
v 4170.68 -160.438 617.878
v 4190.72 -171.892 617.878
v 4153.41 -191.767 575.845
v 4157.13 -185.24 578.421
v 4172.64 -202.773 582.466
v 4176.37 -196.246 584.873
v 4187.88 -202.824 589.493
v 4201.91 -178.291 597.878
v 4190.72 -171.892 593.968
v 4195.67 -163.215 596.889
v 4175.65 -151.761 591.235
v 4170.68 -160.438 587.28
v 4160.11 -154.397 584.329
v 4146.08 -178.931 575.665
v 4209.02 -208.596 623.084
v 4205.02 -206.42 596.729
v 4209.02 -208.596 598.463
v 4201.96 -212.038 595.077
v 4212.06 -217.541 599.249
v 4218.76 -205.23 603.084
v 4212.66 -201.903 600.394
v 4213.26 -194.608 601.338
v 4213.42 -179.673 602.576
v 4223.4 -194.71 605.62
v 4223.55 -179.775 606.857
v 4225.69 -211.117 629.945
v 4223.41 -210.579 605.031
v 4225.69 -211.117 606.059
v 4220.7 -221.982 602.812
v 4230.17 -224.235 607.282
v 4233.9 -208.57 609.945
v 4226.7 -206.855 606.686
v 4250.61 -190.231 642.533
v 4252.07 -198.985 618.2
v 4250.61 -190.231 617.911
v 4262.16 -197.308 622.533
v 4259.94 -183.973 622.089
v 4247.74 -186.008 616.855
v 4248.49 -190.577 617.003
v 4244.31 -152.785 616.363
v 4243.57 -139.821 618.329
v 4254.47 -152.209 620.27
v 4253.73 -139.232 621.138
v 4281.19 -137.428 630.534
v 4290.55 -136.89 633.169
v 4276.61 -137.696 628.775
v 4277.01 -144.748 628.932
v 4290.95 -143.954 633.279
v 4281.01 -134.139 653.169
v 4290.01 -127.279 633.02
v 4274.32 -128.175 628.577
v 4274.69 -134.51 628.033
v 4281.01 -134.139 630.464
v 4258.94 -183.436 621.654
v 4257.76 -173.709 620.958
v 4273.71 -181.644 627.866
v 4272.54 -171.918 627.174
v 4292.34 -211.45 636.665
v 4292.24 -201.749 636.113
v 4304.19 -211.335 642.121
v 4304.09 -201.621 641.317
v 4300.56 -201.659 639.692
v 4285.68 -190.73 633.111
v 4300.45 -190.577 639.356
v 4285.79 -201.813 633.383
v 4313.76 -164.162 643.304
v 4316.72 -177.433 645.593
v 4303.89 -166.376 639.492
v 4306.85 -179.647 641.589
v 4306.85 -179.647 665.955
v 4299.11 -167.438 637.677
v 4302.54 -182.808 640.014
v 4317.19 -179.545 645.955
v 4381.37 -94.8878 655.412
v 4377.78 -85.7758 651.505
v 4384.27 -93.736 656.002
v 4380.69 -84.6368 652.03
v 4363.11 -91.3044 648.491
v 4359.39 -91.5988 647.296
v 4362.55 -84.5856 646.525
v 4358.85 -84.8927 645.338
v 4354.05 -92.0467 645.587
v 4353 -79.3513 641.896
v 4358.34 -78.9161 643.587
v 4363.45 -77.7132 645.017
v 4375.4 -75.9215 648.224
v 4364.71 -86.1085 647.666
v 4376.66 -84.3168 650.8
v 4382.25 -85.6478 652.74
v 4378.83 -77.2652 649.553
v 4397.34 -79.5048 655.477
v 4393.93 -71.1223 652.224
v 4400.41 -47.9838 670.351
v 4396.77 -59.3227 649.041
v 4406.01 -55.5729 650.351
v 4402.57 -47.1135 646.403
v 4400.41 -47.9838 646.096
v 4398.24 -42.6343 644.191
v 4391.15 -45.5138 643.347
v 4392.71 -49.3531 644.714
v 4391.22 -61.5879 648.258
v 4387.15 -51.6056 644.052
v 4387.28 -63.1876 647.699
v 4382.86 -52.335 643.272
v 4386.8 -50.7353 643.741
v 4368.96 -71.327 645.18
v 4364.95 -61.4343 641.423
v 4381.81 -66.1055 647.17
v 4377.78 -56.2128 643.148
v 4340.43 -71.6982 636.965
v 4327.78 -70.6999 633.19
v 4341.36 -60.0905 634.363
v 4328.7 -59.0923 631.201
v 4312.66 -69.433 631.884
v 4313.44 -59.6554 630.187
v 4325.79 -70.4824 632.588
v 4326.57 -60.692 631.003
v 4284.02 -75.0256 651.435
v 4282.61 -78.4938 651.435
v 4284.28 -74.3601 631.025
v 4284.02 -75.0256 631.017
v 4274.73 -70.4824 630.533
v 4271.19 -79.2105 629.308
v 4280.74 -83.0882 630.727
v 4282.61 -78.4938 630.976
v 4284.63 -83.8305 631.039
v 4297.73 -78.8905 631.435
v 4294.75 -70.9815 631.341
v 4300.31 -98.1129 633.638
v 4301.65 -89.0648 632.247
v 4310.47 -99.5974 635.145
v 4311.8 -90.5494 634.017
v 4322.99 -115.339 639.794
v 4322.84 -103.987 637.741
v 4332.9 -115.211 642.98
v 4332.74 -103.859 640.912
v 4351.81 -122.058 651.794
v 4348.08 -113.688 648.09
v 4359.57 -118.589 653.981
v 4355.83 -110.232 650.276
v 4363.21 -129.301 699.326
v 4359.74 -135.943 699.326
v 4359.99 -127.625 656.456
v 4363.21 -129.301 658.041
v 4356.52 -134.267 656.245
v 4359.74 -135.943 658.134
v 4356.77 -141.613 658.276
v 4393.04 -160.566 679.326
v 4402.57 -142.355 678.315
v 4366.29 -123.401 657.942
v 2079.88 -8.71991 591.786
v 2104.48 21.2528 575.043
v 2091.22 -18.024 598.865
v 2112.51 14.6746 574.259
v 2119.61 43.278 588.629
v 2112.28 29.6994 568.629
v 2119.61 43.278 559.79
v 2122.63 24.1323 566.267
v 2134.87 46.823 553.089
v 2122.69 53.3884 554.778
v 2117.78 44.2763 559.95
v 2090.61 40.3345 600.624
v 2106.66 45.2745 600.624
v 2107.12 47.0022 600.624
v 2084.83 41.5375 600.624
v 2089.25 40.6928 600.624
v 2108.82 53.3372 600.624
v 2093.16 49.8434 600.624
v 2082.94 34.473 600.624
v 2091.8 50.2145 600.624
v 2091.92 58.1236 600.624
v 2069.76 30.6593 600.624
v 2076.01 26.8327 600.624
v 2085.57 53.0173 600.624
v 2084.66 49.613 600.624
v 2071.5 37.5317 600.624
v 2077.71 51.4687 600.624
v 2078.49 54.3994 600.624
v 2073.39 44.5962 600.624
v 2074.57 64.2667 600.624
v 2066.27 46.5031 600.624
v 2063.56 55.2441 600.624
v 2064.24 57.7781 600.624
v 2067.95 66.0328 600.624
v 2090.61 40.3345 571.356
v 2089.25 40.6928 571.425
v 2090.11 38.4532 572.433
v 2106 34.1915 568.912
v 2108.8 44.6986 562.894
v 2106.66 45.2745 563.367
v 2107.12 47.0022 562.571
v 2109.01 46.4903 562.096
v 2110.72 52.8253 559.179
v 2108.82 53.3372 559.655
v 2109.88 57.2662 557.845
v 2096.13 60.952 560.034
v 2093.16 49.8434 566.174
v 2091.8 50.2145 566.37
v 2093.79 57.6245 562.271
v 2091.92 58.1236 562.546
v 2092.93 61.8478 560.486
v 2084.84 64.0107 558.965
v 2082.14 53.9387 562.997
v 2085.57 53.0173 564.446
v 2084.66 49.613 565.81
v 2077.71 51.4687 562.879
v 2078.49 54.3994 561.703
v 2080.12 53.9515 562.399
v 2082.9 64.2667 558.27
v 2075.13 66.3399 555.083
v 2074.57 64.2667 555.837
v 2067.95 66.0328 553.319
v 2068.39 67.6965 552.713
v 2063.7 68.9635 550.924
v 2060.94 58.6611 554.674
v 2064.24 57.7781 555.929
v 2063.56 55.2441 556.911
v 2060.89 55.9608 555.833
v 2058.24 46.068 559.745
v 2065.62 44.0843 562.811
v 2066.27 46.5031 561.896
v 2073.39 44.5962 564.872
v 2071.5 37.5317 567.387
v 2066.05 38.9907 565.153
v 2064.22 32.1438 567.59
v 2069.76 30.6593 569.928
v 2069.22 28.65 570.715
v 2076.01 26.8327 573.782
v 2074.7 21.9951 575.679
v 2085.65 19.0643 580.624
v 2089.32 32.7581 575.25
v 2082.94 34.473 572.364
v 2084.83 41.5375 569.591
v 2089.16 40.3729 571.55
v 2056.46 130.547 535.907
v 2095.88 198.62 526.633
v 2080.67 207.425 523.161
v 2039.59 193.245 521.138
v 2016.64 153.61 523.681
v 2064.81 190.737 554.33
v 2040.25 152.688 554.33
v 2079.56 194.371 554.33
v 2049.93 147.057 554.33
v 2051.49 146.148 554.33
v 2060.73 144.062 554.33
v 2084.71 185.272 554.33
v 2064.81 190.737 525.446
v 2079.56 194.371 526.783
v 2060.73 193.104 524.094
v 2037.98 154.019 527.639
v 2040.25 152.688 528.369
v 2038.19 149.156 528.58
v 2047.88 143.525 531.652
v 2049.93 147.057 531.388
v 2051.49 146.148 531.849
v 2050.55 144.523 531.97
v 2058.36 139.967 534.279
v 2060.73 144.062 533.97
v 2061.95 143.346 534.33
v 2085.92 184.568 530.301
v 2084.71 185.272 529.917
v 2089.5 193.488 528.656
v 2081.68 198.044 526.059
v 2103.8 77.8709 611.663
v 2102.69 78.2804 551.281
v 2103.8 77.8709 551.042
v 2099.69 70.1153 554.663
v 2137.68 56.2039 548.883
v 2165.7 132.685 527.55
v 2128.84 146.199 532.568
v 2083.33 76.3607 553.402
v 2099.63 70.1921 554.645
v 2103.48 80.3921 550.714
v 2087.18 86.5479 552.155
v 2077.99 84.577 573.43
v 2071.54 91.2832 546.994
v 2079.4 88.314 549.705
v 2068.51 92.4222 546.061
v 2063.17 78.2932 547.645
v 2078.81 72.3806 553.43
v 2082.73 82.7725 551.818
v 2077.99 84.577 550.163
v 2101.94 144.549 570.473
v 2074.65 99.5123 570.473
v 2084.81 95.9417 570.473
v 2104.24 150.602 536.19
v 2101.94 144.549 537.906
v 2092.14 155.184 537.12
v 2071.54 100.69 545.261
v 2074.65 99.5123 546.22
v 2081.6 87.4822 550.473
v 2084.81 95.9417 549.439
v 2094.05 92.4478 550.427
v 2112.27 140.645 536.783
v 2212.23 92.9597 549.664
v 2210.13 100.05 549.664
v 2208.89 75.7848 549.664
v 2214.01 98.8852 520.11
v 2212.23 92.9597 520.906
v 2210.13 100.05 520.941
v 2211.23 103.672 520.348
v 2203.38 106.026 522.086
v 2191.31 65.956 529.664
v 2209.31 60.5297 525.271
v 2213.49 74.4026 521.519
v 2208.89 75.7848 522.711
v 2213.91 92.4478 520.47
v 2147.07 177.465 613.37
v 2137.41 181.151 613.37
v 2136.32 184.67 613.37
v 2166.11 151.562 525.418
v 2174.23 172.845 521.439
v 2149 182.495 523.794
v 2147.07 177.465 524.864
v 2137.41 181.151 525.443
v 2138.44 183.864 524.866
v 2136.32 184.67 524.995
v 2137.69 188.254 524.233
v 2118.65 195.523 524.88
v 2107.77 167.035 532.37
v 1487.56 -262.448 594.041
v 1545.48 -297.002 568.005
v 1568.72 -258.366 574.041
v 1567.08 -251.506 573.664
v 1513.69 -220.024 562.071
v 1505.57 -215.212 560.535
v 1471.23 -219.704 552.717
v 1435.41 -275.246 540.799
v 1467.07 -295.057 547.74
v 1487.56 -262.448 554.403
v -1788.46 -250.175 565.912
v -1800.66 -249.536 545.912
v -1790.12 -254.053 545.054
v -1788.46 -250.175 545.02
v -1782.01 -252.953 544.22
v -1779.03 -246.029 544.211
v -1796.03 -238.747 545.405
v -1764.04 -256.625 563.662
v -1751.49 -261.437 563.662
v -1765.49 -252.095 543.249
v -1764.04 -256.625 543.002
v -1775.25 -255.218 543.662
v -1768.38 -276.718 540.777
v -1738.05 -267.03 539.192
v -1740.91 -258.059 540.557
v -1751.49 -261.437 541.301
v -1754.05 -253.426 542.52
v -1676.07 -225.54 563.035
v -1701.44 -237.391 563.035
v -1687.41 -239.566 563.035
v -1689.82 -233.078 563.035
v -1663.66 -258.929 530.511
v -1676.07 -225.54 537.796
v -1662 -220.306 534.863
v -1666.11 -209.236 537.859
v -1731.21 -233.423 543.035
v -1721.73 -258.929 539.206
v -1696.87 -249.702 538.423
v -1701.44 -237.391 540.958
v -1689.82 -233.078 540.213
v -1687.41 -239.566 538.498
v -1688.95 -240.142 538.779
v -1679.76 -264.906 532.4
v -1741.17 -175.808 549.601
v -1737.77 -185.01 548.738
v -1767.11 -185.432 547.21
v -1763.69 -194.646 547.047
v -1722.78 -198.562 570.188
v -1738.29 -201.749 570.188
v -1724.33 -199.138 570.188
v -1696.8 -202.862 547.398
v -1702.18 -188.35 550.188
v -1723.62 -196.31 548.117
v -1722.78 -198.562 547.896
v -1724.33 -199.138 547.746
v -1730.12 -183.525 549.317
v -1743.25 -188.388 548.344
v -1738.29 -201.749 546.768
v -1740.72 -202.645 546.664
v -1735.33 -217.157 544.952
v -3916.45 1167.78 514.314
v -3919.47 1168.33 514.314
v -3919.45 1172.87 514.314
v -3932.66 1180.67 514.314
v -3935.7 1181.22 514.314
v -3935.68 1185.76 514.314
v -3943.65 1185.81 514.314
v -3943.68 1181.27 514.314
v -3932.84 1173.73 514.314
v -3927.43 1172.92 514.314
v -3927.45 1168.38 514.314
v -3917 1160.84 514.314
v -3911.59 1160.05 514.314
v -3911.61 1155.49 514.314
v -3903.64 1155.45 514.314
v -3903.62 1160 514.314
v -3916.43 1168.32 488.76
v -3916.45 1167.78 488.631
v -3919.47 1168.33 488.521
v -3919.45 1172.87 489.669
v -3914.59 1172.85 489.992
v -3914.54 1180.55 491.99
v -3932.66 1180.67 490.882
v -3932.66 1181.21 491.022
v -3935.7 1181.22 490.883
v -3935.68 1185.76 492.066
v -3930.81 1185.74 492.288
v -3930.76 1193.45 494.314
v -3949.03 1193.56 493.785
v -3949.07 1185.84 491.626
v -3943.65 1185.81 491.784
v -3943.68 1181.27 490.521
v -3946.77 1181.28 490.398
v -3946.81 1173.82 488.436
v -3932.84 1173.73 489.069
v -3932.84 1172.95 488.865
v -3927.43 1172.92 489.158
v -3927.45 1168.38 487.974
v -3930.54 1168.39 487.788
v -3930.58 1160.92 485.828
v -3917 1160.84 486.876
v -3917.01 1160.07 486.676
v -3911.59 1160.05 487.1
v -3911.61 1155.49 485.913
v -3914.71 1155.52 485.674
v -3914.75 1148.04 483.725
v -3900.65 1147.97 484.952
v -3900.6 1155.43 486.772
v -3903.64 1155.45 486.537
v -3903.62 1160 487.721
v -3898.75 1159.97 488.103
v -3898.7 1167.68 490.018
v -4062.41 1114.38 463.782
v -4041.5 1148.9 476.438
v -4029.46 1094.44 461.735
v -4008.56 1128.96 472.281
v -4012.62 83.7836 453.395
v -4023.17 73.9931 453.395
v -4133.92 56.7926 453.395
v -4145.08 66.4935 453.395
v -4047.35 73.6348 453.395
v -4058.51 83.3356 453.395
v -4099.19 66.9414 453.395
v -4109.74 57.151 453.395
v -3985.1 109.533 433.395
v -3984.18 31.5423 425.771
v -4012.99 109.456 425.526
v -4012.62 83.7836 423.758
v -4023.31 83.63 420.618
v -4023.17 73.9931 419.947
v -4047.35 73.6348 412.778
v -4047.5 83.502 413.48
v -4058.51 83.3356 410.328
v -4058.64 92.243 411.1
v -4099.57 92.6014 399.306
v -4099.19 66.9414 397.767
v -4109.88 66.7879 399.525
v -4109.74 57.151 399.936
v -4133.92 56.7926 407.649
v -4134.06 66.6471 407.577
v -4145.08 66.4935 411.27
v -4145.46 91.9231 411.136
v -4189.63 91.3472 423.919
v -4189.66 29.5458 425.034
v -2169.55 2676.16 639.193
v -2169.64 2664.2 640.073
v -2160.68 2664.14 639.871
v -2160.6 2676.1 638.993
v -2477.82 2294.53 650.69
v -2491.78 2292.31 650.69
v -2490.81 2286.2 650.69
v -2476.85 2288.41 650.69
v -2498.41 2284.98 650.69
v -2499.1 2289.33 650.69
v -2512.29 2287.22 650.69
v -2511.6 2282.88 650.69
v -2460.38 2291.03 650.69
v -2468.87 2289.69 650.69
v -2460.89 2294.21 650.69
v -2469.37 2292.85 650.69
v -2455.81 2295.02 650.69
v -2457.65 2306.5 650.69
v -2477.82 2294.53 627.564
v -2476.85 2288.41 627.699
v -2475.3 2294.94 627.777
v -2476.93 2305.15 627.584
v -2496.29 2302.07 626.172
v -2494.66 2291.85 626.138
v -2491.78 2292.31 626.383
v -2490.81 2286.2 626.517
v -2498.41 2284.98 625.873
v -2499.1 2289.33 625.786
v -2497.8 2289.54 625.888
v -2499.79 2302.04 625.924
v -2517.93 2299.16 624.494
v -2515.93 2286.64 624.481
v -2512.29 2287.22 624.802
v -2511.6 2282.88 624.798
v -2514.93 2282.36 624.504
v -2513.13 2271.04 624.459
v -2446.1 2281.72 630.383
v -2447.91 2293.03 629.873
v -2460.38 2291.03 628.977
v -2460.89 2294.21 628.914
v -2455.81 2295.02 629.266
v -2455.8 2294.91 629.267
v -2436.6 2297.97 630.69
v -2438.45 2309.56 630.37
v -2457.65 2306.5 629.04
v -2458.06 2309.1 628.989
v -2473.54 2306.63 627.845
v -2471.31 2292.55 628.141
v -2469.37 2292.85 628.305
v -2468.87 2289.69 628.374
v -2485.8 2500.74 663.601
v -2434.38 2499.86 663.601
v -2485.87 2496.36 634.847
v -2485.8 2500.74 635.38
v -2434.45 2495.48 640.552
v -2434.38 2499.86 641.159
v -2430.93 2499.79 641.53
v -2430.67 2515.03 643.601
v -2491.58 2516.08 636.518
v -2491.84 2500.84 634.68
v 3212.87 -2192.87 526.762
v 3222.72 -2167.49 531.758
v 3230.8 -2199.83 530.026
v 3240.65 -2174.45 535.064
v 2656.01 608.473 525.637
v 2640.83 610.79 525.637
v 2641.71 591.323 525.637
v 2661.23 607.68 447.785
v 2656.01 608.473 450.038
v 2657.06 615.295 448.04
v 2641.86 617.611 454.676
v 2640.83 610.79 457.017
v 2634.81 611.711 459.759
v 2631.92 592.82 465.637
v 2641.71 591.323 460.874
v 2640.34 582.3 464.042
v 2656.98 579.766 455.483
v 2293.76 516.849 503.689
v 2280.14 504.127 503.689
v 2281.3 530.185 466.508
v 2293.76 516.849 473.429
v 2258.91 509.285 475.079
v 2271.38 495.949 482.073
v 2280.14 504.127 478.023
v 2290.87 492.634 483.689
v 2306.21 506.969 477.405
v 2295.48 518.449 472.851
v 2291.9 437.179 537.343
v 2321.68 474.819 487.857
v 2291.9 437.179 506.625
v 2297.58 493.889 482.681
v 2253.23 437.832 511.538
v 2281.35 415.575 516.153
v 2295.92 433.992 506.753
v 2246.8 476.688 524.632
v 2253.06 483.394 488.182
v 2246.8 476.688 491.465
v 2238.87 496.615 481.051
v 2218.81 475.088 491.649
v 2244.69 450.976 504.632
v 2258.49 465.796 497.308
v 2271.18 569.706 486.38
v 2268.11 574.864 465.408
v 2271.18 569.706 465.553
v 2256.18 567.774 463.618
v 2266.09 551.085 464.363
v 2282.24 560.684 466.38
v 2275.39 572.202 466.085
v 2192.57 584.898 447.414
v 2206.14 592.68 449.119
v 2195.37 580.009 449.876
v 2208.94 587.791 451.062
v 2188.65 558.239 453.765
v 2183.23 567.697 450.639
v 2220.26 576.374 455.618
v 2214.84 585.82 453.105
v 2171.89 559.877 495.852
v 2158.5 552.569 495.852
v 2161.48 547.13 495.852
v 2174.86 554.438 495.852
v 2171.89 559.877 450.82
v 2174.86 554.438 452.979
v 2178.12 563.282 450.7
v 2172.45 573.648 445.951
v 2149.77 561.247 446.605
v 2155.42 550.893 452.977
v 2158.5 552.569 452.576
v 2161.48 547.13 455.038
v 2159.47 546.042 455.344
v 2166.34 533.487 459.852
v 2187.08 544.813 458.099
v 2180.22 557.369 452.733
v 2148.91 567.876 444.206
v 2142.15 581.558 435.852
v 2185.19 585.781 445.023
v 2178.43 599.476 438.792
v 2185.37 598.772 441.865
v 2202.46 610.521 444.839
v 2193.5 586.933 446.984
v 2210.6 598.682 449.463
v 2206.43 607.5 446.93
v 2219.93 616.792 449.497
v 2219.04 589.173 453.31
v 2232.54 598.452 457.315
v 2243.07 609.599 502.346
v 2250.91 614.987 502.346
v 2258 604.659 502.346
v 2247.48 603.187 502.346
v 2253.6 594.088 502.346
v 2233.97 603.341 457.292
v 2227.69 612.453 453.331
v 2243.07 609.599 460.051
v 2247.48 603.187 461.708
v 2238.5 597.006 458.95
v 2244.71 587.97 460.761
v 2253.6 594.088 463.126
v 2257.7 588.123 464.416
v 2269.8 596.442 466.346
v 2262.18 607.539 465.915
v 2258 604.659 464.737
v 2250.91 614.987 462.426
v 2255.46 618.11 463.807
v 2249.2 627.236 461.476
v 2297.29 588.546 507.034
v 2302.46 592.193 507.034
v 2300.46 595.073 507.034
v 2291.03 604.211 507.034
v 2293.71 586.076 507.034
v 2290.41 588.827 507.034
v 2284.27 613.951 507.034
v 2289.3 632.01 507.034
v 2288.28 591.899 507.034
v 2278.4 625.559 507.034
v 2276.81 627.837 507.034
v 2275.52 616.933 507.034
v 2272.94 620.657 507.034
v 2269.7 622.91 507.034
v 2273.27 625.38 507.034
v 2315.34 584.527 470.725
v 2305.02 577.373 469.371
v 2307.56 595.739 470.319
v 2302.46 592.193 469.645
v 2300.46 595.073 469.539
v 2311.77 602.918 471.034
v 2304.43 613.503 470.637
v 2291.03 604.211 468.879
v 2284.27 613.951 468.504
v 2296.13 622.167 470.066
v 2289.3 632.01 469.697
v 2290.4 632.765 469.842
v 2289.87 633.52 469.814
v 2278.4 625.559 468.292
v 2276.81 627.837 468.206
v 2282.43 631.728 468.95
v 2273.53 644.552 468.432
v 2264.38 638.217 467.219
v 2273.27 625.38 467.737
v 2269.7 622.91 467.263
v 2264.43 630.525 466.957
v 2253.3 622.807 463
v 2260.68 612.159 465.757
v 2272.94 620.657 467.527
v 2275.52 616.933 467.67
v 2266.76 610.866 466.522
v 2282.64 587.97 467.398
v 2288.28 591.899 468.135
v 2290.41 588.827 468.249
v 2280.99 582.3 467.027
v 2288.25 571.831 467.416
v 2298.61 579.024 468.762
v 2293.71 586.076 468.503
v 2297.29 588.546 468.967
v 2342.27 608.46 474.49
v 2296.5 653.063 466.386
v 2366.59 633.43 478.084
v 2320.83 678.033 450.85
v 2352.42 682.897 526.708
v 2361.42 674.13 526.708
v 2391.93 671.851 468.331
v 2350.55 712.18 434.465
v 2325.03 685.994 446.375
v 2340.62 670.802 460.134
v 2352.42 682.897 454.212
v 2361.42 674.13 461.38
v 2350.76 663.2 466.568
v 2367.55 646.83 478.708
v 2413.19 678.199 469.392
v 2417.37 686.954 466.671
v 2425.6 672.274 474.688
v 2429.78 681.028 471.492
v -4781.83 -1438.18 497.04
v -4796.39 -1416 485.283
v -4777.33 -1435.22 496.874
v -4791.9 -1413.05 484.232
v -4717.69 -1446.88 518.488
v -4727.93 -1454.03 519.057
v -4731.06 -1427.75 505.048
v -4741.29 -1434.9 506.143
v -4754.65 -1473.66 550.67
v -4765.98 -1468.58 550.67
v -4759.36 -1478.05 550.67
v -4774.27 -1488.48 550.67
v -4781.41 -1490.2 550.67
v -4754.14 -1474.4 550.67
v -4752.14 -1471.91 520.581
v -4754.65 -1473.66 520.594
v -4763.61 -1455.52 509.235
v -4784.04 -1469.81 509.288
v -4778.68 -1477.46 514.323
v -4765.98 -1468.58 514.536
v -4759.36 -1478.05 520.813
v -4774.27 -1488.48 520.085
v -4786.15 -1471.5 509.376
v -4794.24 -1477.16 509.794
v -4783.91 -1491.95 518.328
v -4781.41 -1490.2 518.449
v -4770.28 -1506.13 529.316
v -4743.15 -1487.18 530.67
v -4752.75 -1473.43 521.099
v -4754.14 -1474.4 521.069
v -4793.14 -1471.78 507.894
v -4801.38 -1460 501.771
v -4766.89 -1453.43 507.519
v -4775.13 -1441.65 500.362
v -4801.18 -1453.21 499.139
v -4809.58 -1441.19 492.957
v -4785.81 -1442.46 497.846
v -4794.21 -1430.44 491.451
v 459.569 -5.98117 533.221
v 575.797 41.2048 511.457
v 477.213 -49.4299 560.274
v 593.43 -2.24418 545.249
v 757.805 225.202 447.744
v 781.85 259.399 460.622
v 793.716 199.964 465.815
v 817.75 234.148 479.358
v 721.793 173.997 439.651
v 745.827 208.181 442.448
v 757.705 148.746 467.37
v 781.738 182.93 462.552
v 528.576 54.1819 528.163
v 541.8 69.5778 528.163
v 521.685 63.2556 528.163
v 526.728 70.8448 528.163
v 528.576 54.1819 499.748
v 521.307 43.2524 508.163
v 537.403 48.3204 504.995
v 548.546 65.0985 491.621
v 541.8 69.5778 487.657
v 550.105 82.0814 480.562
v 530.858 94.8666 475.025
v 518.523 76.3095 483.901
v 526.728 70.8448 486.804
v 521.685 63.2556 492.284
v 512.223 69.5266 488.299
v 502.894 55.4745 498.446
v 553.177 105.335 496.662
v 558.209 112.899 496.662
v 562.662 119.605 496.662
v 549.637 107.69 496.662
v 569.319 126.478 496.662
v 564.331 129.805 496.662
v 553.177 105.335 470.061
v 549.637 107.69 468.857
v 546.531 95.3145 474.5
v 553.211 90.8736 476.662
v 564.888 108.458 468.847
v 558.209 112.899 466.576
v 562.662 119.605 463.56
v 569.686 114.947 465.868
v 582.254 133.862 457.193
v 576.688 137.561 455.392
v 569.319 126.478 460.501
v 564.331 129.805 458.963
v 571.356 140.389 454.007
v 564.142 145.176 451.677
v 536.379 103.377 471.525
v 543.593 98.578 472.957
v 554.725 217.395 458.647
v 554.725 217.395 437.799
v 554.68 221.555 438.434
v 550.194 217.357 438.141
v 550.417 192.989 432.672
v 581.274 193.284 431.924
v 580.963 226.175 437.12
v 560.702 225.996 438.647
v 594.299 189.969 430.983
v 594.599 158.166 445.542
v 627.895 166.676 441.009
v 627.672 190.276 430.148
v 506.935 136.793 489.68
v 512.891 132.595 489.68
v 503.807 139.007 489.68
v 518.245 140.184 489.68
v 520.449 143.307 489.68
v 525.258 150.116 489.68
v 498.185 142.974 489.68
v 503.551 150.564 489.68
v 519.314 154.313 489.68
v 516.175 156.527 489.68
v 510.564 160.495 489.68
v 505.744 153.674 489.68
v 500.946 128.308 469.229
v 506.935 136.793 464.375
v 506.902 124.097 468.975
v 512.891 132.595 464.772
v 523.756 124.929 464.51
v 529.11 132.518 460.745
v 518.245 140.184 460.003
v 520.449 143.307 458.04
v 530.869 135.948 458.755
v 535.678 142.77 454.469
v 525.258 150.116 453.941
v 531.247 158.601 449.317
v 525.303 162.799 449.75
v 519.314 154.313 454.822
v 516.175 156.527 455.288
v 521.774 164.449 450.259
v 516.152 168.417 450.466
v 510.564 160.495 456.033
v 499.855 168.059 457.589
v 495.035 161.237 461.424
v 505.744 153.674 459.837
v 503.551 150.564 461.531
v 491.874 158.806 463.081
v 486.508 151.216 466.112
v 498.185 142.974 465.61
v 492.085 134.323 469.68
v 497.707 130.355 469.328
v 503.807 139.007 464.836
v 478.705 115.459 505.347
v 477.246 116.418 505.347
v 464.689 97.311 505.347
v 467.639 95.3785 505.347
v 486.386 98.7572 505.347
v 484.304 95.5961 505.347
v 488.901 124.635 472.288
v 486.853 125.211 472.708
v 478.705 115.459 476.464
v 477.246 116.418 476.394
v 484.404 127.31 473.036
v 475.276 133.312 474.187
v 448.871 93.1389 485.13
v 457.999 87.1366 485.347
v 464.689 97.311 482.992
v 467.639 95.3785 482.827
v 460.882 85.7161 485.121
v 461.361 84.2955 485.245
v 462.574 83.5404 485.171
v 488.946 88.6212 481.832
v 491.35 90.9632 481.048
v 484.304 95.5961 480.378
v 486.386 98.7572 479.646
v 491.874 94.0859 480.109
v 493.198 94.2011 480.023
v 494.456 95.7113 479.529
v 447.713 69.4754 525.536
v 446.311 70.5121 525.536
v 432.674 52.1598 525.536
v 435.513 50.0481 525.536
v 454.415 52.3646 525.536
v 452.166 49.3314 525.536
v 458.4 78.0501 486.524
v 456.396 78.7412 486.721
v 447.713 69.4754 489.743
v 446.311 70.5121 489.347
v 454.07 80.968 486.578
v 445.309 87.4822 486.042
v 416.644 48.8835 499.968
v 425.416 42.3822 503.549
v 432.674 52.1598 498.731
v 435.513 50.0481 500.058
v 428.221 40.7952 504.372
v 428.611 39.349 505.021
v 429.78 38.5172 505.439
v 456.396 42.0878 505.536
v 458.934 44.3018 504.401
v 452.166 49.3314 501.239
v 454.415 52.3646 499.627
v 459.635 47.3862 502.418
v 460.971 47.4245 502.453
v 462.307 48.8579 501.518
v 411.401 25.5017 543.047
v 410.221 26.7943 543.047
v 393.389 11.3088 543.047
v 395.783 8.71082 543.047
v 414.785 7.43103 543.047
v 412.002 4.87145 543.047
v 423.512 31.9262 508.023
v 421.664 32.9757 507.479
v 411.401 25.5017 510.146
v 410.221 26.7943 509.425
v 419.805 35.612 506.242
v 412.414 43.6492 502.361
v 377.036 11.104 511.143
v 384.428 3.06695 514.591
v 393.389 11.3088 513.254
v 395.783 8.71082 514.369
v 386.888 0.98089 515.558
v 387 -0.503666 516.028
v 387.99 -1.5403 516.694
v 414.807 -3.02485 523.047
v 417.713 -1.33553 522.697
v 417.557 0.149026 522.028
v 412.002 4.87145 519.163
v 414.785 7.43103 518.482
v 418.982 1.56959 521.597
v 420.295 1.36483 521.861
v 421.876 2.51664 521.569
v -2824.68 887.432 594.864
v -2821.67 885.871 594.864
v -2825.8 901.268 594.864
v -2824.63 917.074 594.864
v -2812.92 891.285 594.864
v -2811.64 895.137 594.864
v -2822.9 918.111 594.864
v -2808.21 913.119 594.864
v -2802.39 915.641 594.864
v -2805.26 913.145 594.864
v -2804.42 895.38 594.864
v -2801.84 889.467 594.864
v -2793.88 909.433 594.864
v -2795.29 890.043 594.864
v -2793.75 897.978 594.864
v -2824.68 887.432 423.402
v -2821.67 885.871 422.798
v -2823.35 882.633 422.903
v -2815.41 878.499 421.305
v -2809.65 889.582 420.881
v -2812.92 891.285 421.604
v -2811.64 895.137 421.594
v -2804.42 895.38 420.163
v -2805.01 889.8 419.965
v -2801.84 889.467 419.312
v -2802.09 887.099 419.229
v -2795.19 886.357 417.864
v -2795.29 890.043 418.035
v -2793.88 890.401 417.773
v -2793.75 897.978 418.177
v -2789.96 898.567 417.451
v -2790.08 909.472 417.912
v -2793.88 909.433 418.671
v -2793.98 918.597 418.879
v -2802.43 918.495 420.803
v -2802.39 915.641 420.634
v -2805.29 915.602 421.293
v -2805.26 913.145 421.149
v -2808.21 913.119 421.821
v -2815.84 925.995 424.181
v -2824.52 920.863 425.627
v -2822.9 918.111 425.146
v -2824.63 917.074 425.435
v -2831.93 916.562 426.864
v -2825.8 901.268 424.605
v -2831.48 888.494 424.629
v -2824.21 967.77 595.248
v -2821.19 966.209 595.248
v -2826.63 982.707 595.248
v -2824.16 997.413 595.248
v -2812.45 971.623 595.248
v -2811.18 975.475 595.248
v -2822.42 998.449 595.248
v -2807.74 993.458 595.248
v -2801.93 995.979 595.248
v -2804.79 993.483 595.248
v -2803.94 975.706 595.248
v -2801.36 969.805 595.248
v -2793.41 989.772 595.248
v -2794.82 970.381 595.248
v -2793.28 978.317 595.248
v -2824.21 967.77 428.92
v -2821.19 966.209 428.057
v -2822.88 962.958 428.305
v -2814.93 958.837 425.944
v -2809.17 969.921 425.1
v -2812.45 971.623 426.116
v -2811.18 975.475 425.987
v -2803.94 975.706 423.935
v -2804.54 970.138 423.791
v -2801.36 969.805 422.864
v -2801.61 967.438 422.888
v -2794.71 966.695 421.104
v -2794.82 970.381 421.184
v -2793.4 970.74 420.823
v -2793.28 978.317 421.04
v -2789.49 978.905 419.993
v -2789.6 989.81 420.643
v -2793.41 989.772 421.727
v -2793.51 998.936 422.182
v -2801.96 998.833 424.548
v -2801.93 995.979 424.451
v -2804.82 995.941 425.275
v -2804.79 993.483 425.156
v -2807.74 993.458 425.997
v -2815.36 1006.33 428.121
v -2824.04 1001.2 430.582
v -2822.42 998.449 430.109
v -2824.16 997.413 430.602
v -2833.42 998.526 433.248
v -2826.63 982.707 430.442
v -2833.27 966.874 431.198
v -2596.33 923.141 432.148
v -2601.28 921.81 432.148
v -2596.69 926.84 432.148
v -2608.45 921.119 432.148
v -2615.39 931.498 432.148
v -2613.64 915.154 432.148
v -2614.62 925.137 432.148
v -2614.27 921.439 432.148
v -2625.18 916.101 432.148
v -2617.51 914.783 432.148
v -2621.38 910.393 432.148
v -2627.45 909.561 432.148
v -2627.97 918.687 432.148
v -2632.94 903.648 432.148
v -2632.41 922.373 432.148
v -2645.79 907.961 432.148
v -2633.42 897.415 432.148
v -2637.05 903.303 432.148
v -2639.84 905.888 432.148
v -2591.1 923.64 396.369
v -2590.32 915.487 395.057
v -2596.33 923.141 396.532
v -2596.69 926.84 397.127
v -2589.97 927.48 396.917
v -2590.74 935.607 398.331
v -2615.55 933.252 399.041
v -2615.39 931.498 398.867
v -2622.93 930.782 399.148
v -2622.32 924.408 398.516
v -2614.62 925.137 398.229
v -2614.27 921.439 397.808
v -2621.04 920.799 398.115
v -2625.18 916.101 397.861
v -2627.97 918.687 398.234
v -2622.85 924.203 398.521
v -2627.08 928.132 399.088
v -2632.41 922.373 398.789
v -2633.93 923.794 398.994
v -2647.31 909.369 398.549
v -2645.79 907.961 398.282
v -2648.75 904.775 398.266
v -2644.52 900.845 397.685
v -2639.84 905.888 397.57
v -2637.05 903.303 397.077
v -2641.25 898.785 397.07
v -2636.36 894.254 396.16
v -2633.42 897.415 396.203
v -2631.77 895.879 395.913
v -2628.45 899.476 395.963
v -2632.94 903.648 396.751
v -2627.45 909.561 397.1
v -2622.96 905.389 396.055
v -2619.73 908.87 396.318
v -2621.38 910.393 396.7
v -2617.51 914.783 397.049
v -2613.64 915.154 396.769
v -2613.46 913.299 396.463
v -2607.76 913.836 396.049
v -2608.45 921.119 397.249
v -2601.28 921.81 396.731
v -2600.58 914.514 395.528
v -2627.48 825.448 405.509
v -2627.88 832.142 405.509
v -2633.93 829.108 405.509
v -2632.12 831.118 405.509
v -2621.09 839.616 405.509
v -2635.63 834.292 405.509
v -2614.37 839.872 405.509
v -2607.92 847.001 405.509
v -2635.14 839.514 405.509
v -2627.94 847.436 405.509
v -2615.24 861.425 405.509
v -2608.52 853.477 405.509
v -2608.02 869.386 405.509
v -2601.97 860.683 405.509
v -2604.58 868.516 405.509
v -2594.34 861.963 405.509
v -2601.07 865.329 405.509
v -2599.29 867.287 405.509
v -2627.48 825.448 378.128
v -2631.15 821.403 377.638
v -2625.61 823.746 376.859
v -2622.46 827.227 377.285
v -2627.88 832.142 380.289
v -2621.09 839.616 380.792
v -2615.67 834.701 378.191
v -2612.52 838.183 378.525
v -2614.37 839.872 379.384
v -2607.92 847.001 379.868
v -2606.05 845.299 379.002
v -2603.1 848.562 379.317
v -2608.52 853.477 382.494
v -2601.97 860.683 383.965
v -2596.55 855.768 380.824
v -2592.47 860.273 382.119
v -2594.34 861.963 383.042
v -2591.59 864.996 383.914
v -2598.8 871.549 387.657
v -2601.14 868.964 387.127
v -2599.29 867.287 386.043
v -2601.07 865.329 385.644
v -2604.58 868.516 387.702
v -2600.46 873.046 388.627
v -2605.39 877.526 390.509
v -2610.62 871.754 389.747
v -2608.02 869.386 388.781
v -2615.24 861.425 387.182
v -2617.85 863.793 388.551
v -2630.55 849.804 385.853
v -2627.94 847.436 384.386
v -2635.14 839.514 383.852
v -2637.73 841.881 385.055
v -2644.95 833.921 384.976
v -2640.02 829.454 382.249
v -2635.63 834.292 382.566
v -2632.12 831.118 380.948
v -2633.93 829.108 380.811
v -2635.79 830.785 381.667
v -2638.36 827.944 381.474
v -2686.05 927.108 427.403
v -2693.29 938.768 427.403
v -2731.6 892.513 427.403
v -2685.91 921.515 427.403
v -2694.79 916.549 427.403
v -2717.63 888.981 427.403
v -2711.77 890.299 427.403
v -2708.46 900.065 427.403
v -2679.97 934.442 402.13
v -2686.05 927.108 402.262
v -2692.14 944.515 402.99
v -2695.44 940.547 403.011
v -2693.29 938.768 402.853
v -2731.6 892.513 406.36
v -2733.74 894.292 406.675
v -2737.27 890.03 407.403
v -2725.11 879.958 405.675
v -2717.63 888.981 404.763
v -2714.81 886.639 404.583
v -2711.77 890.299 404.213
v -2710.49 889.25 404.131
v -2704.35 896.66 403.383
v -2708.46 900.065 403.644
v -2694.79 916.549 402.676
v -2690.7 913.158 402.206
v -2684.64 920.466 401.919
v -2685.91 921.515 402.064
v -2683.23 924.753 401.937
v -2741.73 681.45 408.084
v -2780.84 682.308 414.668
v -2740.6 733.413 408.65
v -2779.69 734.27 415.13
v -1220.78 219.225 465.386
v -1237.5 245.948 460.778
v -1209.13 226.507 465.196
v -1225.85 253.23 460.588
v -1192.69 227.25 465.993
v -1199.28 238.333 464.292
v -1184.35 232.215 465.878
v -1190.94 243.299 464.189
v -1176.88 236.093 465.956
v -1183.46 247.138 464.202
v -1167.57 241.648 466.754
v -1174.13 252.692 464.598
v -1114.28 290.178 471.022
v -1111.95 305.958 469.692
v -1089.7 286.556 475.412
v -1087.37 302.337 474.771
v -1116.87 260.576 472.92
v -1114.19 278.788 471.838
v -1103.38 258.592 475.15
v -1100.7 276.804 474.209
v -1146.59 255.892 490.594
v -1138.67 280.733 467.516
v -1156.73 259.834 466.687
v -1148.98 253.128 468.457
v -1146.59 255.892 468.573
v -1141.65 251.617 469.701
v -1125.98 269.765 470.594
v -1139.39 190.878 475.558
v -1139.95 199.452 474.729
v -1126.51 191.722 477.13
v -1127.07 200.297 476.349
v -1139.83 204.661 474.282
v -1142.16 221.939 472.359
v -1117.97 207.617 476.945
v -1120.31 224.895 475.256
v -1116.87 201.142 477.671
v -1117.04 212.122 476.674
v -1103.36 201.346 479.323
v -1103.52 212.327 478.507
v -1085.58 197.341 481.866
v -1097.82 211.175 479.341
v -1077.53 204.469 482.49
v -1089.78 218.304 479.905
v -1046.45 215.271 485.98
v -1052.54 227.211 484.601
v -1036.08 220.569 487.231
v -1042.16 232.51 485.881
v -1055.92 243.158 483.373
v -1056.94 242.633 483.255
v -1050.85 230.705 484.674
v -1046.68 232.83 485.182
v -1047.14 233.713 485.073
v -1041.04 236.823 485.855
v -1046.67 247.868 484.533
v -1064.15 259.309 481.33
v -1042.6 249.941 485.107
v -1050.84 266.092 483.037
v -1061.16 217.754 506.305
v -1054.88 209.806 506.305
v -1062.9 219.955 483.512
v -1061.16 217.754 483.852
v -1071.75 212.967 482.711
v -1057.39 194.807 485.533
v -1048.55 201.807 486.305
v -1054.88 209.806 485.158
v -1050.75 213.069 485.515
v -1057.03 221.017 484.269
v -1088.75 225.1 479.615
v -1067.21 243.683 481.628
v -1076.93 211.406 482.106
v -1055.4 229.989 484.083
v -1149.12 222.207 471.382
v -1155.68 239.037 468.843
v -1107.95 238.256 475.989
v -1114.51 255.086 473.7
v -1615.65 422.704 493.85
v -1615.95 440.481 496.292
v -1594.38 423.062 489.948
v -1594.67 440.839 492.826
v -1732.69 500.889 498.1
v -1715.93 507.621 499.085
v -1729.72 493.479 499.033
v -1712.94 500.211 500.057
v -1708.91 508.76 521.688
v -1712.39 517.412 498.468
v -1708.91 508.76 499.648
v -1718.82 514.827 498.102
v -1710.6 494.375 500.792
v -1687.21 503.769 501.688
v -1691.95 515.569 500.611
v -1602.71 546.746 528.489
v -1600.19 553.977 528.489
v -1602.62 540.68 507.543
v -1602.71 546.746 507.608
v -1594.31 540.795 508.345
v -1594.49 554.054 508.489
v -1600.19 553.977 507.938
v -1600.23 557.382 507.975
v -1611.78 557.228 506.865
v -1611.62 546.618 506.752
v -1624.43 467.895 521.574
v -1621.96 474.269 521.574
v -1634.3 464.58 500.619
v -1639.09 478.838 501.574
v -1624.43 467.895 500.094
v -1622.52 462.2 499.483
v -1616.11 464.363 498.898
v -1619.69 475.024 499.941
v -1621.96 474.269 500.062
v -1625.08 483.56 501.375
v -1598.63 492.455 522.221
v -1599.54 495.156 502.068
v -1598.63 492.455 501.724
v -1613.41 490.484 501.61
v -1607.89 474.064 499.086
v -1586.1 481.397 499.486
v -1590.72 495.117 502.221
v -1554.53 465.95 493.761
v -1554.3 477.801 496.998
v -1528.02 465.412 491.376
v -1527.77 477.251 495.225
v -1558.34 512.037 530.256
v -1562.14 504.588 530.256
v -1526.5 519.549 510.256
v -1558.17 520.202 508.573
v -1558.34 512.037 506.52
v -1570.28 512.28 505.85
v -1570.42 504.754 503.97
v -1562.14 504.588 504.153
v -1562.2 501.235 503.238
v -1526.91 500.518 503.672
v 5110.36 558.188 985.326
v 5102.45 567.953 980.523
v 5111.21 557.138 985.818
v 5127.41 570.27 985.303
v 5118.65 581.084 979.827
v 5095.94 562.667 980.577
v 5103.85 552.902 985.167
v 4715.64 549.459 718.353
v 4720.69 559.096 719.975
v 4722.05 546.093 722.751
v 4727.1 555.743 724.37
v 5084.8 1565.16 672.771
v 5110.96 1549.33 688.365
v 5082.79 1566.37 671.446
v 5079.17 1560.4 672.639
v 5107.35 1543.35 689.311
v 5090.09 1573.89 708.365
v 5131.83 1583.82 679.847
v 5097.57 1604.54 658.345
v 5081.99 1578.79 665.123
v 5090.09 1573.89 670.455
v 1827.62 2069.85 393.724
v 1826.16 2078.03 392.466
v 1838.17 2071.73 389.929
v 1836.71 2079.91 388.659
v 1791.25 2112.31 422.767
v 1795.44 2088.82 422.767
v 1785.9 2111.36 400.316
v 1791.25 2112.31 398.132
v 1790.08 2087.87 402.767
v 1795.44 2088.82 400.662
v 1797.44 2077.61 402.098
v 1811.9 2080.18 396.849
v 1804.19 2123.46 391.156
v 1789.73 2120.88 397.282
v 1819.33 2035.74 425.047
v 1831.09 2014.99 425.047
v 1814.58 2033.05 405.047
v 1819.33 2035.74 403.179
v 1826.36 2012.3 403.427
v 1831.09 2014.99 402.391
v 1836.71 2005.07 400.541
v 1849.49 2012.31 397.309
v 1827.81 2050.56 397.75
v 1815.03 2043.32 402.841
v 2671.05 12.0383 396.198
v 2663.93 13.8812 399.149
v 2661.41 6.16404 400.227
v 2668.74 3.57886 397.195
v -1064.03 -169.832 519.542
v -1077.31 -167.886 519.542
v -1094.33 -185.202 499.083
v -1098.51 -173.261 498.722
v -1061.93 -175.347 499.542
v -1064.03 -169.832 499.472
v -1063.28 -168.181 499.475
v -1064.92 -164.009 499.391
v -1077.31 -167.886 499.128
v -1078.21 -165.941 499.059
v -1056.26 -248.499 521.626
v -1075.52 -231.926 521.626
v -1097.02 -252.236 521.626
v -1059.84 -229.392 521.626
v -1054.47 -266.416 500.397
v -1103.74 -272.392 501.626
v -1056.26 -248.499 500.317
v -1051.18 -247.462 500.231
v -1052.83 -228.343 500.1
v -1059.84 -229.392 500.141
v -1062.83 -208.34 499.877
v -1078.21 -210.439 499.794
v -1075.52 -231.926 500.232
v -1099.71 -235.509 500.274
v -1097.02 -252.236 500.693
v -1107.02 -254.181 500.895
v -1108.81 -308.52 538.331
v -1115.98 -323.749 538.331
v -1107.92 -331.504 538.331
v -1072.39 -309.262 538.331
v -1108.81 -308.52 508.943
v -1113.29 -278.061 502.788
v -1121.36 -309.71 508.974
v -1119.57 -324.043 511.876
v -1115.98 -323.749 511.971
v -1114.78 -332.707 513.784
v -1107.92 -331.504 513.877
v -1107.02 -345.249 516.73
v -1061.03 -340.168 518.331
v -1066.57 -308.814 510.07
v -1072.39 -309.262 510.086
v -1079.85 -274.184 501.757
v -987.885 -288.364 530.122
v -955.335 -280.301 530.122
v -1023.12 -275.822 530.122
v -1038.05 -282.541 530.122
v -991.47 -259.403 530.122
v -1013.57 -261.783 530.122
v -1044.91 -306.127 510.122
v -1047.31 -290.155 505.732
v -986.839 -298.064 508.409
v -987.885 -288.364 505.904
v -955.491 -283.142 504.65
v -955.335 -280.301 503.919
v -944.293 -272.533 502.256
v -946.385 -257.905 501.478
v -950.716 -254.629 501.373
v -991.47 -259.403 500.147
v -994.453 -244.916 500.221
v -1012.52 -248.051 499.984
v -1013.87 -249.996 499.985
v -1013.57 -261.783 499.856
v -1023.56 -270.153 499.969
v -1023.12 -275.822 501.489
v -1036.55 -278.215 502.347
v -1038.05 -282.541 503.535
v -1043.12 -284.627 504.177
v -921.895 -252.607 523.125
v -919.068 -263.434 523.125
v -928.463 -268.054 502.089
v -930.478 -253.426 501.948
v -918.767 -266.94 502.382
v -919.068 -263.434 502.356
v -891.817 -260.145 503.125
v -894.277 -244.736 502.907
v -922.418 -248.576 502.177
v -921.895 -252.607 502.215
v -1094.18 -390.629 529.421
v -1095.23 -376.296 524.469
v -1023.26 -380.173 532.523
v -1029.69 -364.65 527.28
v -1071.79 -404.514 567.941
v -1084.03 -423.915 546.514
v -1086.12 -405.999 537.733
v -1027.45 -417.798 547.941
v -1030.13 -394.212 537.529
v -1071.93 -397.642 535.146
v -1071.79 -404.514 538.346
v -1068.5 -452.735 561.281
v -1071.64 -438.85 554.431
v -1019.98 -440.641 558.205
v -1023.42 -427.358 552.496
v -1120.46 -460.644 562.903
v -1126.58 -445.415 554.553
v -1084.48 -446.759 557.458
v -1091.05 -431.978 549.888
v 1917.15 -2903.19 506.526
v 1915.05 -2905.69 506.526
v 1916.79 -2905.69 506.526
v 1895.63 -2905.69 506.526
v 1915.05 -2905.69 506.526
v 1896.41 -2900.21 506.526
v 1917.15 -2903.19 506.526
v 1916.79 -2905.69 506.526
v 1916.79 -2905.69 488.026
v 1917.15 -2903.19 486.526
v 1917.15 -2903.19 486.526
v 1916.79 -2905.69 488.026
v 1916.79 -2905.69 485.924
v 1896.41 -2900.21 486.106
v 1896.41 -2900.21 506.526
v 1895.63 -2905.69 502.267
v 1895.63 -2905.69 506.526
v 1895.63 -2905.69 485.207
v 1895.63 -2905.69 502.267
v 1896.41 -2900.21 486.106
v 2246.88 -2895.38 417.309
v 2233.89 -2905.69 417.309
v 2255.05 -2905.69 417.309
v 2255.05 -2905.69 417.309
v 2255.05 -2905.69 405.125
v 2246.88 -2895.38 417.309
v 2246.88 -2895.38 390.145
v 2246.88 -2895.38 390.145
v 2255.05 -2905.69 405.125
v 2255.05 -2905.69 386.876
v 2233.89 -2905.69 402.302
v 2233.89 -2905.69 402.302
v 2233.89 -2905.69 395.521
v 641.42 -733.994 559.996
v 655.035 -764.528 539
v 640.006 -771.221 539.996
v 641.42 -733.994 537.65
v 644.626 -723.168 536.601
v 629.587 -718.715 536.709
v 624.411 -736.234 538.37
v -1467.33 1651.11 527.413
v -1465.55 1642.02 522.416
v -1444.35 1645.77 519.921
v -1446.04 1654.83 524.758
v -1716.55 1827.56 592.481
v -1716.65 1819.31 590.506
v -1697 1819.34 590.363
v -1696.86 1827.6 592.363
v 883.518 2040.18 491.295
v 883.529 2061.63 492.105
v 891.188 2040.12 490.964
v 891.199 2061.59 491.62
v 300.115 3440.9 530.83
v 113.309 3357.32 530.83
v 180.58 3354.71 530.83
v 189.964 3366.29 530.83
v 260.017 3411.9 530.83
v 260.017 3397.96 530.83
v 367.274 3475.4 487.506
v 369.778 3439.48 496.049
v 99.7507 3454.17 510.36
v 96.8119 3356.5 510.83
v 113.309 3357.32 509.471
v 112.82 3337.07 510.504
v 171.619 3336.79 506.681
v 180.58 3354.71 502.002
v 189.675 3354.41 501.405
v 189.964 3366.29 498.508
v 344.052 3363.27 505.588
v 343.763 3396.54 503.231
v 260.017 3397.96 495.493
v 260.017 3411.9 492.242
v 298.69 3411.61 495.901
v 300.115 3440.9 489.15
v -2703.88 -948.87 682.559
v -2717.2 -951.097 682.559
v -2702.65 -967.118 662.559
v -2749.27 -970.254 656.853
v -2703.88 -948.87 654.497
v -2679.46 -947.232 655.556
v -2680.51 -931.581 649.025
v -2718.34 -934.115 646.703
v -2717.2 -951.097 654.477
v -2750.41 -953.323 647.72
v -2674.16 -944.8 655.055
v -2676.25 -916.775 643.522
v -2612.8 -940.232 658.492
v -2614.89 -912.219 648.611
v -2593.79 -917.978 678.45
v -2604.3 -938.376 658.45
v -2608.26 -901.598 645.478
v -2533.2 -930.711 654.105
v -2535.26 -911.669 651.184
v -2593.79 -917.978 652.595
v -2586.14 -909.186 650.62
v -2596.36 -900.318 646.468
v -2630.27 -993.736 686.695
v -2652.02 -989.129 666.695
v -2573.34 -1024.46 655.614
v -2569.6 -1011.65 656.695
v -2627.12 -989.794 664.937
v -2630.27 -993.736 665.496
v -2645.59 -982.423 665.223
v -2528.73 -1031.37 635.556
v -2568.48 -1026 654.434
v -2526.9 -1017.79 638.571
v -2566.65 -1012.43 655.967
v -2613.76 -990.114 664.239
v -2647.18 -977.241 664.802
v -2608.9 -977.458 664.4
v -2642.32 -964.597 663.295
v -2562.47 -1006.69 656.763
v -2604.66 -993.083 663.787
v -2558.45 -994.222 659.383
v -2600.63 -980.606 663.682
v -2533.29 -979.071 685.314
v -2600.47 -959.504 685.314
v -2552.75 -974.771 685.314
v -2642.58 -958.25 662.423
v -2512.1 -997.652 637.748
v -2500.17 -969.255 642.443
v -2528.59 -963.714 656.375
v -2533.29 -979.071 653.731
v -2552.75 -974.771 663.294
v -2548.92 -963.19 664.822
v -2596.33 -947.693 662.076
v -2600.47 -959.504 665.314
v -2637.61 -946.72 658.577
v -2573.15 -948.371 664.225
v -2571.61 -938.492 661.366
v -2496.15 -960.438 643.808
v -2494.61 -950.559 644.222
v -2744.09 -1021.27 683.445
v -2687.47 -1028.61 680.816
v -2682.59 -1012.34 674.881
v -2746.25 -1006.6 675.772
v -2683.25 -1039.36 682.576
v -2666.75 -1018.36 673.734
v -2650.99 -1064.69 677.624
v -2634.49 -1043.68 669.345
v 2728.19 2206.22 466.57
v 2727.56 2205.52 466.57
v 2782.59 2256.94 438.276
v 2729.26 2216.72 402.68
v 2728.19 2206.22 398.367
v 2727.56 2205.52 397.873
v 2701.29 2235.1 399.082
v 2697.86 2234.88 397.703
v 2695.24 2229.5 394.769
v 2707.63 2197.44 387.638
v 2792.32 2125.89 391.425
v 2795.08 2127.08 393.069
v 2869.27 2172.37 442.671
v 2871.36 2175.01 444.638
v 2871.49 2178.61 446.135
v -2976.53 703.4 451.466
v -2977.8 697.116 451.466
v -2976.53 703.4 427.724
v -2968.45 743.357 429.833
v -2985.61 705.588 427.048
v -2987.17 699.381 426.591
v -2977.8 697.116 427.33
v -2998.1 596.814 420.44
v -2973.76 591.528 420.263
v -2943.89 737.7 431.466
v -1664.2 -482.873 561.831
v -1683.43 -489.08 539.396
v -1664.2 -482.873 536.033
v -1677.84 -506.382 541.831
v -1639.98 -494.16 535.195
v -1649.07 -466.057 531.249
v -1667.68 -472.072 534.674
v -1731.86 -493.38 561.817
v -1752.67 -500.098 561.817
v -1702.75 -483.974 561.817
v -1784.72 -510.451 561.817
v -1697.93 -498.908 561.817
v -1727.02 -508.314 561.817
v -1747.85 -515.033 561.817
v -1779.9 -525.386 561.817
v -1732.18 -492.369 533.303
v -1731.86 -493.38 533.454
v -1753.01 -499.087 529.674
v -1752.67 -500.098 529.812
v -1784.72 -510.451 523.309
v -1786.14 -506.049 522.695
v -1803.03 -511.501 518.856
v -1796.24 -532.552 521.312
v -1779.34 -527.088 525.611
v -1779.9 -525.386 525.395
v -1747.85 -515.033 532.238
v -1747.41 -516.402 532.518
v -1726.59 -509.671 536.624
v -1727.02 -508.314 536.367
v -1697.93 -498.908 541.477
v -1697.38 -500.623 541.817
v -1683.13 -496.016 540.545
v -1689.93 -474.977 537.951
v -1704.17 -479.571 537.026
v -1702.75 -483.974 538.04
v 1028.22 -333.769 560.559
v 1012.64 -338.645 550.95
v 1024.92 -331.248 551.559
v 1020.25 -351.276 549.175
v 1036.88 -341.256 550.034
v 1031.26 -331.939 551.326
v 1028.22 -333.769 551.169
v 1027.61 -332.746 551.31
v -541.16 431.01 483.224
v -525.753 394.01 483.224
v -542.83 435.016 463.035
v -535.761 437.973 462.895
v -541.16 431.01 464.692
v -545.346 429.257 464.776
v -529.883 392.283 469.538
v -525.753 394.01 470.165
v -524.05 389.966 470.15
v -516.915 392.948 471.224
v -499.627 417.124 487.328
v -485.478 416.369 487.328
v -515.568 418.122 472.649
v -514.733 431.433 467.316
v -499.627 417.124 474.764
v -500.284 406.604 474.111
v -486.146 405.721 474.81
v -485.478 416.369 475.328
v -467.455 415.243 472.857
v -466.632 428.412 469.742
v 579.883 -63.6355 594.521
v 564.287 -25.9459 594.521
v 558.532 -82.8579 565.987
v 536.925 -30.6427 568.887
v 583.556 -72.5044 567.65
v 579.883 -63.6355 570.063
v 591.749 -42.5191 574.521
v 564.287 -25.9459 565.454
v 561.949 -20.2892 560.904
v -2429.01 72.8541 463.621
v -2391.53 44.1995 463.621
v -2419.25 87.7125 463.621
v -2429.01 72.8541 401.262
v -2441.8 80.84 389.804
v -2431.54 68.9763 399.918
v -2395.12 38.6708 426.282
v -2391.53 44.1995 428.283
v -2348.39 -11.1899 440.553
v -2328.98 -0.2989 443.621
v -2406.76 87.495 410.487
v -2419.25 87.7125 402.673
v -2434.63 97.7206 389.07
v -2386.26 173.255 385.571
v -2329.76 306.982 401.83
v -2350.81 316.722 384.725
v -2408.05 182.661 372.403
v 2246.9 666.732 441.412
v 2207.12 649.441 436.367
v 2235.38 689.232 416.531
v 2196.97 672.773 413.18
v 2176.94 667.001 408.038
v 2188.46 640.661 430.447
v 2137.42 651.092 398.318
v 2148.68 623.921 418.297
v 2006.46 566.929 533.605
v 2013.32 567.467 533.605
v 1965.03 537.019 417.37
v 2056.4 546.9 437.605
v 2066.55 571.037 423.478
v 2012.78 579.817 402.336
v 2013.32 567.467 410.882
v 2006.46 566.929 409.361
v 2004.27 579.817 400.003
v 1956.79 559.788 399.941
v 2717.23 175.264 417.768
v 2729.17 236.413 411.744
v 2738.25 169.53 409.593
v 2750.67 232.113 404.617
v 2694.78 98.3477 398.384
v 2712.45 164.27 415.333
v 2714.37 92.1406 390.118
v 2733.47 156.156 406.299
v 549.938 -1210.12 409.607
v 550.25 -1203.18 412.771
v 585.237 -1235.97 402.637
v 592.807 -1236.59 403.057
v 595.957 -1195.3 418.886
v 565.066 -1190.26 419.291
v 600.265 1973.36 538.695
v 545.385 1975.02 546.738
v 600.811 2015.08 539.099
v 547.032 2017.27 549.593
v 605.119 2066.05 539.725
v 539.196 2067.48 548.722
v 605.119 2107.61 540.584
v 537.281 2107.61 546.984
v 634.262 2064.61 534.55
v 633.784 2103.31 536.279
v 693.974 2065.1 524.422
v 694.932 2103.31 527.388
v 858.95 2045.89 495.466
v 811.338 2045.35 503.145
v 858.95 2109.01 498.407
v 811.338 2109.56 507.185
v 761.345 1908.19 523.581
v 761.267 1938.75 519.855
v 819.654 1908.33 514.675
v 819.587 1938.89 510.915
v 816.069 1792.2 522.241
v 815.312 1846.4 519.482
v 870.571 1792.95 516.532
v 869.826 1847.16 512.294
v 1116.63 1584.78 492.218
v 1072.94 1611.81 496.181
v 1151.46 1641.06 505.021
v 1107.78 1668.09 509.418
v 4209.82 1332.66 579.395
v 4223.05 1350.09 573.091
v 4227.83 1318.99 573.052
v 4241.07 1336.43 568.51
v 544.962 1832.5 509.135
v 544.316 1907.28 541.452
v 587.965 1832.87 515.341
v 587.319 1907.65 538.884
v 806.451 -767.92 542.17
v 842.842 -768.227 542.17
v 843.153 -778.938 516.234
v 806.808 -779.987 522.17
v 842.842 -768.227 514.662
v 850.523 -768.009 513.242
v 850.267 -759.333 511.97
v 800.117 -760.766 521.121
v 800.329 -768.099 521.943
v 806.451 -767.92 520.817
v 504.865 -693.53 550.981
v 509.729 -633.421 546.786
v 555.114 -696.844 537.638
v 565.723 -639.794 532.564
v 345.811 -342.229 561.796
v 328.312 -309.684 565.829
v 390.539 -318.182 559.666
v 373.04 -285.638 562.421
v 383.359 -241.703 568.925
v 372.105 -214.982 577.647
v 441.39 -217.234 563.432
v 430.125 -190.513 570.548
v 334.657 -260.017 569.628
v 325.74 -237.941 571.745
v 367.185 -246.874 570.099
v 358.268 -224.798 575.603
v 167.344 -407.739 590.781
v 170.26 -370.793 577.723
v 219.553 -411.847 586.637
v 222.469 -374.901 571.258
v 181.626 -312.154 580.607
v 167.867 -277.55 582.881
v 219.241 -297.181 578.626
v 205.482 -262.589 580.528
v -1989.96 -679.094 528.756
v -1998.01 -670.623 525.972
v -1869.71 -684.175 526.426
v -1859.55 -670.2 521.525
v 2355.78 -2337.98 409.358
v 2296.69 -2376.61 417.767
v 2307.12 -2393.82 414.551
v 2342.65 -2383.67 406.445
v 2367.13 -2346.04 406.801
v -242.635 -741.071 605.266
v -246.965 -757.336 605.266
v -262.939 -779.437 605.266
v -250.394 -762.263 605.266
v -242.334 -737.488 578.266
v -230.534 -736.285 577.834
v -242.635 -741.071 577.321
v -248.457 -741.519 577.613
v -246.965 -757.336 573.244
v -250.394 -762.263 572.521
v -261.737 -767.037 572.389
v -266.368 -773.461 571.457
v -262.939 -779.437 569.921
v -266.513 -781.523 569.788
v -260.401 -790.929 566.883
v -235.31 -778.234 566.93
v 3463.34 873.11 415.173
v 3454.31 891.822 415.173
v 3455.64 853.631 389.448
v 3433.89 902.125 386.68
v 3469.32 859.774 395.173
v 3463.34 873.11 391.13
v 3467.19 874.838 392.875
v 3458.67 893.793 394.964
v 3454.31 891.822 392.629
v 3447.04 908.025 394.218
v 3444.38 912.569 394.578
v 3453.51 920.952 401.457
v 3468.27 886.536 396.676
v 3477.41 894.932 404.64
v 3479.38 895.764 406.026
v 3453.41 923.474 402.266
v 3490.39 906.093 415.641
v 3464.4 933.789 410.573
v 3476.65 927.492 414.796
v 3491.09 941.571 426.634
v 3494.2 909.497 418.733
v 3508.64 923.576 430.754
v 3513.89 920.632 432.664
v 3484.59 952.117 426.516
v 3523.98 930.027 440.552
v 3494.67 961.512 434.556
v 3471.55 857.445 396.666
v 3471.45 875.427 395.393
v 3480.76 857.496 402.116
v 3487.25 869.962 405.236
v 3481.43 893.204 406.308
v 3479.83 876.387 400.356
v 3488.81 872.342 406.011
v 3495.05 890.555 413.385
v 3492.76 905.133 416.697
v 3499.95 911.174 422.421
v 3492.67 894.791 413.147
v 3501.37 890.03 417.031
v 3509.93 905.709 426.462
v 4508.34 2664.86 474.405
v 4486.67 2860.59 463.677
v 4579.47 2672.73 465.341
v 4557.78 2868.46 453.175
v 4227.9 1417.98 563.212
v 4289.99 1673.38 511.521
v 4346.23 1389.19 535.917
v 4408.37 1644.59 515.354
v 3259.92 1760.5 415.396
v 3254.65 1774.99 409.866
v 3288.51 1770.92 421.403
v 3283.22 1785.41 413.785
v -1046.29 297.23 482.386
v -1021.09 404.185 457.83
v -1022.22 291.548 486.963
v -996.991 398.503 461.454
v -2289.97 40.1809 451.4
v -2293.84 48.0516 451.097
v -2276.69 46.7079 454.216
v -2280.56 54.5786 454.135
v 2655.67 27.8437 402.839
v 2642.58 32.1694 407.942
v 2658.61 36.8279 401.712
v 2645.53 41.1152 406.679
v 2646.17 51.0464 406.263
v 2661.61 45.9784 400.603
v 2664.93 56.4855 400.014
v 2650.07 61.8478 404.84
v 2663.08 65.1753 425.782
v 2667.21 63.7675 399.238
v 2663.08 65.1753 400.58
v 2664.56 69.4882 400.079
v 2651.36 74.0059 404.381
v 2647.34 62.3086 405.782
v -1880.79 2360.04 684.531
v -1880.78 2367.93 684.531
v -1890.96 2361.24 684.531
v -1890.95 2367.55 684.531
v -1874.42 2354.2 660.254
v -1899.79 2354.24 660.999
v -1874.41 2360.28 662.417
v -1880.79 2360.04 662.489
v -1880.78 2367.93 664.2
v -1873.93 2367.93 664.135
v -1873.92 2376.3 661.024
v -1901.58 2376.32 661.496
v -1901.6 2367.57 664.531
v -1890.95 2367.55 664.435
v -1890.96 2361.24 662.932
v -1899.78 2361.26 663.019
v -711.089 244.284 490.235
v -703.631 250.542 490.235
v -681.044 223.564 490.235
v -724.214 236.285 458.952
v -733.888 247.829 454.865
v -710.399 237.744 460.183
v -711.089 244.284 458.447
v -703.631 250.542 457.745
v -681.044 223.564 467.15
v -687.612 218.048 467.761
v -681.645 210.932 470.235
v -663.845 225.855 468.556
v -703.553 273.246 452.037
v -2409.5 3521.84 628.707
v -2399.45 3551.03 629.556
v -2397.49 3517.72 629.298
v -2387.45 3546.91 630.411
v -2419.45 3492 631.752
v -2411.96 3512.55 628.571
v -2408.64 3488.06 632.744
v -2401.16 3508.62 629.876
v -2423.26 3481.61 656.178
v -2433.18 3479.75 656.178
v -2414.41 3466.81 636.178
v -2438.7 3475.67 634.268
v -2407.2 3486.59 632.986
v -2419.78 3491.18 631.877
v -2423.26 3481.61 633.314
v -2431.42 3484.59 632.562
v -2433.18 3479.75 633.555
v -2436.73 3481.04 633.17
v -551.468 358.789 486.228
v -542.418 342.753 465.452
v -591.81 358.789 460.185
v -538.088 347.77 466.228
v -551.468 358.789 465.141
v -546.949 363.806 465.946
v -568.589 382.786 464.167
v -3860.66 -1435.73 712.853
v -3860.66 -1434.85 712.726
v -3857.94 -1435.34 712.191
v -3858.1 -1434.57 712.117
v 1671.73 1252.92 405.921
v 1663.91 1284.07 416.166
v 1695.88 1258.97 407.963
v 1688.06 1290.13 417.058
v 1167.15 2167.07 534.218
v 1050.45 2190.82 534.218
v 1123.89 2183.39 534.218
v 1191.85 2209.34 534.218
v 1219.38 2242.27 534.218
v 1223.53 2257.32 534.218
v 1037.97 2254.9 534.218
v 1208.96 2289.93 534.218
v 1194.22 2344.74 534.218
v 980.7 2340.87 534.218
v 1148.78 2354.2 534.218
v 1130.06 2366.4 534.218
v 981.813 2347.7 534.218
v 1030.04 2357.71 534.218
v 1013.76 2364.42 534.218
v 1111.85 2363.24 534.218
v 1093.54 2367.68 534.218
v 1160.25 2162.16 470.689
v 1167.15 2167.07 470.354
v 1190.89 2119.03 462.064
v 1233.15 2149.04 455.794
v 1191.85 2209.34 471.876
v 1225.81 2233.27 466.637
v 1219.38 2242.27 469.179
v 1229.25 2249.34 467.472
v 1223.53 2257.32 468.336
v 1229.34 2261.49 465.798
v 1208.96 2289.93 463.519
v 1231.06 2305.82 455.434
v 1201.2 2349.65 446.952
v 1194.22 2344.74 448.241
v 1177.26 2371.51 437.915
v 1148.78 2354.2 443.961
v 1136.95 2371.19 435.765
v 1130.06 2366.4 437.198
v 1125.6 2372.8 434.545
v 1111.85 2363.24 438.032
v 1104.31 2374.62 432.769
v 1093.54 2367.68 434.472
v 1043.28 2367.23 436.212
v 1030.04 2357.71 445.581
v 1021.41 2369.85 440.973
v 1013.76 2364.42 445.413
v 1008.65 2371.6 443.886
v 979.52 2350.93 461.292
v 981.813 2347.7 462.462
v 977.839 2344.89 465.007
v 980.7 2340.87 466.785
v 977.282 2338.43 468.993
v 1037.97 2254.9 514.218
v 973.23 2207.83 505.738
v 1008.1 2159.97 491.754
v 1050.45 2190.82 498.117
v 1079.38 2151.04 482.09
v 1123.89 2183.39 481.73
v -820.561 -355.065 515.751
v -812.112 -351.456 517.103
v -812.902 -370.153 518.839
v -804.676 -365.533 520.233
v 4161.41 -409.441 566.251
v 4151.3 -436.329 562.84
v 4127.61 -396.733 559.74
v 4117.16 -422.405 557.964
v 2748.95 2797.92 497.667
v 2748.1 2825.98 493.385
v 2766.8 2798.46 503.641
v 2765.93 2826.53 499.117
v -4820.78 2237.5 609.669
v -4814.82 2252.51 609.669
v -4843.02 2232.99 573.708
v -4825.5 2225.87 578.708
v -4820.78 2237.5 582.352
v -4811.79 2233.86 584.969
v -4805.72 2248.81 589.669
v -4814.82 2252.51 586.821
v -4810.26 2263.72 587.628
v -4827.67 2270.8 581.503
v -4885.37 2206.35 584.034
v -4891.59 2212.92 584.034
v -4898.34 2190.78 550.914
v -4910.25 2195.32 547.493
v -4885.37 2206.35 556.354
v -4889.44 2212.1 555.69
v -4891.59 2212.92 555.11
v -4876.15 2253.54 564.034
v -4886.63 2257.52 560.305
v -4856.32 2300.83 603.223
v -4845.77 2307.09 603.223
v -4867.51 2272.86 567.752
v -4878.43 2277.22 564.21
v -4856.32 2300.83 571.883
v -4845.77 2307.09 575.219
v -4818.95 2304.73 583.223
v -4817.94 2316.21 582.912
v -4852.8 2319.26 573.121
v -4864.63 2311.71 569.818
v -4819.74 2205.42 600.73
v -4820.59 2198.48 600.73
v -4824.72 2217.87 577.666
v -4817.1 2220.93 580.73
v -4819.74 2205.42 577.485
v -4822.88 2204.16 576.225
v -4820.59 2198.48 575.923
v -4802.65 2184.88 579.196
v -4716.25 1888.41 629.43
v -4733.41 1891.46 598.741
v -4716.25 1888.41 603.576
v -4708.14 1871.59 607.884
v -4699.44 1875.69 609.43
v -4808.17 1993.56 604.094
v -4812.09 2001.87 569.539
v -4762.88 2025.09 580.685
v -4808.17 1993.56 571.174
v -4816.66 1989.56 568.088
v -4808.5 1972.24 571.432
v -4750.8 1999.45 584.094
v -4873.98 2216.13 560.956
v -4870.88 2218.62 562.276
v -4866.42 2210.34 562.932
v -4864.88 2213.97 563.837
v -4600.56 2222.38 634.125
v -4608.83 2246.21 634.125
v -4616.25 2286.9 634.125
v -4656.02 2305.17 611.844
v -4600.56 2222.38 591.057
v -4596.22 2224.35 591.105
v -4608.83 2246.21 591.533
v -4586.38 2259.41 594.726
v -4608.44 2291.71 610.048
v -4616.25 2286.9 608.359
v -4648.23 2308.07 614.125
v 2700.46 719.872 502.876
v 2420.27 840.499 502.876
v 2459.52 691.804 502.876
v 2556.97 733.118 502.876
v 2700.46 719.872 415.893
v 2689.55 612.492 433.146
v 2695.54 603.123 431.547
v 2761.66 575.069 399.199
v 2794.75 583.337 383.838
v 2758.08 886.562 382.164
v 2555.22 965.786 386.153
v 2416.53 850.892 389.303
v 2420.27 840.499 395.531
v 2342.01 778.784 390.799
v 2459.52 691.804 466.927
v 2436.37 663.11 479.238
v 2442.07 652.922 482.876
v 2524.71 635.375 475.067
v 2533.35 640.034 473.285
v 2556.97 733.118 453.543
v 3877.47 299.7 471.946
v 3880.02 307.225 473.725
v 3881.44 292.93 472.139
v 3889.79 293.007 473.381
v 3893.52 299.636 473.955
v 3890.61 307.251 474.991
v 1968.05 110.544 519.144
v 1964.62 137.42 515.41
v 1996.33 114.166 525.257
v 1992.91 141.029 520.786
v 1933.68 143.038 536.088
v 1909.79 171.386 536.088
v 1915.05 98.2069 508.977
v 1883.79 106.679 516.088
v 1935.99 121.371 510.756
v 1933.68 143.038 508.344
v 1986.72 262.765 510.979
v 1919.71 238.717 510.11
v 1909.79 171.386 505.855
v 1894.82 168.378 510.866
v 1627.56 70.8576 559.68
v 1580.23 101.97 563.821
v 1530.65 15.1482 557.716
v 1563.95 -5.1621 563.543
v -4898.26 1803.27 604.008
v -4881.57 1783.1 604.008
v -4902.8 1802.82 560.939
v -4903.82 1816.07 557.394
v -4898.26 1803.27 562.502
v -4895.48 1782.47 565.964
v -4881.57 1783.1 571.561
v -4882.04 1776.3 572.021
v -4867.04 1767.3 578.98
v -4855.32 1766.43 584.008
v -4849.12 1826.37 575.383
v -4817.33 1853.34 581.342
v -4817.62 1854.51 580.983
v -4816.2 1848.82 582.759
v -4792.69 1854.76 590.372
v -4794.11 1860.43 588.619
v -4671.9 1703.02 652.284
v -4712.52 1762.18 652.284
v -4715.73 1776.36 652.284
v -4706.08 1733.06 652.284
v -4721.82 1802.45 652.284
v -4677.83 1725.79 652.284
v -4736.79 1810.77 610.671
v -4689.75 1835.72 616.537
v -4717.97 1717.28 627.345
v -4677.83 1725.79 629.007
v -4671.9 1703.02 630.897
v -4712.42 1693.69 630.76
v -4709.24 1680.94 632.284
v -4656.2 1693.47 631.774
v -4667.58 1742.28 628.228
v -4706.08 1733.06 625.925
v -4712.52 1762.18 621.625
v -4695.74 1765.88 623.113
v -4699.35 1780.1 621.096
v -4715.73 1776.36 619.342
v -4721.82 1802.45 614.648
v -4683.02 1822.84 619.084
v -4793.87 1740.58 644.651
v -4774.43 1745.12 644.651
v -4828.43 1705.1 606.114
v -4811.2 1752.3 604.808
v -4787.83 1714.41 624.15
v -4793.87 1740.58 615.654
v -4774.43 1745.12 618.258
v -4768.18 1718.92 624.446
v -4740.57 1725.25 624.651
v -4749 1766.24 616.384
v -4819.13 1504.34 643.082
v -4809.57 1534.84 643.082
v -4829.93 1501.93 606.154
v -4837.36 1535.31 604.75
v -4819.13 1504.34 610.139
v -4813.9 1480.84 610.598
v -4773.15 1489.88 616.796
v -4778.68 1687.98 652.416
v -4764.9 1699.73 652.416
v -4775.69 1675.81 652.416
v -4758.5 1691.89 652.416
v -4808.94 1680.53 621.44
v -4810.89 1688.42 618.406
v -4778.68 1687.98 630.916
v -4775.69 1675.81 632.416
v -4805.87 1668.39 623.463
v -4803.92 1660.5 624.019
v -4753.81 1672.83 632.131
v -4758.5 1691.89 630.26
v -4731.39 1698.55 629.635
v -4734.58 1711.48 627.377
v -4765.89 1703.78 627.555
v -4764.9 1699.73 628.586
v -4753.29 1850.29 600.579
v -4759.32 1863.44 596.957
v -4679.8 1781.62 624.142
v -4680.6 1798.17 622.184
v -4662.07 1782.48 626.312
v -4662.88 1799.03 625.038
v -4659.95 1763.65 627.656
v -4660.75 1780.2 626.606
v -4642.23 1764.51 629.793
v -4643.03 1781.06 629.482
v -3964.87 516.132 439.746
v -4041.88 513.24 430.073
v -3965.79 540.782 440.668
v -4042.8 537.89 428.418
v -3969.61 644.36 446.572
v -4046.62 641.468 430.616
v -3970.54 669.01 446.935
v -4047.55 666.105 432.517
v -3873.18 648.148 450.414
v -3950.2 645.256 450.664
v -3874.1 672.798 450.004
v -3951.11 669.906 450.317
v -3911.03 582.659 448.275
v -3912.54 637.5 452.821
v -3872.13 583.721 445.385
v -3873.63 638.562 449.778
v 1022.23 1663.88 498.857
v 1031.68 1656.87 499.333
v 993.88 1625.16 481.441
v 1004.56 1618.15 482.388
v -850.773 -1130.15 409.016
v -807.548 -1145.31 409.016
v -835.467 -1118.83 409.016
v -779.016 -1124.2 409.016
v -790.07 -1115.73 409.016
v -795.848 -1129.82 409.016
v -783.146 -1125.08 409.016
v -850.907 -1163.97 369.634
v -863.163 -1135.49 378.43
v -807.548 -1145.31 374.269
v -804.375 -1149.38 372.926
v -790.494 -1144.21 374.644
v -795.848 -1129.82 379.35
v -783.146 -1125.08 381.102
v -780.241 -1132.89 378.484
v -766.448 -1127.74 380.345
v -769.142 -1120.51 382.809
v -779.016 -1124.2 381.446
v -783.146 -1113.13 385.058
v -790.07 -1115.73 384.07
v -795.781 -1100.44 389.016
v -836.635 -1115.7 383.533
v -835.467 -1118.83 382.507
v -851.218 -1124.72 381.144
v -850.773 -1130.15 379.425
v -1239.91 -1298.32 370.195
v -1246.06 -1282.42 373.141
v -1198.95 -1282.52 369.311
v -1205.09 -1266.6 372.745
v -1091.41 -1218.74 399.427
v -1066.99 -1210.08 399.427
v -1096.73 -1221.51 376.811
v -1097.32 -1212.84 378.616
v -1091.41 -1218.74 377.143
v -1090.63 -1226.23 375.589
v -1060.49 -1215.4 376.362
v -1066.99 -1210.08 377.71
v -1066.6 -1201.21 379.427
v 2093.99 -764.144 420.999
v 2076.84 -782.662 421.087
v 2086.28 -790.993 416.715
v 2102.28 -770.479 416.016
v 453.457 -1015.06 526.401
v 462.563 -1004.61 526.401
v 482.155 -1032.1 526.401
v 442.225 -1007.98 505.259
v 451.531 -993.582 506.401
v 453.457 -1015.06 502.971
v 448.259 -1023.78 501.825
v 478.615 -1040.01 497.399
v 482.155 -1032.1 497.748
v 488.801 -1035.65 497.137
v 494.835 -1022.12 497.735
v 462.563 -1004.61 503.173
v 465.402 -1001.15 503.229
v 434.845 -1025.31 526.062
v 414.084 -1033.1 503.122
v 424.703 -1015.35 506.062
v 429.869 -1042.57 500.024
v 437.605 -1027.56 501.847
v 434.845 -1025.31 502.654
v 436.47 -1022.41 503.144
v 417.512 -1044.74 522.514
v 401.516 -1053.7 498.519
v 409.631 -1037.1 502.514
v 416.321 -1060.98 496.628
v 422.176 -1047.01 499.533
v 417.512 -1044.74 500.314
v 418.826 -1041.99 500.72
v 131.61 -589.283 659.334
v 138.757 -593.724 659.334
v 148.353 -593.097 659.334
v 142.742 -595.541 659.334
v 129.262 -589.36 637.347
v 129.061 -581.042 638.17
v 131.61 -589.283 637.489
v 131.788 -593.813 636.964
v 138.757 -593.724 637.368
v 138.757 -595.541 637.154
v 142.742 -595.541 637.455
v 143.009 -597.793 637.288
v 148.442 -597.704 637.728
v 148.353 -593.097 638.105
v 150.434 -592.905 638.286
v 149.978 -581.234 639.334
v 175.47 -614.494 659.809
v 149.121 -600.007 637.589
v 153.017 -590.78 638.669
v 175.47 -614.494 638.366
v 174.613 -617.77 637.355
v 186.268 -622.966 636.756
v 189.741 -610.757 639.809
v 294.115 -567.796 642.308
v 279.098 -581.733 622.308
v 278.552 -568.692 621.166
v 307.328 -580.645 615.253
v 306.605 -554.756 611.99
v 293.391 -555.306 615.822
v 294.115 -567.796 616.931
v 275.09 -679.939 636.687
v 282.337 -679.581 636.687
v 289.94 -677.763 636.687
v 257.168 -678.851 613.438
v 270.203 -657.851 616.687
v 270.57 -684.098 610.652
v 275.09 -679.939 611.137
v 279.443 -682.473 610.217
v 282.337 -679.581 610.576
v 288.126 -681.027 609.62
v 289.94 -677.763 610.093
v 295.729 -679.939 608.935
v 299.714 -671.979 610.142
v 348.605 -623.567 630.878
v 353.815 -616.989 630.878
v 350.431 -576.422 630.878
v 328.69 -658.798 608.777
v 327.099 -569.332 608.679
v 349.184 -658.491 605.799
v 348.605 -623.567 610.77
v 353.815 -623.567 609.804
v 353.815 -616.989 610.878
v 358.201 -616.708 610.11
v 356.732 -576.268 602.279
v 350.431 -576.422 603.792
v 350.431 -568.385 601.917
v -3387.17 1828.78 538.195
v -3397.33 1842.81 538.106
v -3379.7 1834.19 539.353
v -3389.86 1848.22 539.25
v -3277.47 1908.29 561.392
v -3304.34 1947.36 559.747
v -3240.39 1933.81 567.745
v -3267.26 1972.87 565.674
v -3560.04 1060.38 483.876
v -3530.68 1060.28 483.876
v -3530.57 1043.73 483.876
v -3559.93 1043.83 483.876
v -3568.87 1060.33 452.269
v -3568.98 1077.99 453.192
v -3560.04 1060.38 454.307
v -3559.93 1043.83 453.513
v -3568.89 1043.77 451.44
v -3568.76 1023.42 450.421
v -3521.53 1023.73 461.514
v -3521.66 1043.8 462.378
v -3530.57 1043.73 460.319
v -3530.68 1060.28 461.034
v -3521.81 1060.34 463.064
v -3521.92 1078.3 463.876
v -3727.86 1083.28 509.428
v -3720.97 1073.28 509.428
v -3712.84 1065.94 509.428
v -3707.54 1017.19 509.428
v -3671.85 990.079 509.428
v -3578.32 1095.09 509.428
v -3737.72 1083.2 481.998
v -3746.96 1114.66 489.239
v -3727.86 1083.28 479.939
v -3727.78 1073.22 478.475
v -3720.97 1073.28 477.056
v -3720.91 1065.87 476.052
v -3712.84 1065.94 474.474
v -3712.45 1017.15 467.969
v -3707.54 1017.19 467.117
v -3707.33 989.797 463.52
v -3671.85 990.079 458.047
v -3671.8 982.105 457.089
v -3578.41 982.451 446.164
v -3578.32 1095.09 451.97
v -3507.46 1094.9 467.849
v -3507.57 1161.37 479.148
v -3590.3 1161.69 466.418
v -3738.3 1126.17 489.428
v -4161.21 2061.33 552.971
v -4107.77 2104.32 543.655
v -4121.81 2038.63 540.384
v -4078.52 2074.47 538.016
v -4168.38 2151.8 565.395
v -4183.91 2179.87 572.962
v -4133.54 2171.07 557.865
v -4149.06 2199.14 565.339
v -4208.69 2113.59 571.845
v -4184.21 2139.26 568.362
v -4184.8 2091.79 562.764
v -4161.51 2116.57 559.457
v 254.618 -1156.06 419.632
v 214.733 -1148.13 417.711
v 256.21 -1148.05 423.636
v 216.336 -1140.12 419.977
v 208.933 -1168.71 411.011
v 210.592 -1161.05 412.96
v 251.357 -1177.96 411.159
v 253.015 -1170.31 414.067
v 200.517 -1139.9 439.683
v 199.081 -1133.96 418.036
v 210.981 -1136.87 419.683
v 197.79 -1139.24 416.569
v 200.517 -1139.9 416.947
v 198.825 -1146.82 415.021
v 207.998 -1149.06 416.291
v 200.005 -1160.26 411.967
v 207.074 -1162.01 412.348
v 198.213 -1167.44 410.113
v 205.293 -1169.21 410.492
v 58.1172 -1115.32 440.953
v 53.4418 -1114.91 414.572
v 50.8369 -1105.86 418.096
v 58.1172 -1115.32 414.734
v 58.1172 -1118.44 413.576
v 66.956 -1119.9 413.63
v 69.6611 -1101.18 420.725
v 63.1155 -1099.94 420.953
v 24.1203 -1090.89 447.971
v 45.6383 -1080.38 427.933
v 53.3416 -1095.68 422.181
v 27.2372 -1080.08 427.971
v 21.8382 -1086.1 425.55
v 24.1203 -1090.89 423.491
v -2.80792 -1100.04 420.373
v 2.9139 -1113.66 413.493
v 66.7556 -1072.44 452.251
v 76.6185 -1070.89 432.251
v 76.2178 -1080.78 428.3
v 66.8335 -1070.49 432.063
v 66.7556 -1072.44 431.348
v 38.781 -1071.31 431.625
v 38.4582 -1079.24 428.373
v 28.3281 -1078.82 428.5
v 27.4821 -1055.31 434.742
v 37.2114 -1078.5 428.677
v 36.3765 -1054.99 435.844
v 58.9076 -1065.54 433.845
v 37.4786 -1064.05 434.16
v 59.4308 -1057.93 436.646
v 38.0018 -1056.45 435.741
v 67.9801 -1055.51 437.577
v 32.7253 -1053.16 435.784
v 68.5367 -1047.21 440.628
v 33.2819 -1044.87 437.507
v 8.14592 -1146.02 429.019
v -14.7636 -1152.47 394.615
v -15.4427 -1137.38 402.166
v 8.5578 -1148.9 397.734
v 8.14592 -1146.02 398.902
v 46.8406 -1144.51 402.466
v 47.1077 -1128.73 409.019
v -80.0637 -1140.13 425.751
v -51.2208 -1158.71 425.751
v -96.1938 -1140.8 425.751
v -60.3601 -1133.71 425.751
v -77.9597 -1131.23 425.751
v -51.0649 -1162.58 386.221
v -79.084 -1163.74 382.695
v -51.2208 -1158.71 388.472
v -38.92 -1158.2 389.798
v -39.9775 -1132.86 403.451
v -60.3601 -1133.71 402.337
v -60.605 -1127.89 405.751
v -78.071 -1128.61 404.801
v -77.9597 -1131.23 403.165
v -106.647 -1132.42 401.315
v -106.001 -1148 390.927
v -95.9155 -1147.58 391.669
v -96.1938 -1140.8 396.206
v -80.0637 -1140.13 397.134
v -104.877 -1156.84 385.099
v -98.398 -1156.47 385.727
v -104.409 -1165.11 379.531
v -97.9304 -1164.75 380.397
v -97.5408 -1118.19 435.957
v -86.9321 -1124.4 407.003
v -102.361 -1126.39 405.63
v -88.7354 -1110.44 415.957
v -98.3757 -1111.68 415.377
v -97.5408 -1118.19 411
v -103.329 -1118.94 410.637
v -40.5898 -1117.33 411.477
v -47.2355 -1117.44 411.543
v -40.779 -1107.45 417.23
v -47.4136 -1107.58 417.328
v 250.143 -1265.46 372.933
v 226.343 -1260.64 371.985
v 254.797 -1242.51 383.5
v 231.008 -1237.67 383.248
v 147.952 -1215.12 388.387
v 150.167 -1207.76 391.457
v 158.249 -1218.22 387.772
v 160.453 -1210.86 391.234
v -150.573 -477.6 594.352
v -112.613 -477.805 600.871
v -150.796 -518.655 592.507
v -112.836 -518.859 601.769
v -77.9708 -517.4 612.689
v -66.3936 -476.666 613.381
v -42.5935 -527.446 623.223
v -31.0163 -486.712 624.397
v -150.841 -573.978 632.127
v -139.82 -581.745 608.955
v -164.678 -583.934 612.127
v -140.666 -572.199 606.354
v -150.919 -573.107 606.419
v -150.841 -573.978 606.63
v -165.446 -575.257 610.016
v -3738.86 159.125 473.756
v -3792.8 159.189 473.756
v -3774.61 159.228 473.756
v -3756.7 159.087 473.756
v -3806.51 139.161 447.193
v -3806.55 170.426 453.353
v -3727.3 139.289 444.158
v -3727.35 169.965 451.25
v -3738.88 169.94 452.093
v -3738.86 159.125 449.669
v -3756.7 159.087 450.973
v -3756.72 169.671 453.677
v -3774.64 169.633 453.756
v -3774.61 159.228 451.112
v -3792.8 159.189 451.082
v -3792.81 170.452 453.665
v -3602.98 38.8499 453.356
v -3657.52 49.9201 453.356
v -3623.84 50.4065 453.356
v -3686.17 29.5714 429.426
v -3686.55 56.4855 429.13
v -3598.83 30.8128 433.356
v -3598.94 38.9139 432.513
v -3602.98 38.8499 432.396
v -3603.37 66.3527 429.659
v -3624.06 66.0584 429.678
v -3623.84 50.4065 430.795
v -3657.52 49.9201 429.969
v -3657.62 56.895 429.562
v -3540.08 99.1411 448.642
v -3532.5 99.1667 413.34
v -3540.08 99.1411 415.988
v -3532.59 121.026 415.117
v -3570.34 120.885 428.642
v -3570.07 53.7595 426.265
v -3539.9 53.8747 416.75
v -3569.45 182.597 455.669
v -3568.66 146.34 455.669
v -3534.43 151.267 455.669
v -3569.45 182.597 434.628
v -3569.54 189.022 435.379
v -3572.09 182.559 435.669
v -3571.62 146.302 431.698
v -3568.66 146.34 430.575
v -3568.57 139.289 429.844
v -3534.29 139.749 417.233
v -3534.43 151.267 418.292
v -3530.44 151.319 416.779
v -3530.93 189.521 420.187
v -3615.2 216.64 469.789
v -3620.01 233.764 449.789
v -3556.04 233.841 435.269
v -3620 216.64 448.072
v -3615.2 216.64 447.497
v -3615.19 210.51 446.814
v -3556 210.574 432.638
v -3723.49 213.402 459.727
v -3723.47 226.303 462.121
v -3667.45 213.287 453.25
v -3667.42 226.187 455.006
v -3655.26 222.156 452.907
v -3655.27 232.254 454.16
v -3623.17 222.194 448.948
v -3623.18 232.292 450.073
v -3769.53 208.692 462.419
v -3769.51 225.88 465.443
v -3729.25 208.68 459.432
v -3729.24 225.855 462.732
v -3682.89 -78.9545 453.681
v -3627.43 -78.6858 453.681
v -3643.37 -78.7882 453.681
v -3666.58 -78.8522 453.681
v -3663.18 -78.865 453.681
v -3646.96 -78.7754 453.681
v -3684.61 -78.9417 429.585
v -3684.57 -68.3579 429.579
v -3682.89 -78.9545 429.613
v -3682.9 -82.5251 429.393
v -3666.59 -82.6147 429.929
v -3666.58 -78.8522 430.161
v -3663.18 -78.865 430.392
v -3663.2 -82.4355 430.171
v -3646.99 -82.5251 431.187
v -3646.96 -78.7754 431.503
v -3643.37 -78.7882 431.747
v -3643.39 -82.3588 431.27
v -3627.45 -82.4483 431.594
v -3627.43 -78.6858 432.118
v -3625.75 -78.6986 432.23
v -3625.69 -68.6651 433.681
v -3691.06 -38.2702 429.781
v -3694.13 -21.9145 429.203
v -3639.43 -28.5566 435.164
v -3642.51 -12.1881 434.027
v -3521.42 -73.1315 447.068
v -3524.32 -78.0715 447.068
v -3523.14 -89.6791 447.068
v -3514.07 -94.9262 447.068
v -3521.42 -73.1315 422.243
v -3492.1 -23.2327 415.81
v -3521.52 -62.5349 423.496
v -3537.72 -62.5989 427.068
v -3537.77 -78.1867 424.863
v -3524.32 -78.0715 422.08
v -3529.09 -86.1853 421.811
v -3523.14 -89.6791 420.323
v -3524.86 -92.5842 420.336
v -3515.82 -97.9081 418.317
v -3514.07 -94.9262 418.306
v -3512.84 -95.6429 418.033
v -3475.9 -32.7543 413.406
v -3612.01 -80.3623 432.936
v -3614.91 -62.8805 435.667
v -3584.53 -75.8063 434.579
v -3587.44 -58.3116 438.528
v -3610.52 -52.8342 437.806
v -3624.75 -37.4639 437.435
v -3602 -44.9379 439.923
v -3616.24 -29.5677 437.636
v -3601.76 -19.4573 438.216
v -3595.24 -12.9432 438.336
v -3581.43 -39.7804 441.213
v -3574.92 -33.2662 438.632
v -3549.8 -34.5588 458.596
v -3570.86 -39.8571 438.596
v -3552.81 -25.3956 431.96
v -3558.14 -55.7521 432.592
v -3542.72 -43.4021 431.295
v -3549.8 -34.5588 432.57
v -3547.16 -32.4472 431.601
v -3580.88 -96.4492 452.454
v -3576.45 -91.5092 452.454
v -3580.86 -98.292 452.454
v -3566.79 -91.3556 452.454
v -3576.54 -106.047 452.454
v -3566.33 -105.894 452.454
v -3562.25 -96.1292 452.454
v -3562.22 -97.9721 452.454
v -3583.93 -96.5003 429.978
v -3584.1 -85.2127 432.454
v -3580.88 -96.4492 429.46
v -3580.86 -98.292 429.153
v -3583.89 -98.3304 429.652
v -3583.71 -110.168 427.062
v -3576.48 -110.066 425.871
v -3576.54 -106.047 426.751
v -3566.33 -105.894 425.073
v -3566.27 -109.9 424.195
v -3559 -109.784 423.062
v -3559.19 -97.9209 425.593
v -3562.22 -97.9721 426.093
v -3562.25 -96.1292 426.385
v -3559.2 -96.0908 425.879
v -3559.38 -84.8287 427.66
v -3566.89 -84.9439 428.928
v -3566.79 -91.3556 427.888
v -3576.45 -91.5092 429.499
v -3576.55 -85.0975 430.907
v -3865.64 -97.3578 418.772
v -3859.26 -87.2091 419.477
v -3827.41 -121.43 421.601
v -3818.87 -121.43 422.594
v -3814.91 -115.134 422.824
v -3757.24 -128.52 430.029
v -3757.28 -116.055 428.895
v -3713.29 -128.38 428.343
v -3713.33 -115.902 428.223
v -3757.05 -168.744 432.641
v -3757.09 -156.279 432.502
v -3713.1 -168.603 429.071
v -3713.14 -156.125 428.705
v -3784.81 -128.418 448.137
v -3813 -132.129 448.137
v -3802.09 -136.519 448.137
v -3784.81 -128.418 426.807
v -3784.81 -124.835 426.571
v -3817.16 -128.418 422.95
v -3817.16 -132.129 422.874
v -3813 -132.129 423.358
v -3813 -144.53 423.66
v -3802.09 -144.518 425.341
v -3802.09 -136.519 425.048
v -3775.9 -136.506 428.137
v -3775.9 -124.835 427.606
v -3778.03 -152.26 452.2
v -3762.31 -152.196 452.2
v -3762.32 -156.522 452.2
v -3778.03 -156.394 452.2
v -3780.59 -152.247 428.759
v -3780.58 -146.028 428.18
v -3778.03 -152.26 429.155
v -3778.03 -156.394 429.426
v -3780.32 -156.394 429.073
v -3780.33 -161.116 428.993
v -3760.27 -161.142 432.2
v -3760.26 -156.522 432.161
v -3762.32 -156.522 431.844
v -3762.31 -152.196 431.571
v -3760.34 -152.209 431.876
v -3760.33 -146.066 431.304
v -3466.79 -150.648 429.408
v -3446.88 -182.514 429.408
v -3451.99 -185.675 429.408
v -3471.57 -153.604 429.408
v -3469.53 -146.22 407.895
v -3451.61 -135.137 406.504
v -3466.79 -150.648 407.509
v -3471.57 -153.604 407.822
v -3474.22 -149.317 408.196
v -3490.99 -159.683 409.408
v -3466.08 -200.021 405.421
v -3449.46 -189.758 403.747
v -3451.99 -185.675 404.266
v -3446.88 -182.514 403.908
v -3444.37 -186.571 403.323
v -3426.59 -175.578 402.227
v -3405.46 -247.066 423.885
v -3443.25 -269.935 423.885
v -3451.15 -303.964 387.521
v -3473.48 -267.094 403.885
v -3373.74 -257.099 384.308
v -3396.3 -219.845 393.4
v -3415.06 -231.197 395.342
v -3405.46 -247.066 391.926
v -3443.25 -269.935 397.389
v -3452.61 -254.463 400.326
v -3454.45 -251.302 400.827
v -3416.56 -228.483 395.885
v -3624.5 -238.235 447.39
v -3612.73 -221.982 447.39
v -3628.57 -240.59 426.988
v -3636.64 -226.679 426.479
v -3624.5 -238.235 426.578
v -3612.54 -258.852 427.39
v -3592.49 -247.232 425.641
v -3608.56 -219.563 424.35
v -3612.73 -221.982 424.77
v -3616.71 -215.123 424.565
v -3662.16 -182.13 446.663
v -3662.16 -182.13 425.628
v -3664.08 -178.816 425.553
v -3668.1 -185.573 426.27
v -3650.67 -215.583 426.663
v -3633.63 -205.691 424.999
v -3652.97 -172.365 424.299
v -3601.67 -166.543 442.654
v -3606.06 -199.791 422.654
v -3623.04 -172.046 421.975
v -3579.56 -183.576 419.309
v -3593.15 -161.347 418.699
v -3601.67 -166.543 419.771
v -3605.04 -161.039 419.688
v -3549.77 -257.995 440.533
v -3523.62 -242.766 440.533
v -3549.77 -257.995 419.278
v -3553.81 -251.058 419.863
v -3555.18 -261.143 420.533
v -3546.55 -275.937 416.765
v -3510.16 -254.731 411.55
v -3518.78 -239.95 412.897
v -3523.62 -242.766 413.806
v -3527.67 -235.816 414.523
v -3584.02 -283.82 447.677
v -3582.03 -269.653 447.677
v -3587.82 -286.073 421.082
v -3597.96 -268.937 427.677
v -3584.02 -283.82 421.43
v -3580.2 -290.27 418.066
v -3562.08 -279.546 418.525
v -3571.6 -263.472 424.066
v -3582.03 -269.653 426.49
v -3586.47 -262.141 426.666
v -3530.37 -204.872 414.321
v -3554.61 -166.747 415.743
v -3514.58 -194.825 412.065
v -3538.84 -156.714 413.635
v -3296.18 -179.519 408.229
v -3327.42 -204.078 408.229
v -3332.67 -241.204 378.656
v -3355.32 -211.744 387.588
v -3256.73 -182.834 378.742
v -3279.37 -153.386 388.229
v -3302.66 -171.29 387.533
v -3296.18 -179.519 384.818
v -3327.42 -204.078 384.432
v -3334.17 -195.491 387.085
v -3337.17 -191.677 388.271
v -3305.95 -167.106 388.819
v -3330.36 -105.907 419.756
v -3381.91 -154.257 419.756
v -3350.76 -154.602 419.756
v -3320.32 -131.234 419.756
v -3386.16 -148.728 399.756
v -3330.36 -105.907 395.167
v -3381.91 -154.257 399.277
v -3389.6 -160.156 399.632
v -3373.92 -180.582 394.915
v -3346.8 -159.76 394.807
v -3350.76 -154.602 395.888
v -3320.32 -131.234 393.454
v -3312.26 -141.728 392.394
v -3291.14 -125.526 391.054
v -3324.94 -81.4757 395.58
v -3340.14 -93.1473 396.211
v -3891.89 5.47295 430.279
v -3892.73 43.1244 437.579
v -3890.72 -46.8064 420.889
v -3868.14 -46.2945 421.133
v -3870.17 43.6236 435.958
v -3890.72 -46.8064 450.279
v -1274.19 -245.056 515.276
v -1244.79 -249.1 495.276
v -1289.13 -228.407 491.703
v -1311.37 -274.389 489.618
v -3872.67 118.876 446.73
v -3873.05 187.947 454.295
v -3838.83 119.055 444.897
v -3839.2 188.126 455.553
v -3826.73 218.777 458.977
v -3826.96 239.382 460.997
v -3826.6 205.698 458.032
v -3792.39 206.056 460.167
v -3792.74 239.741 465.128
v -3845.58 199.516 480.997
v -3834.44 239.203 459.989
v -3873.21 201.641 454.916
v -3873.15 190.532 454.479
v -3845.8 190.737 455.517
v -3845.58 199.516 456.096
v -4111.44 211.226 437.252
v -4118.76 205.237 437.252
v -4106.91 211.623 437.252
v -4102.16 201.948 437.252
v -4102.39 207.809 437.252
v -4116.66 202.306 437.252
v -4114.89 200.079 437.252
v -4117 193.348 437.252
v -4099.69 198.851 437.252
v -4111.81 191.927 437.252
v -4108.86 188.241 437.252
v -4095.21 198.979 437.252
v -4111.22 186.347 437.252
v -4093.19 208.117 437.252
v -4092.98 202.255 437.252
v -4084.43 212.199 437.252
v -4088.98 212.25 437.252
v -4076.68 206.786 437.252
v -4078.54 203.701 437.252
v -4080.14 201.359 437.252
v -4082.6 192.989 437.252
v -4077.52 194.794 437.252
v -4110.89 180.166 437.252
v -4107.85 176.377 437.252
v -4104.24 168.238 437.252
v -4098.02 177.99 437.252
v -4085.26 189.099 437.252
v -4082.76 187.384 437.252
v -4095.3 178.054 437.252
v -4082.62 181.189 437.252
v -4088.36 168.788 437.252
v -4085.37 177.184 437.252
v -4120.2 207.042 411.469
v -4112.81 212.941 411.947
v -4118.76 205.237 411.329
v -4119.59 204.571 411.269
v -4117.35 201.756 410.892
v -4116.66 202.306 410.941
v -4114.89 200.079 410.643
v -4123.78 192.964 410.006
v -4121.31 189.892 409.594
v -4117 193.348 409.903
v -4114.28 189.943 409.447
v -4111.81 191.927 409.624
v -4108.86 188.241 409.178
v -4111.22 186.347 409.248
v -4112.3 187.678 409.259
v -4118.86 182.418 409.454
v -4114.64 177.158 409.072
v -4110.89 180.166 409.02
v -4107.85 176.377 408.307
v -4109.63 174.944 408.331
v -4104.24 168.238 407.068
v -4104.07 163.72 406.564
v -4097.48 163.963 407.446
v -4098.02 177.99 408.824
v -4095.3 178.054 409.514
v -4094.77 164.027 408.146
v -4088.18 164.27 409.898
v -4088.36 168.788 410.262
v -4083.49 175.891 412.248
v -4085.37 177.184 411.915
v -4082.62 181.189 413.037
v -4078.66 178.476 413.741
v -4074.85 184.043 415.297
v -4081.79 188.791 414.06
v -4082.76 187.384 413.672
v -4085.26 189.099 413.208
v -4082.6 192.989 414.141
v -4079.98 191.197 414.676
v -4077.52 194.794 415.539
v -4072.97 191.684 416.471
v -4070.74 194.935 417.252
v -4080.14 201.359 415.327
v -4078.54 203.701 415.889
v -4077.81 203.215 416.038
v -4075.79 206.184 416.759
v -4076.68 206.786 416.634
v -4075.38 208.692 417.142
v -4083.19 214.016 416.054
v -4084.43 212.199 415.571
v -4087.55 214.336 415.136
v -4088.98 212.25 414.581
v -4091.64 214.068 414.211
v -4094.9 209.281 412.939
v -4093.19 208.117 413.179
v -4095.86 204.213 412.139
v -4092.98 202.255 412.541
v -4095.21 198.979 411.669
v -4099.69 198.851 410.675
v -4102.16 201.948 410.583
v -4099.44 204.111 411.343
v -4102.39 207.809 411.272
v -4100.78 209.102 411.633
v -4104.4 213.633 411.995
v -4106.91 211.623 411.816
v -4108.48 213.581 412.04
v -4111.44 211.226 411.849
v -3605.04 -161.039 441.975
v -3597.11 -155.677 418.647
v -3622.27 -160.22 421.128
v -3625.98 -165.084 421.77
v -4033.7 214.055 456.086
v -4041.01 208.065 456.086
v -4029.17 214.452 456.086
v -4024.41 204.776 456.086
v -4024.65 210.651 456.086
v -4038.92 205.135 456.086
v -4037.15 202.921 456.086
v -4039.26 196.176 456.086
v -4021.94 201.679 456.086
v -4034.07 194.755 456.086
v -4031.12 191.069 456.086
v -4017.47 201.807 456.086
v -4033.49 189.175 456.086
v -4015.45 210.945 456.086
v -4015.23 205.083 456.086
v -4006.68 215.04 456.086
v -4011.23 215.092 456.086
v -3998.93 209.614 456.086
v -4000.79 206.542 456.086
v -4002.39 204.188 456.086
v -4004.85 195.818 456.086
v -3999.78 197.622 456.086
v -4033.14 182.994 456.086
v -4030.1 179.206 456.086
v -4026.5 171.066 456.086
v -4020.27 180.818 456.086
v -4007.52 191.927 456.086
v -4005.01 190.212 456.086
v -4017.56 180.882 456.086
v -4004.88 184.018 456.086
v -4010.61 171.616 456.086
v -4007.63 180.012 456.086
v -4042.46 209.87 424.841
v -4035.07 215.77 426.859
v -4041.01 208.065 425.035
v -4041.86 207.4 424.805
v -4039.61 204.584 425.106
v -4038.92 205.135 425.294
v -4037.15 202.921 425.538
v -4046.03 195.792 423.169
v -4043.57 192.72 423.729
v -4039.26 196.176 424.877
v -4036.54 192.772 425.498
v -4034.07 194.755 426.156
v -4031.12 191.069 426.827
v -4033.49 189.175 426.195
v -4034.55 190.506 425.952
v -4041.11 185.246 423.961
v -4036.89 179.986 424.543
v -4033.14 182.994 425.759
v -4030.1 179.206 426.178
v -4031.88 177.772 425.602
v -4026.5 171.066 426.519
v -4026.33 166.548 426.228
v -4019.74 166.792 427.976
v -4020.27 180.818 428.876
v -4017.56 180.882 429.593
v -4017.02 166.856 428.693
v -4010.43 167.111 430.382
v -4010.61 171.616 430.671
v -4005.75 178.719 432.42
v -4007.63 180.012 432.043
v -4004.88 184.018 433.031
v -4000.93 181.305 433.823
v -3997.11 186.872 435.195
v -4004.04 191.62 433.493
v -4005.01 190.212 433.292
v -4007.52 191.927 432.612
v -4004.85 195.818 433.165
v -4002.24 194.039 433.875
v -3999.78 197.622 434.387
v -3995.23 194.512 435.623
v -3993 197.763 436.086
v -4002.39 204.188 433.858
v -4000.79 206.542 434.253
v -4000.07 206.043 434.402
v -3998.04 209.012 434.902
v -3998.93 209.614 434.719
v -3997.63 211.521 435.04
v -4005.44 216.858 433.433
v -4006.68 215.04 433.128
v -4009.81 217.165 432.484
v -4011.23 215.092 432.133
v -4013.89 216.896 431.586
v -4017.16 212.11 430.737
v -4015.45 210.945 431.131
v -4018.11 207.042 430.399
v -4015.23 205.083 431.067
v -4017.47 201.807 430.461
v -4021.94 201.679 429.335
v -4024.41 204.776 428.773
v -4021.7 206.952 429.497
v -4024.65 210.651 428.826
v -4023.03 211.93 429.256
v -4026.65 216.461 428.746
v -4029.17 214.452 428.06
v -4030.74 216.423 427.85
v -4033.7 214.055 427.042
v -4188.06 200.015 434.79
v -4195.38 194.039 434.79
v -4183.53 200.412 434.79
v -4178.78 190.737 434.79
v -4179.01 196.611 434.79
v -4193.29 191.108 434.79
v -4191.52 188.881 434.79
v -4193.63 182.136 434.79
v -4176.31 187.64 434.79
v -4188.43 180.716 434.79
v -4185.48 177.043 434.79
v -4171.83 187.768 434.79
v -4187.85 175.136 434.79
v -4169.82 196.918 434.79
v -4169.6 191.044 434.79
v -4161.05 201.001 434.79
v -4165.6 201.052 434.79
v -4153.3 195.587 434.79
v -4155.16 192.503 434.79
v -4156.76 190.161 434.79
v -4159.22 181.791 434.79
v -4154.15 183.595 434.79
v -4187.52 168.954 434.79
v -4184.47 165.166 434.79
v -4180.86 157.027 434.79
v -4174.64 166.792 434.79
v -4161.88 177.887 434.79
v -4159.38 176.173 434.79
v -4171.92 166.856 434.79
v -4159.24 169.991 434.79
v -4164.98 157.59 434.79
v -4161.99 165.972 434.79
v -4196.83 195.843 411.21
v -4189.43 201.743 411.143
v -4195.38 194.039 411.149
v -4196.22 193.36 411.157
v -4193.98 190.558 411.063
v -4193.29 191.108 411.056
v -4191.52 188.881 410.982
v -4200.4 181.765 412.853
v -4197.94 178.681 413.182
v -4193.63 182.136 412.309
v -4190.9 178.745 412.468
v -4188.43 180.716 411.969
v -4185.48 177.043 412.323
v -4187.85 175.136 412.623
v -4188.92 176.467 412.56
v -4195.48 171.207 413.888
v -4191.26 165.96 414.134
v -4187.52 168.954 413.398
v -4184.47 165.166 413.815
v -4186.25 163.746 414.035
v -4180.86 157.027 414.231
v -4180.7 152.509 414.79
v -4174.1 152.765 414.097
v -4174.64 166.792 413.166
v -4171.92 166.856 412.893
v -4171.39 152.816 413.818
v -4164.8 153.072 413.125
v -4164.98 157.59 412.566
v -4160.11 164.693 411.73
v -4161.99 165.972 411.906
v -4159.24 169.991 411.591
v -4155.29 167.278 411.221
v -4151.47 172.832 410.784
v -4158.41 177.58 411.432
v -4159.38 176.173 411.543
v -4161.88 177.887 411.7
v -4159.22 181.791 411.144
v -4156.61 179.999 411.228
v -4154.15 183.595 410.803
v -4149.59 180.473 410.52
v -4147.37 183.723 410.265
v -4156.76 190.161 410.322
v -4155.16 192.503 410.442
v -4154.44 192.017 410.394
v -4152.41 194.986 410.547
v -4153.3 195.587 410.606
v -4152 197.494 410.705
v -4159.81 202.818 411.228
v -4161.05 201.001 411.135
v -4164.18 203.138 411.345
v -4165.6 201.052 411.237
v -4168.26 202.869 411.354
v -4171.52 198.083 411.17
v -4169.82 196.918 411.055
v -4172.48 193.002 410.853
v -4169.6 191.044 410.66
v -4171.83 187.768 410.657
v -4176.31 187.64 410.771
v -4178.78 190.737 410.84
v -4176.06 192.912 410.925
v -4179.01 196.611 411.128
v -4177.4 197.904 411.168
v -4181.02 202.421 411.198
v -4183.53 200.412 411.136
v -4185.1 202.383 411.149
v -4188.06 200.015 411.086
v -4133.87 92.1022 431.27
v -4134.06 66.6471 431.27
v -4111.68 92.4222 431.27
v -4109.88 66.7879 431.27
v -4133.87 92.1022 408.102
v -4134.02 102.277 408.039
v -4111.68 92.4222 401.965
v -4111.82 102.597 402.328
v -4047.3 108.944 445.526
v -4047.5 83.502 445.526
v -4023.31 83.63 445.526
v -4025.1 109.277 445.526
v -4047.3 108.944 415.745
v -4047.46 119.119 416.605
v -4058.89 108.778 412.535
v -4025.1 109.277 422.094
v -4025.26 119.439 422.803
v -4287.24 80.3409 476.003
v -4261.19 82.0942 476.003
v -4306.12 78.9843 456.003
v -4322.66 93.5868 454.43
v -4287.24 80.3409 453.496
v -4286.99 76.7703 454.765
v -4260.95 78.626 448.922
v -4261.19 82.0942 448.154
v -4241.3 83.5148 441.131
v -4210.87 116.802 425.884
v -4210.91 156.195 417.792
v -4242.62 184.21 413.694
v -4277.28 328.47 427.791
v -4267.4 338.671 427.791
v -4285.61 317.093 405.865
v -4295.05 326.231 407.791
v -4275.91 327.139 403.861
v -4277.28 328.47 404.18
v -4267.4 338.671 404.508
v -4266.04 337.365 404.696
v -4256.4 347.322 406.282
v -4265.82 356.435 404.979
v -4271.25 402.393 429.121
v -4290.53 403.391 407.006
v -4289.41 425.136 407.659
v -4271.25 402.393 404.858
v -4272.01 387.547 404.485
v -4264.57 387.163 405.747
v -4253.45 386.587 407.635
v -4251.56 423.19 409.121
v -4256.4 347.322 430.277
v -4266.04 337.365 430.277
v -4253.45 386.587 430.277
v -4275.91 327.139 430.277
v -4285.61 317.093 430.277
v -4251.56 423.19 430.277
v -4299.17 326.41 408.606
v -4299.53 309.427 408.826
v -4283.79 309.081 405.359
v -4250.53 342.83 406.977
v -4246.16 425.328 410.277
v -4256.65 435.515 409.365
v -4288.89 437.32 409.21
v -4267.09 501.67 438.01
v -4249.82 478.825 414.734
v -4287.65 481.077 414.492
v -4247.65 515.415 418.01
v -4258.77 516.068 417.724
v -4266.2 516.516 417.825
v -4267.09 501.67 416.155
v -4286.36 502.822 417.108
v -4247.65 515.415 446.541
v -4249.82 478.825 446.541
v -4262.37 560.786 446.541
v -4288.47 468.906 413.096
v -4256.24 467.127 412.827
v -4244.69 476.112 415.04
v -4266.92 573.277 426.541
v -4276.11 562.629 425.297
v -4262.37 560.786 424.453
v -4264.12 547.795 422.298
v -4276.35 560.76 447.717
v -4290.43 562.667 447.717
v -4305.77 553.414 425.656
v -4276.35 560.76 424.997
v -4290.43 562.667 426.213
v -4290.18 564.561 426.52
v -4304.03 566.43 427.717
v -4341.66 320.382 440.401
v -4327.46 320.318 440.401
v -4355.63 318.539 420.401
v -4355.58 331.67 419.724
v -4341.67 318.475 417.631
v -4341.66 320.382 417.532
v -4327.46 320.318 414.569
v -4327.46 318.437 414.604
v -4313.6 318.373 411.624
v -4313.54 331.465 411.366
v -4398.49 320.894 452.289
v -4384.29 320.83 452.289
v -4412.47 319.038 432.289
v -4412.41 332.169 430.983
v -4398.5 318.974 429.311
v -4398.49 320.894 429.15
v -4384.29 320.83 426.333
v -4384.3 318.936 426.492
v -4370.44 318.872 423.553
v -4370.37 331.964 422.648
v -4458.47 321.188 471.67
v -4444.27 321.124 471.67
v -4472.45 319.333 451.67
v -4472.39 332.464 449.596
v -4458.48 319.269 445.19
v -4458.47 321.188 444.964
v -4444.27 321.124 438.572
v -4444.28 319.23 438.792
v -4430.42 319.166 436.045
v -4430.35 332.272 434.54
v -4456.29 403.507 459.029
v -4454.47 389.019 459.029
v -4443.06 408.114 459.029
v -4446.79 388.507 459.029
v -4434.73 396.096 459.029
v -4439.65 391.105 459.029
v -4463.9 385.589 438.799
v -4468.77 398.963 439.029
v -4454.47 389.019 434.537
v -4452.97 384.898 434.593
v -4446.36 387.304 431.537
v -4446.79 388.507 431.583
v -4439.65 391.105 429.953
v -4439.27 390.043 429.982
v -4433.31 392.219 428.872
v -4434.73 396.096 428.772
v -4425.3 399.539 427.015
v -4430.14 412.837 426.252
v -4443.06 408.114 428.536
v -4443.84 410.239 428.398
v -4457 405.439 433.642
v -4456.29 403.507 433.583
v -4394.77 419.786 443.63
v -4395.94 405.234 443.63
v -4380.88 421.603 443.63
v -4388.54 403.174 443.63
v -4375.17 408.14 443.63
v -4381.01 404.262 443.63
v -4405.87 403.801 423.63
v -4407.92 417.892 422.676
v -4395.94 405.234 422.106
v -4395.32 400.896 422.381
v -4388.35 401.907 421.357
v -4388.54 403.174 421.278
v -4381.01 404.262 420.173
v -4380.85 403.136 420.22
v -4374.58 404.044 419.195
v -4375.17 408.14 419.064
v -4365.23 409.586 417.454
v -4367.27 423.587 417.664
v -4380.88 421.603 419.333
v -4381.2 423.843 419.566
v -4395.06 421.834 421.266
v -4394.77 419.786 421.054
v -4334.38 425.008 435.292
v -4337.35 410.712 435.292
v -4320.38 425.085 435.292
v -4330.26 407.743 435.292
v -4316.38 411.006 435.292
v -4322.66 407.884 435.292
v -4347.4 410.52 414.885
v -4347.66 424.765 415.292
v -4337.35 410.712 413.521
v -4337.28 406.335 413.733
v -4330.24 406.463 412.698
v -4330.26 407.743 412.677
v -4322.66 407.884 411.487
v -4322.64 406.757 411.505
v -4316.3 406.873 410.524
v -4316.38 411.006 410.456
v -4306.34 411.198 409.099
v -4306.62 425.341 409.991
v -4320.38 425.085 411.648
v -4320.41 427.337 411.899
v -4334.42 427.068 413.758
v -4334.38 425.008 413.528
v -4394.6 499.686 447.381
v -4400.04 486.133 447.381
v -4380.79 497.293 447.381
v -4393.57 481.96 447.381
v -4379.33 482.741 447.381
v -4386.07 480.77 447.381
v -4409.95 487.707 426.808
v -4407.71 501.772 427.381
v -4400.04 486.133 425.76
v -4400.73 481.807 425.563
v -4393.77 480.706 424.898
v -4393.57 481.96 424.969
v -4386.07 480.77 424.125
v -4386.25 479.657 424.049
v -4379.98 478.659 423.331
v -4379.33 482.741 423.609
v -4369.42 481.167 422.474
v -4367.2 495.143 423.426
v -4380.79 497.293 424.795
v -4380.45 499.533 424.897
v -4394.27 501.721 426.191
v -4394.6 499.686 426.099
v -4448.67 517.732 458.071
v -4457.34 505.97 458.071
v -4435.92 511.96 458.071
v -4452.13 500.313 458.071
v -4438.14 497.51 458.071
v -4445.16 497.28 458.071
v -4466.54 509.989 438.071
v -4460.85 523.031 436.53
v -4457.34 505.97 434.742
v -4459.08 501.964 435.233
v -4452.64 499.149 432.927
v -4452.13 500.313 432.78
v -4445.16 497.28 430.385
v -4445.61 496.243 430.389
v -4439.8 493.709 429.814
v -4438.14 497.51 429.802
v -4428.95 493.492 428.892
v -4423.29 506.469 428.916
v -4435.92 511.96 430.265
v -4435.02 514.033 430.274
v -4447.85 519.626 431.909
v -4448.67 517.732 432.132
v -4334.87 493.236 441.596
v -4338.9 479.209 441.596
v -4320.9 492.276 441.596
v -4332.05 475.715 441.596
v -4317.96 477.955 441.596
v -4324.45 475.305 441.596
v -4348.92 479.759 420.397
v -4348.14 493.965 421.596
v -4338.9 479.209 419.323
v -4339.14 474.832 418.879
v -4332.11 474.448 418.136
v -4332.05 475.715 418.248
v -4324.45 475.305 417.435
v -4324.51 474.166 417.344
v -4318.19 473.821 416.663
v -4317.96 477.955 417.069
v -4307.93 477.404 416.049
v -4307.17 491.534 417.625
v -4320.9 492.276 418.934
v -4320.78 494.541 419.169
v -4334.76 495.296 420.581
v -4334.87 493.236 420.417
v -4415.74 564.177 456.491
v -4429.95 564.382 456.491
v -4402.04 552.761 431.759
v -4444.08 553.376 434.567
v -4401.85 565.854 433.75
v -4415.71 566.059 434.658
v -4415.74 564.177 434.372
v -4429.95 564.382 435.305
v -4429.92 566.302 435.596
v -4443.89 566.507 436.491
v -4349.43 563.474 452.225
v -4363.64 563.691 452.225
v -4335.74 552.057 427.389
v -4377.78 552.672 430.205
v -4335.55 565.163 429.479
v -4349.41 565.355 430.39
v -4349.43 563.474 430.082
v -4363.64 563.691 431.005
v -4363.62 565.598 431.306
v -4377.59 565.803 432.225
v -4491.17 540.654 478.388
v -4505.37 540.859 478.388
v -4477.47 529.238 442.338
v -4519.5 529.852 456.69
v -4477.28 542.343 443.82
v -4491.13 542.535 448.688
v -4491.17 540.654 448.393
v -4505.37 540.859 453.264
v -4505.34 542.779 453.564
v -4519.31 542.983 458.388
v -4570.83 561.541 500.622
v -4577.92 549.229 500.622
v -4554.19 567.966 475.096
v -4575.16 531.529 475.681
v -4565.55 574.493 480.36
v -4572.46 562.475 480.529
v -4570.83 561.541 479.788
v -4577.92 549.229 479.856
v -4579.58 550.176 480.605
v -4586.53 538.069 480.622
v -4525.33 606.4 498.036
v -4537.08 598.426 498.036
v -4507.56 604.902 464.826
v -4542.35 581.315 473.32
v -4514.91 615.743 469.477
v -4526.39 607.961 472.359
v -4525.33 606.4 471.687
v -4537.08 598.426 474.582
v -4538.16 600.013 475.256
v -4549.72 592.181 478.036
v -4468.89 635.939 484.042
v -4481.91 630.282 484.042
v -4451.7 631.165 448.309
v -4490.26 614.424 460.119
v -4456.92 643.183 452.07
v -4469.64 637.666 456.038
v -4468.89 635.939 455.471
v -4481.91 630.282 459.535
v -4482.68 632.035 460.115
v -4495.5 626.468 464.042
v -4406.9 646.088 468.206
v -4421.1 646.254 468.206
v -4393.17 634.697 443.824
v -4435.21 635.209 446.147
v -4393.01 647.803 445.805
v -4406.87 647.969 446.647
v -4406.9 646.088 446.281
v -4421.1 646.254 447.04
v -4421.08 648.174 447.438
v -4435.05 648.34 448.206
v -4537.93 314.508 482.928
v -4539.3 332.067 479.857
v -4496.24 317.746 462.879
v -4497.6 335.292 460.518
v -4558.6 344.507 486.011
v -4560.13 362.437 482.38
v -4496.52 349.78 457.751
v -4498.04 367.723 455.352
v -4522.22 378.716 463.352
v -4523.64 395.968 460.69
v -4485.92 381.698 448.103
v -4487.35 398.95 445.991
v -4568.5 374.902 482.996
v -4569.92 392.155 479.492
v -4532.21 377.885 467.473
v -4533.62 395.137 464.566
v -4565.72 411.07 473.371
v -4567.14 428.31 472.324
v -4529.43 414.052 459.191
v -4530.84 431.305 459.129
v -4515.35 415.23 453.802
v -4516.77 432.482 454.083
v -4479.05 418.212 439.976
v -4480.48 435.464 440.961
v -4553.75 441.402 467.566
v -4557.43 458.309 469.081
v -4518.17 449.133 454.849
v -4521.84 466.052 456.452
v -4507.04 451.091 450.891
v -4510.71 467.997 452.546
v -4471.45 458.834 438.382
v -4475.12 475.74 440.089
v -4552.66 479.913 467.539
v -4556.53 496.807 469.058
v -4510.17 489.678 452.801
v -4514.04 506.572 454.412
v -4589.09 447.763 480.312
v -4602.35 459.487 485.112
v -4563.33 476.892 471.268
v -4576.59 488.616 475.992
v -4586.72 396.941 484.837
v -4605.78 396.736 492.409
v -4587.13 435.618 479.631
v -4606.2 435.413 486.519
v -4494.89 137.817 511.787
v -4499.58 120.207 511.787
v -4484.69 135.296 511.787
v -4489.64 117.775 511.787
v -4513.45 123.867 491.787
v -4508.81 141.49 491.222
v -4499.58 120.207 488.13
v -4500.63 116.239 488.256
v -4490.72 113.641 485.637
v -4489.64 117.775 485.508
v -4475.19 113.974 481.698
v -4470.56 131.571 481.145
v -4484.69 135.296 484.872
v -4483.73 138.917 484.757
v -4493.89 141.605 487.433
v -4494.89 137.817 487.554
v -4425.79 119.4 493.542
v -4430.47 101.79 493.542
v -4415.58 116.866 493.542
v -4420.53 99.3459 493.542
v -4444.34 105.438 473.542
v -4439.7 123.061 473.074
v -4430.47 101.79 471.099
v -4431.52 97.823 471.135
v -4421.62 95.2122 469.325
v -4420.53 99.3459 469.287
v -4406.09 95.5449 467.131
v -4401.46 113.155 465.349
v -4415.58 116.866 467.648
v -4414.62 120.501 467.252
v -4424.8 123.176 469.502
v -4425.79 119.4 469.602
v -4516.8 198.198 519.427
v -4521.5 180.601 519.427
v -4506.61 195.677 519.427
v -4511.56 178.156 519.427
v -4535.37 184.248 499.427
v -4530.73 201.871 496.441
v -4521.5 180.601 495.794
v -4522.55 176.633 495.922
v -4512.64 174.022 493.329
v -4511.56 178.156 493.198
v -4497.11 174.355 489.406
v -4492.48 191.965 487.969
v -4506.61 195.677 490.69
v -4505.65 199.311 489.617
v -4515.81 201.986 491.807
v -4516.8 198.198 492.69
v -4460.57 189.38 501.852
v -4455.44 200.898 501.852
v -4436.82 195.856 501.852
v -4420.57 209.371 501.852
v -4469.04 191.671 481.852
v -4463.09 213.633 474.125
v -4460.57 189.38 480.433
v -4461.21 187.064 480.777
v -4426.69 177.721 469.413
v -4418.28 208.756 461.405
v -4420.57 209.371 461.976
v -4418.83 215.795 459.376
v -4430.56 218.969 462.404
v -4432.92 210.267 465.831
v -4436.82 195.856 471.662
v -4455.44 200.898 475.519
v -4452.76 210.83 471.721
v -4455.14 211.47 472.159
v -4361.28 198.467 473.068
v -4346.67 174.278 473.068
v -4355.56 155.939 448.889
v -4379.87 177.222 453.068
v -4342.61 170.733 441.432
v -4346.67 174.278 442.303
v -4327.71 195.946 431.852
v -4357.35 221.875 437.504
v -4370.65 206.67 445.311
v -4361.28 198.467 443.449
v -4481.31 45.556 509.117
v -4488.99 29.6866 509.117
v -4485.93 33.1548 509.117
v -4472.41 30.0066 509.117
v -4475.65 33.3084 509.117
v -4504.89 35.2665 489.117
v -4489.5 52.7613 484.635
v -4490.82 22.8781 485.98
v -4486.65 27.6133 484.762
v -4488.99 29.6866 485.288
v -4485.93 33.1548 484.393
v -4475.65 33.3084 481.773
v -4472.41 30.0066 481.061
v -4474.65 27.8053 481.704
v -4470.23 23.3004 480.747
v -4456.83 36.4183 476.888
v -4473.13 53.0684 480.446
v -4481.31 45.556 482.798
v -4452.76 210.83 495.519
v -4453.97 216.013 470.758
v -4357.35 221.875 465.311
v -4327.71 195.946 465.311
v -4319.42 217.69 465.311
v -4319.42 217.69 425.571
v -4337.7 233.521 429.357
v -4370.44 233.226 439.531
v -4315.08 70.7168 481.951
v -4339.95 68.9635 481.951
v -4311.94 45.2233 481.951
v -4336.88 43.598 481.951
v -4315.08 70.7168 458.583
v -4339.95 68.9635 461.293
v -4336.88 43.598 459.746
v -4311.94 45.2233 456.59
v -4439.76 -39.8827 475.724
v -4412.75 -9.10385 470.174
v -4433.07 -50.9913 472.024
v -4390.98 -57.2622 462.271
v -3914.24 -124.297 433.722
v -3900.3 -136.634 433.722
v -3915.4 -126.076 433.722
v -3910.04 -158.301 433.722
v -3925.05 -149.854 433.722
v -3915.29 -140.819 433.722
v -3916.89 -143.276 433.722
v -3916.38 -122.915 411.747
v -3912.5 -116.964 412.656
v -3914.24 -124.297 411.889
v -3915.4 -126.076 411.617
v -3917.29 -124.847 411.492
v -3923.99 -135.15 409.438
v -3915.29 -140.819 409.691
v -3916.89 -143.276 409.175
v -3922.03 -139.936 409.025
v -3927.45 -148.293 407.276
v -3925.05 -149.854 407.347
v -3927.12 -153.041 406.679
v -3912.7 -162.396 407.984
v -3910.04 -158.301 408.806
v -3903.93 -162.268 409.348
v -3891.14 -142.585 413
v -3900.3 -136.634 412.047
v -3894.94 -128.367 413.722
v -3918.65 -198.767 427.594
v -3901.72 -206.484 427.594
v -3902.88 -208.263 427.594
v -3916.38 -214.15 427.594
v -3917.98 -216.62 427.594
v -3920.66 -226.743 427.594
v -3934.49 -216.466 427.594
v -3913.28 -190.5 405.373
v -3895.72 -201.915 407.594
v -3918.65 -198.767 403.613
v -3927.81 -192.816 402.63
v -3932.36 -199.817 401.776
v -3940.6 -212.499 401.141
v -3934.49 -216.466 400.372
v -3937.15 -220.562 400.227
v -3928.21 -226.372 399.211
v -3922.73 -229.93 399.901
v -3920.66 -226.743 400.618
v -3918.26 -228.304 400.922
v -3912.84 -219.96 402.8
v -3917.98 -216.62 402.152
v -3916.38 -214.15 402.708
v -3907.67 -219.807 403.805
v -3900.98 -209.492 406.035
v -3902.88 -208.263 405.762
v -3901.72 -206.484 406.113
v -3899.59 -207.866 406.42
v -3910.24 -276.295 423.626
v -3893.32 -284.012 423.626
v -3894.47 -285.791 423.626
v -3926.09 -293.995 423.626
v -3907.98 -291.678 423.626
v -3909.59 -294.148 423.626
v -3912.27 -304.271 423.626
v -3904.88 -268.028 400.36
v -3887.31 -279.444 403.626
v -3910.24 -276.295 398.711
v -3919.42 -270.345 396.874
v -3932.2 -290.027 393.921
v -3926.09 -293.995 394.303
v -3928.76 -298.09 393.508
v -3914.34 -307.458 396.177
v -3912.27 -304.271 396.762
v -3909.87 -305.832 397.209
v -3904.44 -297.488 398.767
v -3909.59 -294.148 397.881
v -3907.98 -291.678 398.387
v -3899.27 -297.335 399.888
v -3892.58 -287.02 402
v -3894.47 -285.791 401.674
v -3893.32 -284.012 402.036
v -3891.19 -285.407 402.404
v -3832.37 -215.468 444.161
v -3811.33 -215.148 444.161
v -3838.21 -211.667 417.841
v -3826.16 -193.111 420.673
v -3832.37 -215.468 418.819
v -3839.81 -226.948 416.88
v -3820.45 -239.502 420.413
v -3806.63 -218.194 423.672
v -3811.33 -215.148 422.862
v -3805.66 -206.407 424.161
v -3917.29 -124.847 440.772
v -3916.38 -122.915 440.772
v -3848.16 -170.727 440.772
v -3894.94 -128.367 440.772
v -3912.5 -116.964 440.772
v -3848.16 -170.727 417.871
v -3850.09 -173.773 417.402
v -3842.07 -178.38 418.549
v -3832.02 -163.254 420.772
v -3836.73 -147.103 420.298
v -3905.99 -101.914 415.077
v -3927.34 -105.088 412.98
v -3933.27 -129.595 409.616
v -3940.6 -212.499 423.667
v -3928.76 -298.09 423.667
v -3937.15 -220.562 423.667
v -3946.13 -280.557 423.667
v -3946.81 -190.615 403.667
v -3966.67 -315.648 397.108
v -3934.8 -335.753 392.236
v -3946.13 -280.557 396.074
v -3928.33 -434.46 405.921
v -3934.06 -442.855 405.921
v -3917.11 -430.544 405.921
v -3922.49 -433.155 405.921
v -3932.34 -449.907 405.921
v -3922.97 -454.348 405.921
v -3918.67 -453.733 405.921
v -3910.67 -433.424 405.921
v -3907.7 -443.905 405.921
v -3942.74 -437.468 383.623
v -3937.4 -428.855 384.325
v -3934.06 -442.855 382.231
v -3932.34 -449.907 381.159
v -3937.65 -456.446 380.586
v -3929.83 -462.794 379.369
v -3922.97 -454.348 380.788
v -3918.67 -453.733 381.075
v -3911.52 -458.43 380.813
v -3903.7 -446.528 382.725
v -3907.7 -443.905 382.871
v -3910.67 -433.424 384.874
v -3908.06 -429.725 385.82
v -3913.72 -425.732 385.921
v -3917.11 -430.544 384.927
v -3919.47 -428.881 384.881
v -3922.49 -433.155 383.998
v -3928.33 -434.46 383.186
v -3872.8 -421.855 414.501
v -3878.1 -426.795 414.501
v -3866.9 -422.674 414.501
v -3858.4 -417.248 414.501
v -3862.54 -420.997 414.501
v -3875.94 -434.371 414.501
v -3868.93 -446.643 414.501
v -3862.24 -443.674 414.501
v -3858.34 -440.194 414.501
v -3852.93 -440.411 414.501
v -3845.82 -439.746 414.501
v -3848.2 -427.153 414.501
v -3850.57 -419.308 414.501
v -3882.84 -423.339 388.699
v -3878.65 -417.593 390.435
v -3878.1 -426.795 388.455
v -3875.94 -434.371 387.012
v -3879.25 -442.344 384.41
v -3868.93 -446.643 383.953
v -3866.53 -451.519 382.988
v -3861.98 -449.267 383.707
v -3862.24 -443.674 384.935
v -3858.34 -440.194 386.061
v -3852.93 -440.411 386.253
v -3849.58 -445.722 385.091
v -3844.91 -444.89 385.298
v -3845.82 -439.746 386.805
v -3841.28 -430.583 390.065
v -3848.2 -427.153 390.654
v -3850.57 -419.308 393.008
v -3848.53 -414.471 394.444
v -3855.93 -411.361 394.501
v -3858.4 -417.248 392.741
v -3860.58 -416.339 392.702
v -3862.54 -420.997 391.453
v -3866.9 -422.674 390.602
v -3871.14 -419.577 390.822
v -3872.8 -421.855 390.134
v -3813.61 -400.956 429.975
v -3818.9 -405.909 429.975
v -3807.71 -401.776 429.975
v -3799.21 -396.362 429.975
v -3803.36 -400.112 429.975
v -3816.75 -413.485 429.975
v -3809.75 -425.745 429.975
v -3803.04 -422.776 429.975
v -3799.15 -419.308 429.975
v -3793.74 -419.513 429.975
v -3786.64 -418.86 429.975
v -3789.01 -406.267 429.975
v -3791.37 -398.41 429.975
v -3823.65 -402.454 401.867
v -3819.45 -396.708 404.637
v -3818.9 -405.909 400.982
v -3816.75 -413.485 398.147
v -3820.06 -421.458 395.273
v -3809.75 -425.745 394.458
v -3807.33 -430.621 392.587
v -3802.79 -428.382 393.719
v -3803.04 -422.776 395.991
v -3799.15 -419.308 397.696
v -3793.74 -419.513 398.208
v -3790.39 -424.824 396.413
v -3785.72 -424.005 397.26
v -3786.64 -418.86 399.256
v -3782.09 -409.684 403.833
v -3789.01 -406.267 404.782
v -3791.37 -398.41 407.655
v -3789.34 -393.572 409.975
v -3796.74 -390.463 409.969
v -3799.21 -396.362 407.14
v -3801.4 -395.441 407.175
v -3803.36 -400.112 405.056
v -3807.71 -401.776 403.899
v -3811.95 -398.679 404.694
v -3813.61 -400.956 403.583
v -3926.73 -371.522 416.314
v -3933.59 -382.247 416.314
v -3928.72 -386.726 416.314
v -3919.87 -372.52 416.314
v -3913.52 -387.609 416.314
v -3910.02 -367.03 416.314
v -3915.89 -370.78 416.314
v -3898.56 -374.146 416.314
v -3901.8 -368.835 416.314
v -3929.05 -370.281 390.224
v -3935.83 -378.011 390.505
v -3933.59 -382.247 390.033
v -3933.47 -385.356 389.794
v -3928.72 -386.726 389.367
v -3925.61 -390.59 389.405
v -3919.25 -390.974 390.448
v -3913.52 -387.609 391.869
v -3906.91 -388.978 392.83
v -3900.79 -385.855 394.283
v -3898.05 -378.382 395.32
v -3898.56 -374.146 395.511
v -3895.52 -369.871 396.314
v -3898.8 -367.529 395.902
v -3901.8 -368.835 395.302
v -3906.99 -364.74 394.576
v -3910.02 -367.03 393.911
v -3912.77 -366.16 393.437
v -3915.89 -370.78 392.652
v -3919.87 -372.52 391.833
v -3923.36 -369.283 391.328
v -3926.73 -371.522 390.6
v -3874.79 -343.995 428.771
v -3874.46 -356.715 428.771
v -3867.91 -357.701 428.771
v -3868.56 -340.974 428.771
v -3854.83 -349.894 428.771
v -3863.49 -330.903 428.771
v -3866.24 -337.289 428.771
v -3849.56 -330.596 428.771
v -3855.66 -327.78 428.771
v -3877.42 -344.276 401.371
v -3878.69 -354.463 400.367
v -3874.46 -356.715 400.974
v -3872.6 -359.224 401.156
v -3867.91 -357.701 402.129
v -3863.16 -359.147 402.919
v -3857.69 -355.896 404.152
v -3854.83 -349.894 405.206
v -3847.55 -347.463 406.773
v -3844.13 -331.773 408.771
v -3849.56 -330.596 407.85
v -3848.6 -326.18 408.358
v -3853.92 -325.016 407.392
v -3855.66 -327.78 406.812
v -3862.27 -327.307 405.52
v -3863.49 -330.903 405.038
v -3866.25 -331.722 404.431
v -3866.24 -337.289 404.069
v -3868.56 -340.974 403.364
v -3873.26 -340.245 402.467
v -3874.79 -343.995 401.916
v -3792.46 -318.579 445.196
v -3800.46 -332.259 445.196
v -3772.03 -334.576 445.196
v -3776.66 -320.677 445.196
v -3795.2 -344.059 445.196
v -3792.46 -318.579 420.577
v -3792.79 -306.831 421.776
v -3800.46 -332.259 417.374
v -3810.19 -337.097 415.033
v -3804.46 -348.653 414.851
v -3795.2 -344.059 417.153
v -3773.67 -352.172 420.286
v -3764.91 -339.516 423.557
v -3772.03 -334.576 422.822
v -3772.03 -323.211 424.139
v -3776.66 -320.677 423.539
v -3777.08 -306.383 425.196
v -3769.92 -278.241 453.726
v -3750.65 -277.882 453.726
v -3772.22 -266.544 453.726
v -3736.54 -262.269 453.726
v -3751.53 -254.757 453.726
v -3781.1 -281.99 427.252
v -3786.55 -265.776 427.254
v -3769.92 -278.241 430.214
v -3768.08 -283.731 429.898
v -3750.65 -277.882 432.58
v -3742.98 -282.912 431.636
v -3730.84 -267.785 432.778
v -3736.54 -262.269 432.832
v -3733 -256.625 432.529
v -3748.15 -244.634 433.096
v -3755.18 -251.468 433.528
v -3751.53 -254.757 433.382
v -3758.07 -261.796 433.726
v -3772.22 -266.544 430.542
v -3773.91 -261.527 430.097
v -3675.88 -250.495 452.075
v -3692.67 -268.169 452.075
v -3674.3 -262.32 452.075
v -3699.27 -245.991 452.075
v -3711.05 -257.918 452.075
v -3675.91 -245.21 429.559
v -3662.57 -245.159 428.934
v -3675.88 -250.495 429.811
v -3699.27 -245.991 430.736
v -3696.87 -241.703 430.488
v -3705.73 -237.48 430.739
v -3716.21 -253.708 431.802
v -3711.05 -257.918 431.683
v -3714.67 -264.982 432.075
v -3698.33 -275.4 430.541
v -3692.67 -268.169 431.298
v -3674.28 -268.105 430.592
v -3674.3 -262.32 430.316
v -3662.51 -262.269 429.75
v -3639.33 -291.755 443.8
v -3652.87 -299.037 443.8
v -3634.58 -296.938 443.8
v -3627.47 -295.927 443.8
v -3622.23 -311.438 443.8
v -3642.24 -315.213 443.8
v -3654.72 -295.082 422.805
v -3640.81 -288.581 423.8
v -3652.87 -299.037 421.37
v -3659.6 -302.185 421.098
v -3651.48 -319.539 415.468
v -3642.24 -315.213 415.719
v -3637.81 -324.696 412.021
v -3619.93 -316.326 412.905
v -3622.23 -311.438 414.71
v -3617.14 -309.057 415.075
v -3624.03 -294.314 420.731
v -3627.47 -295.927 420.33
v -3628.36 -294.033 420.989
v -3634.58 -296.938 420.524
v -3637.42 -290.872 422.763
v -3639.33 -291.755 422.629
v -3596.16 -322.392 429.137
v -3596.7 -336.483 429.137
v -3589.17 -326.36 429.137
v -3587.27 -339.823 429.137
v -3587.51 -341.358 429.137
v -3596.21 -342.766 429.137
v -3573.77 -326.859 429.137
v -3595.2 -349.664 429.137
v -3566.58 -323.25 429.137
v -3568.96 -350.445 429.137
v -3566.78 -337.353 429.137
v -3567.59 -343.611 429.137
v -3576.21 -341.742 429.137
v -3576.35 -340.194 429.137
v -3607.17 -333.398 405.24
v -3600.04 -320.281 409.137
v -3597.79 -338.492 402.148
v -3596.7 -336.483 402.759
v -3587.27 -339.823 399.809
v -3587.51 -341.358 399.239
v -3596.07 -341.256 400.753
v -3596.21 -342.766 400.178
v -3600.36 -342.561 400.974
v -3602.67 -344.967 400.415
v -3602.85 -351.494 397.852
v -3595.25 -351.699 396.464
v -3595.2 -349.664 397.263
v -3568.96 -350.445 392.327
v -3569.01 -352.479 391.564
v -3561.41 -352.671 390.182
v -3561.26 -346.132 392.632
v -3563.43 -343.611 393.96
v -3567.59 -343.611 394.682
v -3567.65 -342.101 395.293
v -3576.21 -341.742 397.018
v -3576.35 -340.194 397.66
v -3566.78 -337.353 397.018
v -3565.79 -339.413 396.017
v -3556.16 -334.819 396.061
v -3562.59 -321.343 402.493
v -3566.58 -323.25 402.508
v -3567.22 -321.906 403.137
v -3574.48 -325.374 403.166
v -3573.77 -326.859 402.472
v -3589.17 -326.36 405.336
v -3588.38 -324.914 405.809
v -3595.44 -321.074 408.236
v -3596.16 -322.392 407.803
v -3548.86 -318.438 423.085
v -3541.51 -330.48 423.085
v -3540.84 -317.875 423.085
v -3531.82 -328.036 423.085
v -3531.16 -329.444 423.085
v -3537.62 -335.446 423.085
v -3527.74 -309.774 423.085
v -3532.97 -340.629 423.085
v -3523.74 -302.799 423.085
v -3510.69 -326.756 423.085
v -3516.11 -314.65 423.085
v -3513.32 -320.306 423.085
v -3521.54 -323.519 423.085
v -3522.52 -322.316 423.085
v -3551.94 -333.693 395.734
v -3553.27 -318.835 401.718
v -3541.31 -332.758 394.235
v -3541.51 -330.48 395.135
v -3531.82 -328.036 394.269
v -3531.16 -329.444 393.613
v -3538.35 -334.115 393.174
v -3537.62 -335.446 392.536
v -3541.21 -337.557 392.4
v -3541.79 -340.846 391.261
v -3538.33 -346.375 388.528
v -3531.89 -342.357 388.86
v -3532.97 -340.629 389.713
v -3510.69 -326.756 390.834
v -3509.59 -328.484 389.989
v -3503.17 -324.44 390.278
v -3506.66 -318.911 392.913
v -3509.86 -318.003 393.832
v -3513.32 -320.306 393.643
v -3514.21 -319.078 394.25
v -3521.54 -323.519 394.006
v -3522.52 -322.316 394.621
v -3516.11 -314.65 396.194
v -3514.15 -315.814 395.413
v -3508.67 -306.651 397.698
v -3521.48 -298.998 403.085
v -3523.74 -302.799 402.092
v -3525.03 -302.031 402.638
v -3529.15 -308.929 400.839
v -3527.74 -309.774 400.24
v -3540.84 -317.875 399.759
v -3540.99 -316.237 400.408
v -3548.99 -316.953 401.64
v -3548.86 -318.438 401.053
v -4156.88 451.091 447.696
v -4160.25 447.776 447.696
v -4145.82 457.938 447.696
v -4140.68 454.61 447.696
v -4161.37 446.048 447.696
v -4163 441.671 447.696
v -4142.47 441.761 447.696
v -4144.12 437.358 447.696
v -4164.75 428.771 447.696
v -4145.23 435.63 447.696
v -4159.61 425.443 447.696
v -4148.61 432.29 447.696
v -4156.88 451.091 424.54
v -4149.56 462.379 424.615
v -4158.59 452.204 424.205
v -4161.1 448.326 424.18
v -4160.25 447.776 424.347
v -4161.37 446.048 424.295
v -4162.23 446.599 424.168
v -4164.7 442.772 423.864
v -4163 441.671 424.117
v -4170.32 430.37 423.215
v -4165.67 427.35 424.296
v -4164.75 428.771 424.349
v -4159.61 425.443 425.607
v -4160.54 424.022 425.552
v -4155.92 421.028 426.682
v -4148.61 432.29 427.113
v -4146.9 431.189 427.532
v -4144.38 435.08 427.659
v -4145.23 435.63 427.472
v -4144.12 437.358 427.504
v -4143.26 436.808 427.671
v -4140.77 440.66 427.696
v -4142.47 441.761 427.363
v -4135.15 453.036 426.968
v -4139.76 456.031 426.289
v -4140.68 454.61 426.325
v -4145.82 457.938 425.519
v -4144.9 459.359 425.529
v -4133.54 410.84 452.85
v -4129.28 400.256 452.85
v -4091.51 375.888 452.85
v -4102.68 378.153 452.85
v -4108.44 383.682 452.85
v -4122.85 395.713 452.85
v -4134.94 412.018 430.331
v -4129.46 418.596 431.861
v -4133.54 410.84 430.48
v -4137 406.693 429.407
v -4129.28 400.256 430.228
v -4135.24 393.102 428.306
v -4129.22 388.085 428.718
v -4122.85 395.713 430.754
v -4108.44 383.682 431.784
v -4114.77 376.08 429.845
v -4108.65 370.986 430.112
v -4102.68 378.153 431.939
v -4094.98 371.729 431.391
v -4091.51 375.888 432.005
v -4090.11 374.723 431.885
v -4084.66 381.276 432.85
v -4067.44 454.329 456.078
v -4074.25 448.506 456.078
v -4076.04 446.893 456.078
v -4081.57 447.981 456.078
v -4065.03 451.654 456.078
v -4060.75 451.513 456.078
v -4069.7 436.347 456.078
v -4067.79 438.152 456.078
v -4058.58 437.896 456.078
v -4058.23 454.086 456.078
v -4056.76 436.014 456.078
v -4051.69 447.955 456.078
v -4044.38 447.111 456.078
v -4049.96 446.266 456.078
v -4065.94 455.685 432.892
v -4067.44 454.329 432.977
v -4071.16 461.496 432.178
v -4079.33 454.162 432.636
v -4074.25 448.506 433.331
v -4076.04 446.893 433.432
v -4079.05 450.246 433.02
v -4081.57 447.981 433.161
v -4082.81 449.376 432.99
v -4089.14 443.706 433.523
v -4074.34 427.222 436.012
v -4067.23 433.596 435.321
v -4069.7 436.347 435.085
v -4067.79 438.152 434.89
v -4058.58 437.896 434.82
v -4056.76 436.014 435.055
v -4059.35 433.378 435.253
v -4052.52 426.684 436.078
v -4037.03 442.503 435.027
v -4043.08 448.442 434.389
v -4044.38 447.111 434.395
v -4046.8 449.478 434.242
v -4049.96 446.266 434.276
v -4051.69 447.955 434.147
v -4046.35 453.382 434.123
v -4054.2 461.074 432.919
v -4059.67 455.493 433.099
v -4058.23 454.086 433.301
v -4060.75 451.513 433.449
v -4065.03 451.654 433.306
v -3965.76 461.01 458.626
v -3972.57 455.186 458.626
v -3974.36 453.561 458.626
v -3979.9 454.662 458.626
v -3963.35 458.335 458.626
v -3959.08 458.194 458.626
v -3968.02 443.028 458.626
v -3966.13 444.832 458.626
v -3956.9 444.576 458.626
v -3956.55 460.766 458.626
v -3955.08 442.695 458.626
v -3950.01 454.636 458.626
v -3942.72 453.791 458.626
v -3948.28 452.947 458.626
v -3964.26 462.366 437.62
v -3965.76 461.01 437.475
v -3969.48 468.177 437.411
v -3977.65 460.843 436.821
v -3972.57 455.186 436.824
v -3974.36 453.561 436.715
v -3977.38 456.927 436.719
v -3979.9 454.662 436.579
v -3981.14 456.057 436.581
v -3987.46 450.387 436.232
v -3972.67 433.903 436.213
v -3965.56 440.276 436.606
v -3968.02 443.028 436.609
v -3966.13 444.832 436.717
v -3956.9 444.576 436.987
v -3955.08 442.695 436.989
v -3957.68 440.059 436.837
v -3950.84 433.365 436.854
v -3935.35 449.184 437.926
v -3941.4 455.122 438.279
v -3942.72 453.791 438.12
v -3945.13 456.159 438.26
v -3948.28 452.947 437.876
v -3950.01 454.636 437.976
v -3944.69 460.062 438.626
v -3952.52 467.754 438.61
v -3958 462.174 438.062
v -3956.55 460.766 438.125
v -3959.08 458.194 437.873
v -3963.35 458.335 437.571
v -3968.42 407.193 456.862
v -3974.08 407.717 456.862
v -3966.77 405.375 456.862
v -3979.16 401.19 456.862
v -3978.1 398.439 456.862
v -3979.02 397.607 456.862
v -3984.54 399.322 456.862
v -3965 405.337 456.862
v -3963.29 407.09 456.862
v -3957.6 407.359 456.862
v -3953.99 397.914 456.862
v -3952.81 400.614 456.862
v -3947.53 398.515 456.862
v -3953.11 397.044 456.862
v -3988.45 397.21 456.862
v -3984.9 394.394 456.862
v -3982.9 392.18 456.862
v -3975.18 386.191 456.862
v -3943.71 396.237 456.862
v -3973.04 383.823 456.862
v -3971.04 384.028 456.862
v -3947.38 393.575 456.862
v -3949.47 391.451 456.862
v -3957.46 385.807 456.862
v -3969.19 385.704 456.862
v -3959.69 383.529 456.862
v -3963.47 385.576 456.862
v -3961.69 383.836 456.862
v -3966.85 408.613 435.876
v -3968.42 407.193 435.922
v -3969.64 411.71 435.847
v -3974.08 407.717 435.934
v -3976.12 409.995 435.844
v -3982.18 404.531 435.82
v -3979.16 401.19 435.952
v -3979.94 400.473 435.949
v -3978.1 398.439 436.029
v -3979.02 397.607 436.026
v -3982.35 401.305 435.88
v -3984.54 399.322 435.871
v -3987.39 402.483 435.747
v -3990.59 399.59 435.734
v -3988.45 397.21 435.828
v -3990.21 395.623 435.821
v -3987.21 392.308 435.952
v -3984.9 394.394 435.961
v -3982.9 392.18 436.048
v -3984.93 390.35 436.04
v -3978.49 383.209 436.134
v -3975.18 386.191 436.257
v -3973.04 383.823 436.422
v -3976.36 380.828 436.299
v -3973.99 378.204 436.481
v -3969.47 382.274 436.538
v -3971.04 384.028 436.469
v -3969.19 385.704 436.476
v -3963.47 385.576 436.604
v -3961.69 383.836 436.677
v -3963.27 382.172 436.675
v -3958.99 377.885 436.854
v -3956.52 380.406 436.858
v -3959.69 383.529 436.727
v -3957.46 385.807 436.73
v -3954.27 382.684 436.862
v -3947.54 389.531 436.86
v -3949.47 391.451 436.685
v -3947.38 393.575 436.583
v -3945.17 391.387 436.783
v -3942.03 394.573 436.63
v -3943.71 396.237 436.478
v -3941.47 398.515 436.369
v -3944.54 401.536 436.092
v -3947.53 398.515 436.237
v -3949.62 400.589 436.047
v -3953.11 397.044 436.217
v -3953.99 397.914 436.137
v -3952.06 399.872 436.043
v -3952.81 400.614 435.975
v -3949.65 403.827 435.821
v -3955.46 409.547 435.73
v -3957.6 407.359 435.797
v -3961.85 411.557 435.762
v -3964.79 408.575 435.854
v -3963.29 407.09 435.866
v -3965 405.337 435.92
v -3966.77 405.375 435.94
v -3986.87 328.023 457.909
v -3981.2 327.523 457.909
v -3988.51 329.84 457.909
v -3976.15 334.076 457.909
v -3977.21 336.828 457.909
v -3976.3 337.66 457.909
v -3970.78 335.97 457.909
v -3990.28 329.853 457.909
v -3992 328.099 457.909
v -3997.67 327.792 457.909
v -4001.34 337.224 457.909
v -4002.49 334.511 457.909
v -4007.8 336.585 457.909
v -4002.22 338.082 457.909
v -3966.88 338.108 457.909
v -3970.45 340.898 457.909
v -3972.46 343.112 457.909
v -3980.21 349.05 457.909
v -4011.62 338.85 457.909
v -3982.36 351.418 457.909
v -3984.36 351.2 457.909
v -4007.96 341.537 457.909
v -4005.88 343.675 457.909
v -3997.93 349.344 457.909
v -3986.2 349.524 457.909
v -3995.7 351.635 457.909
v -3991.92 349.613 457.909
v -3993.71 351.354 457.909
v -3988.42 326.602 435.927
v -3986.87 328.023 436.106
v -3985.61 323.505 436.082
v -3981.2 327.523 436.59
v -3979.14 325.258 436.826
v -3973.12 330.749 437.448
v -3976.15 334.076 437.125
v -3975.37 334.793 437.179
v -3977.21 336.828 436.977
v -3976.3 337.66 437.041
v -3972.96 333.987 437.407
v -3970.78 335.97 437.493
v -3967.92 332.835 437.83
v -3964.72 335.74 437.909
v -3966.88 338.108 437.665
v -3965.12 339.695 437.73
v -3968.14 342.996 437.499
v -3970.45 340.898 437.414
v -3972.46 343.112 437.259
v -3970.44 344.942 437.334
v -3976.91 352.058 436.702
v -3980.21 349.05 436.471
v -3982.36 351.418 436.235
v -3979.06 354.425 436.466
v -3981.43 357.036 436.313
v -3985.94 352.941 435.943
v -3984.36 351.2 436.063
v -3986.2 349.524 435.934
v -3991.92 349.613 435.515
v -3993.71 351.354 435.469
v -3992.14 353.017 435.605
v -3996.43 357.279 435.497
v -3998.9 354.745 435.285
v -3995.7 351.635 435.368
v -3997.93 349.344 435.177
v -4001.13 352.454 435.094
v -4007.84 345.569 434.52
v -4005.88 343.675 434.571
v -4007.96 341.537 434.392
v -4010.2 343.713 434.334
v -4013.32 340.501 434.067
v -4011.62 338.85 434.111
v -4013.86 336.559 433.919
v -4010.77 333.551 434.087
v -4007.8 336.585 434.287
v -4005.69 334.524 434.514
v -4002.22 338.082 434.75
v -4001.34 337.224 434.844
v -4003.25 335.254 434.715
v -4002.49 334.511 434.796
v -4005.65 331.286 434.55
v -3999.81 325.604 434.894
v -3997.67 327.792 435.147
v -3993.4 323.633 435.4
v -3990.48 326.628 435.746
v -3992 328.099 435.657
v -3990.28 329.853 435.86
v -3988.51 329.84 436.015
v -4129.22 388.085 452.005
v -4112.49 363.653 452.005
v -4114.77 376.08 452.005
v -4094.98 371.729 452.005
v -4108.65 370.986 452.005
v -4095.08 334.844 452.005
v -4079.21 311.577 452.005
v -4079.27 349.396 452.005
v -4085.81 337.365 452.005
v -4083.87 329.763 452.005
v -4139.87 387.79 426.873
v -4112.49 363.653 428.584
v -4095.08 334.844 426.924
v -4086.59 301.543 424.039
v -4077.23 303.847 425.419
v -4079.21 311.577 425.796
v -4069.61 314.021 427.153
v -4074.25 332.22 428.549
v -4083.87 329.763 427.399
v -4085.81 337.365 427.941
v -4076.79 339.669 428.919
v -4079.27 349.396 429.595
v -4074.04 350.739 430.056
v -4074.49 352.506 430.26
v -4074.04 350.739 451.043
v -4076.79 339.669 451.043
v -4060.46 297.78 451.043
v -4068.18 306.163 451.043
v -4069.61 314.021 451.043
v -4074.25 332.22 451.043
v -4066.18 354.63 431.043
v -4068.18 306.163 426.7
v -4065.71 296.449 426.082
v -4060.46 297.78 426.98
v -4060.01 296.014 426.929
v -4051.75 298.126 428.112
v -3948.26 541.486 443.499
v -3949.51 568.708 445.277
v -3877.46 544.737 442.736
v -3878.7 571.933 444.96
v -4678.02 105.451 525.642
v -4687.32 142.552 525.029
v -4655.15 111.184 522.657
v -4664.47 148.286 522.697
v -3448.2 127.821 410.421
v -3441.99 118.108 410.421
v -3444.19 128.666 410.421
v -3454.06 121.704 386.953
v -3460.27 151.447 390.421
v -3447.22 123.125 384.514
v -3448.2 127.821 385.062
v -3444.19 128.666 383.633
v -3441.99 118.108 382.402
v -3450.71 116.278 385.51
v -3446.38 95.5193 383.254
v -3425.82 99.8194 376.242
v -3437.58 156.182 382.029
v -3422.58 67.5301 401.412
v -3416.33 68.9123 401.412
v -3412.13 87.2902 401.412
v -3432.03 57.3941 381.412
v -3440.39 95.225 381.149
v -3420.88 59.8642 377.326
v -3422.58 67.5301 375.985
v -3416.33 68.9123 373.696
v -3414.58 61.0032 375.078
v -3406.71 62.7437 376.079
v -3412.13 87.2902 372.355
v -3409.08 87.9685 373.136
v -3412.07 101.47 372.613
v -3372.53 10.1442 417.079
v -3390.12 21.0608 417.079
v -3387.21 25.86 417.079
v -3358.03 20.3185 417.079
v -3369.39 15.3145 417.079
v -3358.51 15.8521 417.079
v -3327.48 1.07048 417.079
v -3308.3 -21.7482 417.079
v -3349.85 10.5921 417.079
v -3311.48 -26.9953 417.079
v -3328.99 -16.1299 417.079
v -3339.3 4.09078 417.079
v -3330.57 -1.20755 417.079
v -3326.03 -11.2539 417.079
v -3367.03 6.81673 391.794
v -3373.24 -3.42159 392.822
v -3372.53 10.1442 390.866
v -3369.39 15.3145 390.318
v -3361.67 10.6305 391.773
v -3358.51 15.8521 391.328
v -3349.85 10.5921 392.962
v -3355.77 0.827315 393.795
v -3345.18 -5.59723 394.746
v -3339.3 4.09078 394.485
v -3330.57 -1.20755 395.043
v -3333.8 -6.53147 395.187
v -3326.03 -11.2539 395.76
v -3328.99 -16.1299 395.888
v -3334.44 -12.8152 395.544
v -3340.71 -23.1559 396.583
v -3312.15 -40.4842 396.566
v -3305.99 -30.3355 396.884
v -3311.48 -26.9953 396.947
v -3308.3 -21.7482 396.806
v -3300.58 -26.4194 396.915
v -3295.62 -18.2415 397.079
v -3327.48 1.07048 395.067
v -3323.41 7.77658 395.152
v -3354.29 26.4871 391.162
v -3358.03 20.3185 391.084
v -3389.6 39.4514 384.121
v -3394.98 30.5697 385.398
v -3387.21 25.86 386.995
v -3390.12 21.0608 387.404
v -3395.57 24.3755 386.374
v -3401.88 13.958 387.526
v -3195.72 -73.1315 414.622
v -3245.26 -52.0535 414.622
v -3241.01 -70.4952 414.622
v -3236.32 -74.7185 414.622
v -3272.53 -65.7088 393.67
v -3251.13 -41.9304 394.622
v -3243.7 -91.6628 389.888
v -3174.88 -88.9368 381.449
v -3176.13 -57.5054 386.313
v -3196.31 -58.3116 388.12
v -3195.72 -73.1315 386.09
v -3236.32 -74.7185 390.679
v -3241.01 -70.4952 391.596
v -3233.74 -62.4069 391.712
v -3245.26 -52.0535 393.548
v -3242.85 -49.3915 393.67
v -3237.92 12.9725 427.756
v -3240.88 33.1165 427.756
v -3240.85 39.0675 427.756
v -3206.83 49.1267 427.756
v -3241.92 17.3878 427.756
v -3237.92 12.9725 401.984
v -3231.7 18.6164 402.247
v -3241.92 17.3878 402.994
v -3206.83 49.1267 404.444
v -3187.58 48.7043 402.6
v -3187.22 64.9577 404.93
v -3216.61 65.5976 407.756
v -3243.12 41.5887 406.449
v -3240.85 39.0675 406.104
v -3243.82 36.3671 405.607
v -3240.88 33.1165 405.228
v -3265.69 10.6561 400.205
v -3245.05 -12.1497 398.535
v -3222.4 8.33968 399.886
v -3064.55 168.494 421.564
v -3012.3 169.761 421.564
v -3046.91 167.828 421.564
v -3029.44 168.199 421.564
v -3017.48 169.658 421.564
v -3064.55 168.494 399.483
v -3064.88 184.786 400.402
v -3079 168.187 401.564
v -3078.69 153.328 400.593
v -3002.33 154.902 387.042
v -2981.82 184.632 387.247
v -2995.52 194.077 390.462
v -3012.3 169.761 390.693
v -3017.48 169.658 391.484
v -3017.63 176.851 392.194
v -3029.62 176.595 394.095
v -3029.44 168.199 393.259
v -3046.91 167.828 396.411
v -3047.27 185.157 397.706
v -3089.63 49.7538 417.206
v -3083 42.4333 417.206
v -3130.26 -14.223 417.206
v -3116.55 -1.07957 417.206
v -3083.17 31.4783 417.206
v -3103.67 49.9713 395.022
v -3103.42 65.5081 397.206
v -3089.63 49.7538 393.696
v -3089.74 42.5357 392.688
v -3083 42.4333 392.051
v -3083.17 31.4783 390.519
v -3116.55 -1.07957 388.951
v -3120.76 3.24612 389.944
v -3134.36 -10.0253 389.279
v -3130.26 -14.223 388.31
v -3136.14 -19.9565 388.012
v -3125.2 -31.1674 385.435
v -3063.45 29.1107 387.232
v -3062.88 64.8554 392.119
v -2963.03 246.831 391.817
v -2940.7 275.32 393.36
v -2930.53 221.35 384.771
v -2908.19 249.838 386.545
v -3045.56 302.17 425.22
v -3015.43 302.349 425.22
v -3044.48 297.652 425.22
v -2993.29 296.936 425.22
v -2992.16 292.213 425.22
v -3010.91 293.672 425.22
v -3010.04 290.037 425.22
v -3050.35 301.031 403.509
v -3053.04 312.294 405.22
v -3045.56 302.17 403.263
v -3044.48 297.652 403.069
v -3049.47 296.462 403.325
v -3046.76 285.136 402.662
v -3010.91 293.672 400.653
v -3010.04 290.037 400.366
v -3014.16 289.052 400.542
v -3011.82 279.236 399.572
v -2983.05 286.096 397.921
v -2984.92 293.941 398.847
v -2992.16 292.213 399.267
v -2993.29 296.936 399.838
v -2986.15 298.651 399.423
v -2988.56 308.774 400.38
v -3015.43 302.349 401.481
v -3019.7 320.254 404.152
v -3097.78 278.673 437.44
v -3094.73 273.464 437.44
v -3099.39 263.788 437.44
v -3084.26 285.75 437.44
v -3081.49 281.015 437.44
v -3112.31 243.286 437.44
v -3139.61 220.134 437.44
v -3136.95 224.281 437.44
v -3100.09 262.701 437.44
v -3114.4 256.621 437.44
v -3129.15 233.866 437.44
v -3118.26 250.837 437.44
v -3111.23 283.894 411.688
v -3083.75 299.982 407.183
v -3105.52 274.142 410.27
v -3097.78 278.673 409.015
v -3094.73 273.464 408.3
v -3102.42 268.972 409.499
v -3099.39 263.788 408.739
v -3100.09 262.701 408.82
v -3107.46 267.423 410.342
v -3114.4 256.621 411.131
v -3122.08 261.549 412.654
v -3125.83 255.7 413.056
v -3118.26 250.837 411.555
v -3129.15 233.866 412.588
v -3149.94 247.215 416.846
v -3156.58 236.874 417.44
v -3136.95 224.281 413.468
v -3139.61 220.134 413.731
v -3141.43 221.299 414.076
v -3145.17 215.463 414.424
v -3134.55 208.641 412.32
v -3112.31 243.286 410.219
v -3109.87 241.712 409.735
v -3070.58 277.214 404.078
v -3075.03 284.803 405.098
v -3081.49 281.015 406.152
v -3084.26 285.75 406.788
v -3077.69 289.615 405.716
v -3210.89 237.168 449.123
v -3219.4 225.061 449.123
v -3205.25 224.498 449.123
v -3211.61 213.735 449.123
v -3213.02 215.245 449.123
v -3222.49 222.207 449.123
v -3210.89 237.168 426.583
v -3200.1 247.112 425.486
v -3216.7 243.465 428.065
v -3227.33 233.674 429.123
v -3219.4 225.061 427.174
v -3222.49 222.207 427.491
v -3225.43 225.407 428.183
v -3232.67 218.739 428.926
v -3221.89 207.067 426.266
v -3213.02 215.245 425.457
v -3211.61 213.735 425.109
v -3214.81 210.791 425.401
v -3208.29 203.714 423.869
v -3196.3 214.784 422.717
v -3205.25 224.498 424.823
v -3191.2 237.45 423.318
v -3416.87 197.558 407.8
v -3406.59 191.786 407.8
v -3404.61 203.253 407.8
v -3425.58 204.149 407.8
v -3414.66 216.538 407.8
v -3416.87 197.558 377.223
v -3431.18 186.078 380.4
v -3410.02 189.035 374.95
v -3406.59 191.786 376.642
v -3404.44 189.124 376.735
v -3397.65 194.576 380.087
v -3404.61 203.253 380.199
v -3395 210.958 385
v -3405.42 223.948 385.244
v -3414.66 216.538 381.434
v -3420.87 224.281 385.749
v -3433.56 214.093 387.8
v -3425.58 204.149 382.443
v -3437.8 194.346 384.66
v -3353.03 224.37 444.123
v -3337.88 226.149 444.123
v -3328.14 214.784 444.123
v -3337.46 220.134 444.123
v -3352.66 218.893 444.123
v -3305.91 205.135 444.123
v -3270.3 201.436 444.123
v -3274.84 203.356 444.123
v -3311.71 217.331 444.123
v -3326.95 214.272 444.123
v -3286.7 206.875 444.123
v -3305.27 214.733 444.123
v -3360.65 223.833 397.62
v -3361.5 235.812 400.034
v -3353.03 224.37 399.883
v -3352.66 218.893 399.043
v -3360.13 218.368 396.823
v -3359.5 209.601 395.119
v -3307.05 202.473 409.201
v -3305.91 205.135 409.984
v -3268.01 189.099 419.856
v -3263.08 200.719 422.328
v -3269.47 203.42 420.731
v -3270.3 201.436 420.244
v -3274.84 203.356 419.19
v -3265.76 224.831 424.123
v -3277.07 229.63 421.614
v -3286.7 206.875 416.197
v -3305.27 214.733 411.83
v -3301.76 223.026 413.993
v -3308.16 225.727 412.508
v -3311.71 217.331 410.44
v -3323.55 222.335 407.799
v -3326.95 214.272 405.569
v -3328.14 214.784 405.31
v -3328.57 220.761 406.232
v -3337.46 220.134 403.589
v -3337.88 226.149 404.51
v -3328.95 226.776 407.166
v -3329.74 238.051 408.893
v -3079.51 84.0011 396.707
v -3079.07 131.559 399.481
v -3032.12 83.5532 386.094
v -3031.69 131.111 390.265
v -3198.25 -121.866 412.119
v -3168.51 -82.8067 412.119
v -3174.88 -88.9368 412.119
v -3125.2 -31.1674 412.119
v -3063.45 29.1107 412.119
v -3203.73 -135.815 379.317
v -3193.68 -127.01 378.695
v -3198.25 -121.866 380.111
v -3169.16 -94.5679 379.731
v -3168.51 -82.8067 381.584
v -3057.17 27.4214 385.294
v -3056.76 64.6634 390.456
v -3076.43 438.766 432.797
v -3063.94 447.239 430.166
v -3076.51 435.438 433.095
v -3060.59 412.977 430.105
v -3052.22 410.879 427.022
v -3031.28 425.11 422.388
v -3031.28 429.308 422.337
v -3039.86 441.441 424.531
v -3271.85 664.403 495.75
v -3268.87 677.329 495.75
v -3268.8 660.128 495.75
v -3269.53 654.919 495.75
v -3257.6 674.117 495.75
v -3249.39 668.857 495.75
v -3254.55 669.842 495.75
v -3248.91 662.649 495.75
v -3263.82 652.462 495.75
v -3286.54 662.7 475.75
v -3287.86 674.014 475.252
v -3271.85 664.403 474.574
v -3268.8 660.128 474.548
v -3271.76 658.029 474.883
v -3269.53 654.919 474.992
v -3271.05 653.844 475.167
v -3266.8 647.892 475.569
v -3262.67 650.836 475.091
v -3263.82 652.462 474.981
v -3248.91 662.649 473.299
v -3247.75 661.024 473.409
v -3243.62 663.98 472.93
v -3247.88 669.932 472.528
v -3249.39 668.857 472.702
v -3251.6 671.954 472.619
v -3254.55 669.842 472.954
v -3257.6 674.117 472.98
v -3251.23 687.466 471.243
v -3261.52 692.367 471.602
v -3268.87 677.329 473.629
v -3344.59 692.559 501.917
v -3341.34 688.438 501.917
v -3341.81 683.204 501.917
v -3330.84 702.952 501.917
v -3322.37 698.114 501.917
v -3327.58 698.844 501.917
v -3321.59 691.945 501.917
v -3335.98 681.028 501.917
v -3359.18 690.128 481.144
v -3361.05 701.365 481.917
v -3344.59 692.559 479.685
v -3341.34 688.438 479.43
v -3344.17 686.199 479.651
v -3341.81 683.204 479.465
v -3343.26 682.052 479.578
v -3338.72 676.318 479.222
v -3334.75 679.466 478.913
v -3335.98 681.028 479.01
v -3321.59 691.945 477.68
v -3320.34 690.384 477.541
v -3316.37 693.532 477.099
v -3320.92 699.266 477.608
v -3322.37 698.114 477.769
v -3324.74 701.109 478.034
v -3327.58 698.844 478.349
v -3330.84 702.952 478.633
v -3325.14 716.608 477.992
v -3335.65 720.998 479.254
v -3420.76 668.037 506.697
v -3417.73 663.75 506.697
v -3418.49 658.541 506.697
v -3406.47 677.675 506.697
v -3398.26 672.389 506.697
v -3403.43 673.4 506.697
v -3397.82 666.182 506.697
v -3412.79 656.058 506.697
v -3435.47 666.399 477.976
v -3436.72 677.726 478.456
v -3420.76 668.037 482.378
v -3417.73 663.75 482.792
v -3420.69 661.664 481.758
v -3418.49 658.541 482.059
v -3420 657.479 481.531
v -3415.77 651.502 482.11
v -3411.63 654.433 482.761
v -3412.79 656.058 483.014
v -3397.82 666.182 482.86
v -3396.67 664.556 482.607
v -3392.53 667.487 482.578
v -3396.76 673.451 483.505
v -3398.26 672.389 483.516
v -3400.48 675.499 484.001
v -3403.43 673.4 484.021
v -3406.47 677.675 484.598
v -3400.03 691.011 485.06
v -3410.3 695.951 486.697
v -3417.76 680.964 484.434
v -3475.07 613.208 490.122
v -3470.23 611.186 490.122
v -3468.12 606.361 490.122
v -3468.07 628.963 490.122
v -3458.31 628.823 490.122
v -3463.23 626.954 490.122
v -3454.65 623.806 490.122
v -3461.96 607.283 490.122
v -3486.67 604.032 458.507
v -3493.74 612.953 457.294
v -3475.07 613.208 462.317
v -3470.23 611.186 463.46
v -3471.63 607.846 462.815
v -3468.12 606.361 463.584
v -3468.83 604.659 463.244
v -3462.08 601.843 464.723
v -3460.12 606.515 465.657
v -3461.96 607.283 465.255
v -3454.65 623.806 468.705
v -3452.8 623.038 469.149
v -3450.85 627.722 470.122
v -3457.61 630.538 468.508
v -3458.31 628.823 468.162
v -3461.84 630.294 467.352
v -3463.23 626.954 466.672
v -3468.07 628.963 465.559
v -3469.69 643.669 466.401
v -3481.01 642.427 463.155
v -3479.38 625.764 462.234
v -3411.15 562.13 495.59
v -3407.49 565.88 495.59
v -3402.23 566.072 495.59
v -3423.23 574.429 495.59
v -3419.51 583.452 495.59
v -3419.57 578.192 495.59
v -3413.49 585.013 495.59
v -3400.82 572.138 495.59
v -3406.88 547.962 471.197
v -3417.78 544.673 470.25
v -3411.15 562.13 472.927
v -3407.49 565.88 473.161
v -3404.9 563.346 472.761
v -3402.23 566.072 472.932
v -3400.91 564.792 472.729
v -3395.8 570.026 473.057
v -3399.43 573.572 473.612
v -3400.82 572.138 473.523
v -3413.49 585.013 475.5
v -3412.1 586.447 475.59
v -3415.74 589.992 475.571
v -3420.84 584.745 473.765
v -3419.51 583.452 473.953
v -3422.18 580.713 473.001
v -3419.57 578.192 473.374
v -3423.23 574.429 472.063
v -3437.5 578.333 468.891
v -3440.51 567.339 467.03
v -3344.62 539.758 490.597
v -3343.05 544.762 490.597
v -3338.44 547.309 490.597
v -3360.95 545.287 490.597
v -3361.71 555.014 490.597
v -3359.39 550.291 490.597
v -3357.04 559.122 490.597
v -3339.92 553.35 490.597
v -3334.41 529.046 464.942
v -3342.65 521.188 463.057
v -3344.62 539.758 467.299
v -3343.05 544.762 467.776
v -3339.59 543.674 467.487
v -3338.44 547.309 467.833
v -3336.68 546.759 467.687
v -3334.49 553.747 468.353
v -3339.32 555.257 468.752
v -3339.92 553.35 468.573
v -3357.04 559.122 470.019
v -3356.44 561.029 470.198
v -3361.28 562.552 470.597
v -3363.48 555.564 469.938
v -3361.71 555.014 469.793
v -3362.84 551.379 469.451
v -3359.39 550.291 469.168
v -3360.95 545.287 468.696
v -3375.44 542.318 469.068
v -3373.17 531.158 467.388
v -3292.92 582.863 492.259
v -3289.94 595.79 492.259
v -3289.88 578.589 492.259
v -3290.62 573.38 492.259
v -3278.68 592.565 492.259
v -3270.46 587.317 492.259
v -3275.62 588.303 492.259
v -3269.98 581.11 492.259
v -3284.9 570.922 492.259
v -3307.63 581.161 470.116
v -3308.94 592.475 471.432
v -3292.92 582.863 469.615
v -3289.88 578.589 468.991
v -3292.83 576.49 468.896
v -3290.62 573.38 468.442
v -3292.12 572.305 468.394
v -3287.87 566.353 467.524
v -3283.74 569.297 467.658
v -3284.9 570.922 467.894
v -3269.98 581.11 468.339
v -3268.82 579.484 468.103
v -3264.69 582.441 468.241
v -3268.96 588.392 469.107
v -3270.46 587.317 469.056
v -3272.67 590.414 469.508
v -3275.62 588.303 469.408
v -3278.68 592.565 470.032
v -3272.32 605.926 471.24
v -3282.59 610.828 472.259
v -3289.94 595.79 470.915
v -3411.32 -27.3536 419.822
v -3406.18 -31.0778 419.822
v -3403.08 -36.1458 419.822
v -3370.62 -54.0244 419.822
v -3386.98 -42.3655 419.822
v -3382.95 -50.5561 419.822
v -3391.9 -38.7949 419.822
v -3427.15 -25.6899 399.301
v -3419.06 -14.8245 394.658
v -3415.99 -33.791 398.498
v -3411.32 -27.3536 396.489
v -3406.18 -31.0778 397.576
v -3407.53 -32.9335 397.982
v -3403.08 -36.1458 398.661
v -3412.23 -48.7517 399.822
v -3403.64 -54.9842 399.73
v -3391.9 -38.7949 398.707
v -3386.98 -42.3655 398.879
v -3389.48 -45.8081 399.049
v -3382.95 -50.5561 398.926
v -3394.11 -65.9391 399.449
v -3384.39 -72.9908 399.052
v -3370.62 -54.0244 398.304
v -3359.86 -50.7865 397.984
v -3359.21 -49.238 397.968
v -3702.3 419.658 469.495
v -3706.66 409.304 469.495
v -3690.96 418.877 469.495
v -3684.93 414.859 469.495
v -3703.79 398.349 469.495
v -3679.88 404.71 469.495
v -3699.02 395.162 469.495
v -3687.77 396.711 469.495
v -3702.3 419.658 440.51
v -3694.31 431.637 439.352
v -3710.92 425.417 440.355
v -3717.05 416.241 441.716
v -3706.66 409.304 443.312
v -3714.8 397.12 447.156
v -3707.75 392.411 448.207
v -3703.79 398.349 446.423
v -3699.02 395.162 446.932
v -3702.98 389.237 448.618
v -3695.91 384.514 449.495
v -3687.77 396.711 445.762
v -3677.39 389.774 446.658
v -3671.26 398.95 444.073
v -3679.88 404.71 443.307
v -3671.89 416.689 439.904
v -3680.07 422.141 439.573
v -3684.93 414.859 440.95
v -3690.96 418.877 440.184
v -3686.1 426.16 439.48
v -3734.45 346.58 492.914
v -3705.97 347.591 492.914
v -3705.35 330.313 492.914
v -3733.83 329.302 492.914
v -3743.54 346.247 465.999
v -3743.87 355.104 462.941
v -3734.45 346.58 464.836
v -3733.83 329.302 469.953
v -3737.38 329.174 470.519
v -3737.12 322.212 472.914
v -3701.54 323.492 466.766
v -3701.8 330.441 464.769
v -3705.35 330.313 465.327
v -3705.97 347.591 460.693
v -3696.89 347.924 459.604
v -3697.21 356.793 457.042
v -3788.62 347.578 493.44
v -3799.03 347.194 493.44
v -3777.31 329.533 493.44
v -3806.22 330.531 493.44
v -3806.67 342.728 493.44
v -3788.62 347.578 462.014
v -3788.81 352.595 460.587
v -3799.03 347.194 460.712
v -3799.13 349.997 459.916
v -3809.62 349.613 458.191
v -3809.37 342.625 460.19
v -3806.67 342.728 460.652
v -3806.22 330.531 464.043
v -3817.08 330.121 462.151
v -3816.67 319 464.721
v -3771.17 320.676 473.44
v -3771.51 329.75 470.679
v -3777.31 329.533 469.684
v -3778.16 352.992 461.917
v -3830.6 398.989 474.767
v -3825.3 395.201 474.767
v -3837.34 380.803 474.767
v -3818.88 392.833 474.767
v -3835.48 369.694 474.767
v -3808.24 382.492 474.767
v -3823.07 365.086 474.767
v -3833.09 399.923 443.12
v -3829.5 409.573 441.25
v -3830.6 398.989 443.42
v -3837.34 380.803 447.247
v -3840.96 382.146 446.644
v -3846.61 366.891 449.206
v -3837.74 363.602 450.887
v -3835.48 369.694 449.738
v -3823.07 365.086 452.459
v -3824.06 362.424 453.068
v -3816.69 359.685 454.767
v -3808.24 382.492 449.604
v -3804.85 381.225 450.418
v -3800.96 391.719 448.018
v -3817.08 397.696 444.918
v -3818.88 392.833 446.116
v -3825.3 395.201 444.886
v -3821.12 406.463 442.255
v -3812.17 436.59 461.303
v -3808.55 442.004 461.303
v -3793.79 430.409 461.303
v -3806.37 448.48 461.303
v -3782.74 432.597 461.303
v -3796.36 459.448 461.303
v -3778.52 445.152 461.303
v -3813.03 434.069 439.561
v -3822.78 437.345 439.254
v -3812.17 436.59 439.498
v -3793.79 430.409 440.312
v -3795.02 426.748 440.44
v -3779.6 421.565 441.303
v -3776.58 430.537 440.691
v -3782.74 432.597 440.374
v -3778.52 445.152 439.938
v -3775.83 444.244 440.01
v -3773.32 451.692 439.532
v -3796.36 459.448 439.011
v -3795.21 462.865 438.859
v -3805.8 466.436 438.739
v -3811.29 450.131 439.305
v -3806.37 448.48 439.436
v -3808.55 442.004 439.462
v -3819.93 445.831 439.325
v -3628.17 326.947 479.646
v -3628.06 336.073 479.646
v -3627.36 324.273 479.646
v -3625.48 336.853 479.646
v -3637.34 315.775 479.646
v -3606.4 324.439 479.646
v -3615.97 327.447 479.646
v -3616.71 329.878 479.646
v -3614.93 339.541 479.646
v -3635.13 324.849 456.054
v -3638.51 336.073 454.295
v -3628.17 326.947 454.418
v -3627.36 324.273 454.78
v -3645.36 318.859 459.018
v -3643.85 313.817 459.646
v -3637.34 315.775 458.095
v -3636.11 311.679 458.603
v -3605.35 320.932 452.15
v -3606.4 324.439 451.673
v -3598.77 326.743 450.139
v -3600.4 332.144 449.417
v -3615.97 327.447 452.537
v -3616.71 329.878 452.208
v -3612.4 331.171 451.343
v -3614.93 339.541 450.637
v -3613.23 340.053 450.325
v -3615.23 346.657 449.485
v -3627.34 342.996 451.465
v -3625.48 336.853 452.367
v -3628.06 336.073 452.79
v -3628.94 338.965 452.369
v 40.8405 1906.28 497.991
v 40.885 1909.07 497.991
v 48.3879 1918.54 497.991
v 32.2021 1906.42 497.991
v 32.2466 1909.21 497.991
v 25.0331 1918.89 497.991
v 44.347 1894.65 470.571
v 28.3504 1894.88 476.169
v 44.514 1906.22 471.366
v 40.8405 1906.28 472.652
v 40.885 1909.07 472.825
v 54.4994 1908.88 468.066
v 54.6441 1918.44 468.45
v 48.3879 1918.54 470.638
v 48.5438 1928.68 470.82
v 25.1889 1929.04 477.991
v 25.0331 1918.89 477.958
v 18.7769 1918.98 477.036
v 18.6322 1909.42 477.004
v 32.2466 1909.21 475.845
v 32.2021 1906.42 475.677
v 28.5285 1906.47 476.962
v 132.623 1879.68 442.109
v 133.024 1922.81 442.568
v 167.422 1879.36 431.113
v 167.823 1922.49 430.778
v 14.9141 2117.66 503.227
v 14.8807 2106.13 503.227
v 47.72 2117.34 503.227
v 47.5308 2105.81 503.227
v 14.9141 2117.66 482.409
v 15.0255 2129 483.227
v 6.85461 2117.73 480.649
v 6.74329 2106.2 479.804
v 14.8807 2106.13 481.58
v 14.7583 2094.02 480.685
v 47.4083 2093.7 476.416
v 47.5308 2105.81 477.178
v 55.6682 2105.73 474.632
v 55.7795 2117.25 475.069
v 47.72 2117.34 477.589
v 47.8313 2128.68 478.083
v -3951.23 758.856 449.908
v -3958.69 778.528 449.467
v -3918.59 771.233 451.089
v -3926.05 790.904 451.943
v -3872.73 754.3 468.999
v -3878.59 754.991 448.646
v -3877.19 766.855 448.617
v -3872.73 754.3 448.324
v -3875.71 728.92 448.999
v -3853.06 726.258 447.611
v -3848.68 763.515 446.833
v -3922.69 725.209 472.14
v -3922.96 729.547 452.022
v -3910.8 730.315 451.225
v -3922.69 725.209 452.14
v -3952.8 723.315 449.751
v -3951.69 705.665 450.174
v -3909.42 708.327 451.736
v -3860.55 819.714 470.274
v -3871.29 814.902 470.274
v -3852.74 828.827 470.274
v -3872.33 807.85 470.274
v -3875.88 806.122 470.274
v -3843 830.606 470.274
v -3845.7 827.726 470.274
v -3872.46 821.467 450.274
v -3860.55 819.714 449.656
v -3873.38 815.209 450.091
v -3871.29 814.902 449.986
v -3872.33 807.85 449.803
v -3875.56 808.323 449.966
v -3875.88 806.122 449.909
v -3880.93 806.864 450.165
v -3882.05 799.326 449.97
v -3855.68 795.435 448.493
v -3838.79 808.131 448.178
v -3834.68 834.484 449.141
v -3842.21 835.661 449.49
v -3843 830.606 449.311
v -3845.2 830.951 449.421
v -3845.7 827.726 449.31
v -3852.74 828.827 449.677
v -3852.41 830.913 449.749
v -3858.67 831.898 450.076
v -3919.63 952.348 474.726
v -3904.98 956.571 474.726
v -3903.67 951.554 474.726
v -3918.62 948.508 474.726
v -3924.11 951.17 452.829
v -3926.44 960.04 452.431
v -3919.63 952.348 453.16
v -3918.62 948.508 453.332
v -3922.99 947.356 453.01
v -3920.63 938.359 453.321
v -3896.41 944.707 454.547
v -3898.54 952.898 454.726
v -3903.67 951.554 454.454
v -3904.98 956.571 454.229
v -3901.87 957.39 454.457
v -3904.1 965.902 454.266
v -3894.73 959.31 476.946
v -3893.41 954.293 476.946
v -3879.89 962.817 476.946
v -3878.89 958.978 476.946
v -3900.07 967.002 454.624
v -3877.73 972.864 456.946
v -3897.83 958.491 454.754
v -3894.73 959.31 454.982
v -3893.41 954.293 454.988
v -3872.16 951.119 456.331
v -3874.52 960.117 456.439
v -3878.89 958.978 456.053
v -3879.89 962.817 456.114
v -3875.4 963.995 456.578
v -3852.54 967.066 481.454
v -3852.49 961.333 481.454
v -3836.71 967.002 481.454
v -3836.66 961.64 481.454
v -3858.4 974.183 458.85
v -3831.78 974.4 461.454
v -3858.34 967.028 458.214
v -3852.54 967.066 458.681
v -3852.49 961.333 458.239
v -3860.26 961.268 457.616
v -3860.2 952.745 457.341
v -3831.02 952.962 459.134
v -3831.09 961.678 459.911
v -3836.66 961.64 459.462
v -3836.71 967.002 460.193
v -3831.72 967.041 460.597
v -3866.93 905.005 474.916
v -3853.23 906.784 474.916
v -3852.64 899.77 474.916
v -3851.11 886.076 474.916
v -3866.38 898.452 474.916
v -3850.33 876.796 474.916
v -3864.85 876.361 474.916
v -3865.45 883.49 474.916
v -3874.28 904.378 453.674
v -3875.16 914.77 454.455
v -3866.93 905.005 453.725
v -3866.38 898.452 453.512
v -3873.51 897.85 453.463
v -3872.25 882.914 452.786
v -3865.45 883.49 452.608
v -3864.85 876.361 451.959
v -3871.81 875.772 452.175
v -3870.86 864.484 451.775
v -3840.64 867.018 450.751
v -3841.52 877.539 451.322
v -3850.33 876.796 451.497
v -3851.11 886.076 452.356
v -3845.02 886.587 452.196
v -3846.18 900.321 453.467
v -3852.64 899.77 453.612
v -3853.23 906.784 453.929
v -3843.41 907.603 454.059
v -3844.23 917.369 454.916
v -3768.6 820.61 465.866
v -3769.49 812.752 465.866
v -3762.21 822.299 465.866
v -3758.28 829.735 465.866
v -3760.61 823.528 465.866
v -3747.16 829.428 465.866
v -3774.05 813.084 445.366
v -3773.46 820.968 445.754
v -3769.49 812.752 445.141
v -3770.66 797.099 444.281
v -3745 795.192 442.862
v -3735.52 803.485 442.898
v -3734.78 829.083 444.427
v -3747.16 829.428 445.045
v -3747.02 834.292 445.328
v -3758.14 834.612 445.866
v -3758.28 829.735 445.582
v -3760.42 829.799 445.684
v -3760.61 823.528 445.319
v -3762.21 822.299 445.319
v -3768.45 822.76 445.631
v -3768.6 820.61 445.51
v -3747.02 834.292 468.026
v -3687.18 884.271 446.13
v -3680.69 890.222 446.55
v -3689.49 897.799 448.026
v -3678.59 888.085 466.55
v -3685.01 881.98 466.55
v -3691.39 870.96 466.55
v -3671.6 876.643 466.55
v -3686.38 865.943 466.55
v -3675.03 870.896 466.55
v -3678.59 888.085 446.203
v -3675.05 891.438 446.444
v -3685.01 881.98 445.761
v -3693.87 873.571 445.321
v -3691.39 870.96 445.046
v -3693.15 869.284 445.019
v -3688.27 864.138 444.473
v -3686.38 865.943 444.505
v -3683.48 862.884 444.166
v -3675.03 870.896 444.303
v -3671.36 867.044 443.878
v -3666.7 871.485 443.965
v -3671.6 876.643 444.526
v -3666.02 881.941 444.749
v -3760.2 722.649 462.579
v -3749.03 728.741 462.579
v -3747.31 748.182 462.579
v -3775.49 719.693 442.579
v -3773.12 759.317 442.415
v -3760.43 718.784 441.529
v -3760.2 722.649 441.528
v -3749.43 721.996 440.942
v -3749.03 728.741 440.949
v -3741.54 728.293 440.573
v -3740.36 747.76 440.529
v -3747.31 748.182 440.902
v -3746.73 757.743 440.909
v -3659.52 829.339 462.573
v -3651.01 818.37 462.573
v -3655.43 850.252 462.573
v -3660.14 839.526 462.573
v -3651.01 818.37 439.648
v -3661.42 827.073 440.759
v -3652.65 816.425 439.599
v -3646.08 810.934 438.913
v -3628.51 831.962 439.492
v -3629.6 842.227 440.261
v -3651.83 860.504 442.573
v -3658.32 852.62 442.326
v -3655.43 850.252 442.026
v -3662.59 841.536 441.774
v -3660.14 839.526 441.526
v -3659.52 829.339 440.821
v -3668 796.113 460.861
v -3680.3 802.538 460.861
v -3690.44 801.348 460.861
v -3700.15 794.808 460.861
v -3680.3 802.538 440.05
v -3678.41 804.816 440.105
v -3690.44 801.348 440.491
v -3692.85 803.396 440.75
v -3700.15 794.808 440.554
v -3703 797.227 440.861
v -3709.61 789.445 440.687
v -3687.68 770.81 438.359
v -3677.38 771.553 437.856
v -3659.8 792.581 438.346
v -3666.37 798.071 439.052
v -3668 796.113 439.003
v -3725.77 473.283 458.537
v -3712.76 460.152 458.537
v -3704.09 460.766 458.537
v -3688.65 465.233 458.537
v -3699.08 474.089 458.537
v -3709.46 472.298 458.537
v -3736.54 462.033 438.284
v -3729.11 475.165 436.992
v -3717.73 451.385 438.537
v -3712.76 460.152 437.703
v -3706.46 456.581 437.803
v -3704.09 460.766 437.409
v -3694.31 455.237 437.543
v -3688.65 465.233 436.622
v -3684 462.597 436.677
v -3679.38 470.762 435.927
v -3695.74 480.015 435.687
v -3699.08 474.089 436.225
v -3706.18 478.095 436.125
v -3709.46 472.298 436.659
v -3722.24 479.529 436.456
v -3725.77 473.283 437.052
v -3644.16 426.032 463.448
v -3642.58 423.779 463.448
v -3652.42 422.755 438.611
v -3665.61 456.082 436.605
v -3644.16 426.032 438.102
v -3642.58 423.779 438.206
v -3650.22 418.519 438.833
v -3629.92 388.993 443.448
v -3613.05 400.576 440.737
v -3646.58 463.608 435.509
v -3483.59 524.182 475.385
v -3505.07 502.233 444.433
v -3505.01 537.211 448.65
v -3469.95 502.169 450.098
v -3469.92 524.157 455.385
v -3483.59 524.182 452.152
v -3483.57 537.173 453.795
v -3433.51 479.708 473.621
v -3454.98 457.759 441.179
v -3454.93 492.724 450.058
v -3419.87 457.695 443.124
v -3419.84 479.682 450.514
v -3433.51 479.708 449.204
v -3433.49 492.686 453.621
v -3580.1 452.14 456.739
v -3568.35 458.501 456.739
v -3559.15 438.779 456.739
v -3572.12 434.351 456.739
v -3587.41 448.173 434.754
v -3596.79 465.489 433.908
v -3580.1 452.14 434.999
v -3572.12 434.351 435.976
v -3579.69 431.765 435.946
v -3573.32 413.118 436.739
v -3547.08 422.09 435.16
v -3553.44 440.737 436.049
v -3559.15 438.779 436.027
v -3568.35 458.501 435.716
v -3563.02 461.393 435.995
v -3572.4 478.71 434.359
v -3546.47 572.752 469.534
v -3545.45 552.928 469.534
v -3526.77 572.88 469.534
v -3525.64 553.491 469.534
v -3546.47 572.752 440.883
v -3546.82 585.999 441.602
v -3559.5 572.407 437.642
v -3558.98 552.569 436.702
v -3545.45 552.928 439.958
v -3545.07 538.76 439.186
v -3525.27 539.272 444.011
v -3525.64 553.491 444.863
v -3511.84 553.849 448.294
v -3512.36 573.252 449.534
v -3526.77 572.88 445.928
v -3527.13 586.524 446.665
v -3593.23 619.889 460.317
v -3592.2 600.064 460.317
v -3573.53 620.017 460.317
v -3572.39 600.628 460.317
v -3593.23 619.889 433.359
v -3593.57 633.136 433.969
v -3606.25 619.544 433.8
v -3605.73 599.706 432.804
v -3592.2 600.064 432.401
v -3591.83 585.896 431.725
v -3572.02 586.408 435.149
v -3572.39 600.628 435.837
v -3558.61 600.986 439.436
v -3559.11 620.388 440.317
v -3573.53 620.017 436.431
v -3573.89 633.661 437.051
v -3611.07 673.003 455.327
v -3598.93 676.1 455.327
v -3597.74 668.741 455.327
v -3617.4 678.609 435.132
v -3603 694.876 434.24
v -3611.07 673.003 434.944
v -3617.84 665.362 435.327
v -3599.28 648.942 434.831
v -3588.78 660.806 434.212
v -3597.74 668.741 434.427
v -3592.93 669.471 434.222
v -3594.05 676.843 434.165
v -3598.93 676.1 434.387
v -3591.39 684.612 433.915
v -1308.21 3454.89 598.791
v -1297.12 3487.69 579.99
v -1197.15 3417.33 610.64
v -1186.06 3450.14 598.449
v -1265.84 3491.61 579.463
v -1255.51 3522.69 563.933
v -1193.63 3467.6 592.546
v -1183.3 3498.68 582.22
v -1340.92 3500.04 569.594
v -1307.25 3489.26 578.344
v -1353.89 3459.53 597.669
v -1320.21 3448.75 603.238
v 792.18 -1121.67 428.333
v 797.646 -1085.67 430.867
v 812.318 -1124.72 427.612
v 817.795 -1088.73 430.426
v 664.875 -1123.07 566.048
v 663.217 -1122.69 566.048
v 673.614 -1124.29 566.048
v 656.103 -1129.38 566.048
v 682.274 -1151.15 566.048
v 682.141 -1140.23 566.048
v 653.387 -1131.35 566.048
v 649.791 -1142.78 566.048
v 650.304 -1140.81 566.048
v 664.875 -1123.07 438.906
v 666.233 -1117.26 439.842
v 663.217 -1122.69 439.241
v 661.591 -1120.44 439.941
v 653.743 -1126.11 440.048
v 656.103 -1129.38 439.031
v 653.387 -1131.35 438.85
v 650.727 -1130.65 439.511
v 648.188 -1140.25 436.568
v 650.304 -1140.81 436.041
v 649.791 -1142.78 435.435
v 646.196 -1141.83 436.327
v 643.524 -1151.96 433.808
v 645.283 -1155.72 432.965
v 680.983 -1165.15 429.09
v 683.855 -1163.59 429.238
v 686.805 -1152.35 430.358
v 682.274 -1151.15 430.67
v 684.968 -1140.98 432.221
v 682.141 -1140.23 432.81
v 680.905 -1124.47 435.303
v 673.614 -1124.29 437.01
v 674.794 -1119.27 437.699
v 729.162 -1123.57 556.228
v 724.008 -1136.1 556.228
v 724.476 -1138.83 556.228
v 732.335 -1123.04 556.228
v 726.502 -1148.49 556.228
v 727.025 -1151.61 556.228
v 741.552 -1121.41 556.228
v 744.535 -1120.9 556.228
v 737.3 -1160.81 556.228
v 740.45 -1160.26 556.228
v 749.356 -1159.06 556.228
v 752.55 -1158.51 556.228
v 757.46 -1144.87 556.228
v 756.981 -1142.17 556.228
v 754.788 -1129.09 556.228
v 755.734 -1134.6 556.228
v 720.902 -1120.35 430.228
v 728.416 -1119.09 430.146
v 719.31 -1122.51 430.155
v 721.682 -1136.5 429.373
v 724.008 -1136.1 429.326
v 724.476 -1138.83 429.184
v 722.238 -1139.2 429.229
v 723.886 -1148.92 428.721
v 726.502 -1148.49 428.668
v 727.025 -1151.61 428.479
v 724.565 -1152.03 428.545
v 726.19 -1161.66 427.937
v 728.917 -1163.74 427.736
v 737.545 -1162.26 427.486
v 737.3 -1160.81 427.564
v 740.45 -1160.26 427.473
v 740.695 -1161.69 427.395
v 749.545 -1160.17 427.139
v 749.356 -1159.06 427.199
v 752.55 -1158.51 427.107
v 753.274 -1162.68 426.856
v 761.311 -1161.3 426.61
v 763.226 -1158.26 426.729
v 760.799 -1144.29 427.709
v 757.46 -1144.87 427.768
v 756.981 -1142.17 427.947
v 760.488 -1141.57 427.885
v 759.174 -1134 428.386
v 755.734 -1134.6 428.455
v 754.788 -1129.09 428.81
v 758.072 -1128.51 428.766
v 756.424 -1119 429.383
v 754.576 -1117.7 429.515
v 744.279 -1119.43 429.697
v 744.535 -1120.9 429.599
v 741.552 -1121.41 429.651
v 741.196 -1119.3 429.791
v 731.968 -1120.86 429.953
v 732.335 -1123.04 429.809
v 729.162 -1123.57 429.865
v 774.848 -998.573 633.659
v 771.586 -1010.5 633.659
v 787.828 -994.401 633.659
v 791.156 -995.796 633.659
v 770.117 -1013.98 633.659
v 800.084 -998.151 633.659
v 803.546 -999.61 633.659
v 775.705 -1024.78 633.659
v 811.071 -1011.17 633.659
v 772.766 -997.69 453.851
v 777.664 -986.083 456.659
v 774.848 -998.573 453.132
v 770.083 -1009.87 450.691
v 771.586 -1010.5 450.334
v 770.117 -1013.98 449.721
v 768.436 -1013.28 450.121
v 762.124 -1028.25 446.215
v 772.41 -1032.59 443.337
v 775.705 -1024.78 445.473
v 805.182 -1031.06 440.811
v 811.071 -1011.17 444.267
v 813.832 -1012.38 443.714
v 816.615 -1006.07 444.194
v 815.735 -1003.09 444.872
v 804.136 -998.202 448.395
v 803.546 -999.61 448.185
v 800.084 -998.151 449.236
v 800.718 -996.628 449.464
v 792.303 -993.07 451.539
v 791.156 -995.796 451.059
v 787.828 -994.401 451.864
v 789.264 -990.985 452.706
v 801.42 -922.79 662.133
v 800.707 -936.316 662.133
v 802.054 -938.735 662.133
v 804.236 -921.228 662.133
v 807.164 -947.181 662.133
v 808.7 -949.958 662.133
v 812.385 -916.647 662.133
v 815.034 -915.175 662.133
v 821.435 -955.23 662.133
v 824.229 -953.669 662.133
v 832.233 -949.586 662.133
v 835.072 -948 662.133
v 835.172 -933.513 662.133
v 833.836 -931.12 662.133
v 827.413 -919.501 662.133
v 830.151 -924.389 662.133
v 792.559 -922.495 482.702
v 799.227 -918.81 483.486
v 791.779 -925.068 481.263
v 798.637 -937.468 471.929
v 800.707 -936.316 472.134
v 802.054 -938.735 470.303
v 800.073 -939.835 470.066
v 804.837 -948.46 463.545
v 807.164 -947.181 463.815
v 808.7 -949.958 461.715
v 806.518 -951.161 461.46
v 811.238 -959.709 455.241
v 814.5 -960.771 454.112
v 822.147 -956.51 453.698
v 821.435 -955.23 454.771
v 824.229 -953.669 455.092
v 824.942 -954.936 454.028
v 832.778 -950.559 454.927
v 832.233 -949.586 455.744
v 835.072 -948 456.071
v 837.131 -951.698 452.97
v 844.255 -947.718 453.849
v 845.057 -944.225 456.069
v 838.133 -931.85 466.333
v 835.172 -933.513 465.968
v 833.836 -931.12 467.781
v 836.931 -929.38 468.164
v 833.19 -922.687 473.624
v 830.151 -924.389 473.152
v 827.413 -919.501 477.147
v 830.329 -917.876 477.595
v 825.621 -909.442 484.331
v 823.439 -908.828 485.133
v 814.311 -913.87 483.7
v 815.034 -915.175 482.741
v 812.385 -916.647 482.32
v 811.361 -914.779 483.69
v 803.167 -919.296 482.41
v 804.236 -921.228 480.991
v 801.42 -922.79 480.545
v 874.067 -905.667 558.352
v 873.922 -908.79 558.352
v 885.655 -896.172 558.352
v 887.659 -896.261 558.352
v 896.375 -896.761 558.352
v 905.971 -910.901 558.352
v 900.316 -896.94 558.352
v 906.082 -908.355 558.352
v 871.718 -894.419 485.734
v 872.798 -893.318 486.352
v 871.206 -905.539 477.81
v 874.067 -905.667 477.177
v 873.922 -908.79 475.036
v 872.275 -908.713 475.422
v 877.54 -938.197 452.54
v 900.36 -938.786 448.26
v 907.93 -910.991 466.692
v 905.971 -910.901 467.11
v 906.082 -908.355 468.994
v 907.964 -908.444 468.59
v 908.465 -896.53 476.994
v 907.296 -895.225 478.047
v 900.416 -894.892 479.496
v 900.316 -896.94 478.191
v 896.375 -896.761 479.014
v 896.475 -894.534 480.435
v 887.759 -894.137 482.774
v 887.659 -896.261 481.21
v 885.655 -896.172 481.769
v 885.755 -893.92 483.432
v -620.809 -816.433 653.454
v -602.119 -808.832 653.454
v -628.19 -832.993 623.859
v -632.932 -821.36 629.55
v -592.857 -818.609 624.911
v -597.588 -806.989 630.295
v -602.119 -808.832 630.275
v -604.879 -802.037 633.454
v -623.57 -809.638 633.452
v -620.809 -816.433 630.062
v -669.367 -775.432 677.63
v -668.354 -820.285 632.995
v -683.627 -769.686 653.162
v -649.908 -814.719 635.283
v -662.409 -773.333 656.66
v -669.367 -775.432 653.955
v -672.15 -766.218 657.63
v -658.057 -765.053 659.788
v -635.648 -747.969 662.751
v -645.177 -781.958 649.397
v -687.189 -747.457 662.782
v -689.282 -734.122 668.556
v -669.044 -744.59 668.62
v -671.137 -731.269 674.401
v -811.911 -681.603 636.681
v -809.796 -678.518 636.887
v -811.166 -687.937 637.313
v -808.394 -690.458 638.165
v -805.444 -690.087 638.74
v -803.318 -687.016 638.85
v -804.063 -680.681 638.008
v -806.846 -678.186 637.369
v -600.171 -885.205 583.487
v -607.573 -866.624 598.396
v -581.892 -877.923 588.307
v -589.295 -859.342 602.395
v -148.481 629.168 424.359
v -137.783 661.651 413.393
v -119.794 619.723 418.645
v -109.096 652.206 410.026
v -229.421 637.18 423.987
v -205.61 661.702 416.45
v -207.758 616.139 427.973
v -183.936 640.674 422.989
v -68.9874 626.442 404.467
v -60.8388 641.941 400.335
v -34.9681 608.563 397.853
v -26.8195 624.062 393.735
v -61.2618 530.953 414.705
v -48.2485 554.143 408.303
v -14.2627 504.601 410.154
v -1.27171 527.792 399.884
v -1871.57 232.497 478.086
v -1925.22 230.884 487.355
v -1929.34 221.772 488.582
v -1928.08 209.972 489.248
v -1921.64 201.206 488.579
v -1875.32 193.335 479.585
v -1861.2 212.289 477.377
v -2254.61 -116.401 462.054
v -2195.51 -91.7779 458.952
v -2221.26 -101.607 456.816
v -2195.33 -144.889 459.109
v -2176.02 -135.329 465.898
v -2173.45 -119.114 466.296
v -2186.75 -95.3485 461.587
v -99.0548 2726.24 554.289
v 50.926 2412.6 520.357
v 74.4367 2405.69 519.543
v 84.1771 2827.37 532.106
v -95.4591 2745.14 552.334
v -260.156 2506.72 514.144
v -202.226 2512.13 529.289
v -214.259 2589.26 532.618
v -80.4978 2610.15 554.502
v -168.273 2805.42 544.693
v -270.398 2819.16 525.2
v -310.996 2827.51 518.826
v -348.177 2836.33 529.959
v -362.949 2820.36 530.179
v -330.855 2706.74 505.16
v -287.085 2465.39 505.103
v -349.813 2672.26 507.781
v -276.754 2371.55 494.646
v -447.719 2749.89 540.956
v -495.497 2693.16 541.711
v -187.387 2252.46 464.589
v -194.856 2332.56 489.671
v -269.195 2232.14 460.29
v -203.506 2236.93 462.214
v -345.037 2352.18 492.075
v -291.292 2242.3 461.002
v -324.287 2497.15 500.422
v -325.479 2514.45 500.462
v -270.832 2350.21 489.84
v -515.98 2710.93 549.979
v -609.555 2300.83 525.721
v -511.026 2289.47 515.911
v -506.84 2336.65 518.941
v -333.427 2515.23 501.693
v 320.197 2702.71 524.478
v 381.712 2835.89 484.06
v 324.983 2805.42 499.414
v 335.136 2785.12 503.172
v 453.368 2613.73 515.757
v 418.737 2862.75 485.735
v 868.991 2631.05 428.614
v 873.176 2650.16 431.89
v 702.98 2980.39 477.552
v 689.254 2986.96 479.384
v 622.218 2955.76 478.045
v 653.42 2803.63 467.03
v -4946.96 2435 575.817
v -4946.96 2432.71 575.646
v -4900.93 2471.71 586.534
v -4946.96 2479.02 587.222
v -4946.96 2478.8 586.421
v -4946.96 2435 575.817
v -4856.63 1753.2 584.837
v -4946.96 1657.78 559.126
v -4846.3 1806.17 581.014
v -4846.85 1834.87 574.337
v -4922.7 1823.89 548.476
v -4946.96 1823.45 540.863
v -4946.96 1818.94 544.386
v -4846.3 1806.17 581.014
v -4856.63 1753.2 584.837
v -4946.96 1657.78 559.126
v -4922.7 1823.89 548.476
v -4946.96 1779.14 543.96
v -4717.92 2013.25 587.42
v -4630.29 2051.48 595.555
v -4705.23 2228.69 591.304
v -4817.32 2167.46 571.658
v -4826.17 2886.03 625.685
v -4826.17 2886.03 625.685
v -4946.96 2779.8 616.188
v -4808.67 3001.98 617.756
v -4936.18 3079.02 593.148
v -4946.96 3082.5 592.735
v -4946.96 2779.8 616.188
v -4936.18 3079.02 593.148
v -4235.58 677.7 432.451
v -4190.19 766.689 429.679
v -4313.33 988.952 451.506
v -4335.31 1003.16 464.809
v -4423.2 963.867 493.483
v -4369.94 763.694 463.233
v -4361.58 759.522 459.034
v -4350.23 717.12 449.722
v -3605.06 303.04 454.361
v -4464.42 236.746 467.862
v -4562.5 235.927 502.285
v -4288.33 220.3 414.965
v 102.701 1540.14 388.452
v 168.335 1563.7 395.766
v 177.83 1576.63 397.281
v 182.138 1771.47 429.603
v 161.566 1790.69 438.868
v -191.483 1802.87 457.911
v -216.742 1776.03 456.358
v -238.816 1627.06 428.925
v -236.1 1559.31 398.279
v -225.625 1547.7 397.603
v -157.998 1585.05 425.901
v 286.756 1814.65 439.175
v 301.506 1827.77 441.219
v 336.049 2057.68 440.769
v 328.123 2066.61 440.907
v 198.747 2067.14 434.488
v 191.389 2053.84 437.319
v 205.515 1991.91 433.392
v 209.734 1953.05 427.398
v -24.916 2037.02 467.609
v 176.261 1939.82 430.533
v 165.652 2040.19 444.758
v 150.078 2050.06 448.179
v 106.508 2051.06 459.366
v -7.12712 2057.41 473.149
v 1084.43 -756.543 491.409
v 993.969 -758.936 493.005
v 995.461 -794.218 490.696
v 981.268 -794.307 493.253
v 974.132 -838.764 493.694
v 944.243 -834.618 503.008
v 931.63 -846.865 504.529
v 1132.11 -835.693 483.106
v 1160.16 -781.305 501.052
v 935.148 -897.682 471.165
v 933.2 -917.748 458.848
v 872.241 -1119.71 426.524
v 1010.38 -1080.19 423.905
v 1192.76 -902.263 474.142
v 1242.06 -935.612 471.448
v 1237.14 -911.362 479.098
v 1034.1 -1060.2 422.802
v 1205.41 -1063.95 453.831
v 1216.24 -1049.22 456.938
v -1530.02 -2646.56 376.002
v -1541.44 -2782.95 392.287
v -1193.7 -2753.4 448.415
v -1086.87 -2680.2 449.886
v -1108.63 -2642.6 412.524
v -534.904 -2610.95 568.237
v -527 -2498.18 525.664
v -554.697 -2484.34 510.341
v -1009.71 -2796.91 532.332
v -942.456 -2885.94 584.962
v -1069.07 -2899.79 558.78
v -1069.69 -2905.69 559.37
v -892.997 -2876.05 592.747
v -936.893 -2905.69 591.72
v -693.178 -2731.63 592.355
v -788.145 -2749.43 587.011
v -627.889 -2773.18 608.095
v -523.037 -2838.46 604.594
v -515.89 -2905.69 585.38
v -627.889 -2773.18 608.095
v 1156.86 -2678.33 488.649
v 1048.85 -2681.58 457.448
v 966.662 -2897.81 487.666
v 966.27 -2905.69 486.853
v 975.284 -2905.69 486.386
v 1103.67 -2874.39 485.604
v 1070.3 -2905.69 482.956
v 1080.16 -2905.69 481.831
v 1183.11 -2837.01 502.039
v 1103.67 -2874.39 485.604
v 966.662 -2897.81 487.666
v 1070.3 -2905.69 482.956
v 975.284 -2905.69 486.386
v 1854.95 -2866.16 483.29
v 1866.7 -2905.69 481.607
v 1837.15 -2781.09 477.056
v 1738.23 -2787.02 482.736
v 1738.23 -2787.02 482.736
v 1657.11 -2852.3 487.971
v 1663.52 -2905.69 492.507
v 1854.95 -2866.16 483.29
v 1805.49 -2175.71 404.966
v 1773.84 -2193.52 422.387
v 1714.48 -2341.9 465.622
v 1716.47 -2456.63 435.718
v 1663.04 -2589.18 460.752
v 1716.47 -2642.6 449.952
v 1647.23 -2711.85 471.748
v 1657.11 -2733.6 473.562
v 2002.55 -2281.48 420.159
v 1890.87 -2237.88 394.996
v 2013.22 -2622.82 467.898
v 1983.54 -2551.6 462.881
v 2033.89 -2354.92 438.936
v 2024.63 -2420.32 437.982
v 2013.22 -2102.52 386.718
v 1949.91 -2211.32 392.473
v 2163.57 -2072.83 392.363
v 2102.24 -2062.94 386.861
v 2191.27 -2134.16 408.323
v 2373.28 -2227.15 428.156
v 2349.54 -2163.83 422.554
v 2062.78 -2417.44 445.254
v 2082.46 -2458.62 448.579
v 3545.78 1298.94 430.069
v 3652.38 1153.05 496.851
v 3718.67 1194.85 507.145
v 3707.92 1288.6 495.524
v 3527.96 1518.35 461.781
v 3423.98 1623.02 457.345
v 3306.78 1527.87 381.634
v 3537.73 1459.56 451.907
v 3497.56 1489.9 452.587
v 3838.09 1572.25 506.874
v 3811.22 1605.69 496.527
v 3673.48 1364.5 478.605
v 3593.44 1392.55 453.18
v 3525.89 1341.4 416.733
v 3508.46 1369.97 418.853
v -3564.46 1670.79 600.135
v -3504.8 1686.33 571.336
v -3403.86 1736.1 530.56
v -3048.14 1970.64 568.392
v -3633.39 2154.25 532.42
v -3705.18 2395.47 558.078
v -3669.09 2285.47 552.929
v -3092.32 2242.94 569.586
v -3303.12 2408.05 567.918
v -3719.12 2455.17 557.925
v -3752.84 2528.61 562.671
v -3748.36 2535.78 563.913
v -3602.94 2623.7 580.367
v -3611.52 2625.75 580.141
v -3212.29 2515.95 583.724
v -3216.29 2549.45 584.137
v -3231.21 2586.62 584.177
v -3251.88 2617.14 578.975
v -3275.46 2653 572.556
v -3319.76 2624.41 574.365
v -3429.87 2520.97 560.525
v -3497 2450.96 556.011
v -3506.59 2447.86 555.533
v -3514.76 2448.87 555.705
v 919.485 3287.52 539.975
v 841.862 3262.44 549.124
v 819.164 3152.55 534.059
v 759.452 3046.25 507.071
v 814.388 2949.52 505.391
v 893.214 2988.93 534.898
v 936.205 2951.91 504.518
v 981.59 2962.65 482.948
v 983.984 3059.4 496.943
v 1047.28 3154.95 461.271
v 1037.73 3276.76 472.919
v 1096.25 3282.74 440.888
v 1066.39 3143 451.049
v 1012.65 3074.93 480.554
v 1255.09 3008.04 376.098
v 1235.99 3304.23 366.179
v 1006.67 3024.76 479.147
v 1003.09 2961.46 471.434
v 1050.86 2881.44 471.951
v 1074.75 2833.67 486.637
v 1101.03 2803.81 475.822
v 1271.81 2736.92 411.313
v 1249.12 2996.1 377.342
v 929.048 2910.1 498.827
v 843.053 2856.37 479.969
v 933.823 2665.27 443.951
v 955.319 2703.49 462.351
v 989.95 2949.52 476.377
v 1065.19 2648.55 465.574
v 1075.94 2594.8 443.56
v 1121.33 2580.48 437.002
v 1078.34 2795.45 487.725
v 1164.32 2760.81 451.705
v 1105.8 2775.15 475.014
v 1201.35 2567.33 430.965
v 1207.32 2616.3 443.196
v 880.434 2976.37 534.302
v 829.172 2943.87 509.247
v 869.247 2894.78 502.023
v 920.509 2931.61 506.862
v 919.786 2953.99 513.407
v 2685.16 -2473.42 449.353
v 2756.88 -2503.2 451.095
v 2776.31 -2499.65 455.131
v 2792.42 -2484 460.453
v 2827.26 -2463.39 463.598
v 2900.01 -2470.98 451.679
v 2896.01 -2115.22 486.731
v 2862.16 -2112.96 475.037
v 2928.46 -2453.21 449.204
v 2929.66 -2416.74 454.571
v 3005.48 -2166.01 501.125
v 3064.92 -2239.37 495.213
v 2991.16 -2384.19 464.801
v 2954.14 -2387.17 456.122
v 2750.21 -2152.79 448.723
v 2771.9 -2144.59 455.81
v 2839.23 -2107.72 466.576
v 2848.64 -2089.28 469.694
v 2778.18 -1923.86 435.269
v 2999.12 -1913.98 475.199
v 3063.44 -2002.77 499.086
v 2997.24 -1993.74 503.323
v 2921.62 -2104.33 494.96
v 3011.16 -2135.18 504.922
v 3029.59 -2129.17 506.71
v 2337.37 -2905.03 403.915
v 2336.98 -2905.69 403.853
v -3156.97 3127.77 588.301
v -3151.61 3391.13 587.698
v -3266.29 3393.46 590.184
v -3269.2 3250.26 591.678
v -3330.1 3251.51 600.284
v -3332.55 3131.33 613.269
v -2978.51 -1340.76 681.201
v -3130.2 -1369.92 687.386
v -3127.82 -1382.92 685.942
v -3107.73 -1438.47 673.343
v -3067.95 -1439.25 672.661
v -3045.48 -1410.9 679.75
v -3038.39 -1395.13 680.745
v -2974.33 -1374.11 669.617
v -3291.96 -1655.17 662.151
v -3314.83 -1648.41 652.4
v -3340.42 -1660.16 638.721
v -3337.18 -1684.8 636.695
v -3336.67 -1717.55 632.25
v -3157.84 -1722.74 617.724
v -3154.2 -1658.29 623.599
v -4646.89 3686.98 622.523
v -3316.16 3693.49 610.516
v -3316.32 3691.74 610.695
v -3302.74 3693.49 610.719
v -3249.1 3623.9 618.779
v -3164.16 3548.64 608.447
v -2881.85 3461.87 597.885
v -2867.38 3470.37 600.96
v -2857.76 3693.49 620.051
v -3164.16 3548.64 608.447
v -3300.12 3693.49 608.868
v -2962.7 3693.49 620.327
v -3300.12 3693.49 608.868
v -2962.7 3693.49 620.327
v -3613 2156.85 534.195
v -3609.45 2143.05 530.461
v -3559.2 2144.29 535.724
v -3553.34 2140.47 535.767
v -3540.2 2160.79 542.831
v -3548.01 2170.02 544.081
v 1395.4 -2541.61 496.803
v 1354.49 -2511.45 486.242
v 1337.47 -2518.92 488.411
v 1235.05 -2561.31 497.546
v 1189.57 -2758.04 502.483
v 1243.32 -2857.89 511.061
v 1560.18 -2746.99 479.06
v 1538.71 -2672.99 484.547
v 1279.49 -2745.27 508.696
v 1540.08 -2774.91 480.175
v -1726.36 2546.48 610.926
v -1771.54 2557.24 611.746
v -1672.98 2404.7 604.855
v -1661.19 2417.69 606.885
v -1632.54 2392.11 608.893
v -1643.94 2380.25 606.965
v -1521.88 2345.38 618.405
v -1365.44 2036.29 576.758
v -1521.45 2035.65 594.803
v -1733.45 1814.4 589.506
v -2007.55 1903.38 594.374
v -1998.89 1891.14 594.632
v -1981.01 2227.8 641.661
v -2000.05 2222.29 644.269
v -1916.55 2264.12 636.555
v -1964.99 2250.37 642.082
v -1888.76 2279.48 636.609
v -1786.54 2607.06 612.469
v -1796.98 2392.43 633.846
v -1856.48 2491.13 619.992
v -1878.27 2438.14 638.921
v -1954.31 2560.97 626.03
v -1954.03 2533.68 628.938
v -1877.18 2534.64 617.046
v -1771.33 2674.42 623.772
v -1873.31 2676.95 617.82
v -30.994 -2851.64 506.723
v -119.671 -2849.85 536.795
v -155.204 -2886.88 535.649
v -155.002 -2905.69 531.218
v -46.1379 -2905.69 500.247
v -32.7685 -2905.69 491.935
v -46.1379 -2905.69 500.247
v -30.994 -2851.64 506.723
v -155.204 -2886.88 535.649
v -1630.73 1454.61 424.621
v -1652.23 1450.42 424.392
v -1646.26 1420.27 400.799
v -1634.92 1414.6 394.732
v -1548.92 1424.45 388.381
v -1560.87 1497.31 447.91
v -1632.83 1514.63 477.276
v 1092.19 -714.594 501.039
v 1138.92 -741.903 505.794
v 1148.77 -693.542 514.625
v -2372.66 -1060.51 538.78
v -2420.46 -1082.92 557.985
v -2404.26 -1164.56 558.152
v -2402.4 -1210.28 548.706
v -2386.01 -1208.84 540.748
v -2298.36 -1025.41 544.831
v -2326.44 -1040.34 542.492
v -2373.6 -1159.17 540.173
v -2240.44 -1029.59 532.596
v -2355.09 -1152.01 531.257
v -2298.36 -1200.38 491.445
v -2263.73 -1239.19 460.813
v -2270.9 -1264.27 458.113
v -2261.94 -1297.12 445.727
v -2291.79 -1328.77 446.887
v -2279.26 -1337.14 438.834
v -2206.4 -1273.23 425.625
v -2184.3 -1278.02 422.982
v -2171.17 -1255.32 425.473
v -2189.68 -1208.15 434.637
v -2150.86 -1184.26 435.898
v -2138.33 -1103.05 480.73
v -2040.99 -1060.05 482.808
v -1906.63 -1051.69 451.966
v -1892.89 -1027.2 459.844
v -1828.99 -994.363 455.112
v -1843.92 -957.341 476.777
v -1741.21 -903.594 463.808
v -1763.3 -864.179 490.842
v -1789.57 -862.989 496.111
v -1793.76 -906.576 477.998
v -1850.49 -919.117 491.538
v -1874.38 -892.243 505.315
v -1892.29 -907.177 506.383
v -1900.06 -954.948 493.975
v -1968.73 -1022.43 480.329
v 3783.16 949.404 520.381
v 3639.83 701.582 439.138
v 3666.71 676.51 452.424
v 3718.07 775.034 489.737
v 3775.4 923.73 519.186
v 3793.31 941.046 521.711
v 3755.09 877.756 515.192
v 3786.14 161.749 462.912
v 3797.49 200.566 459.247
v 3745.54 222.066 476.76
v 3749.72 236.4 474.968
v 3765.84 233.406 469.947
v 3778.98 272.222 466.829
v 3754.49 152.202 475.596
v 3759.87 281.181 470.069
v 3773 301.492 467.857
v 3814.8 325.373 480.177
v 3802.27 346.273 495.378
v 3860.79 360.607 498.403
v 3869.15 369.566 500.105
v 3811.22 413.157 543.956
v 3755.09 363 498.3
v 3731.2 305.664 473.433
v 3719.86 257.888 479.719
v 3728.22 222.066 482.226
v 3679.85 153.981 505.327
v 3688.8 106.218 502.004
v 3737.17 193.399 482.163
v 3733 85.3193 484.622
v 3716.28 185.63 490.615
v 3722.84 63.8187 486.156
v 3700.16 23.2109 480.527
v 3684.03 33.3596 488.337
v 3657.15 -22.772 467.815
v 3672.68 -12.0218 472.173
v 3610.58 -19.7901 457.666
v 3540.11 -13.8135 422.586
v 3568.78 59.0323 465.602
v 3608.49 245.359 481.007
v 3668.21 567.518 468.971
v 3727.03 532.591 516.135
v 3741.36 537.966 524.675
v 3771.81 658.592 524.811
v 3786.74 632.317 539.961
v 3658.35 184.44 513.77
v 3696.57 234.007 489.982
v 3698.95 246.549 486.443
v 3679.25 291.33 480.514
v 3726.43 404.799 507.502
v 3867.36 813.251 547.815
v 3758.68 486.606 532.766
v 3768.23 494.964 539.051
v 3768.23 482.421 537.648
v 3784.95 464.516 544.737
v 3807.65 490.19 561.329
v 3887.66 856.254 558.161
v 3894.83 893.281 562.555
v 3947.98 794.744 572.003
v 3931.26 857.445 576.423
v 4007.1 878.947 593.149
v 3813.61 443.617 551.504
v 3838.09 453.164 543.38
v 3848.25 445.997 537.725
v 3851.24 433.455 533.893
v 3842.88 423.306 535.295
v 3895.42 343.291 487.471
v 3906.18 337.916 484.319
v 3911.55 349.856 487.215
v 3896.61 383.298 500.352
v 3928.86 444.807 504.29
v 3936.63 435.246 498.867
v 3943.79 462.725 502.332
v 3980.23 497.958 496.107
v 3967.68 534.383 509.596
v 4001.12 529.609 509.358
v 4013.67 551.699 514.376
v 4098.46 1054.51 586.115
v 4063.23 1027.04 586.271
v 4180.27 1178.72 587.846
v 4229.84 1142.3 574.939
v 4230.44 1152.45 574.316
v 4201.77 1125.57 583.275
v 4213.72 1123.19 580.054
v 4158.18 998.974 578.39
v 4183.85 1111.25 588.485
v 4111.59 996.581 582.954
v 4106.23 964.34 577.575
v 4010.08 563.64 514.363
v 3997.54 565.432 511.276
v 3977.23 552.301 507.814
v 3973.66 611.417 514.85
v 3960.51 611.417 518.414
v 3964.7 527.817 509.451
v 4057.26 914.77 580.466
v 4022.03 872.381 586.964
v 4058.45 878.947 575.798
v 3996.95 845.503 589.203
v 3949.77 508.696 510.748
v 3927.07 519.447 522.147
v 3899.61 640.073 534.441
v 3982.61 824.603 588.906
v 3974.25 809.667 583.537
v 3956.34 694.415 541.518
v 3983.21 735.627 560.414
v 3903.19 652.026 535.087
v 3959.92 670.533 531.214
v -2851.64 1548.66 517.394
v -2843.87 1563.74 519.675
v -2849.25 1591.36 528.192
v -2870.15 1599.72 536.158
v -2884.78 1640.93 549.956
v -2955.33 1639.14 549.437
v -2983.97 1615.75 542.643
v -2979.62 1542.99 523.701
v -2639.04 1738.26 538.243
v -2650.39 1693.78 529.244
v -2598.89 1679.29 531.492
v -2613.22 1634.21 519.625
v -2548.87 1583.29 517.281
v -2534.09 1590.62 519.584
v -2480.35 1794.69 570.479
v -2487.51 1800.36 570.171
v -2547.68 1768.72 554.934
v -2542.61 1755.58 552.841
v -2570.97 1768.12 551.823
v -2555.14 1743.63 548.73
v -2558.12 1758.26 551.389
v 4131.03 2558.25 551.363
v 4077.19 2571.6 547.984
v 4021.74 2551.24 544.911
v 4028.75 2494.44 546.802
v 4128.99 2529.07 550.906
v -4894.53 -1790.83 688.018
v -4913.2 -1842.94 687.431
v -4946.96 -1829.71 687.721
v -4936.33 -1775.6 688.411
v -4946.96 -1770.29 688.184
v -4936.33 -1775.6 688.411
v -4946.96 -1786.57 688.299
v -4946.96 -1786.57 688.299
v -2946.03 -1177.43 737.536
v -2941.33 -1167.99 733.867
v -2961.97 -1159.14 727.071
v -2952.56 -1129.97 715.075
v -2901.04 -1145.75 729.722
v -2968.46 -1222.53 725.169
v -2894.64 -1117.92 718.273
v -3068.7 -1197.4 724.722
v -2920.01 -1114.38 713.42
v -2936.73 -1003.32 628.752
v -3044.81 -1004.51 587.403
v -3073.48 -1026.01 602.897
v -3438.71 -1125.74 526.15
v -3466.34 -1137.06 521.488
v -3121.26 -1218.9 708.094
v -3177.38 -1275.62 694.036
v -3237.71 -1275.02 687.087
v -3255.62 -1209.94 674.127
v -3821.73 -1197.4 467.269
v -3926.83 -1790.97 699.239
v -3973.41 -1254.73 503.776
v -3950.12 -1793.3 706.546
v -3861.4 -1601.63 714.754
v -3878.46 -1615.36 719.784
v -4158.53 -1288.16 478.749
v -3816.01 -1481.01 706.651
v -4088.62 -1531.16 765.695
v -3952.17 -1436.81 716.78
v -4161.51 -1305.48 488.95
v -4290.5 -1544.89 731.454
v -4258.25 -1343.1 506.208
v -4288.12 -1304.29 454.976
v -4357.38 -1296.52 447.386
v -4481.59 -1598.63 695.782
v -4702.25 -1648.45 691.337
v -4835.59 -1676.31 672.358
v -4859 -1684.74 672.166
v -4863.48 -1653.22 664.244
v -4375.89 -1305.48 452.016
v -4368.74 -1338.33 484.233
v -4540.71 -1353.85 478.642
v -4946.96 -1660.48 658.761
v -4635.07 -1472.69 558.586
v -4675.68 -1437.46 524.329
v -4703.74 -1457.76 528.366
v -4635.07 -1472.69 558.586
v -4946.96 -1632.58 637.814
v -4698.36 -1475.08 539.58
v -4786.75 -1518.08 527.841
v -4824.37 -1433.28 487.26
v -4848.26 -1452.38 490.441
v -4786.75 -1518.08 527.841
v -4946.96 -1623.19 617.706
v -4867.96 -1510.31 509.209
v -4896.02 -1473.88 490.154
v -4946.96 -1494.43 491.505
v -4946.96 -1480.92 485.903
v -4867.96 -1510.31 509.209
v -4946.96 -1539.24 534.092
v -4946.96 -1623.19 617.706
v -4946.96 -1525.05 517.369
v -4946.96 -1539.24 534.092
v -4946.96 -1494.43 491.505
v -4946.96 -1525.05 517.369
v -4612.92 -2781.55 672.101
v -4589.16 -2837.91 658.835
v -4558.25 -2824.87 661.351
v -4582 -2768.52 672.414
v -4610.86 -2657.29 692.497
v -4663.93 -2749.71 674.855
v -4474.43 -2881.37 656.618
v -4483.03 -2905.69 651.95
v -4474.43 -2881.37 656.618
v -4639.96 -2904.33 641.169
v -4640.35 -2905.69 640.731
v -4639.96 -2904.33 641.169
v -4583.91 -2372.76 673.476
v -4426.96 -2294.69 678.102
v -4572.93 -2356.79 672.572
v -4379.56 -2241.14 686.38
v -4268.65 -2313.18 659.846
v -4211.09 -2441.88 625.089
v -4161.51 -2620.44 641.432
v -4160.32 -2567.29 645.199
v -4196.75 -2515.34 639.018
v -4189.58 -2618.05 648.699
v -4483.03 -2905.69 651.95
v -4263.63 -2718.96 651.711
v -4265.42 -2744.64 643.844
v -4209.29 -2772.72 617.192
v -4250.49 -2764.95 632.585
v -4250.49 -2764.95 632.585
v -4460.95 -2905.69 646.347
v -4221.64 -2864.45 599.418
v -4221.64 -2864.45 599.418
v -4266.87 -2905.69 603.046
v -4296.42 -2905.69 611.708
v -4296.42 -2905.69 611.708
v -4460.95 -2905.69 646.347
v 3096.07 2587.82 540.329
v 3052.17 2391.36 525.599
v 3123.48 2224.28 507.874
v 2995.34 2322.82 522.884
v 3062.82 2783.98 535.12
v 3066.33 2811.17 533.772
v 3078.42 2842.89 531.276
v 3210 2081.32 508.207
v 3140.03 1955.68 463.081
v 3364.24 2018.13 481.102
v 3456.02 1860.88 436.301
v 3106.17 1960.19 459.184
v 3484.62 1964.7 461.188
v 3474.84 1950.41 456.503
v 3479.34 1863.13 440.185
v 3556.84 1927.84 467.005
v 3564.37 1890.97 461.906
v 3399.59 1695.35 454.796
v 3389.06 1759.3 431.5
v 3361.22 1720.19 445.134
v 3364.24 1812.73 421.336
v 3173.13 1860.12 417.882
v 3203.97 1794.67 395.237
v 3267.93 1828.52 416.454
v 3179.91 1903 437.166
v 3173.13 1910.53 440.993
v 3127.24 1909.03 442.121
v 3158.83 1913.54 442.948
v 3097.9 1893.22 423.95
v 3011.37 2070.04 464.817
v 3060.27 1860.12 392.474
v 3085.11 1881.95 412.478
v 3050.5 1848.08 383.313
v 2947.13 2366.48 539.845
v 3005.96 2111.19 471.636
v 2919.95 1965.48 387.446
v 3005.35 2088.85 466.743
v 2908.3 2915.71 521.861
v 2909.04 2951.08 519.901
v 2951.93 2954.09 527.771
v 3106.17 3109.08 524.465
v 2953.69 3193.56 528.525
v 2958.47 3255.06 516.135
v 2959.07 3278.95 511.539
v 2960.86 3290.29 510.384
v 2989.25 3410.96 510.575
v 3005.72 3422.76 514.994
v 3014.61 3452.13 518.54
v 2952 3454.69 506.162
v 2874.09 3080.27 505.236
v 2745.53 3179.99 456.598
v 2811.87 3284.78 471.221
v 2286.97 2826.3 360.451
v 2404.9 2825.11 400.755
v 2423.41 2800.02 408.106
v 2325.48 2738.51 383.024
v 2330.24 2714.62 386.877
v 2540.11 2618.17 435.385
v 2627.56 2893.53 446.644
v 2830.97 2565.93 531.591
v 2840.24 2471.29 533.627
v 2842.33 2644.47 531.815
v 2824.12 2622.36 528.515
v 2849.39 2783.76 522.736
v 2739.85 2855.73 488.695
v 2804.7 2826.98 508.399
v 2831.17 2832.9 513.368
v 4130.11 3453.32 533.506
v 3822.57 3455.11 558.408
v 4260.29 3259.24 520.158
v 3650.59 3222.82 554.232
v 3610.58 3145.78 546.143
v 3647 3172.05 549.282
v 3533.55 3148.16 541.737
v 3530.56 3077.1 537.222
v 3498.9 2740.9 534.678
v 3965.89 2619.68 540.2
v 3694.78 3094.42 541.589
v 3632.07 3121.29 545.66
v 3583.71 3053.22 538.343
v 3996.95 2594.59 541.841
v 4148.62 2701.49 555.151
v 4111 2742.1 549.199
v 4109.8 2901.54 547.886
v 3644.02 2988.13 536.298
v 4099.58 3548.69 531.556
v 4001.75 3693.49 526.668
v 4382.11 1925.17 521.832
v 4471.69 2241.68 487.666
v 4527.23 2561.75 490.851
v 4515.28 2586.84 491.585
v 4485.43 2604.75 496.231
v 4383.3 2599.97 526.347
v 4069.79 1863.07 535.716
v 4169.52 1821.87 557.393
v 4211.93 1898.9 545.661
v 4296.72 2384.99 551.87
v 4126.52 1991.46 538.657
v 4199.98 1970.56 546.103
v 4266.26 2381.4 554.99
v 4208.34 2011.76 547.442
v 4207.74 2051.17 549.699
v 4036.95 2484.72 547.333
v 5212.64 2867.77 601.466
v 5165.24 2883.89 598.35
v 5152.92 2867.77 602.574
v 5190.84 2826.07 627.953
v 5249.61 2872.52 588.825
v 5284.69 2824.17 595.984
v 5193.69 2786.26 635.499
v 5207.9 2771.09 632.935
v 5225.91 2775.82 624.831
v 5218.33 2814.69 620.854
v 5224.02 2835.55 612.341
v 5243.92 2838.39 604.818
v 5260.04 2827.01 603.771
v 5264.77 2789.1 607.746
v 5279.95 2777.72 603.334
v 5310.28 2829.86 585.607
v 5297.96 2837.45 587.36
v 5297.96 2837.45 587.36
v 5321.95 2824.33 582.709
v 5294.16 2856.41 581.687
v 5294.16 2856.41 581.687
v 5321.95 2827.85 581.237
v 5321.95 2899.46 559.515
v 5321.95 2897.51 559.979
v 5305.54 2918.96 556.997
v 5305.54 2918.96 556.997
v 5267.62 2910.44 568.73
v 5321.95 2827.85 581.237
v 5321.95 2849.9 575.295
v 5321.95 2897.51 559.979
v 5321.95 2849.9 575.295
v 4623.96 2064.91 497.849
v 4664.57 2037.44 502.43
v 4669.35 2013.56 504.953
v 4687.26 1996.84 518.112
v 4689.65 2322.88 484.516
v 4733.85 2011.16 532.819
v 4717.13 2552.2 478.703
v 4706.44 3021.34 451.71
v 4717.82 2861.14 461.846
v 4756.53 2002.8 540.824
v 4811.47 1923.98 541.581
v 4785.12 3114.24 470.366
v 4825.89 3097.18 480.522
v 4822.22 1902.48 537.607
v 4846.11 1912.04 536.94
v 4855.66 1961.01 557.254
v 4820.2 3060.21 477.536
v 4875.97 1978.92 566.258
v 4902.24 1983.69 570.779
v 4904.63 1959.81 565.494
v 4903.44 1913.23 553.957
v 4935.85 3047.89 498.877
v 5008.84 3079.17 505.217
v 5047.7 3070.64 506.13
v 5095.1 2941.72 576.426
v 5097.94 2900.95 585.612
v 5115.95 2904.75 585.702
v 5113.11 2847.87 600.702
v 5089.41 2882.94 588.42
v 5109.32 2828.91 604.507
v 5082.78 2796.68 603.667
v 5082.78 2775.82 608.355
v 5115.95 2725.58 630.081
v 5112.16 2745.5 624.446
v 5092.25 2698.1 625.194
v 5109.32 2705.68 630.679
v 5096.05 2661.13 622.611
v 5060.97 2619.41 617.919
v 5078.04 2656.38 619.72
v 4827 1865.46 547.539
v 4832.98 1840.37 554.256
v 4868.8 1808.13 566.041
v 4872.38 1784.25 572.062
v 4923.74 1799.77 571.543
v 4896.27 1889.35 554.655
v 4942.85 1784.25 575.91
v 4885.52 1754.39 581.415
v 4865.22 1736.47 586.08
v 4880.74 1717.37 592.186
v 4904.63 1714.98 593.358
v 4920.16 1695.87 598.816
v 4924.94 1649.29 612.134
v 4936.88 1761.55 581.511
v 5056.23 2599.51 618.398
v 5064.77 2581.5 621.689
v 4821.03 1821.26 560.23
v 4754.14 1896.51 544.587
v 4772.06 1853.52 554.156
v 4793.56 1723.33 584.055
v 4694.43 1726.92 572.526
v 4670.54 1729.31 570.573
v 4675.32 1790.21 572.438
v 4696.82 1800.96 570.227
v 4703.98 1849.94 558.963
v 4719.51 1896.51 547.24
v 4658.6 1772.31 567.685
v 4701.6 1915.62 544.447
v 4677.71 1919.21 544.611
v 4655.02 1906.06 542.788
v 4635.91 1860.69 543.675
v 4651.44 1748.42 564.948
v 4616.79 1845.16 538.279
v 4591.71 1889.35 518.061
v 4569.03 1903.68 505.091
v 4467.36 1546.77 534.436
v 5136.8 2646.91 626.21
v 5130.17 2628.9 621.672
v 5134.91 2610.89 618.299
v 5175.67 2653.54 632.483
v 5155.77 2656.38 630.848
v 5161.46 2623.2 621.703
v 5177.57 2634.58 626.38
v 5135.86 2527.47 621.859
v 5083.72 2574.87 621.559
v 5125.44 2543.58 621.659
v 5125.44 2563.49 619.38
v 5106.48 2569.17 620.397
v 5095.1 2553.06 624.246
v 4523.49 1412.69 558.514
v 5082.78 2481.96 639.407
v 5096.05 2496.18 633.762
v 4470.41 1397.52 547.849
v 4487.46 1346.34 567.832
v 4496.95 1301.79 577.345
v 4558.56 1251.54 591.213
v 5067.61 2494.29 640.789
v 4577.52 1251.54 593.84
v 5048.65 2487.66 646.54
v 5090.36 2440.26 640.789
v 5061.92 2365.37 656.641
v 4540.55 1371.93 573.267
v 5083.72 2310.39 659.496
v 5054.34 2334.08 664.942
v 5065.71 2346.41 658.695
v 5041.07 2319.87 671.882
v 5081.83 2275.32 666.821
v 5061.92 2253.52 677.094
v 5080.88 2252.57 671.571
v 5046.76 2264.88 679.639
v 5008.84 2222.23 673.35
v 5020.21 2167.25 643.909
v 5016.42 2186.21 654.537
v 5001.25 2202.33 659.786
v 4998.41 2133.12 623.757
v 4949.12 2099.94 605.631
v 4938.69 2081.93 598.965
v 4952.9 2073.41 598.023
v 4937.74 2061.08 593.115
v 4988.92 2055.4 595.005
v 5025.89 2069.61 604.28
v 5063.82 2117.95 624.317
v 4619.23 1394.68 600.028
v 4616.38 1413.64 602.198
v 5082.78 2111.32 624.862
v 5043.91 2065.82 606.76
v 5028.74 2026.01 590.16
v 5024 2006.11 588.083
v 5064.77 1964.39 600.764
v 5045.81 1971.02 595.038
v 5051.5 1927.43 596.809
v 5100.79 1899.93 611.214
v 5092.25 1919.84 608.471
v 5101.74 1861.07 613.957
v 4598.38 1505.59 594.009
v 5059.08 1825.99 598.662
v 5078.98 1829.79 606.605
v 5029.69 1849.69 587.791
v 5009.79 1853.48 581.347
v 5003.15 1834.53 579.369
v 5104.57 1742.57 621.804
v 5042.01 1784.29 592.944
v 5120.69 1730.25 627.643
v 5152.92 1705.61 636.624
v 5179.46 1681.9 641.381
v 5173.78 1698.96 642.246
v 5161.46 1680.01 637.019
v 5127.33 1703.71 629.559
v 4893.88 1612.26 621.165
v 5075.19 1680.96 617.066
v 5036.32 1680.96 608.009
v 5017.37 1668.63 607.953
v 4988.92 1617.44 625.229
v 4913.09 1493.26 656.742
v 4871.19 1620.62 617.764
v 4663.78 1383.3 614.214
v 4702.66 1454.4 641.365
v 4738.67 1508.43 637.269
v 4706.44 1537.82 633.39
v 4680.85 1568.15 629.523
v 4665.69 1581.43 620.195
v 4721.61 1600.38 614.833
v 4799.2 1699.39 590.363
v -1342.29 -64.4674 474.65
v -1372.56 -71.8006 474.606
v -1389.76 -24.6533 467.801
v -1428.62 -31.9737 469.659
v -1429.57 -50.4538 471.686
v -1403.98 -59.937 472.787
v -1396.86 -79.3641 476.228
v -1415.98 -147.128 487.926
v -1314.4 -170.766 492.06
v -1370.07 -217.669 489.322
v -1363.89 -217.516 489.028
v -1387.78 -152.823 489.933
v -1378.75 -224.107 489.751
v -1387.33 -157.431 490.479
v -1414.39 -222.507 492.06
v -1402.55 -238.146 491.314
v -1427.49 -335.523 498.596
v -1445.93 -326.385 498.891
v -1438.66 -335.254 498.87
v -1414.39 -269.897 493.341
v -1445.21 -283.641 497.519
v -2067.86 -2888.56 408.128
v -2064.46 -2905.69 408.475
v -2062.32 -2905.69 408.628
v -2061.01 -2905.69 410.054
v -2087.87 -2786.45 408.151
v -2102.19 -2722.55 408.994
v -2061.01 -2905.69 410.054
v -2087.87 -2786.45 408.151
v -2025.76 -2736.89 405.664
v -1991.54 -2667.37 403.087
v -2023.67 -2668.21 406.799
v -1976.49 -2597.74 391.79
v -1989.85 -2598.11 394.22
v -1761.81 -2616.26 379.222
v -1676.72 -2633.28 387.379
v -1680.59 -2630.59 386.487
v -1745.09 -2625.51 383.213
v -1674.33 -2721.36 410.164
v -1745.09 -2625.51 383.213
v -1672.23 -2725.54 410.097
v -1625.06 -2727.63 402.997
v -1672.23 -2725.54 410.097
v -1739.13 -2905.69 424.232
v -1644.47 -2875.42 410.867
v -1739.13 -2905.69 424.232
v -1733.17 -2905.69 414.211
v -1733.17 -2905.69 414.211
v -1644.47 -2875.42 410.867
v -1659.42 -2905.69 411.718
v -1659.42 -2905.69 411.718
v -1659.15 -2905.69 411.67
v -1651.39 -2905.69 411.486
v -1643.57 -2890.06 411.066
v -1659.15 -2905.69 411.67
v -1643.57 -2890.06 411.066
v -1651.39 -2905.69 411.486
v -1638.83 -2905.69 413.307
v -2426.47 -2806.93 401.635
v -2426.47 -2806.93 401.635
v -2478.83 -2849.16 398.616
v -2531.44 -2905.69 399.492
v -2464.82 -2905.69 404.5
v -2478.83 -2849.16 398.616
v -2425.44 -2905.69 409.146
v -2464.82 -2905.69 404.5
v -2425.44 -2905.69 409.146
v -2116.53 -2904.47 412.745
v -2127.72 -2731.98 409.475
v -2139.33 -2730.07 409.75
v -2116.19 -2905.69 412.761
v -2139.33 -2730.07 409.75
v -2168.66 -2905.69 417.152
v -2168.66 -2905.69 417.152
v -2166.61 -2905.69 416.597
v -2118.23 -2905.69 412.907
v -2166.61 -2905.69 416.597
v -2116.53 -2904.47 412.745
v -2118.23 -2905.69 412.907
v 4432.27 1376.38 549.318
v 4811.47 1215.15 631.2
v 4815.06 1227.09 631.959
v 4801.92 1516.71 637.614
v 4324.78 1014.5 567.326
v 4231.62 742.103 546.688
v 4416.58 654.113 605.198
v 4434.06 671.135 601.991
v 4510.51 766.676 614.842
v 4498.56 782.201 614.185
v 4456.16 773.844 600.531
v 4384.5 838.938 593.171
v 4378.53 858.635 594.627
v 4389.2 878.14 601.512
v 4410.35 1064.12 606.576
v 4464.34 1105.86 627.835
v 4415.55 1148.86 587.373
v 5016.92 1600.95 634.117
v 4993.61 1536.42 655.539
v 4951.81 1442.07 679.94
v 4891.5 1421.77 667.132
v 4974.5 1184.69 685.633
v 5025.86 1185.29 710.546
v 5015.71 1198.43 703.521
v 5009.14 1159.61 694.233
v 5025.26 1091.54 708.644
v 5008.54 1145.28 691.827
v 4909.68 1050.13 694.589
v 5006.15 1088.55 697.285
v 4845.51 1078.99 660.646
v 4809.09 1078.39 656.582
v 4801.32 1043.17 670.773
v 4744 840.128 718.496
v 4772.06 920.747 710.402
v 4712.34 828.788 705.01
v 4728.65 729.739 716.287
v 4728.35 725.759 715.868
v 4732.78 719.321 718.084
v 4745.95 716.57 725.803
v 4741.05 724.377 723.259
v 4752.06 715.648 729.409
v 4750.99 704.181 728.218
v 4785.81 706.676 749.11
v 4772.58 711.975 741.39
v 4756.35 695.298 730.997
v 4806.58 717.721 761.828
v 4805.6 718.041 761.263
v 4815.04 694.838 766.157
v 4817.26 698.741 767.616
v 4816.27 693.238 766.833
v 4818.48 692.393 768.127
v 4832.25 692.7 776.437
v 4825.83 695.452 772.621
v 4832.57 673.72 776.185
v 4791.86 636.681 752.065
v 4803.18 660.563 757.922
v 4800.43 676.472 756.801
v 4772.58 636.374 740.285
v 4770.13 677.393 738.481
v 4772.26 647.393 738.507
v 4766.14 687.184 736.459
v 4746.86 637.602 724.323
v 4752.67 689.027 728.48
v 4709.52 647.099 699.967
v 4713.81 640.661 703.566
v 4692.99 655.968 690.315
v 4699.12 646.177 693.712
v 4696.35 678.315 693.878
v 4717.47 680.145 706.74
v 4717.47 695.452 707.67
v 4674.63 750.55 685.936
v 4698.61 779.82 699.71
v 4642.15 844.71 676.241
v 4651.06 800.132 676.979
v 4599.15 954.588 665.852
v 4572.88 892.488 660.489
v 4663.65 937.872 671.853
v 4424.51 1177.53 581.381
v 4551.12 1221.71 593.21
v 4651.71 1131.35 630.936
v 4509.91 1238.44 585.835
v 2271.65 128.295 507.759
v 2227.75 157.577 514.345
v 2220.46 153.251 515.74
v 2375.84 20.4977 487.734
v 2387.32 65.572 487.419
v 2223.96 66.5063 519.708
v 2353.25 11.2704 491.868
v 2170.22 -65.1713 556.548
v 2218.88 63.5116 521.523
v 2165.14 -75.32 555.396
v 2159.41 6.57357 557.045
v 2133.79 -34.8532 583.026
v 2112.53 -57.0063 588.995
v 2069.32 -70.2776 589
v 2140.36 -143.404 540.928
v 2005.14 -141.203 551.803
v 1978.32 -172.66 549.418
v 2105.64 -269.359 520.447
v 2109.86 -274.005 518.884
v 2254.42 -162.806 507.348
v 2215.9 -164.009 516.762
v 2193.8 -178.636 520.433
v 2330.26 -222.225 486.07
v 1998.53 -449.446 513.104
v 2005.16 -469.141 507.847
v 2122.15 -550.968 461.747
v 2464.13 349.255 512.44
v 2484.93 423.011 476.737
v 2506.72 533.781 487.832
v 2519.26 599.169 480.512
v 2513.88 607.833 479.485
v 2403.11 632.611 481.983
v 2393.26 626.045 480.645
v 2299.8 378.819 511.312
v 2232.88 206.376 510.698
v -1406.35 1972.35 570.469
v -1477.11 1908.75 575.027
v -1446.96 1881.13 568.01
v -1382.76 1944.88 561.535
v -1375.25 1932.72 557.667
v -1380.22 1936.22 559.253
v -1433.22 1885.31 565.19
v -1432.92 1872.63 565.002
v -1425.46 1865.91 563.376
v -1265.26 1950.03 543.44
v -1293.76 1988.46 554.839
v -1300.73 1987.61 555.897
v -1286.15 1988.03 553.428
v -4946.96 3143.06 606.302
v -4946.96 3143.48 607.272
v -4896.26 3143.34 605.777
v -4946.96 3485.03 638.177
v -4946.96 3485.02 637.99
v -4897.95 3495.5 643.552
v -4906.81 3497.61 643.711
v -4946.96 3485.02 637.99
v -4880.22 3451.79 640.245
v -4946.96 3448.27 633.065
v -4880 3403.66 636.73
v -4880.22 3451.79 640.245
v -4894.99 3392.89 636.524
v -4946.96 3448.27 633.065
v -4946.96 3419.52 638.537
v -4946.96 3419.52 638.537
v -4777.81 3540.47 637.77
v -4878.95 3506.48 644.164
v -4882.74 3499.94 643.72
v -4873.46 3467 641.184
v -4859.52 3460.87 640.462
v -4881.06 3229.9 617.717
v -4777.6 3226.94 618.903
v -4871.13 3396.27 635.679
v -4856.78 3399.01 635.244
v -4828.7 3543.64 639.776
v -4946.96 3512.09 628.019
v -4946.96 3501.36 631.053
v -4828.7 3594.73 631.344
v -4929.19 3693.49 628.676
v -4946.96 3528.35 635.137
v -4931.7 3693.49 618.93
v -4828.7 3594.73 631.344
v -4946.96 3571.5 628.015
v -4828.7 3543.64 639.776
v -4946.96 3528.35 635.137
v -4946.96 3693.49 618.397
v -4946.96 3685.7 619.092
v -4931.7 3693.49 618.93
v -4946.96 3685.7 619.092
v -4946.96 3571.5 628.015
v -2573.2 -282.873 449.445
v -2627.04 -427.921 442.264
v -2654.59 -462.794 442.685
v -2471.7 -49.7755 391.822
v -2512.82 -158.096 449.69
v -2637.44 -470.587 454.202
v -2594.82 -460.721 471.248
v -2590.14 -450.841 471.049
v -2564.15 -445.121 484.298
v -2558.43 -455.512 488.841
v -2520.99 -448.243 499.019
v -2431.92 -69.6377 427.208
v -2515.79 -459.159 501.132
v -2504.88 -459.159 503.962
v -2425.25 -22.2473 410.499
v -2417.95 -48.1118 420.821
v -2500.21 -502.594 508.484
v -2372 30.7616 436.75
v -2390.29 48.4484 428.965
v -2313.3 -67.5261 454.125
v -2290.5 -209.402 482.451
v -2285.44 -199.266 479.904
v -2321.33 -102.144 467.402
v -2278.36 -455.717 520.171
v -2160.45 -393.086 511.335
v 2600.94 2490.1 457.139
v 2577.73 2561.44 443.802
v 2666.93 2574.42 474.188
v 2779.62 2703.85 521.356
v 2735.45 2705.41 504.708
v 2783.91 2748.33 516.432
v 2827.69 2766.58 520.954
v 2822.01 2764.89 520.21
v -467.155 2335.72 512.423
v -443.121 2045.06 475.922
v -344.102 2438.8 500.374
v -360.566 2335.98 491.229
v -41.8477 1855.22 467.479
v -27.3539 1837.96 468.525
v 143.51 1835.57 441.065
v 177.24 1869.62 428.693
v 2117.37 57.3941 555.175
v 2061.31 72.0222 548.961
v 2049.58 25.3737 566.232
v 2081.84 0.660942 587.982
v 2085.42 2.60622 588.315
v -3982.51 1108.25 468.011
v -3991.77 1099.29 465.504
v -4005.21 1053.61 456.844
v -3890.37 999.563 457.495
v -3861.71 1007.65 462.194
v -3850.23 1024.19 466.337
v -4051.04 918.956 433.943
v -4113.15 799.518 431.659
v -4087.47 785.49 436.623
v -4020.89 793.553 442.369
v -3997.3 892.078 440.582
v -3964.19 804.791 448.423
v -3970.37 691.19 447.343
v -3837.55 710.849 446.78
v -3818.15 848.191 449.057
v -3857.17 1001.78 461.744
v -3935.09 980.876 451.124
v -3938.34 929.323 451.47
v -3885.71 934.545 454.7
v -3881.45 854.155 451.795
v -3824.22 863.268 450.04
v -3806 958.325 461.57
v -3843.79 1019.54 466.3
v -4007.6 1020.19 451.102
v -4043.03 937.847 437.463
v -3993.86 916.69 442.644
v -3958.42 999.038 450.905
v -4168.49 1153.44 487.137
v -4178.23 1149.76 487.456
v -4162.16 1037.54 449.698
v -4144.43 1039.01 449.588
v -4146.54 1009.88 443.201
v -4143.16 1004.17 441.955
v -4062.93 960.68 438.148
v -4023.66 1035.43 452.498
v -4017.11 1051.26 455.56
v -4089.54 1115.23 461.921
v -3237.85 288.502 435.163
v -3237.44 285.916 434.883
v -3193.66 288.642 427.037
v -3051.09 367.326 417.166
v -2968.68 423.011 404.171
v -2971.22 427.184 405.463
v -3093.94 352.25 420.74
v -3402.52 268.639 397.593
v -3487.91 265.363 417.417
v -3508.51 255.508 422.2
v -3497.77 194.589 407.99
v -3489.7 110.698 399.039
v -3483.43 84.7178 395.355
v -3209.93 273.425 428.989
v -3458.89 18.1941 398.461
v -3187.45 276.126 425.117
v -3438.62 25.3737 390.754
v -3431.78 21.9695 389.593
v -3164.95 282.384 421.404
v -2992.27 86.8039 376.298
v -3111.4 -61.8822 378.578
v -3217.49 -163.778 377.167
v -3973.57 -366.826 395.785
v -3979.81 -373.403 396.299
v -3945.14 -488.913 376.389
v -3736.63 -440.488 387.612
v -3578.53 -388.21 379.396
v -3470.73 -337.801 379.493
v -3468.9 -330.532 381.747
v -3601.95 -309.684 413.59
v -3921.15 -79.5048 416.562
v -3929.81 -81.2965 415.972
v -3936.38 -85.7758 415.109
v -3979.08 -338.377 397.696
v -3967.45 -348.512 395.797
v -3929.54 -338.069 391.559
v -3805.42 -237.954 423.6
v -3785.72 -220.178 427.75
v -3824.42 -150.264 422.11
v -3815.16 -188.491 422.781
v -3823.82 -178.931 421.569
v -3778.82 251.029 468.887
v -3816.12 190.199 456.707
v -3778.53 191.453 458.489
v -3999.87 248.904 434.603
v -4223.14 229.553 410.78
v -3962.53 202.882 443.255
v -4175.62 474.025 421.368
v -4194.33 454.393 419.552
v -3982.52 288.783 436.965
v -3785.61 684.842 443.306
v -3803.2 674.091 444.618
v -3820.83 541.243 438.299
v -3807.7 526.32 436.76
v -3718.72 525.718 432.734
v -3687.97 521.84 432.325
v -3595.61 836.57 438.261
v -3708.14 700.776 438.997
v -3554.75 800.644 443.22
v -3589.38 433.288 435.804
v -3579.25 397.632 438.91
v -3389.61 473.987 449.621
v -3797.49 714.407 444.019
v -3784.45 699.867 443.164
v -3595.54 853.439 439.471
v -3596.12 868.106 440.571
v -3499.56 668.14 459.225
v -3520.9 673.221 453.154
v -3539.27 663.366 447.564
v -3538.07 652.718 447.796
v -3402.89 511.576 461.881
v -3359.05 505.561 459.395
v -3204.87 605.734 458.613
v -3227.25 727.269 462.83
v -3319.22 741.898 476.855
v -3329.97 769.364 476.381
v -3386.1 772.948 485.218
v 1785.03 522.275 373.504
v 1532.12 440.967 418.63
v 1577.05 367.825 502.801
v 1805.29 451.283 457.92
v -2477.81 2256.9 627.728
v -2481.99 2252.42 627.339
v -2481.99 2245.56 625.36
v -2036.8 2044.31 623.221
v -2032.03 2046.69 623.289
v -2035.31 2145.23 637.461
v -2039.49 2147.62 638.46
v -2154.32 2144.27 649.766
v -2158.54 2148.92 650.884
v -2206.1 2219.57 665.601
v -2264.03 2292.14 656.371
v -2159.52 2374.54 660.011
v -2246.71 2313.63 657.327
v -2250.89 2306.46 657.356
v -2249.1 2299 658.392
v -2153.85 2170.32 653.601
v -2144.9 2156.28 650.617
v -2035.31 2158.07 639.665
v -2049.05 2392.45 661.478
v -2052.33 2394.84 661.211
v -2196.79 2974.62 627.011
v -2066.28 2743.04 637
v -2062.02 2971.22 637.408
v -2196.16 3089.38 620.964
v -2322.33 3078.91 614.528
v -2420.19 2353.94 630.123
v -2417.8 2350.35 630.331
v -2289.7 2364.39 645.665
v -2293.87 2484.61 656.262
v -2156.22 2556.4 650.184
v -2385.92 2553.44 654.578
v -2151.57 2395.51 660.559
v -2261.78 2319.52 654.202
v -2055.92 2679.4 636.721
v -2135.93 2679.4 638.31
v -2135.04 2578.17 645.271
v -2126.97 2571 645.557
v -2053.52 2572.8 639.36
v -2147.78 2637.9 641.224
v -2356.88 2630.79 653.173
v -2385.51 2558.51 655.381
v -2146.51 2562.31 648.464
v -2445.78 2424.96 633.106
v -2438.4 2446.2 635.493
v -2512.74 2514.87 633.828
v -2583.81 2516.06 627.796
v -2590.97 2510.1 626.882
v -2594.45 2446.44 623.426
v -2614.26 2413.06 621.822
v -2541.11 2311.25 623.142
v -2447.35 2328.57 629.266
v -2430.34 2413.96 633.38
v -2434.82 2421.12 633.673
v -2603.89 2530.48 628.261
v -2493.6 2534.02 638.4
v -2496.14 2604.53 644.685
v -2692.7 2610.24 628.88
v -2629.19 2410.37 621.052
v -2700.85 2510.89 622.319
v -2704.43 2507.12 621.907
v -2667.41 2295.72 615.487
v -2618.38 2382.21 620.945
v -2612.05 2381.58 621.293
v -2529.47 2267.65 622.753
v -2531.25 2258.69 622.44
v -2360.47 2683.88 643.412
v -2582.61 2688.65 636.403
v -2587.99 2682.67 635.904
v -2586.2 2621.17 635.604
v -2407.34 2576.69 655.153
v -2598.96 2688.36 635.082
v -2692.94 2688.2 627.706
v -2697.13 2619.73 628.459
v -2598.96 2619.73 634.771
v -2563.5 2920.34 613.79
v -2336.29 2916.77 627.957
v -2332.1 3072.04 613.639
v -2573.06 3091.13 616.905
v -2571.27 2977.97 610.06
v -2564.4 2976.49 611.039
v -2342.55 2908.11 628.365
v -2525.59 2911.99 617.601
v -2524.98 2822.42 623.196
v -2541 2806.19 624.558
v -2545.59 2717.61 638.021
v -2339.27 2905.42 628.478
v -2347.93 2717.61 637.848
v -2693.33 2816.72 607.736
v -2685.31 2715.38 627.198
v -2566.03 2716.43 637.054
v -2558.64 2722.56 636.677
v -2549.76 2811.65 622.982
v -2551.88 2814.61 622.337
v -2700.94 3093.94 599.849
v -2708.75 2997.44 593.556
v -2589.04 2988.79 607.6
v -2585.02 3088.02 614.537
v -4044.92 -2109.86 679.253
v -4256.37 -2182.87 691.013
v -4336.05 -2225.65 689.828
v -4338.4 -2242.3 685.443
v -4015.45 -2094.52 673.68
v -4225.11 -2346.04 640.964
v -4165.7 -2440.69 608.496
v -4002.67 -2216.15 624.276
v -3971.51 -2050.23 658.921
v -3925.52 -2055.78 644.577
v -3951.8 -2020.57 650.014
v -3892.2 -2135.54 616.268
v -3971.25 -2197.61 621.672
v -3705.07 -2619.23 523.374
v -3952.51 -2449.35 519.805
v -3965.35 -2449.35 525.274
v -3998.19 -2475.93 557.218
v -4040.89 -2447.26 557.119
v -4054.02 -2445.46 563.195
v -3951.24 -2568.13 609.287
v -3754.48 -2694.82 532.461
v -4078.8 -2483.1 589.397
v 4961.37 -2539.42 871.365
v 4966.86 -2581.65 874.734
v 4992.42 -2478.8 871.031
v 5057.51 -2481.89 878.857
v 4996.59 -2485.48 871.027
v 5065.87 -2481.3 880.245
v 5080.8 -2447.26 878.949
v 5080.8 -2452.04 879.174
v 5080.8 -2456.21 879.534
v 4973.2 -2668.64 889.881
v 4945.33 -2690.18 890.389
v 4938.68 -2716.88 890.197
v 4961.38 -2750.65 891.336
v 4971.51 -2671.17 890.26
v 5150.66 -2450.84 888.239
v 5144.09 -2461.59 889.802
v 5163.21 -2524.3 908.349
v 5039 -2603.72 887.771
v 4815.28 -2717.2 884.183
v 4887.06 -2666.53 886.314
v 4898.46 -2667.8 886.899
v 4939 -2685.53 890.134
v 4576.52 -2619.98 875.307
v 4551.64 -2713.94 875.621
v 4558.54 -2722.09 875.974
v 4713.99 -2732.39 876.674
v 4721.11 -2666.53 878.926
v 4586.4 -2490.44 880.061
v 4612.49 -2501.43 881.149
v 4613.83 -2497.57 881.53
v 4629.12 -2504.26 881.985
v 4658.74 -2450.75 889.016
v 4672.13 -2368.83 887.774
v 4721.8 -2489.46 881.632
v 4761.22 -2416.97 882.113
v 4463.53 -2325.34 907.314
v 4394.7 -2432.17 914.375
v 4420.04 -2547.87 903.856
v 4393.86 -2448.22 910.341
v 4378.66 -2499.73 917.891
v 4387.1 -2536.89 916.178
v 4365.99 -2542.8 924.565
v 4314.47 -2484.53 935.886
v 4328.83 -2474.4 934.814
v 4830.47 -2159.18 879.129
v 4810.76 -2079.35 883.438
v 4790.73 -2347.8 882.913
v 4805.56 -2341.55 882.674
v 4864.68 -2191.69 877.472
v 4700.55 -2307.31 888.304
v 4810.62 -2052.98 883.659
v 4687.33 -2014.56 898.449
v 4675.5 -2022.16 900.799
v 4670.02 -2035.67 903.401
v 4674.66 -2050.03 904.727
v 4637.92 -2150.95 912.427
v 4528.56 -2195.28 908.473
v 5196.15 -1022.67 973.857
v 5321.95 -1027.11 936.505
v 5226.97 -604.64 944.082
v 5321.95 -711.437 920.464
v 5158.56 -605.907 972.151
v 5151.82 -617.719 973.129
v 5158.56 -605.907 972.151
v 5199.95 -980.018 963.098
v 5321.95 -1017.99 934.558
v 5321.95 -1017.99 934.558
v 5199.95 -980.018 963.098
v 5186.02 -881.634 970.849
v 5215.15 -783.673 964.799
v 5212.62 -796.342 965.709
v 5233.3 -762.98 957.716
v 5154.35 -996.91 981.61
v 5109.58 -1000.29 997.375
v 5095.97 -1039.16 1006.22
v 5118.46 -1105.43 1001.26
v 5270.89 -1037.45 954.048
v 5251.05 -1162.01 966.601
v 5281.03 -1206.35 953.81
v 5292 -1185.66 956.777
v 5181.12 -1348.18 926.883
v 5099.03 -1146.81 1001.15
v 5088.56 -1394.47 920.572
v 5080.45 -1151.88 1004.14
v 5000.48 -1328.18 954.003
v 5017.65 -1200.53 1005.14
v 4995.36 -1239.06 989.353
v 4979.44 -1231.64 992.365
v 4938.64 -1309.34 972.665
v 4944.49 -1324.16 966.898
v 4906.8 -2089.75 878.21
v 4901.42 -2061.85 879.107
v 4841.45 -1949.53 885.28
v 5167.38 -1545.54 889.154
v 5181.12 -1548.53 888.125
v 4977.85 -1998.93 881.944
v 5019.23 -2046.23 882.1
v 5061.87 -2007.8 889.863
v 5129.13 -2012.04 901.261
v 5148.22 -1998.31 903.089
v 5178.41 -1995.35 907.264
v 5274.87 -1473.29 897.584
v 5289.8 -1479.25 897.125
v 5289.21 -1475.08 897.47
v 5274.87 -1473.29 897.584
v 5321.95 -1536.25 895.911
v 5289.8 -1479.25 897.125
v 5321.95 -1537.14 896.598
v 5321.95 -1536.25 895.911
v 5178.41 -1995.35 907.264
v 5321.95 -1537.14 896.598
v 5240.24 -1994.61 922.718
v 5240.24 -2036.41 928.425
v 5240.24 -1994.61 922.718
v 5265.32 -2050.14 936.784
v 5275.47 -2062.39 941.06
v 5288.61 -2117.92 950.315
v 5288.61 -2117.92 950.315
v 5321.95 -2233.98 961.715
v 5297.87 -2225.42 955.166
v 5294.59 -2142.71 952.607
v 5294.59 -2142.71 952.607
v 4841.45 -1278.98 992.728
v 4832.59 -1281.09 994.728
v 4812.12 -1305.4 999.108
v 4817.8 -1319.94 994.966
v 4805.14 -1340.21 993.816
v 4796.7 -1359.63 992.448
v 4795.01 -1368.92 991.314
v 4816.96 -1374.84 983.45
v 4751.09 -1510.38 989.391
v 4729.13 -1501.51 1000.33
v 4723.22 -1523.47 1001.46
v 4653.13 -1590.19 991.619
v 4614.28 -1642.55 957.056
v 4630.32 -1667.04 956.267
v 4642.14 -1700.82 951.521
v 5075.42 -1453.58 907.712
v 4575.43 -1856.21 943.97
v 4561.91 -1859.58 946.745
v 4570 -1914.59 938.768
v 4548.4 -1879.01 945.862
v 4550.09 -1884.08 945.362
v 4436.93 -2564.76 897.339
v 4442.84 -2573.2 893.866
v 4446.22 -2579.11 892.224
v 4506.32 -2895.73 875.875
v 4508.43 -2905.69 875.944
v 4508.91 -2905.69 875.821
v 4507.68 -2905.69 875.627
v 4503.9 -2905.69 876.797
v 4503.82 -2905.69 876.742
v 4338.12 -2574.89 932.83
v 4338.12 -2574.89 932.83
v 4506.32 -2895.73 875.875
v 4503.82 -2905.69 876.742
v 4322.92 -2561.38 940.861
v 4327.53 -2905.69 938.794
v 4318.69 -2557.16 939.721
v 4301.81 -2592.62 928.969
v 4298.43 -2610.36 924.562
v 4298.43 -2610.36 924.562
v 4310.1 -2905.69 927.703
v 4278.16 -2617.96 920.243
v 4268.87 -2608.67 921.463
v 4310.07 -2905.69 927.531
v 4310.1 -2905.69 927.703
v 4254.52 -2606.14 920.393
v 4215.67 -2552.09 920.236
v 4217.36 -2538.58 923.644
v 4222.42 -2501.42 931.346
v 4209.76 -2490.44 932.715
v 4192.02 -2488.75 932.808
v 4160.77 -2485.37 933.05
v 4157.39 -2491.28 930.964
v 4178.51 -2548.71 914.479
v 4181.88 -2552.09 914.341
v 4179.35 -2576.58 911.658
v 4175.12 -2634 911.63
v 4181.04 -2644.14 911.49
v 4191.18 -2680.46 911.815
v 4198.78 -2671.17 911.012
v 4203.84 -2670.33 911.167
v 4230.86 -2697.35 914.006
v 4238.46 -2706.64 915.432
v 4219.04 -2572.36 919.023
v 4239.31 -2713.4 916.804
v 4260.43 -2734.51 918.928
v 4260.43 -2761.53 923.98
v 4243.53 -2780.11 930.436
v 4236.78 -2807.98 940.88
v 4241 -2812.2 941.574
v 4257.89 -2800.38 933.413
v 4274.78 -2802.07 930.223
v 4284.92 -2815.58 931.343
v 4284.92 -2821.49 932.764
v 4284.07 -2839.23 937.95
v 4294.2 -2845.14 936.288
v 4296.74 -2850.2 936.134
v 4300.96 -2860.34 937.385
v 4310.07 -2905.69 927.531
v 4302.65 -2865.41 938.1
v 4291.68 -2889.89 948.26
v 4286.36 -2905.69 949.794
v 4284.92 -2885.67 950.209
v 4284.92 -2885.67 950.209
v 4257.04 -2862.87 956.243
v 4230.03 -2858.65 965.419
v 4223.27 -2854.43 965.984
v 4215.67 -2854.43 968.822
v 4200.46 -2880.61 988.473
v 4250.29 -2894.12 970.703
v 4277.31 -2905.1 959.6
v 4277.31 -2905.69 959.665
v 4279.11 -2905.69 957.961
v 4279.11 -2905.69 957.961
v 4286.36 -2905.69 949.794
v 5211.83 -2290.93 919.639
v 5004.15 -2284.45 874.384
v 4992.42 -2395.91 872.044
v 4994.2 -2399.49 871.858
v 4997.2 -2401.28 871.689
v 5213.52 -2265.35 923.352
v 5257.56 -2278.26 935.651
v 5250.39 -2262.73 935.356
v 5266.51 -2352.91 927.486
v 5248 -2363.06 920.113
v 5271.29 -2393.51 920.134
v 5290.4 -2391.12 925.45
v 5301.74 -2385.75 929.702
v 5294.59 -2389.33 926.969
v 5317.87 -2360.08 940.674
v 5316.67 -2367.83 938.2
v 5319.07 -2322.45 949.373
v 5315.48 -2326.03 947.783
v 5321.95 -2319.82 950.62
v 5321.95 -2320.53 950.529
v 5319.07 -2322.45 949.373
v 5321.95 -2323.23 950.177
v 5321.95 -2320.53 950.529
v 5317.87 -2360.08 940.674
v 5321.95 -2354.54 943.275
v 5321.95 -2323.23 950.177
v 5321.95 -2357.49 942.62
v 5321.95 -2354.54 943.275
v 5321.95 -2357.49 942.62
v 5321.95 -2363.34 941.032
v 5316.67 -2367.83 938.2
v 5321.95 -2365.16 940.583
v 5321.95 -2363.34 941.032
v 5321.95 -2365.16 940.583
v 5321.95 -2372.11 939.265
v 5305.33 -2383.37 931.224
v 5321.95 -2372.12 939.425
v 5321.95 -2372.11 939.265
v 5301.74 -2385.75 929.702
v 5321.95 -2372.09 939.594
v 5321.95 -2372.12 939.425
v 5321.95 -2372.09 939.594
v 5321.95 -2379.84 938.035
v 5321.95 -2379.84 938.035
v 5321.95 -2380.9 938.19
v 5294.59 -2389.33 926.969
v 5321.95 -2381.98 938.157
v 5321.95 -2380.9 938.19
v 5321.95 -2381.98 938.157
v 5321.95 -2389.08 944.402
v 5150.66 -2450.84 888.239
v 5031.83 -2760.77 899.036
v 5111.25 -2791.82 919.401
v 5095.12 -2767.34 916.326
v 5092.74 -2763.76 915.754
v 5092.14 -2733.31 916.814
v 5097.52 -2721.36 918.923
v 5092.14 -2694.49 918.412
v 5101.1 -2680.16 921.874
v 5098.71 -2647.91 915.346
v 5067.66 -2625.82 901.071
v 5083.78 -2592.97 899.894
v 5099.91 -2589.99 904.378
v 5135.14 -2613.28 920.131
v 5129.77 -2619.84 919.754
v 5127.97 -2643.13 923.854
v 5144.09 -2661.04 932.734
v 5156.64 -2649.7 934.492
v 5179.33 -2641.94 940.21
v 5191.27 -2616.86 938.222
v 5206.8 -2648.5 949.078
v 5184.1 -2675.97 948.961
v 5185.89 -2679.56 949.721
v 5199.03 -2619.84 940.811
v 5262.34 -2684.34 970.147
v 5271.29 -2699.86 971.57
v 5264.13 -2732.11 967.211
v 5270.1 -2739.87 968.386
v 5270.7 -2695.68 971.7
v 5282.64 -2742.26 971.878
v 5287.42 -2760.77 972.07
v 5281.44 -2791.82 968.211
v 5303.54 -2822.29 971.831
v 5320.26 -2819.89 977.314
v 5320.26 -2803.77 979.002
v 5270.7 -2695.68 971.7
v 5321.95 -2784.83 981.23
v 5321.95 -2784.83 981.23
v 5321.95 -2773.03 982.032
v 5321.95 -2752.79 982.819
v 5321.95 -2753.22 982.795
v 5314.88 -2751.81 980.818
v 5321.95 -2753.22 982.795
v 5314.88 -2751.81 980.818
v 5301.74 -2741.06 977.52
v 5321.95 -2772.42 981.849
v 5321.95 -2773.03 982.032
v 5300.55 -2735.69 977.553
v 5289.8 -2690.3 977.282
v 5285.62 -2687.92 976.314
v 5299.36 -2664.62 977.167
v 5307.72 -2667.62 980.262
v 5307.72 -2667.62 980.262
v 5317.27 -2679.56 985.541
v 5321.95 -2679.47 986.796
v 5321.95 -2679.56 986.814
v 5321.95 -2679.47 986.796
v 5321.95 -2663.16 982.758
v 5321.95 -2663.16 982.758
v 5191.27 -2616.86 938.222
v 5321.95 -2644.59 978.158
v 5321.95 -2644.59 978.158
v 5321.95 -2637.35 980.233
v 5321.95 -2557.29 953.045
v 5321.95 -2555.2 952.48
v 5312.5 -2547.58 948.018
v 5321.95 -2574.38 957.866
v 5321.95 -2390.39 937.777
v 5321.95 -2389.08 944.402
v 5321.95 -2404.58 931.802
v 5321.95 -2557.29 953.045
v 5312.5 -2547.58 948.018
v 5321.95 -2574.38 957.866
v 5277.85 -2550.57 941.555
v 5216.35 -2592.37 938.808
v 5321.95 -2480.85 928.426
v 5320.26 -2478.31 927.277
v 5321.95 -2470.19 924.946
v 5319.67 -2474.14 925.787
v 5209.18 -2588.79 936.335
v 5173.36 -2560.73 921.076
v 5321.95 -2413.83 927.329
v 5321.95 -2413.42 927.426
v 5311.9 -2412.03 925.472
v 5177.53 -2541.02 916.63
v 5321.95 -2413.42 927.426
v 5321.95 -2408.13 928.977
v 5311.9 -2412.03 925.472
v 5310.1 -2415.61 924.142
v 5316.67 -2446.67 917.488
v 5316.08 -2455.62 919.143
v 5301.15 -2456.81 916.615
v 5296.97 -2459.21 916.569
v 5295.18 -2462.19 917.169
v 5303.54 -2478.91 924.173
v 5275.47 -2504.59 926.689
v 5268.3 -2511.16 927.272
v 5255.77 -2499.22 921.028
v 5251.58 -2466.37 910.08
v 5217.54 -2456.21 900.456
v 5213.37 -2449.05 897.575
v 5194.85 -2518.32 914.36
v 5194.25 -2439.5 895.15
v 5321.95 -2408.13 928.977
v 5321.95 -2404.67 931.008
v 5194.25 -2439.5 895.15
v 5321.95 -2404.58 931.802
v 5175.74 -2466.96 895.832
v 3376.22 -2887.36 628.949
v 3619.44 -2402.61 585.664
v 3610.99 -2412.75 589.322
v 3595.78 -2427.95 594.022
v 3470.07 -2592.64 623.103
v 3426.89 -2649.21 632.35
v 3399.86 -2664.41 630.101
v 3394.8 -2688.06 629.961
v 3398.17 -2699.89 628.79
v 3433.64 -2706.64 637.256
v 3431.96 -2755.62 630.995
v 3401.55 -2779.27 616.734
v 3340.74 -2870.47 613.031
v 3368.41 -2905.69 630.758
v 3320.63 -2905.69 617.558
v 3324.42 -2905.69 619.078
v 3340.74 -2870.47 613.031
v 3324.42 -2905.69 619.078
v 3326.5 -2905.69 619.558
v 3333.28 -2905.69 619.025
v 3330.29 -2905.69 612.992
v 3333.28 -2905.69 619.025
v 3230.19 -2099.11 539.201
v 3233.17 -2089.55 537.716
v 3143.89 -2025.96 504.605
v 3130.76 -2038.5 504.199
v 3132.25 -2057.01 508.074
v 3163.9 -2067.16 517.173
v 3270.79 -2124.79 547.73
v 3177.63 -2080.3 522.952
v 3124.19 -2110.76 514.651
v 3107.47 -2151.96 509.248
v 3080 -2099.42 511.501
v 3099.11 -2066.26 506.949
v 3081.49 -2047.16 504.359
v 3063.28 -2063.58 506.276
v 3051.93 -2174.35 503.326
v 3060.59 -2202.72 500.982
v 3098.21 -2210.78 502.944
v 3123.89 -2163.6 509.635
v 3069.24 -2133.46 508.686
v 3089.26 -2157.64 507.518
v 3232.57 -2235.27 522.809
v 3260.04 -2220.94 533.568
v 3263.63 -2217.95 535.177
v 3313.79 -2189.89 545.846
v 3325.73 -2181.52 547.912
v 3351.4 -2183.91 548.808
v 3328.12 -2093.14 558.828
v 3363.95 -2039.39 548.828
v 3467.86 -2069.85 574.707
v 3536.83 -1558.23 521.191
v 3521.08 -1540.14 523.491
v 3498.01 -1553.01 531.926
v 3619.86 -1659.86 523.041
v 3504.16 -1579.63 532.602
v 3475.87 -1631.15 542.288
v 3699.67 -1633.26 521.022
v 3634.21 -1661.55 521.446
v 3706 -1607.92 515.944
v 3697.13 -1612.99 515.875
v 3514.3 -1781.46 548.156
v 3741.04 -1610.46 521.112
v 3754.56 -1633.26 526.781
v 3743.58 -1623.97 523.883
v 3543.43 -1819.47 545.904
v 3541.74 -1836.36 544.991
v 3585.65 -1840.16 548.767
v 3583.96 -1814.82 547.675
v 3592.41 -1806.8 547.565
v 3631.68 -1806.38 548.283
v 3826.34 -1704.2 547.153
v 3820.85 -1687.31 542.437
v 3803.96 -1701.25 539.167
v 3798.9 -1737.56 542.83
v 3785.38 -1702.09 538.183
v 3737.67 -1721.09 538.326
v 3624.5 -1938.97 567.892
v 3598.89 -1929.78 561.539
v 3555.63 -2026.87 573.66
v 3564.96 -2032.29 577.09
v 3531.61 -2096.48 592.345
v 3537.52 -2102.81 594.919
v 3560.74 -2162.35 580.889
v 3606.77 -2208.37 578.832
v 3636.33 -1912.37 565.258
v 3633.79 -2187.68 589.897
v 3670.95 -2198.24 606.722
v 3684.46 -2215.98 613.313
v 3695.03 -2216.4 619.648
v 3760.47 -2066.07 634.569
v 3754.14 -2047.49 628.159
v 3722.47 -2024.27 613.097
v 3725.85 -1735.03 539.763
v 3741.47 -1925.88 600.021
v 3734.71 -1921.24 597.179
v 3768.92 -1941.08 610.842
v 3786.65 -1936.86 615.598
v 3784.96 -1916.59 611.971
v 3753.71 -1899.7 599.525
v 3753.71 -1815.25 568.636
v 3756.67 -1795.82 559.801
v 3741.04 -1829.18 571.92
v 3568.56 -1488.21 502.443
v 3555.04 -1492.43 505.867
v 3551.67 -1499.4 507.633
v 3628.3 -1645.08 518.914
v 3660.44 -1630.94 516.173
v 3662.53 -1589.14 504.974
v 3695.97 -1585.85 509.39
v 3699.26 -1581.08 508.921
v 3701.95 -1531.21 497.904
v 3688.21 -1332.95 508.202
v 3633.27 -1315.93 501.823
v 3601.92 -1387.3 494.464
v 3633.88 -1409.37 489.258
v 3641.06 -1414.24 489.058
v 3701.05 -1338.62 509.805
v 3726.43 -1507.02 504.081
v 3628.79 -1504.34 487.573
v 3638.34 -1475.08 486.251
v 3646.13 -1457.85 488.534
v 3745.54 -1411.18 512.296
v 3739.26 -1507.62 506.814
v 3842.28 -1491.8 534.269
v 3840.19 -1412.38 539.811
v 3819.58 -1397.74 531.513
v 3724.04 -1520.16 503.041
v 3707.31 -1594.51 513.162
v 3858.7 -1533.31 536.174
v 3828.54 -1652.13 540.791
v 3798.99 -1655.13 534.117
v 3765.25 -1624.97 526.47
v 2378.84 97.0551 493.241
v 2382.69 98.3221 492.922
v 2211.63 355.577 509.293
v 2157.37 343.547 505.984
v 2186.71 268.383 504.783
v 2199.8 270.917 504.132
v 2220.08 287.811 501.529
v 2270.74 393.166 515.243
v 2249.42 413.643 520.838
v 1957.03 512.28 440.608
v 1985.99 411.966 537.98
v 2035.96 525.961 447.625
v 2105.22 480.361 486.267
v 2037.34 384.642 522.091
v 2123.19 420.324 518.753
v 2031.98 395.533 525.548
v 1949.82 570.513 390.885
v 1961.65 528.713 423.577
v 2074.81 524.694 458.958
v 2101.63 554.259 444.023
v 2197.9 481.205 488.006
v 2279.19 405.196 514.79
v 2295.23 399.501 512.057
v 2363.22 570.09 475.212
v 2353.93 577.27 474.511
v 2285.1 658.758 460.618
v 2341.05 575.786 473.101
v 2423.6 668.69 476.137
v 2352.87 740.055 417.24
v 2343.58 737.521 415.034
v 2185.23 492.814 481.623
v 2324.79 587.829 471.846
v 2276.86 651.796 465.264
v 2782.31 536.098 387.312
v 2685.72 578.717 440.141
v 2680.87 577.603 443.091
v 2678.26 574.762 444.992
v 2685.42 521.392 445.829
v 2686.01 510.642 444.51
v 2684.52 392.257 433.309
v 2766.15 250.658 395.672
v 2679.91 243.055 428.968
v 2565.48 661.51 465.683
v 2567.34 656.199 466.438
v 2683.19 627.236 433.957
v 2683.82 716.083 423.271
v 2597.36 739.095 453.742
v 2594.09 738.046 453.777
v -2829.84 1278.45 441.475
v -2823.27 1195.44 429.903
v -2602.37 1339.04 443.048
v -2134.74 1277.25 417.396
v -2162.81 1289.19 431.688
v -2444.67 1167.97 416.524
v -2128.77 1249.18 399.528
v -2605.3 803.703 363.208
v -2446.46 985.241 385.464
v -2764.49 2697.22 625.636
v -2771.87 2688.36 625.957
v -2771.87 2599.68 627.773
v -2776.73 2568.01 626.41
v -2771.87 2530.85 624.273
v -2723.95 2696.59 625.089
v -2722.47 2361.1 614.488
v -2717.4 2686.03 625.842
v -2732.4 2356.46 613.499
v -2792.56 2388.76 612.697
v -2970.13 2532.96 619.799
v -2969.92 2471.21 620.133
v -2885.88 2474.48 625.769
v -2897.49 2534.23 628.805
v -2781.18 2605.05 627.819
v -2786.25 2697.31 626.041
v -2992.27 2696.12 605.211
v -2993.16 2645.66 608.93
v -2900.9 2644.16 628.507
v -2900.31 2607.43 629.325
v 767.501 257.824 452.562
v 758.206 262.048 447.098
v 728.706 203.868 434.21
v 713.244 173.383 436.196
v 711.93 168.967 438.636
v 756.102 141.08 470.36
v 760.321 138.329 473.405
v 830.63 232.075 485.968
v 778.477 266.066 458.686
v 706.375 172.487 436.753
v 562.628 161.749 444.134
v 458.622 10.5921 523.714
v 459.88 5.74171 526.627
v 465.368 5.52414 527.479
v 611.475 279.581 439.787
v 524.49 198.288 442.396
v 642.934 268.383 433.322
v 368.465 11.232 510.028
v 404.354 -19.5981 527.437
v 427.375 -5.44365 526.183
v 523.856 121.013 465.636
v 548.769 155.644 447.065
v 506.434 185.822 449.335
v 454.27 -8.74551 533.952
v 476.957 -55.6241 561.068
v 597.883 -4.5606 546.931
v 576.989 43.214 509.813
v 371.704 294.683 482.602
v 359.314 289.845 481.673
v 347.971 265.055 486.144
v 571.612 342.689 438.811
v 596.993 302.081 445.547
v 397.831 142.347 494.418
v 426.195 124.724 486.928
v 490.994 214.298 458.02
v 326.475 241.468 488.583
v 261.676 206.837 489.487
v 343.496 83.822 495.082
v 358.424 100.536 496.239
v 256.01 198.48 491.982
v 263.468 161.148 497.666
v 251.524 143.537 498.01
v 293.035 82.3246 498.539
v 304.078 77.5509 497.269
v 353.348 338.811 454.944
v -1228.72 399.667 442.452
v -1196.97 393.87 444.695
v -1232.97 381.532 444.23
v -1236.68 363.243 446.16
v -1203.14 356.435 449.18
v -1199.44 374.711 446.952
v 1445.18 1359.59 462.434
v 1375.13 1335.44 462.722
v 1356.55 1329.94 459.11
v 1490.83 1264.28 412.964
v 1189.76 1223.75 376.193
v 1193.55 1342.4 454.265
v 1259.22 1331.43 459.821
v 1253.94 1335.64 462.596
v 1694.42 1392.8 432.515
v 1522.74 1388.92 458.591
v 1560.22 1282.78 419.341
v 1699.5 1374.29 430.933
v 1692.78 1693.51 448.862
v 1825 2142.07 379.612
v 1769.38 2129.73 403.429
v 1795.57 2002.04 410.565
v 1800.42 1991.04 408.711
v 1797.82 1989.81 409.227
v 1807.31 1939.92 403.852
v 1855.3 1713.75 422.49
v 1966.47 1733.47 390.434
v 1881.84 1985.06 389.757
v 1876.33 1988.43 391.013
v 1677.68 1988.28 443.967
v 1821.1 1813.65 425.13
v 1791.62 1823.95 427.257
v 1843.43 1701.49 424.388
v 1826.93 1788.82 429.164
v 1788.33 1800.67 434.184
v 1791.32 1808.43 431.553
v 1785.64 1811.42 431.705
v 1688.86 2101.16 436.269
v 1742.97 2156.79 406.668
v 5080.15 391.067 968.114
v 5104.5 367.211 964.088
v 5214.85 473.437 1007.41
v 5260.23 432.226 1020
v 5141.51 386.037 970.23
v 5306.82 428.054 1045.87
v 5164.45 366.558 969.959
v 5321.95 433.666 1054.23
v 5164.45 366.558 969.959
v 5321.95 478.566 1056.18
v 5321.95 478.567 1056.18
v 5314.08 483.688 1052.9
v 5309.2 486.862 1050.88
v 5307.12 491.866 1050.19
v 5133.28 250.99 945.859
v 5320.3 508.133 1056
v 5155.36 242.543 952.784
v 5321.95 508.562 1056.59
v 5320.3 508.133 1056
v 5152.54 214.848 946.538
v 5153.34 196.035 942.913
v 5162.81 186.974 946.509
v 5196.98 181.42 960.69
v 5162.81 186.974 946.509
v 5196.98 181.42 960.69
v 5321.95 402.973 1050.59
v 5321.95 330.751 1009.65
v 5202.75 166.177 956.418
v 5202.75 166.177 956.418
v 5321.95 321.012 1006.77
v 5321.95 330.751 1009.65
v 5321.95 302.45 1020.81
v 5321.95 321.012 1006.77
v 5177.42 132.826 929.76
v 5266.57 78.8947 957.205
v 5275.22 104.836 969.544
v 5317.83 109.162 993.239
v 5311.86 133.453 995.531
v 5308.36 136.127 994.399
v 5276.86 130.56 977.853
v 5255.66 185.118 984.924
v 5321.95 301.173 1037.21
v 5321.95 301.173 1037.21
v 5262.25 194.179 989.74
v 5294.98 204.674 1004.7
v 5301.15 192.733 1004.42
v 5305.27 190.481 1005.48
v 5320.09 294.03 1034.62
v 5312.89 190.686 1008.42
v 5321.95 193.183 1012.56
v 5312.89 190.686 1008.42
v 1137.24 1946.84 508.275
v 936.328 1947.44 502.624
v 924.06 1932.89 503.964
v 924.751 1763.63 508.99
v 939.378 1748.86 506.124
v 1146.81 1939.19 511.468
v 1133.78 1779.7 532.679
v 1106.57 1735.4 522.879
v 870.249 2307.74 501.406
v 878.353 2431.89 470.713
v 865.707 2468.74 470.773
v 836.274 2503.85 471.868
v 713.722 2512.13 518.201
v 718.153 2304.69 536.921
v 768.024 2303.84 525.744
v 768.458 2287.32 528.817
v 738.146 2284.49 535.597
v 734.661 2281.22 536.885
v 733.782 2147.78 525.59
v 887.726 2285.36 505.758
v 877.919 2304.55 500.586
v 896.453 2284.49 505.246
v 900.806 2140.8 494.149
v 737.712 2141.24 523.777
v 700.074 2496.21 525.393
v 567.638 2487.71 550.218
v 540.153 2468.31 552.556
v 527.507 2442.14 542.515
v 523.154 2406.38 532.564
v 520.238 1961.05 534.23
v 864.326 1962.01 501.202
v 858.95 2117.25 498.712
v 704.349 2115.94 527.098
v 1200.69 2523.18 414.052
v 1396.11 2358.2 385.342
v 1334.65 2470.39 382.659
v 1312 2528.29 392.245
v 1292.21 2532.77 398.826
v 1489.24 1980.17 484.475
v 1494.63 1973.97 485.033
v 1516.18 1972.93 482.979
v 1647.95 1975.62 452.455
v 1627.5 2100.16 458.061
v 1600.1 2103.37 467.464
v 1531.68 2099.87 466.832
v 1476.61 1948.26 490.593
v 1468.31 1854.83 496.645
v 1580.82 1843.64 465.92
v 1655.46 1875.18 445.597
v 1655.41 1942.47 446.053
v 1316.9 1988.95 483.223
v 1219.48 2049.79 457.362
v 1205.36 2050.92 460.337
v 1163.53 1965.47 498.771
v 1166.64 1960.91 500.546
v 1345.03 1970.5 493.391
v 1343.71 1974.16 491.797
v 1345.91 1965.81 495.421
v 1468.11 2306.92 402.42
v 1535.05 2358.01 399.585
v 1552.34 2341.89 409.021
v 1622.06 2323.09 402.091
v 1639.46 2332.2 390.541
v 1470.79 2141.99 437.863
v 1467.49 2131.43 440.17
v 1510.37 2111.95 458.838
v 1696.44 2181.36 418.035
v 1536.68 2117.97 465.328
v 1666.59 2079.01 446.357
v 1673.23 2079.01 444.061
v 1678.62 2160.85 430.442
v 1619.15 2119.21 459.471
v 1637.6 2117.13 452.986
v 1312.94 1916 520.887
v 1308.55 1908.81 525.005
v 1445.11 1857.94 503.007
v 1456.5 1952.21 493.094
v 1323.27 1431.74 488.282
v 1328.25 1368.75 471.304
v 1118.09 1692.72 514.732
v 1110.44 1689.85 513.981
v 976.859 1493.76 449.447
v 976.859 1484.09 448.132
v 1133.7 1378.9 451.225
v 1292.62 1580.08 497.047
v 1233.77 1481.67 499.46
v 651.762 1763.67 506.584
v 534.698 1762.6 483.254
v 768.825 1658.82 467.751
v 768.825 1648.46 464.741
v 523.511 1652.4 454.66
v 496.994 1558.54 422.821
v 877.195 1681.2 472.939
v 880.501 1723.67 489.009
v 897.077 1660.68 467.924
v 897.077 1627.53 456.177
v 868.902 1556.26 430.72
v 893.971 1561.86 432.775
v 861.655 1549.43 430.389
v 1195.89 -2540.39 483.143
v 1409.25 -2379 459.819
v 1030.78 -2242.36 374.816
v 1057.7 -2521.01 440.453
v 1196.25 -2514.14 477.875
v 1397.19 -2364.56 456.683
v 1414.5 -2349.02 458.786
v 1417.8 -2338.58 458.812
v 1424.65 -2275.87 437.811
v 1525.88 -2265.73 452.179
v 1514.27 -2175.86 397.92
v 1421.16 -2191.48 398.551
v 1238.95 -2211.75 405.499
v 1110.8 -2228.22 385.735
v 555.871 -414.458 562.883
v 553.066 -523.057 536.583
v 738.658 -558.659 531.631
v 739.114 -498.921 544.511
v 688.764 -493.277 546.162
v 692.616 -485.228 549.468
v 649.201 -478.842 549.333
v 655.168 -437.826 564.13
v -1822.61 -1420.11 393.136
v -1886.83 -1287.33 400.539
v -2316.73 -1498.73 399.096
v -2448.26 -1584.99 404.864
v -2516.2 -1627.91 403.572
v -2610.96 -1685.29 412.458
v -2700.89 -1750.78 405.866
v -2827.33 -1842.85 423.785
v -2862.32 -1875 412.903
v -2939.45 -1949.23 434.012
v -2921.33 -1966.56 413.953
v -2909.03 -1981.74 398.334
v -107.192 3549.98 564.711
v -211.57 3693.49 551.322
v -128.833 3518.18 568.394
v -107.192 3549.98 564.711
v -94.4178 3693.49 545.732
v -93.8448 3693.49 548.26
v -94.4178 3693.49 545.732
v -211.57 3693.49 551.322
v -2468.79 -948.831 633.718
v -2527.21 -939.515 654.836
v -2530.83 -907.331 649.05
v -2576.96 -912.475 652.818
v -2611.29 -883.49 639.096
v -2727.62 -921.753 639.856
v -2842.99 -1015.54 663.252
v -2845.35 -1024.41 669.159
v -2837.08 -1034.25 677.413
v -2516.28 -1036.86 626.755
v -2616.83 -1029.68 665.264
v -2610.13 -1024.76 663.683
v -2745.22 -978.021 661.646
v 1729.72 141.336 557.059
v 1730.92 115.958 553.371
v 1765.56 81.7615 542.058
v 1848.56 102.52 524.936
v 1864.69 220.761 521.545
v 2613.79 2267.23 379.341
v 2614.03 2264.96 378.319
v 2631.22 2256.59 380.749
v 2668.14 2238.86 388.045
v 2691.49 2215.78 388.391
v 2679.85 2174.81 369.476
v 2700.8 2181.43 379.35
v 2673.74 2201.5 376.804
v 2671.72 2210.39 379.288
v -4374.25 2210.66 595.548
v -4247.48 2135.05 585.24
v -4150.33 2270.47 570.457
v -4154.47 2281 570.957
v -4284.63 2334.8 602.01
v -4294.03 2335.17 602.544
v -4012.1 2218.2 544.933
v -4127.35 2271.35 563.775
v -4141.09 2268.37 567.928
v -4168.26 2231.04 574.369
v -4101.97 2183.27 550.353
v -4111.23 2172.22 551.766
v -4081.67 2147.44 544.63
v -4047.92 2111.01 538.983
v -4010.31 2208.35 543.814
v -4300.55 2338.86 602.891
v -4300.32 2346.92 602.326
v -4436.11 2393.85 617.537
v -4440.37 2389.1 617.747
v -4384.23 2209.55 594.828
v -4507.11 2296.26 605.549
v -4456.95 2260.43 594.283
v -4451.87 2265.81 595.472
v -4088.1 1766.48 566.03
v -4073.41 1763.27 563.489
v -3984.31 1906.13 543.748
v -4138.79 1893.86 550.918
v -4145.99 1860.41 556.118
v 414.696 1809.96 461.279
v 414.017 1809.27 460.928
v 407.193 1745.62 444.821
v 409.586 1744.86 445.301
v 415.386 1809.94 461.495
v 452.188 1777.27 464.284
v 453.413 1775.21 464.147
v 894.973 1772.96 508.289
v 900.383 1942.15 501.221
v 893.425 1949.29 499.896
v 735.808 1948.52 522.551
v 723.396 1936.28 525.953
v 723.496 1797.14 533.145
v 732.313 1780.95 525.502
v 886.891 1756.02 501.147
v 893.47 1766 505.721
v 613.902 1948.64 536.971
v 527.707 1948.42 537.831
v 519.637 1941.93 533.053
v 519.047 1794.96 486.346
v 528.52 1784.77 486.365
v 695.967 1948.51 527.696
v 704.616 1941.16 527.738
v 703.904 1793.73 531.929
v 695.978 1785.76 526.371
v 2638.15 3693.49 431.319
v 2639.55 3688.65 431.963
v 2639.55 3688.65 431.963
v 2652.11 3682.49 434.994
v 3979.7 3693.49 529.521
v 4088.41 3526.5 532.342
v 3911.74 3529.22 544.841
v 3821.15 3660.78 549.161
v 3828.98 3624.28 548.971
v 3851.48 3627.12 546.671
v 3828.47 3693.49 549.081
v 3812.54 3693.49 549.999
v 3828.47 3693.49 549.081
v 3475.07 3693.49 557.256
v 3536.67 3576.57 565.81
v 3836.03 3545.21 551.412
v 3804.63 3693.49 551.078
v 3536.67 3576.57 565.81
v 3484.62 3693.49 558.545
v 3780.18 3693.49 552.888
v 3484.62 3693.49 558.545
v 3836.03 3545.21 551.412
v 3780.18 3693.49 552.888
v 3645.77 3693.49 559.472
v 3645.77 3693.49 559.472
v 2623 3670.97 432.38
v 2629.56 3682.31 431.683
v 2618.93 3693.49 429.555
v 2626.6 3693.49 430.2
v 2515.81 3641.7 420.634
v 2524.47 3637.22 422.194
v 2623 3670.97 432.38
v 2618.93 3693.49 429.555
v 2606.25 3693.49 429.206
v 2495.76 3693.49 415.343
v 2487.33 3693.49 414.642
v 2497.88 3682.6 416.128
v 2606.25 3693.49 429.206
v 2497.88 3682.6 416.128
v 2495.76 3693.49 415.343
v 2294.21 3693.49 371.557
v 2291.6 3664.16 372.518
v 2320.17 3661.66 379.935
v 2291.6 3664.16 372.518
v 2320.17 3661.66 379.935
v 2365.32 3693.49 391.468
v 2475.36 3693.49 413.38
v 2472.2 3693.49 413.144
v 2491.73 3676.82 415.596
v 2504.89 3650.54 418.434
v 2498.94 3633.45 418.433
v 2451.4 3589.87 414.725
v 2460.26 3600.48 415.289
v 2504.89 3650.54 418.434
v 2472.2 3693.49 413.144
v 2365.32 3693.49 391.468
v 2322.83 3588.1 384.157
v 2322.83 3588.1 384.157
v 2460.26 3600.48 415.289
v 1312.87 -220.267 535.722
v 1242.56 -264.906 519.303
v 1241.21 -277.306 518.098
v 1341.23 -358.213 524.209
v 1402.44 -258.788 534.129
v 1326.83 -208.621 538.261
v -3340.72 -1440.01 649.224
v -3430.6 -1405.55 643.487
v -3455.95 -1440.39 634.743
v -3535.14 -1412.79 643.924
v -3589.9 -1430.44 642.132
v -3293.94 -1546.06 651.014
v -3310.58 -1514.34 646.932
v -3359.96 -1489.39 637.882
v -3765.61 -1713.47 636.941
v -3896.2 -1986.24 619.943
v -3341.72 -1659.96 638.126
v -3323.06 -1649.51 648.434
v -3337.97 -1717.36 631.618
v -3287.87 -1815.07 621.318
v -3295.5 -1757.64 647.883
v -3165.82 -1886.32 569.97
v -3199.22 -1824 609.25
v -3015.51 -1980.93 498.325
v -3106.34 -1874.21 552.243
v -3083.01 -2075.4 511.651
v -2989.88 -2051.84 450.811
v -3145.01 -2110.63 516.179
v -3118.48 -2108.63 508.123
v -3195.11 -2174.5 507.423
v -3180.27 -2173.9 500.456
v -3214.66 -2190.27 511.671
v -3204.02 -2190.03 505.825
v -3295.13 -2238.38 513.62
v -3250.3 -2244.47 501.946
v -3392.7 -2417.81 495.992
v -3354.28 -2369.11 480.183
v -3525.78 -2491.9 474.559
v -3437.28 -2520.02 443.861
v -3609.46 -2338.24 491.545
v -3580.65 -2378.02 484.688
v -3565.57 -2379.4 487.195
v -3706.86 -2336.18 501.232
v -3734.99 -2363.62 499.614
v -3974.59 -2411.12 538.774
v -2161.2 -695.948 554.003
v -2072.03 -714.069 548.002
v -1836.37 -680.72 528.219
v -1804.57 -631.77 524.445
v -1809.83 -633.242 523.022
v -1823.09 -677.674 527.331
v -1800.56 -713.749 534.505
v -1971.57 -618.96 505.531
v -1987.87 -572.595 504.308
v -1992.43 -574.208 504.434
v -1866.02 -582.027 499.602
v -1868.13 -619.126 499.601
v -1991.02 -604.269 504.795
v -1993.73 -625.192 509.143
v -1950.35 -615.057 502.846
v -1875.39 -631.847 505.207
v -1877.33 -639.448 508.438
v -1806.94 -625.935 522.593
v -1845.19 -508.365 509.235
v -1867.22 -515.596 504.253
v -1864.62 -523.006 504.032
v -1870.98 -525.245 503.589
v -1811.48 -627.24 521.123
v -1839.31 -612.945 507.636
v -4666.37 1869.03 618.311
v -4701.77 1962.56 597.163
v -4712.31 1964.92 594.625
v -4798.77 1921.73 576.159
v -4797.51 1822.65 595.463
v -4773.1 1815.74 603.069
v -4635.49 1652.34 626.765
v -4648.8 1654.7 627.699
v -4714.1 1448.09 601.08
v -4703.99 1440.62 598.553
v -4575.55 1402.15 581.054
v -4568.03 1405.15 582.41
v 4158.83 1448.63 582.586
v 4351.72 1379.59 537.728
v 4561.7 2152.6 485.717
v 4248.51 1799.56 539.755
v 4380.9 1888.53 518.718
v 4621.49 2893.58 446.205
v 4450.66 2850.88 480.462
v 4415.79 2614.55 514.419
v 4504.75 2606.73 490.832
v 4557.43 2484.29 489.592
v -2512.05 -1534.27 432.306
v -2912.15 -1888.99 428.406
v -2691.36 -1831.28 386.639
v -1807.4 -1063.71 421.601
v -1913.09 -1344.37 396.937
v -1714.83 -1210.6 401.076
v -1972.97 -1496.27 386.231
v -1857.59 -1430.32 387.984
v 2582.78 2616.48 443.949
v 2588.32 2600.28 444.116
v 2597.1 2574.66 447.566
v 2659.21 2586.61 469.983
v 2672.34 2634.39 476.356
v 2720.12 2636.18 495.59
v 2726.69 2709.63 501.469
v 2593.52 2719.78 451.051
v 2751.77 2831.44 494.284
v 2652.64 2695.9 471.869
v 2762.51 2714.41 514.943
v 2760.73 2756.2 507.813
v 2818.05 2821.89 511.775
v 2271.98 2682.67 369.255
v 2343.04 2525.02 372.881
v 2550.26 2373.34 403.505
v 2569.21 2514.17 443.773
v 2547.49 2591.55 435.696
v 2546.24 2606.84 436.147
v -946.597 482.984 446.126
v -948.044 532.015 436.817
v -986.961 524.029 434.009
v -991.737 520.368 434.256
v -822.387 294.76 432.067
v -812.78 294.76 433.252
v -777.213 327.984 440.589
v -909.104 459.627 453.089
v -913.813 477.788 449.74
v 3142.86 2322.89 510.553
v 3096.44 2262.17 507.915
v 3129.83 2235.42 509.532
v 3145.89 2237.22 513.294
v 3328.1 2451.03 540.917
v 3270.29 2479.66 538.931
v 3242.33 2469.83 537.525
v 3172.78 2483.91 538.361
v 3054.05 2390.79 525.11
v 3125.51 2602.57 536.81
v 3114.18 2600.48 537.724
v 3198.65 2578.44 539.194
v 3430.99 2739.5 532.694
v 3123.47 2620.91 536.426
v 3127.99 2612.77 536.694
v 3382.9 2561.59 544.75
v 3395.43 2569.94 545.47
v 3447.38 2706.69 532.356
v 3096.78 2839.38 530.837
v 3089.55 2837.81 531.238
v -620.23 384.898 457.747
v -647.192 416.023 455.498
v -704.755 366.276 450.704
v -659.571 312.716 450.229
v -631.407 319.601 453.811
v -573.476 301.325 460.167
v -559.494 345.518 463.541
v -523.382 333.833 467.276
v -568.856 387.803 464.364
v -583.929 372.816 461.792
v -3011.37 2695.03 600.727
v -3204.11 2649.37 577.748
v -3166.75 2500.51 592.104
v -2979.15 2442.78 614.052
v -2971.05 2621.49 615.075
v -3004.26 2636.91 607.334
v -4040.99 -1568.83 767.264
v -4150.27 -1545.25 759.652
v -4164.01 -1597.8 767.806
v -4075.03 -1626.76 776.023
v -4126.89 -1846.26 736.151
v -4158.09 -1902.41 719.881
v -4043.19 -1961.68 684.44
v -4012.52 -1942.96 676.182
v -4001.09 -1920.08 675.372
v -3931.66 -1593.76 751.147
v -3960.35 -1628.78 748.671
v -3887.12 -1663.24 712.698
v -3877.88 -1635.22 714.437
v -3887.05 -1632.55 719.561
v -3876.11 -1609.11 720.141
v -3942.99 -1586.76 754.466
v -3941.41 -1578.58 756.525
v 948.451 2260.11 512.982
v 948.217 2147.37 492.436
v 941.081 2374.91 460.583
v 1173 2376.3 435.917
v 1208.89 2086.86 459.364
v 1214.65 2090.55 458.274
v -4937.9 530.966 579.998
v -4946.96 522.13 579.254
v -4946.96 519.866 578.587
v -4790.76 329.354 527.759
v -4790.51 276.484 522.106
v -4946.96 276.484 529.211
v -4802.76 335.369 530.008
v -4946.96 281.954 529.893
v -4811.9 448.851 552.905
v -4937.9 530.966 579.998
v -4946.96 519.866 578.587
v -4833.07 434.504 552.82
v -4946.96 483.692 571.472
v -4946.96 281.954 529.893
v -4946.96 483.692 571.472
v -4900.03 669.714 563.196
v -4946.96 666.428 556.459
v -4900.03 669.714 563.196
v -4870.19 585.474 571.425
v -4946.96 546.848 580.862
v -4946.96 578.589 574.2
v -4946.96 580.016 569.689
v -116.844 -425.988 609.216
v -127.207 -546.284 603.566
v 2.10127 -548.089 633.953
v 6.59858 -434.55 617.293
v -4802.58 2328.86 586.375
v -4792.75 2234.25 591.542
v -4927.37 2191.82 542.13
v -4848.14 2211.53 569.2
v -4856.94 2191.07 563.571
v -4923.52 2182.75 542.8
v -4861.78 1944.78 551.603
v -4840.47 1937.26 559.87
v -4738.98 1988.11 586.985
v -4882.84 2178.97 554.505
v -4808.46 2060.12 569.811
v -4736.3 2349.17 604.804
v -4771.98 2483.14 585.215
v -4783.01 2537.36 595.887
v -4799.8 2507.87 587.228
v -4946.96 2502.78 595.807
v -4946.96 2502.14 595.684
v -4946.96 2574.95 602.55
v -4946.96 2574.95 602.55
v -4946.96 2502.78 595.807
v -4751.54 -1093.74 363.11
v -4804.66 -1244.04 400.703
v -4600.46 -1132.7 389.543
v -4505.34 -1124.24 372.96
v -4567.03 -1246.63 420
v -4157.44 -1210.03 440.645
v -4197.18 -1179.74 418.405
v -4204.65 -1144.71 392.404
v -4054.17 -1132.01 397.646
v -4181.8 -1137.87 389.484
v -4181.4 -1171.04 414.016
v -4172.49 -1176.9 419.207
v -4060.04 -1166.38 424.062
v -4053.77 -1161.73 421.062
v 721.815 -641.099 523.607
v 726.88 -748.212 533.193
v 424.659 -585.879 579.796
v 445.754 -602.746 573.555
v 564.665 -256.958 548.542
v 430.57 -401.174 562.919
v 442.37 -74.7824 556.669
v 483.703 -194.544 557.629
v 451.654 -8.15681 533.045
v 456.708 -59.6042 555.581
v 1100.5 -746.523 496.898
v 1128.33 -772.667 496.675
v 1110.95 -820.503 482.444
v 1141.8 -879.165 471.467
v 1419.96 -868.876 499.946
v 1416.33 -807.808 513.714
v 1845.77 -588.822 514.988
v 1780.03 -520.101 534.728
v 1973.26 -343.79 540.964
v 636.355 276.062 434.966
v 652.374 140.274 454.189
v 1955.34 -319.897 551.463
v 728.216 360.402 402.036
v 1264.09 334.511 468.07
v 1247.15 375.338 419.563
v 1641.58 364.382 501.243
v 1602.73 403.238 468.012
v 1855.73 436.104 498.878
v 2204.35 12.7806 535.211
v 2262.11 165.179 508.798
v 2154.54 24.7338 553.38
v 1986.22 -280.045 550.45
v 2007.13 -285.036 543.065
v 2123.66 -147.576 544.066
v 2087.81 -113.713 571.463
v -4052.8 2439.7 564.391
v -4126.2 2286.12 562.484
v -3804.18 2114 527.573
v -3727.02 2293.77 551.088
v -4827.09 1882.82 571.12
v -4823.97 1871.49 574.819
v -4814.53 1876.46 577.343
v -4816.06 1897 572.274
v -4818.8 1895.81 571.471
v -4817.28 1866.91 578.412
v -4822 1864.67 577.096
v -4819.16 1852.78 580.771
v -4817.42 1861.26 579.613
v -4814.72 1862.43 580.388
v -4815.09 1865.6 579.542
v -4938.22 2020.56 523.411
v -4925.65 2026.22 528.317
v -4936.35 2057.1 527.913
v -4946.96 2047.35 523.208
v -4946.88 2214.63 536.785
v -4946.96 2214.31 536.756
v -4919.19 2297.33 552.675
v -4894.65 2334.38 562.718
v -4910.29 2339.7 559.289
v -4921.66 2243.82 546.636
v -4934.14 2206.48 540.72
v -4936.35 2057.1 527.913
v -4946.96 2074.6 526.881
v -4946.96 2047.35 523.208
v -4946.96 2088.98 528.395
v -4946.96 2074.6 526.881
v -4943.39 2086.91 529.143
v -4943.39 2086.91 529.143
v -4946.96 2088.98 528.395
v -4945.85 2142.89 535.141
v -929.81 391.361 459.618
v -820.528 290.293 433.479
v -699.601 385.384 452.599
v -602.386 472.106 446.645
v -612.716 503.475 437.975
v -685.875 573.789 426.737
v -694.236 586.485 425.831
v -815.006 431.663 460.19
v -779.918 502.732 448.317
v -823.366 457.938 457.661
v -732.151 550.202 436.238
v -740.211 573.2 433.883
v -742.749 562.591 435.768
v 3600.43 -1061.84 530.393
v 3577.14 -1039.15 518.885
v 3513.84 -1061.24 502.023
v 3506.07 -1378.93 501.968
v 3550.87 -1356.24 501.339
v 3439.79 -1324.6 510.8
v -2287.41 1761.86 583.726
v -2290.26 1751.52 580.188
v -2232.96 1730.59 578.254
v -2252.51 1661.46 554.811
v -2123.03 1624.62 547.831
v -2123.95 1618.2 546.134
v -2081.61 1619.91 547.377
v -4244.31 1648 573.133
v -4010.12 1603.43 565.376
v -4143.48 1510.34 574.43
v -4011.91 1593.42 567.13
v -3802.91 1772.31 521.9
v -3808.6 1772.47 522.657
v -3723.35 1658.43 530.845
v -3713.98 1631.41 532.901
v -3710.74 1645.07 535.884
v -3781.47 1621.3 519.039
v -3870.28 1634.28 535.008
v -3906.01 1701.19 537.137
v -3914.34 1717.08 538.085
v -3921.4 1735.23 538.418
v -3921.4 1728.16 538.706
v -3948.67 1830.45 541.175
v -3956.09 1825.39 542.128
v -3931.83 1743.28 539.677
v -3854.81 1841.51 527.255
v -3858.77 1842.14 527.807
v -3812.54 1776.89 523.32
v -4347.93 2804.81 589.351
v -4371.32 2803.88 591.146
v -4422.54 2742.48 599.344
v -4253.21 2547.27 590.15
v -4189.29 2521.81 584.561
v -4177.34 2526.98 581.457
v -4226.31 2695.92 562.833
v -4151.6 2571.16 568.68
v -4164.81 2615.92 564.659
v -4070.77 2689.42 556.365
v -4071.29 2699.49 556.41
v -4092 2725.6 556.309
v -4102.46 2727.45 556.246
v -4170.39 2520.21 581.602
v -4168.18 2512.52 582.599
v -4068.66 2466.17 570.337
v -4060.66 2470.3 570.819
v -3987.95 2588.08 556.503
v -4027.5 2639.34 557.221
v -3987.63 2583.16 557.08
v -4049.06 2465.3 569.195
v -4044.93 2456.31 567.297
v -3921.64 2389.48 553.569
v -3916.9 2389.84 553.889
v -3976.68 2572.19 558.063
v -3984.7 2573.23 558.132
v -4180.16 2503.08 586.665
v -4188.47 2499.39 588.949
v -4074 2455.7 568.479
v -4138.49 2293.61 565.534
v -4068.14 2445.23 566.016
v -4148.9 2289.26 568.813
v -4275.42 2341.12 601.311
v -4256.54 2364.34 594.696
v -4276.06 2349.37 600.784
v -4245.02 2376.26 592.31
v -4067.57 1487.25 565.052
v -4051.43 1471.54 560.374
v -3958.03 1456.71 554.055
v -3944.07 1462.38 553.757
v -4010.68 1547.55 568.524
v -4051.3 1513.09 568.964
v -3994.07 1547.24 564.981
v -4071.2 1751.89 563.183
v -4074.59 1741.13 563.882
v -3996.95 1609.89 561.921
v -3986.36 1606.53 560.241
v -3989.35 1788.83 548.146
v -3976.11 1786.36 545.858
v -4199.89 1739.32 567.862
v -4199.01 1752.48 567.326
v -4196.5 1747.49 567.545
v -4101.59 1754.04 568.428
v -4098.31 1760.24 567.839
v -4150.91 1848.95 557.825
v -4157.42 1847 557.927
v -3880.88 2036.02 534.006
v -3892.83 2045.06 533.405
v -3868.98 1845.87 529.409
v -3865.97 1851.63 528.912
v -3950.2 1838.07 541.602
v -3956.74 1843.37 542.273
v -3139.64 1080.81 489.17
v -3144.1 1122.43 501.778
v -3082.78 1185.29 514.489
v -3183.13 1240 510.052
v -3395 922.283 465.892
v -3426.03 924.139 467.322
v -3339.51 1267.32 511.261
v -3430.77 1181.47 495.15
v -3380.41 1124.76 495.431
v -3470.68 1132.93 480.962
v -3739.79 1128.64 490.184
v -3750.07 1114.1 489.801
v -3626.02 1140.5 468.433
v -3735.34 1049.11 476.588
v -3736.75 994.469 468.798
v -3568.85 1173.55 471.201
v -3500.84 1168.92 481.821
v -3488.63 1159.65 482.195
v -3456.83 940.79 465.57
v -3705.77 1027.5 468.024
v -3705.66 992.984 463.675
v -3692.69 993.023 461.645
v -3692.79 1027.54 465.721
v -3683.59 1027.13 464.07
v -3683.42 1002.24 461.175
v -3654.62 1002.43 456.381
v -3654.79 1027.32 458.867
v -3636.53 1028.25 455.755
v -3636.43 1003.01 453.573
v -3591.37 1003.17 446.201
v -3591.46 1028.42 447.676
v -3683.99 1124.2 477.225
v -3684.03 1069.04 468.843
v -3662.44 1069.02 464.525
v -3662.38 1124.19 472.441
v -3693.57 1093.56 473.739
v -3705.84 1093.46 476.516
v -3705.75 1083.93 475.226
v -3714.28 1083.86 477.156
v -3714.14 1068.34 475.068
v -3693.35 1068.52 470.729
v -3637.13 1095.04 461.525
v -3637.04 1069.8 459.331
v -3591.98 1069.97 450.117
v -3592.07 1095.22 451.606
v -3601.1 1122.54 458.711
v -3638.02 1122.68 466.791
v -3638.09 1105.72 462.743
v -3591.73 1105.54 452.185
v -3591.64 1129.59 458.406
v -3601.08 1129.63 460.452
v -3745 1113.18 488.531
v -3737.73 1087.48 482.571
v -3724.69 1087.35 479.816
v -3725.19 1108.53 483.102
v -3693.09 1109.16 475.995
v -3692.97 1125.08 479.365
v -3737.48 1124.71 488.994
v -3899.67 98.1557 446.419
v -3816.08 117.238 443.618
v -4614.51 549.408 492.584
v -4583.88 511.525 478.616
v -4456.87 671.186 462.787
v -4382.03 675.192 450.795
v -4366.65 667.449 446.962
v -4319.24 606.259 435.195
v -4621.11 454.354 491.763
v -4635.35 446.919 496.815
v -4641.36 436.885 498.798
v -4236.7 548.858 421.916
v -4250.79 320.433 406.333
v -4283.47 285.584 407.078
v -4580.17 293.16 505.738
v -4463.75 291.113 452.349
v -4366.1 289.385 426.401
v -4643.36 425.853 499.419
v -3694.5 -184.165 428.168
v -3678.33 -213.753 428.283
v -3604.95 -296.26 418.454
v -3592.42 -299.766 416.096
v -3367.92 -277.537 378.965
v -3458.93 -324.619 381.982
v -3452.67 -326.411 380.195
v -3439.96 -115.671 405.01
v -3344 -251.327 379.377
v -3329.47 -255.32 375.52
v -3224.92 -173.824 375.945
v -3410.56 -104.896 401.169
v -3413.51 -115.403 401.661
v -4482.96 -481.772 401.756
v -4468.97 -509.748 391.465
v -4299.53 -528.534 380.483
v -4058.78 -500.252 377.639
v -1446.24 -478.279 525.591
v -1557.31 -851.677 514.338
v -1521.9 -859.406 515.573
v -1484.99 -855.17 516.98
v -4206.99 590.696 425.744
v -4213.16 590.619 426.118
v -4222.97 315.826 409.468
v -4218.79 314.776 409.975
v -4214.92 316.12 410.541
v -3802.98 486.158 438.065
v -3875.47 336.124 450.265
v -3854.26 309.388 459.237
v -4946.96 -109.533 500.145
v -4946.96 -114.617 500.144
v -4813.92 -412.948 433.936
v -4946.96 -342.718 442.639
v -4946.96 -361.098 433.38
v -4755.74 -263.933 484.806
v -4724.75 -255.09 483.295
v -4755.74 -263.933 484.806
v -4813.92 -412.948 433.936
v -4946.96 -342.718 442.639
v -4872.43 -119.037 505.385
v -4946.96 -114.779 500.258
v -4946.96 -114.617 500.144
v -4946.96 -114.779 500.258
v -4946.96 -133.416 496.449
v -4724.75 -255.09 483.295
v -4706.77 -184.562 493.59
v -4687.1 -99.3287 508.034
v -4729.02 -101.939 510.58
v -4733.29 -130.312 506.15
v -4741.88 -129.083 507.18
v -4752.96 -164.802 502.672
v -4706.77 -184.562 493.59
v -4946.96 -133.416 496.449
v -4830.77 -116.068 509.682
v -4806.31 -142.444 508.482
v -4792.57 -107.161 514.084
v -4830.77 -116.068 509.682
v 218.918 1786.08 431.64
v 204.959 1772.11 427.16
v 201.163 1576.74 398.971
v 211.271 1569.57 398.677
v 283.272 1565.36 398.442
v 294.037 1762.32 432.279
v 282.159 1775.98 434.533
v 195.029 2085.89 433.448
v 155.422 2200.1 462.1
v 149.41 2185.6 459.108
v 183.708 2092.25 436.078
v 281.569 2240.56 472.97
v 332.909 2086.37 442.902
v 342.416 2099.74 444.87
v 336.438 2144.32 448.964
v 323.38 2196.37 462.203
v 309.477 2233.14 471.821
v 86.2477 2364.75 515.577
v 78.9451 2344.96 510.375
v -12.682 2087.72 474.164
v -47.1687 2329.9 499.467
v 42.5993 2345.45 508.926
v 34.0722 2350.47 509.391
v -38.6417 2342.94 503.156
v -163.264 2897.01 537.691
v -171.045 2870.74 539.762
v -121.107 2767.13 551.071
v -108.962 2765.26 550.803
v -44.0852 3029.93 521.534
v 76.4293 2845.64 531.915
v -202.504 2998.05 546.144
v -211.654 2973.9 544.88
v -176.567 2905.75 537.949
v -71.9485 3035.58 526.695
v 98.8602 3092.08 508.609
v 132.635 3026.03 520.231
v 306.671 3113.84 504.364
v 327.021 3198 490.75
v 318.772 3205.52 492.833
v 198.191 3192.95 493.432
v 161.444 3169.5 492.375
v 124.686 3132.55 503.183
v 102.834 3116.92 506.291
v 329.959 3117.68 502.795
v 357.767 3207.57 491.995
v 349.819 3199.14 490.296
v 678.256 3008.08 483.281
v 682.464 3027.69 486.578
v 303.332 3089.19 513.151
v 361.73 2973.24 505.276
v 365.203 2988.64 508.876
v 315.432 3085.44 514.556
v 164.027 2874.57 529.649
v 241.483 2508.92 511.125
v -72.9503 2359.03 504.995
v -66.5161 2366.51 507.467
v -69.8445 2589.27 552.98
v -181.309 2520.57 535.74
v -174.251 2513.72 536.759
v -123.244 2508.74 542.81
v -50.141 2361.94 507.029
v -57.6105 2369.4 508.578
v -1155.42 1917.79 523.297
v -1156.12 1880.32 512.803
v -1110.94 1859.31 502.748
v -1109.19 1837.94 496.763
v -1096.93 1838.65 496.756
v -1092.61 1790.53 485.317
v -951.45 1765.27 486.027
v -943.458 1742.61 481.554
v -875.575 1747.87 488.537
v -857.519 1765.46 494.151
v -906.644 1946.66 508.774
v -917.498 1958.22 510.171
v -877.056 1958.85 509.998
v -888.477 1948.26 509.022
v -738.262 1961.32 513.791
v -721.965 1946.25 516.482
v 2755.27 3174.01 457.332
v 2862.08 3089.27 500.085
v 2842.23 3461.47 492.852
v 2938.05 3451.22 503.74
v 2932.74 3459.7 503.985
v -14.2519 3693.49 545.44
v -80.8455 3693.49 549.294
v -86.1528 3622.45 564.186
v -79.3735 3589.93 563.966
v -86.1528 3622.45 564.186
v -14.2519 3693.49 545.44
v -97.5297 3547.32 564.192
v 9.45459 3693.49 538.174
v -97.5297 3547.32 564.192
v -156.896 3457.66 565.647
v -123.779 3428.02 556.738
v -101.47 3445.62 555.4
v -95.7597 3461 556.675
v -27.3427 3434.56 541.589
v 6.57631 3440.02 536.988
v 47.8758 3483.41 532.375
v 9.45459 3693.49 538.174
v 47.8758 3483.41 532.375
v 122.683 3523.06 500.404
v 124.511 3693.49 502.544
v 48.0552 3693.49 524.559
v 48.0552 3693.49 524.559
v -234.9 3693.49 551.654
v -249.592 3665.21 554.793
v -249.592 3665.21 554.793
v -253.856 3644.57 555.935
v -217.844 3541.01 575.585
v -191.094 3495.09 575.01
v -163.297 3464.04 567.351
v -128.833 3518.18 568.394
v -908.96 2758.71 626.253
v -741.368 2646.47 589.852
v -707.338 2810.4 609.891
v -664.213 2883.27 610.857
v -664.814 2894.32 612.976
v -854.146 2948.98 658.001
v -863.285 2945.36 657.651
v -1298.58 2287.31 604.981
v -1331.92 2246.87 606.612
v -1248.43 2165.15 579.119
v -1216.72 2197.13 581.051
v -1216.84 2206.23 583.441
v -3754.81 942.109 461.294
v -3771.79 932.561 459.231
v 993.145 -1227.76 420.228
v 1006.26 -1218.5 423.804
v 856.033 -1213.03 415.151
v 862.556 -1222.97 412.728
v 1032.47 -1072.49 422.101
v 1024.78 -1079.64 423.166
v 1022.48 -1211.52 427.259
v 1029.94 -1219.29 425.785
v 1277.49 -1195.9 436.469
v 1280.57 -1190.99 438.908
v 1215.84 -1076.26 455.506
v 1232.15 -1112.23 453.57
v 1221.84 -1079.64 456.483
v 1236.1 -1121.32 452.717
v 871.662 -1074.7 430.938
v 865.662 -1062.52 431.586
v 792.381 -1058.4 435.217
v 831.71 -1220.75 414.773
v 843.309 -1210.26 416.357
v 673.135 -1080.91 445.472
v 623.698 -1120.18 447.384
v 634.852 -1164.3 430.994
v 689.644 -1072.62 441.221
v 725.767 -1087.91 431.788
v 775.783 -1051.82 437.708
v 785.601 -1044.54 439.398
v 749.823 -985.571 462.576
v 727.971 -1035.1 446.835
v 768.469 -906 497.702
v 756.747 -921.958 490.845
v 873.911 -1044.54 432.934
v 882.783 -1038.84 432.56
v 917.771 -883.9 483.484
v 925.496 -902.852 469.636
v 889.451 -1017.55 432.998
v -540.002 -728.747 648.601
v -595.172 -804.34 630.95
v -631.462 -835.834 623.043
v -588.76 -818.954 624.137
v -669.445 -830.753 627.776
v -637.028 -821.232 630.236
v 10.6951 426.416 434.075
v 5.91953 289.641 476.698
v 49.5456 291.458 471.613
v 50.7256 266.655 476.027
v 182.65 298.344 439.589
v 198.591 314.892 433.253
v -193.253 735.064 389.91
v -225.191 689.193 408.383
v -264.164 613.784 430.283
v -12.092 491.073 413.716
v 67.9022 593.128 378.47
v -1385.92 358.534 446.661
v -1378.1 358.943 444.995
v -1374.13 365.777 443.782
v -1403.92 423.651 448.426
v -1405.24 413.093 448.006
v -1356.09 375.645 439.425
v -1374.25 472.131 448.148
v -1354.94 495.373 444.619
v -1339.15 493.453 442.012
v -1342.44 468.727 440.256
v -1286.59 361.157 443.134
v -1244.28 359.762 446.057
v -1237.83 358.572 446.599
v 587.152 1339.06 348.013
v 585.861 1317.9 345.073
v 892.301 1244.29 340.175
v 904.936 1292.47 360.29
v 890.008 1296.68 358.808
v 877.395 1300.46 359.039
v 810.136 1319.59 359.378
v 1505.99 -116.9 558.113
v 1439.74 -126.434 545.488
v 3530.98 -1425.97 498.88
v 3621.63 -1476.52 489.503
v 3551.33 -1403.88 496.258
v 3537.17 -1405.15 497.26
v -1591.92 -858.779 501.881
v -1645.13 -895.66 464.371
v -1651.04 -922.674 443.859
v -1636.17 -936.854 436.172
v -1638.5 -955.524 422.273
v -1623.63 -960.745 422.1
v -1627.97 -973.568 418.506
v -1463 -995.975 430.471
v 4699.13 -2645.28 877.749
v 4797.78 -2675.13 883.526
v 4939.25 -2524.57 871.184
v 4712.11 -2521.97 879.662
v 4835.42 -2435.01 874.938
v 4848.4 -2489.52 871.831
v 4958.72 -2250.69 876.27
v 4904.21 -2246.8 877.485
v 4888.63 -2258.48 878.058
v 4905.5 -2472.64 871.811
v -2272.55 604.928 357.781
v -2274 606.31 356.576
v -2280.18 607.155 353.997
v -2283.33 604.544 353.91
v -2283.76 600.128 355.541
v -2281.58 596.058 358.64
v -2279.26 595.406 360.173
v -2272.19 601.997 359.707
v -3077.94 -1213.7 718.853
v -3083.4 -1231.9 714.05
v -3048.83 -1251.91 712.231
v -3024.65 -1239.95 716.141
v -3025.96 -1215.26 723.677
v -3471.13 2170.85 553.674
v -3501.32 2137.83 543.811
v -3468.65 2104.81 548.779
v -3418.72 2103.73 557.338
v -3375.62 2206.36 562.963
v -3397.64 2188.61 561.963
v -3383.44 2169.79 560.711
v -3348.72 2194.85 562.09
v -3397.64 2250.04 566.131
v -3405.1 2240.81 565.633
v -3847.09 1963.7 529.71
v -3842.45 1953.99 528.12
v -3808.25 1974.68 527.797
v -3815 1981.43 529.65
v -3849.21 1981.01 531.512
v -3842.45 1973.42 530.184
v -3815 1986.92 530.498
v -3820.92 1996.63 531.899
v -3850.05 1991.99 532.58
v -3825.99 2002.13 533.098
v -3829.78 2009.31 534.116
v -3853.43 1998.75 533.207
v -3310.32 2027.41 564.671
v -3289.42 2006.5 565.366
v -3247.03 2016.65 569.129
v -3240.45 2074.59 565.383
v 1534.25 1388.01 457.005
v 1566.79 1290.98 422.746
v 1675.18 1371.9 434.163
v 1670.69 1384.14 435.824
v 1605.3 1424.15 452.15
v -780.965 1582.1 429.866
v -779.473 1496.12 394.98
v -764.846 1492.53 393.659
v -762.452 1472.53 385.461
v -596.141 1469.84 380.42
v -586.59 1600.32 424.857
v -597.644 1602.71 426.904
v -620.932 1563.29 419.552
v -2476.92 1242.01 427.975
v -2467.96 1218.13 423.281
v -2445.27 1203.8 422.207
v -2314.49 1258.74 435.048
v -2310.91 1267.1 437.82
v -2318.67 1275.46 440.586
v -2336.58 1277.85 441.703
v -2457.8 1254.56 431.916
v -2429.14 1235.45 429.118
v 5321.95 958.214 881.882
v 5297.87 927.608 887.017
v 5305.93 904.327 892.893
v 5305.93 904.327 892.893
v 5297.87 927.608 887.017
v 5321.95 958.214 881.882
v 5321.95 931.929 888.362
v 5321.95 931.929 888.362
v 5303.24 879.241 900.733
v 5303.24 879.241 900.733
v 5290.4 818.332 925.324
v 5300.55 811.459 925.123
v 5300.55 811.459 925.123
v 5315.48 821.019 917.718
v 5321.95 848.18 906.795
v 5321.95 899.122 898.92
v 5321.95 891.566 894.62
v 5321.95 891.566 894.62
v 5321.95 895.16 894.797
v -3946.49 1216.67 500.058
v -3962.75 1216.15 499.683
v -3961.91 1206.86 497.046
v -3941 1201.68 496.144
v -3939.1 1203.27 496.615
v -3939.21 1207.38 497.681
v -3944.6 1212.35 498.851
v 3411.13 -1607.05 520.975
v 3406.94 -1608.24 519.252
v 3395 -1627.36 514.557
v 3413.51 -1660.19 524.897
v 3615.63 -1893.79 558.241
v 3613.53 -1874.79 554.689
v 3540.05 -1872.25 543.27
v 3371.71 -1704.98 516.154
v 3603.81 -1894.63 556.433
v 3249.29 -1821.43 500.503
v 3252.27 -1823.82 501.049
v 3251.68 -1858.46 502.039
v 3510.56 -2111.36 590.098
v 3261.84 -1899.06 507.955
v 3338.87 -1922.95 522.508
v 3392.61 -1930.12 529.206
v 3629.09 -2251.09 573.405
v 3594.75 -2222.73 572.465
v 3675.07 -2314.09 580.646
v 3643.42 -2388.74 585.192
v 3415.9 -2610.88 622.467
v 3576.24 -2204.22 572.09
v 3332.89 -2579.83 614.683
v 3307.22 -2621.03 613.719
v 3281.54 -2656.27 605.589
v 3304.83 -2634.17 612.909
v 3276.16 -2662.83 602.973
v 3251.08 -2679.56 591.042
v 3250.48 -2675.37 591.175
v 3236.16 -2658.66 585.328
v 3231.98 -2660.45 583.444
v 3181.81 -2594.76 560.647
v 3244.52 -2515.34 574.613
v 3242.12 -2523.7 576.435
v 3244.52 -2481.89 563.209
v 3247.5 -2489.66 567.148
v 3218.83 -1985.05 511.926
v 3217.64 -1994.61 513.408
v 3225.4 -2038.2 524.558
v 3225.4 -2462.79 549.652
v 3218.24 -2455.62 545.085
v 3094.62 -2424.57 494.871
v 3122.1 -2321.26 482.595
v 3091.04 -2418.59 492.732
v 3087.47 -2314.69 480.774
v 3105.38 -2226.31 501.15
v 3252.88 -2082.99 540.871
v -2551.27 1007.78 408.039
v -2554.55 1007.04 408.427
v -2536.63 999.576 405.811
v -2539.61 991.359 405.949
v -2558.43 979.712 406.277
v -2550.37 987.481 407.244
v -2585 973.44 404.862
v -2584.25 963.291 402.825
v -2564.4 964.635 403.018
v 1771.85 1330.16 420.847
v 1744.61 1360.34 424.465
v 1727.09 1364.36 426.819
v 1706.6 1333.11 428.212
v 1718.43 1237.05 402.222
v 1759.18 1243.59 401.813
v 1761.71 1240.43 400.571
v 1768.67 1210.23 388.364
v 1773.95 1205.38 384.86
v 1784.09 1205.81 383.006
v 1795.7 1203.27 379.135
v 1853.33 1231.78 376.536
v 1807.95 1320.87 414.138
v 1802.25 1324.45 415.733
v -2749.06 249.071 337.575
v -2920.12 -27.648 339.147
v -3172.51 -229.136 354.897
v -2756.74 117.442 324.369
v -2780 100.677 328.177
v -2862.31 -39.2428 327.491
v -3325.43 -333.462 354.588
v -3020.35 -265.085 329.624
v -3045.45 -320.575 324.911
v -3030.9 -308.673 325.351
v -3470.68 -416.109 354.992
v -3364.6 -450.995 335.61
v -3718.42 -561.654 339.201
v -3672.04 -498.153 353.09
v -3859.59 -614.327 329.785
v -3825.43 -593.365 335.285
v -3823.24 -537.966 353.644
v -3984.45 -567.643 352.775
v -3933.79 -607.225 335.461
v -4228.8 -573.389 359.638
v -4311.12 -562.46 364.03
v -4693.34 -523.953 365.232
v -4704.36 -560.566 344.845
v -4625.28 -555.805 351.114
v -3591.8 -2867.9 379.404
v -3603.99 -2905.69 368.812
v -3612.3 -2905.69 374.291
v -3582.82 -2872.85 371.264
v -3598.11 -2905.69 361.408
v -3597.98 -2905.69 361.112
v -3603.99 -2905.69 368.812
v -3603.25 -2905.69 370.897
v -3598.11 -2905.69 361.408
v 282.56 1284.35 346.29
v 273.454 1250.59 342.218
v 284.831 1243.99 342.044
v 286.89 1240.47 341.762
v 287.769 1232.82 340.979
v 290.998 1231.35 340.973
v 299.224 1231.35 341.362
v 301.862 1229.01 341.239
v 307.74 1219.91 340.561
v 632.704 1207.1 336.972
v 737.378 1186.17 335.624
v 398.477 1194.64 339.557
v 870.037 1146.61 330.355
v 398.187 1190.83 339.129
v 395.538 1188.19 338.96
v 959.883 1130.2 332.971
v 1105.01 1080.61 333.165
v 398.477 1177.33 337.603
v 397.597 1173.5 337.195
v 389.961 1167.64 336.89
v 387.612 1160.29 336.169
v 396.417 1154.42 335.085
v 1245.3 1062.97 330.901
v 1390.44 1065.36 339.298
v 1217.6 1061.55 330.15
v 1405.92 1065.54 339.404
v 1521.09 1069.23 332.695
v 1618.99 1099.8 332.053
v 1536.14 1071.7 332.128
v 1661.39 1101.44 334.122
v 1708.19 1013.27 328.812
v 1193.92 1062.78 330.877
v 1714.61 1006.64 328.28
v 1716.68 999.179 327.636
v 1727.44 992.767 326.809
v 1719.37 997.118 327.38
v 1172.54 1065.31 331.58
v 1724.88 970.906 325.976
v 1725.62 974.106 326.105
v 1723.65 977.318 326.287
v 1690.35 962.523 326.437
v 1137.03 1071.79 332.522
v 1687.89 959.566 326.459
v 1740.91 959.566 325.115
v 1726.36 934.903 324.505
v 1768.78 920.607 322.611
v 1747.31 920.607 323.129
v 1780.12 915.666 322.511
v 1758.79 894.74 321.95
v 1742.51 890.056 321.951
v 1728.71 880.674 322.312
v 1713.91 866.621 323.128
v 394.068 1151.78 334.919
v 390.551 1150.9 335.003
v 389.838 1145.64 334.446
v 406.57 1140.65 332.892
v 415.386 1146.81 333.132
v 418.325 1154.44 333.885
v 429.19 1168.25 335.017
v 436.826 1169.42 334.778
v 442.403 1156.5 332.903
v 436.236 1150.04 332.451
v 435.357 1146.23 332.012
v 1581.21 860.35 331.343
v 1569.87 867.504 331.451
v 437.995 1143.28 331.482
v 452.088 1138.88 330.104
v 1553.1 862.82 331.759
v 1558.04 858.622 331.936
v 1552.36 849.01 332.427
v 1553.35 852.709 332.244
v 1551.87 857.393 332.026
v 450.04 1123.61 328.3
v 1543.49 844.083 332.664
v 1529.84 846.771 332.628
v 445.632 1123.02 328.508
v 441.223 1123.61 328.867
v 436.526 1126.85 329.533
v 1499.6 856.92 332.425
v 1467.3 848.639 332.886
v 1453.02 828.545 333.247
v 1441.01 836.212 333.172
v 1445.97 828.75 333.28
v 1437.69 837.031 333.153
v 1433.14 835.38 333.164
v 1432.92 829.787 333.241
v 430.358 1140.94 331.621
v 423.312 1138.29 331.686
v 421.843 1134.18 331.247
v 426.54 1118.03 329.065
v 429.479 1114.8 328.491
v 433.297 1116.28 328.435
v 439.175 1107.46 326.924
v 1412.22 834.484 333.216
v 435.936 1101.01 326.538
v 1409.52 834.484 333.229
v 432.418 1099.83 326.669
v 1410.15 831.591 333.234
v 1422.78 819.573 333.358
v 1423.82 777.133 333.644
v 1426.92 777.952 333.682
v 1416.15 785.414 333.545
v 1416.57 781.062 333.56
v 1405.8 789.343 333.429
v 427.13 1109.81 328.001
v 418.024 1110.11 328.618
v 417.445 1105.7 328.104
v 409.809 1103.35 328.398
v 1400.21 782.713 333.476
v 1402.49 784.377 333.409
v 1403.72 788.728 333.41
v 1390.27 785.823 333.867
v 401.872 1103.64 328.931
v 398.054 1111.28 330.006
v 393.356 1110.99 330.273
v 388.959 1105.12 329.886
v 392.187 1101.01 329.331
v 433.108 1092.43 326.03
v 1384.89 828.686 333.437
v 436.804 1090.95 325.683
v 446.177 1086.51 324.769
v 1381.78 829.313 333.463
v 453.079 1081.09 323.933
v 453.335 1076.39 323.556
v 449.873 1071.22 323.362
v 452.589 1068.75 323.015
v 459.491 1067.03 322.469
v 1319.2 789.253 335.85
v 1324.38 798.366 335.307
v 1319 771.655 336.948
v 1323.11 755.529 336.298
v 1322.08 749.398 335.397
v 435.824 1064.31 323.662
v 430.203 1062.21 323.839
v 433.442 1034.32 321.457
v 1303.98 734.5 333.98
v 1309.09 740.785 334.701
v 416.41 1012 320.672
v 421.976 1002.99 319.638
v 1284.75 733.157 334.733
v 430.269 973.171 318.013
v 1275.87 744.739 336.957
v 422.867 949.954 318.179
v 419.349 948.777 318.284
v 1269.46 743.511 337.085
v 1264.29 735.128 336.058
v 388.213 958.171 319.416
v 383.816 956.418 319.495
v 380.877 945.257 319.121
v 1251.95 723.788 334.953
v 1240.85 726.501 335.918
v 1236.91 738.084 337.879
v 374.999 939.383 319.076
v 1232.72 740.797 338.495
v 1227.66 739.825 338.364
v 1218.96 722.227 335.351
v 1209.44 707.521 332.699
v 371.482 940.266 319.237
v 373.53 952.885 319.706
v 370.602 955.535 319.922
v 363.255 956.123 319.836
v 361.496 959.643 319.956
v 368.832 969.332 320.524
v 378.818 970.804 320.127
v 381.166 973.735 320.128
v 380.287 977.267 320.326
v 377.649 979.904 320.579
v 377.059 983.423 320.761
v 384.985 985.19 320.417
v 385.285 994.29 320.907
v 378.228 996.35 321.446
v 375.3 994.29 321.435
v 368.253 980.492 320.991
v 364.135 981.081 320.934
v 360.617 984.306 321.003
v 339.767 966.695 319.833
v 342.706 958.171 319.515
v 339.177 945.846 318.885
v 344.164 939.677 318.719
v 1169.26 695.721 329.66
v 1171.12 705.46 330.654
v 1166.16 698.626 329.785
v 1159.47 709.428 330.616
v 1166.16 706.075 330.507
v 1174.65 709.185 331.262
v 1155.32 717.094 331.215
v 345.344 923.23 318.012
v 363.244 892.872 317.103
v 1147.24 715.226 330.522
v 1145.8 712.948 330.222
v 361.496 883.081 316.64
v 371.994 875.734 316.575
v 376.535 879.586 316.739
v 376.892 889.378 317.119
v 1140.41 695.35 328.407
v 1129.23 691.216 327.76
v 1133.16 691.625 327.893
v 1123.43 702.389 328.29
v 1124.47 695.977 327.949
v 1115.77 704.053 328.05
v 1115.35 706.945 328.278
v 1111.42 711.501 328.517
v 1092.38 719.001 327.912
v 1085.96 719.744 327.672
v 389.471 928.542 318.451
v 392.977 925.739 318.27
v 402.762 923.998 318.11
v 1066.74 721.471 326.59
v 1063.78 720.243 326.361
v 1067.47 705.448 325.983
v 1063.28 716.544 326.217
v 1072.16 701.25 326.039
v 1070.68 704.462 326.07
v 1065.5 696.809 325.609
v 1063.53 686.954 325.224
v 1060.33 686.211 325.058
v 388.781 892.526 317.257
v 387.723 886.92 317.06
v 388.079 882.722 316.998
v 1034.92 688.182 325.149
v 1020.86 688.182 325.244
v 422.7 867.696 317.417
v 432.841 850.904 317.693
v 460.76 838.311 318.925
v 497.473 811.382 321.691
v 534.108 800.03 324.647
v 934.569 697.717 326.11
v 943.686 697.717 326.048
v 539.507 793.771 325.502
v 547.333 790.111 325.849
v 553.834 785.055 326.117
v 554.257 787.743 325.916
v 553.3 789.56 325.798
v 555.381 793.106 325.629
v 555.637 794.577 325.587
v 877.696 717.235 326.55
v 875.625 720.96 326.538
v 877.072 726.348 326.796
v 557.107 794.833 325.558
v 876.238 729.24 326.857
v 558.454 793.477 325.572
v 562.005 788.575 325.738
v 562.862 785.874 325.92
v 566.179 783.174 326.066
v 566.792 779.872 326.296
v 574.885 775.827 326.085
v 586.651 783.545 325.4
v 588.243 786.245 325.306
v 590.091 786.361 325.275
v 867.544 731.109 326.451
v 591.07 781.344 325.389
v 595.657 778.157 325.402
v 600.444 767.726 325.38
v 618.589 769.697 324.579
v 623.487 770.797 324.375
v 624.589 769.812 324.304
v 626.437 770.426 324.231
v 629.498 780.729 324.361
v 862.367 737.111 326.372
v 630.967 781.344 324.352
v 859.473 736.907 326.205
v 633.416 780.601 324.299
v 834.315 726.86 324.379
v 634.04 779.014 324.256
v 633.928 774.547 324.163
v 792.481 714.023 321.354
v 783.575 714.023 320.803
v 639.917 771.77 324.014
v 639.183 769.876 323.985
v 634.953 768.417 324.018
v 632.904 765.204 323.975
v 634.073 756.591 323.284
v 631.012 754.108 323.233
v 741.162 733.259 319.524
v 628.819 753.814 323.312
v 627.65 750.166 323.082
v 629.843 746.659 322.708
v 732.825 736.766 319.272
v 706.921 745.674 319.166
v 651.161 743.012 321.459
v 662.404 747.094 321.268
v 666.634 744.906 320.921
v 702.635 745.558 319.345
v 699.318 741.872 319.233
v 676.998 739.914 320.083
v -1772.87 -1722.85 343.712
v -1818.3 -1747.62 340.051
v -1618.68 -1901.81 329.491
v -1555.35 -1860.51 333.152
v -1661.35 -1786.17 333.618
v -1765.98 -1710.46 345.787
v -1618.68 -1695.31 338.908
v -1618.68 -1666.4 341.584
v -4867.05 2262.58 567.462
v -4859.72 2259.74 569.973
v -4860.65 2268.46 569.839
v -4860.75 2256.92 569.642
v -4868.08 2259.74 566.995
v -4867.29 2251.09 567.146
v -4747.18 1668.95 631.539
v -4776.54 1659.25 631.42
v -4740.4 1652.32 629.719
v -4713.88 1652.77 628.997
v -4723.21 1659.39 630.226
v -4740.99 1604.02 624.573
v -4757.32 1606.08 626.018
v -4889.86 1587.33 582.473
v -4811.87 1464.3 610.482
v -4856.69 1390.65 601.842
v -4946.96 1416.2 576.386
v -4946.96 1407.98 578.582
v -4803.55 1395.46 613.085
v -4726.69 1429.98 602.813
v -4724.29 1438.39 602.765
v -4732.02 1477.01 608.107
v -4811.87 1464.3 610.482
v -4856.69 1390.65 601.842
v -4946.96 1416.2 576.386
v -4725 250.747 522.535
v -4750.64 250.222 522.617
v -4697.43 41.883 527.579
v -4686.44 -8.10562 522.627
v -4696.84 244.476 522.38
v -4818.11 -423.659 423.696
v -4723.37 -454.578 409.455
v -4638.4 -150.916 491.128
v -4628.19 -68.1276 512.411
v -4628.33 20.2417 519.12
v -4674.44 418.813 510.025
v -4657.41 335.458 517.482
v -4602.28 165.499 515.741
v -4533.47 -429.021 421.038
v -4589.78 120.181 511.095
v -4577.57 45.6456 507.27
v -4539.01 -479.213 399.556
v -4559.74 -487.787 394.179
v -4669.1 -463.869 404.088
v -4573.11 -2.38496 507.531
v -4570.69 -48.3677 505.962
