v -3413.87 -2448.46 510.463
v 4325.38 -2219.14 1043.64
v 4153.4 -2104.49 982.615
v 4325.38 -2104.49 1015.96
v -3069.9 -1989.83 549.258
v 2949.52 -1760.52 496.406
v 4497.37 -1760.52 1008.03
v 4497.37 -1531.21 995.907
v 4497.37 -1072.59 926.762
v 5013.32 -499.311 1083.5
v 1745.63 -384.656 646.979
v 4841.33 -384.656 1044.38
v 1745.63 -270 657.979
v 369.767 -155.345 593.662
v 1745.63 -40.6893 622.561
v 2089.6 -40.6895 610.539
v 4153.4 -40.6892 642.257
v 885.717 303.277 524.126
v 1573.65 303.277 568.843
v 2433.57 303.277 551.373
v -2209.98 417.933 496.906
v 1917.62 417.933 552.707
v 1057.7 532.589 442.27
v -834.116 761.9 493.418
v -3069.9 1220.52 527.194
v -3585.85 1679.14 616.139
v -146.183 1679.14 487.414
v 3293.48 1679.14 460.266
v 5013.32 2252.42 691.963
v 5185.3 2711.04 655.067
v 1057.7 2825.7 500.08
v -668.209 -747.892 667.264
v -3538.77 -1306.77 671.385
v -1872.71 -1114.47 445.723
v -1805.03 -1219.75 445.723
v -1732.11 -1172.88 445.723
v -1727.86 -1051.57 445.723
v -1741.6 -1030.19 445.723
v 1250.81 -86.9148 823.364
v 1192.28 -55.8673 823.364
v 1181.54 -149.022 823.364
v 1234.09 -123.939 823.364
v 854.575 -491.665 562.627
v 892.012 -631.872 562.627
v 902.91 -624.706 562.627
v 949.909 -631.604 562.627
v 977.26 -637.452 562.627
v 1033.03 -590.448 562.627
v 967.965 -525.117 562.627
v 1014.44 -605.049 562.627
v -3646.67 1926.77 553.181
v -3633.34 1908.3 553.181
v -3630.39 1886.89 553.181
v -3621.67 1874.81 553.181
v -3560.6 1988.89 553.181
v -3595.84 1880.63 553.181
v -3521.29 1934.41 553.181
v -3472.67 1869.55 553.744
v -3518.09 1931.3 553.744
v -3535.03 1918.85 553.744
v -3559.57 1899.93 553.744
v -3583.38 1882.43 553.744
v -3538.37 1821.73 553.744
v -3504.64 2003.26 572.432
v -3402.94 1871.08 572.432
v -3360.43 1901.78 572.432
v -3463.23 2021.44 572.432
v -3403.47 1997.24 572.432
v -3463.23 2021.44 792.86
v -3457.9 1988.46 792.86
v -3413.1 1995.7 792.86
v -3418.42 2028.69 792.86
v -3431.3 2123.67 580.517
v -3405.88 2095.74 580.517
v -3358.73 2138.64 580.517
v -3384.16 2166.58 580.517
v -3597 2000.13 547.991
v -3590.28 1991.31 547.991
v -3577.13 2001.33 547.991
v -3590.45 2018.8 547.991
v -3595.9 2014.64 547.991
v -3390.89 1854.26 568.31
v -3341.32 1785.49 568.31
v -3296.02 1812.98 568.31
v -3344.33 1885.11 568.31
v 1618.54 -239.848 643.205
v 1673.55 -271.791 643.205
v 1692.18 -239.925 643.205
v 1635.06 -207.802 643.205
v 2602.74 1076.73 392.981
v 2580.78 1003.95 392.981
v 2751.82 951.401 392.981
v -1496.39 516.107 519.199
v -1572.7 421.616 519.199
v -1582.95 366.302 519.199
v -1476.17 340.949 519.199
v -1453.38 504.076 519.199
v -1420.08 483.842 519.199
v -1445.95 345.556 519.199
v -3779.19 1627.84 553.634
v -3784.84 1711.43 553.634
v -3811.6 1740.7 553.634
v -3819.64 1755.96 553.634
v -3839.82 1687.88 553.634
v -3821.59 1671.75 547.195
v -3829.17 1634.7 547.195
v -3779.19 1627.84 547.195
v -3776.67 1658.44 547.195
v -3601.8 1839.09 563.372
v -3650.36 1803.6 563.372
v -3619.77 1761.77 563.372
v -3585.24 1787.03 563.372
v -3586.68 1818.41 563.372
v -3517.67 1786.4 612.087
v -3579.32 1746.27 612.087
v -3553.73 1711.37 612.087
v -3462.41 1714.27 612.087
v -3545.01 1702.06 612.087
v -3544.43 1683.45 612.087
v -3646.21 1696.25 622.671
v -3636.32 1662.51 622.671
v -3563.62 1675.89 622.671
v -3589.79 1736.97 622.671
v -3621.78 1729.4 622.671
v 4315.51 -1727.95 915.452
v 4318.01 -1742.64 915.452
v 4326.46 -1718.88 915.452
v 4332.08 -1719.51 915.452
v 4335.52 -1731.07 915.452
v 4345.22 -1740.45 915.452
v 4340.85 -1737.33 915.452
v 4344.6 -1746.71 915.452
v 4334.9 -1746.08 915.452
v 4339.59 -1748.58 915.452
v 787.227 -95.3741 573.097
v 793.917 -113.547 573.097
v 860.163 -88.1946 573.097
v 879.544 -44.8995 573.097
v 864.237 -37.4895 573.097
v 351.11 -162.793 611.038
v 363.144 -197.423 611.038
v 389.749 -189.412 611.038
v 378.083 -154.41 611.038
v 285.454 -223.812 592.114
v 302.586 -277.038 592.114
v 321.176 -271.56 592.114
v 305.135 -216.889 592.114
v 289.851 -195.478 597.862
v 297.287 -214.483 597.862
v 336.282 -199.228 597.862
v 328.846 -180.223 597.862
v 307.517 -143.187 601.654
v 311.926 -164.418 601.654
v 334.357 -159.209 601.654
v 329.548 -137.172 601.654
v -1058.04 317.502 496.324
v -1042.71 384.117 496.324
v -1115.3 454.252 496.324
v -1131.22 457.925 496.324
v -1171.84 281.463 496.324
v -1155.92 277.802 496.324
v -1155.69 351.648 496.324
v -1145.49 395.93 496.324
v 181.17 -2441.24 472.182
v 316.913 -2471.2 472.182
v 326.586 -2427.35 472.182
v 190.855 -2397.39 472.182
v -3228.3 2513.08 601.613
v -3302.72 2415.65 601.613
v -3292.09 2427.66 601.613
v -3420.09 2309.04 601.613
v -3242.26 2585.54 601.613
v -3248.96 2581.78 601.613
v -3464.01 2345.31 601.613
v -3271.11 2588.05 601.613
v -3466.14 2353.27 601.613
v -3289.1 2605.74 601.613
v -3372.89 2533.08 601.613
v -3363.05 2510.73 601.613
v -3483.6 2396.3 601.613
v -3478.4 2386.17 601.613
v -3470.88 2425.48 601.613
v -3401.83 2488.75 601.613
v -3387 2482.45 601.613
v -4043.08 577.897 464.627
v -3966.07 580.79 464.627
v -3967 605.427 464.627
v -4044.01 602.535 464.627
v 1468.49 1.76156 580.072
v 1408.62 -91.7652 580.072
v 1436.46 -110.911 580.072
v 1513.98 -100.647 580.072
v 1548.03 -27.4176 580.072
v 1484.97 4.94824 580.072
v 1518.74 -156.458 596.997
v 1526.78 -195.184 596.997
v 1568.46 -217.362 596.997
v 1580.11 -205.14 596.997
v 1569.96 -139.731 596.997
v 1542.79 -123.606 596.997
v 1578.57 -144.351 600.606
v 1554.89 -180.313 600.606
v 1581.94 -198.127 600.606
v 1605.63 -162.166 600.606
v 1635.06 -207.802 642.193
v 1692.18 -239.925 642.193
v 1783.07 -62.3174 642.193
v 1760.72 -278.189 669.715
v 1737.42 -319.922 669.715
v 1774.74 -344.891 669.715
v 1807.34 -287.289 669.715
v 1795.58 -281.223 669.715
v 1796.34 -120.151 609.91
v 1816.05 -139.475 609.91
v 1831.59 -170.561 609.91
v 1863.04 -175.104 609.91
v 1882.38 -147.819 609.91
v 1817.94 -90.5878 609.91
v 1890.71 -156.906 588.22
v 1874.04 -181.17 588.22
v 1910.8 -207.316 588.22
v 1927.09 -184.958 588.22
v 1786.49 -153.886 660.759
v 1743.66 -236.124 660.759
v 1838.41 -277.434 660.759
v 1877.82 -220.958 660.759
v 1994.7 20.8944 601.097
v 1877.45 70.576 601.097
v 1857.8 23.7868 601.097
v 1834.12 -58.2477 601.097
v 1877.45 -105.036 601.097
v 1969.28 -42.6471 601.097
v 1835.84 -72.6836 601.097
v 1408.88 -168.219 567.078
v 1365.4 -232.195 567.078
v 1401.14 -254.987 567.078
v 1438.45 -203.95 567.078
v 1432.27 -181.055 567.078
v 1262.53 107.601 571.217
v 1279.56 97.5542 571.217
v 1329.25 72.5341 571.217
v 1346.87 62.9869 571.217
v 1224.5 28.202 577.999
v 1204.37 38.2612 577.999
v 1298 -10.9084 577.999
v 1277.11 -2.01382 577.999
v 1468.7 226.866 582.738
v 1446.42 198.262 582.738
v 1473.13 129.421 582.738
v 1507.26 123.265 582.738
v 1541.63 136.614 582.738
v 1527.53 249.685 582.738
v 1580.91 226.328 582.738
v 2044.57 -149.458 571.028
v 2023.22 -181.068 571.028
v 2056.44 -203.515 571.028
v 2077.79 -171.905 571.028
v 1327.66 -367.773 546.512
v 1223.57 -296.068 546.512
v 1205.16 -317.465 546.512
v 1233.72 -395.953 546.512
v 1287.15 -429.879 546.512
v 2333.71 -1964.03 405.603
v 2345.59 -2011.51 405.603
v 2458.35 -1983.81 405.603
v 2446.48 -1936.32 405.603
v 2476.49 -1950.9 397.655
v 2480.65 -1997.19 397.655
v 2561.4 -1989.92 397.655
v 2554.64 -1914.76 397.655
v 2544.2 -1897.7 397.655
v 2520.58 -1899.83 397.655
v 2512.23 -1919.74 397.655
v 2495.94 -2007.54 421.734
v 2476.15 -2064.92 421.734
v 2513.75 -2078.77 421.734
v 2531.55 -2021.4 421.734
v 2474.17 -2118.33 447.021
v 2456.37 -2167.8 447.021
v 2491.98 -2179.66 447.021
v 2507.81 -2130.21 447.021
v 2462.31 -2818.68 469.365
v 2454.39 -2881.99 469.365
v 2507.81 -2891.88 469.365
v 2519.68 -2828.57 469.365
v 3248.08 1796.1 439.799
v 3212.21 1785 439.799
v 3209.13 1777.72 439.799
v 3212.64 1764.54 439.799
v 3225.45 1731.12 439.799
v 3237.65 1726.01 439.799
v 3262.67 1745.15 439.799
v 3188.7 1882.11 450.093
v 3184.63 1845.47 450.093
v 3207.02 1809.85 450.093
v 3244.68 1824.09 450.093
v 3239.59 1863.8 450.093
v -1249.01 -256.472 521.487
v -1274.19 -245.056 521.487
v -1312.2 -301.2 521.487
v -1268.68 -322.098 521.487
v -1686.3 -1048.37 417.95
v -1691.83 -1059.58 417.95
v -1681.07 -1064.89 417.95
v -1675.54 -1053.68 417.95
v 1549.02 -121.162 603.566
v 1587.88 -145.196 603.566
v 1626.07 -83.4466 603.566
v 1587.22 -59.4123 603.566
v 2146.42 -24.4229 592.883
v 2176.2 -36.4017 592.883
v 2186.78 -10.1021 592.883
v 2156.98 1.87674 592.883
v 807.643 348.359 515.879
v 806.451 305.37 515.879
v 841.829 304.384 515.879
v 843.031 347.386 515.879
v 2342.18 32.3614 514.455
v 2370.71 22.4302 514.455
v 2385.17 64.0107 514.455
v 2356.63 73.9291 514.455
v 888.383 296.846 542.266
v 889.574 256.839 542.266
v 920.097 257.748 542.266
v 918.895 297.755 542.266
v 1523.6 80.7248 579.561
v 1489.5 98.1045 579.561
v 1465.32 50.624 579.561
v 1499.42 33.2444 579.561
v 2294.69 97.3878 525.459
v 2281.48 59.3906 525.459
v 2314.7 47.8341 525.459
v 2327.92 85.844 525.459
v 818.385 279.991 528.042
v 837.198 245.653 528.042
v 866.274 261.574 528.042
v 847.461 295.912 528.042
v 860.119 347.962 539.987
v 858.916 304.96 539.987
v 894.305 303.975 539.987
v 895.507 346.977 539.987
v -3324.34 2316.71 585.574
v -3378.88 2265.93 585.574
v -3365.91 2251.99 585.574
v -3311.37 2302.77 585.574
v 2025.8 -129.723 577.021
v 1997.74 -170.83 577.021
v 2079.3 -226.295 577.021
v 2106.71 -181.925 577.021
v -2879.15 -690.945 494.89
v -2987.46 -805.697 494.89
v -2966.28 -826.146 494.89
v -2861.09 -707.299 494.89
v 5158.99 -2833.48 973.717
v 5156.91 -2872.47 973.717
v 5175.63 -2901.06 973.717
v 5248.41 -2900.54 973.717
v 5258.81 -2858.96 973.717
v -1826.01 3389.28 670.264
v -1820.03 3410.33 670.264
v -1847.51 3439.44 670.264
v -1868.5 3446.29 670.264
v 759.63 -183.384 861.724
v 775.549 -237.314 861.724
v 803.557 -235.253 861.724
v 789.664 -172.519 861.724
v 513.091 -213.856 569.895
v 541.756 -237.147 569.895
v 564.02 -209.748 569.895
v 535.355 -186.456 569.895
v 131.499 112.195 530.204
v 133.291 82.9261 530.204
v 166.119 84.9354 530.204
v 164.327 114.204 530.204
v 79.5462 65.0089 535.616
v 83.1307 25.0026 535.616
v 113.387 27.7157 535.616
v 109.803 67.7221 535.616
v 74.1695 176.083 522.138
v 83.7318 134.886 522.138
v 109.28 140.811 522.138
v 99.7173 182.008 522.138
v 118.508 330.979 527.656
v 119.766 294.338 527.656
v 161.277 295.771 527.656
v 160.008 332.412 527.656
v 554.29 394.049 446.483
v 609.828 376.131 446.483
v 615.004 392.167 446.483
v 559.467 410.085 446.483
v 498.753 422.115 446.737
v 535.778 402.419 446.737
v 544.283 418.378 446.737
v 507.258 438.088 446.737
v 403.208 162.351 514.517
v 427.097 146.225 514.517
v 449.895 179.999 514.517
v 426.006 196.125 514.517
v 1455.41 -406.741 572.212
v 1481.07 -417.44 572.212
v 1496 -381.607 572.212
v 1470.34 -370.921 572.212
v 1421.97 -378.087 556.338
v 1438.1 -356.587 556.338
v 1409.81 -335.369 556.338
v 1393.7 -356.869 556.338
v 1104.88 -600.225 547.458
v 1143.09 -628.289 547.458
v 1169.59 -592.227 547.458
v 1131.36 -564.162 547.458
v 1050.53 -550.059 538.362
v 1072.63 -572.16 538.362
v 1092.93 -551.851 538.362
v 1070.84 -529.763 538.362
v 937.229 -554.103 544.81
v 965.293 -581.579 544.81
v 983.973 -562.498 544.81
v 955.898 -535.022 544.81
v 833.769 -409.134 578.447
v 855.855 -437.199 578.447
v 884.92 -414.317 578.447
v 862.824 -386.252 578.447
v 606.243 -603.207 552.176
v 639.094 -607.993 552.176
v 643.302 -579.058 552.176
v 610.451 -574.285 552.176
v 572.202 -589.475 554.085
v 602.915 -590.819 554.085
v 604.106 -563.343 554.085
v 573.404 -562.012 554.085
v 2606.69 577.859 546.096
v 2624.52 573.252 546.096
v 2631.39 599.604 546.096
v 2613.51 604.224 546.096
v 2557.37 631.446 552.914
v 2548.77 596.11 552.914
v 2582.61 587.867 552.914
v 2591.21 623.204 552.914
v 2603.16 339.119 491.721
v 2647.97 337.058 491.721
v 2650.36 389.006 491.721
v 2605.55 391.067 491.721
v 1324.03 1535.23 654.306
v 1285.82 1489.24 654.306
v 1387.93 1488.66 654.306
v 1332.39 1390.11 654.306
v 1367.03 1394.3 654.306
v 1136.52 1259.93 446.809
v 1180.72 1246.2 446.809
v 1179.53 1303.53 446.809
v 1158.02 1310.69 446.809
v 1067.85 1271.29 450.929
v 1113.84 1256.95 450.929
v 1136.21 1328.75 450.929
v 1090.23 1343.08 450.929
v 966.44 1439.44 456.299
v 943.642 1403.26 456.299
v 987.234 1375.79 456.299
v 1010.03 1411.96 456.299
v 993.802 1327.42 436.559
v 1024.86 1307.11 436.559
v 1050.63 1346.53 436.559
v 1019.57 1366.83 436.559
v 1166.38 1537.02 514.085
v 1202.21 1516.12 514.085
v 1223.4 1552.44 514.085
v 1187.56 1573.34 514.085
v 1017.09 1534.63 701.652
v 1051.13 1513.73 701.652
v 1075.53 1553.47 701.652
v 1041.49 1574.37 701.652
v 1819.99 1401.74 483.295
v 1862.68 1392.78 483.295
v 1907.48 1378.11 483.295
v 2005.41 1378.25 483.295
v 2037.66 1389.85 483.295
v 1811.93 1411.31 483.295
v 1805.63 1457.89 483.295
v 1805.68 1425.35 483.295
v 1812.51 1467.45 483.295
v 2054.38 1400.29 483.295
v 2069.6 1411.63 483.295
v 2082.47 1424.16 483.295
v 2082.41 1462.98 483.295
v 2075.86 1474.03 483.295
v 1822.35 1479.66 483.295
v 1864.47 1491.89 483.295
v 2008.98 1502.75 483.295
v 1927.46 1502.62 483.295
v 2050.48 1494.95 483.295
v 2065.71 1485.08 483.295
v -1319.02 3174.44 685.69
v -1293.8 3180.11 685.69
v -1299.18 3204 685.69
v -1324.39 3198.33 685.69
v -1244.97 3135.03 683.065
v -1217.49 3143.39 683.065
v -1222.64 3160.26 683.065
v -1250.1 3151.9 683.065
v -1295.73 3141.01 684.576
v -1265.27 3138.02 684.576
v -1263.35 3157.65 684.576
v -1293.8 3160.64 684.576
v -1725.69 3470.04 686.532
v -1707.18 3435.41 686.532
v -1672.3 3454.05 686.532
v -1690.81 3488.69 686.532
v -1787.19 3503.49 678.354
v -1771.07 3465.26 678.354
v -1739.22 3478.7 678.354
v -1755.34 3516.91 678.354
v -1710.75 3352.4 692.457
v -1695.88 3390.48 692.457
v -1734.09 3405.41 692.457
v -1748.98 3367.33 692.457
v -1647.45 3327.92 691.201
v -1630.34 3361.53 691.201
v -1663.18 3378.26 691.201
v -1680.3 3344.63 691.201
v -1599.08 3306.42 689.987
v -1583.38 3346.07 689.987
v -1615.03 3358.6 689.987
v -1630.73 3318.95 689.987
v -1513.69 3282.54 689.577
v -1485.63 3277.76 689.577
v -1480.18 3309.69 689.577
v -1508.26 3314.46 689.577
v -1565.04 3288.5 691.121
v -1528.62 3284.33 691.121
v -1524.21 3322.77 691.121
v -1560.64 3326.96 691.121
v 3681.3 2374.12 550.896
v 3566.64 2211.7 550.896
v 3805.51 2056.44 550.896
v 3920.17 2235.58 550.896
v 4039.01 -688.513 574.718
v 4045.48 -707.978 574.718
v 4122.16 -682.486 574.718
v 4115.7 -663.034 574.718
v 4049.5 -728.466 585.198
v 4055.97 -747.918 585.198
v 4132.64 -722.438 585.198
v 4126.18 -702.987 585.198
v 4062.03 -763.095 605.919
v 4068.5 -782.56 605.919
v 4145.19 -757.08 605.919
v 4138.72 -737.616 605.919
v 4129.43 -702.987 591.483
v 4135.05 -719.879 591.483
v 4187 -702.577 591.483
v 4176.48 -670.994 591.483
v 4156.73 -677.571 591.483
v 1512.86 1836.6 517.477
v 1462.62 1833.89 517.477
v 1462.17 1807.63 517.477
v 1490.23 1790.43 517.477
v 1515.12 1793.14 517.477
v -2514.9 -465.584 527.323
v -2511.28 -495.594 527.323
v -2501 -494.352 527.323
v -2504.61 -464.342 527.323
v -2491.52 -94.9774 460.312
v -2460.92 -110.54 460.312
v -2440.05 -69.4841 460.312
v -2470.65 -53.922 460.312
v -3160.47 -1471.04 682.898
v -3173.79 -1470.9 682.898
v -3173.84 -1477.14 682.898
v -3159.49 -1480.89 682.898
v -3144.83 -1475.95 682.898
v -3132.18 -1485.05 682.898
v -3132.13 -1480.88 682.898
v -3144.24 -1484.94 682.898
v -2885.9 -1096.6 734.714
v -2927.03 -1094.52 734.714
v -2927.69 -1107.9 734.714
v -2886.57 -1109.97 734.714
v -3136.11 -1393.31 703.942
v -3185.73 -1405.62 703.942
v -3183.18 -1415.87 703.942
v -3178.41 -1424.51 703.942
v -3133.31 -1453.15 703.942
v -3121.96 -1450.33 703.942
v -3210.22 -1405.38 696.248
v -3224.1 -1419.87 696.248
v -3216.52 -1427.12 696.248
v -3202.64 -1412.65 696.248
v -3192.43 -1452.89 689.426
v -3189.97 -1466.62 689.426
v -3158.23 -1460.94 689.426
v -3160.69 -1447.21 689.426
v -3089.8 -1447.9 688.591
v -3095.76 -1455.07 688.591
v -3067.37 -1478.74 688.591
v -3061.4 -1471.58 688.591
v -3190.65 -1380.58 707.171
v -3187.71 -1395.16 707.171
v -3131.46 -1383.83 707.171
v -3134.39 -1369.26 707.171
v -3123.45 -1376.37 712.015
v -3118.06 -1403.99 712.015
v -3105.12 -1401.45 712.015
v -3102.23 -1397.01 712.015
v -3071.14 -1381.3 712.015
v -3073.99 -1366.72 712.015
v -3100.53 -1419.33 709.051
v -3112.07 -1421.36 709.051
v -3109.81 -1430.41 709.051
v -3095.33 -1439.01 709.051
v -3052.1 -1385.84 709.051
v -3066.81 -1388.11 709.051
v -3035.27 -1358.19 711.883
v -3066.51 -1364.84 711.883
v -3063.3 -1379.89 711.883
v -3032.06 -1382.92 711.883
v -2977.02 -1371.2 711.883
v -2981.67 -1349.41 711.883
v -3011.52 -1355.77 711.883
v -3018.2 -1311.71 714.251
v -3014.68 -1327.95 714.251
v -2970.08 -1318.27 714.251
v -2973.61 -1302.04 714.251
v -2960.96 -1303.93 712.757
v -2958.63 -1316.62 712.757
v -2911.65 -1307.99 712.757
v -2913.99 -1295.29 712.757
v -2845.62 -1272.49 717.768
v -2905.09 -1284.48 717.768
v -2903.26 -1293.54 717.768
v -2893.12 -1306.18 717.768
v -2873.46 -1302.21 717.768
v -2843.19 -1284.57 717.768
v -2865.01 -1302.43 717.768
v -2844.93 -1298.38 717.768
v -3208.6 -1325.17 708.062
v -3242.17 -1321.84 708.062
v -3246.23 -1340.73 708.062
v -3247.86 -1357.2 708.062
v -3238.64 -1358.11 708.062
v -3210.41 -1343.45 708.062
v -3150.56 -1302.48 715.109
v -3186.95 -1298.91 715.109
v -3189.37 -1344.58 715.109
v -3176.23 -1355.64 715.109
v -3118.91 -1354.44 715.109
v -3126.37 -1311.75 715.109
v -3170.86 -1362.81 715.109
v -1655.56 224.37 510.993
v -1658.12 178.118 510.993
v -1603.79 175.11 510.993
v -1600.44 235.76 510.993
v -1642.96 238.115 510.993
v -1600.02 235.3 566.449
v -1630.69 237.386 566.449
v -1614.06 188.523 566.449
v -1875.93 551.277 506.168
v -1885.93 523.926 506.168
v -1857.92 513.675 506.168
v -1847.92 541.012 506.168
v -1485.27 868.08 499.623
v -1506.01 861.399 499.623
v -1499.18 837.018 499.623
v -1490.34 828.865 499.623
v -1478.26 844.876 499.623
v -2048.3 292.06 518.557
v -2045.57 274.641 518.557
v -2002.09 281.501 518.557
v -2004.84 298.919 518.557
v -3301.98 -1284.64 708.228
v -3304.46 -1305.17 708.228
v -3266.44 -1309.99 708.228
v -3263.86 -1289.19 708.228
v -3251.1 -1290.76 708.23
v -3263.86 -1289.19 708.23
v -3268.06 -1323.1 708.23
v -3255.31 -1324.69 708.23
v -3266.54 -1325.67 705.284
v -3267.13 -1348.91 705.284
v -3251.57 -1349.31 705.284
v -3250.98 -1326.07 705.284
v -2963.58 -1348.32 696.6
v -2960.89 -1363.1 696.6
v -2781.44 -1330.42 696.6
v -2784.14 -1315.64 696.6
v -2763.1 -1293.88 689.124
v -2756.34 -1305 689.124
v -2714.33 -1279.51 689.124
v -2721.07 -1268.39 689.124
v -2702.67 -1253.47 686.087
v -2698.94 -1267.32 686.087
v -2652.33 -1254.78 686.087
v -2656.05 -1240.92 686.087
v -2631.55 -1241.57 664.201
v -2622.55 -1251.9 664.201
v -2590.31 -1223.73 664.201
v -2599.32 -1213.42 664.201
v -2778.34 -1248.87 710.545
v -2830.29 -1271.85 710.545
v -2828.21 -1282.01 710.545
v -2800.73 -1276.63 710.545
v -2802.46 -1205.47 733.061
v -2791.7 -1230.28 733.061
v -2764.87 -1218.65 733.061
v -2775.62 -1193.84 733.061
v -2833.8 -1219.28 735.105
v -2822.93 -1243.87 735.105
v -2796.17 -1232.06 735.105
v -2807.05 -1207.46 735.105
v -3301.96 -1656.69 680.969
v -3321.95 -1656.8 680.969
v -3332.63 -1664.69 680.969
v -3332.49 -1688.41 680.969
v -3323.45 -1694.9 680.969
v -3300.44 -1694.77 680.969
v -3292.17 -1688.1 680.969
v -3292.31 -1663.77 680.969
v -3243.02 -1658.65 704.781
v -3264.71 -1658.52 704.781
v -3274.68 -1667.99 704.781
v -3274.8 -1689.83 704.781
v -3265.04 -1697.99 704.781
v -3244.84 -1698.11 704.781
v -3234.87 -1688.68 704.781
v -3234.74 -1666.8 704.781
v -3183.43 -1659.21 685.504
v -3202.2 -1658.29 685.504
v -3215.08 -1667.71 685.504
v -3216.1 -1688.54 685.504
v -3203.72 -1697.3 685.504
v -3184.42 -1698.25 685.504
v -3171.22 -1690.92 685.504
v -3170.06 -1667.42 685.504
v -3230.59 -1522.29 699.524
v -3269.98 -1522.01 699.524
v -3279.12 -1580.96 699.524
v -3279.44 -1626.68 699.524
v -3236.37 -1627 699.524
v -3193.85 -1608.61 699.524
v -3193.51 -1562.57 699.524
v -3186.46 -1549.76 669.97
v -3186.38 -1583.06 669.97
v -3152.64 -1582.98 669.97
v -3152.72 -1549.7 669.97
v -3333.84 -1701 666.415
v -3334.4 -1711.51 666.415
v -3195.37 -1718.84 666.415
v -3194.83 -1708.33 666.415
v -3190.78 -1753.72 660.011
v -3156.13 -1755.88 660.011
v -3154.53 -1730.34 660.011
v -3189.17 -1728.18 660.011
v -3409.6 -1296.87 707.728
v -3409.64 -1305.12 707.728
v -3351.9 -1305.38 707.728
v -3351.87 -1297.13 707.728
v -3340.46 -1246.66 684.503
v -3367.95 -1250.91 684.503
v -3396.4 -1259.14 684.503
v -3395 -1268.23 684.503
v -3365.76 -1263.7 684.503
v -3338.95 -1256.42 684.503
v -3428.71 -1269.54 685.861
v -3427.31 -1278.76 685.861
v -3400.23 -1274.63 685.861
v -3401.64 -1265.42 685.861
v -3516.23 -1302.37 700.398
v -3516.42 -1315.23 700.398
v -3476.28 -1315.79 700.398
v -3476.1 -1302.93 700.398
v -3427.82 -1298.75 704.565
v -3474.11 -1298.41 704.565
v -3474.19 -1310.79 704.565
v -3447.56 -1313.71 704.565
v -3438.75 -1313.77 704.565
v -3427.89 -1308.2 704.565
v -3342.46 -1289.74 703.552
v -3335.82 -1322.93 703.552
v -3324.23 -1320.6 703.552
v -3330.87 -1287.42 703.552
v -3360.79 -1331.51 698.497
v -3363.45 -1339.71 698.497
v -3337.04 -1348.28 698.497
v -3334.38 -1340.08 698.497
v -2837.79 -1018.33 695.681
v -2829.5 -1030.08 695.681
v -2777.07 -991.714 695.681
v -2787 -978.021 695.681
v -3022.85 -1116.37 728.31
v -3023.53 -1128.37 728.31
v -2989.58 -1127.68 728.31
v -2989.58 -1116.02 728.31
v -3090.38 -1247.24 732.931
v -3089.88 -1263.72 732.931
v -3069.1 -1263.08 732.931
v -3069.6 -1246.61 732.931
v -4261.09 -1633.34 795.664
v -4271.02 -1653.35 795.664
v -4229.14 -1712.13 795.664
v -4205.82 -1723.7 795.664
v -4162.65 -1636.65 795.664
v -4186.31 -1624.92 795.664
v 2101.29 -79.4409 604.116
v 2084.5 -114.085 604.116
v 2132.68 -137.428 604.116
v 2149.47 -102.797 604.116
v 3336.24 -760.83 465.036
v 3296.86 -740.623 465.036
v 3285.12 -763.492 465.036
v 3324.51 -783.698 465.036
v -4866.58 1843.8 584.86
v -4866.5 1871.21 584.86
v -4883.9 1838.8 584.86
v 1423.17 1742.57 523.727
v 1450.1 1698.45 523.727
v 1470.24 1744.39 523.727
v 914.275 -762.66 526.048
v 914.164 -788.996 526.048
v 948.974 -789.137 526.048
v 949.085 -762.814 526.048
v 858.293 -783.327 540.682
v 858.293 -821.45 540.682
v 904.88 -821.45 540.682
v 904.88 -783.327 540.682
v 304.801 -1012.78 521.779
v 299.514 -1020.83 521.779
v 319.918 -1034.23 521.779
v 325.217 -1026.18 521.779
v 2410.4 693.404 489.629
v 2428.24 684.893 489.629
v 2444.53 719.014 489.629
v 2426.68 727.538 489.629
v 2470.13 898.58 715.312
v 2467.12 864.458 715.312
v 2782.08 770.605 715.312
v 2759.85 743.396 715.312
v 2496.28 853.259 670.595
v 2533.31 846.719 670.595
v 2542.43 898.49 670.595
v 2505.41 905.018 670.595
v 2572.67 832.257 690.495
v 2609.14 819.356 690.495
v 2627.27 870.589 690.495
v 2590.8 883.49 690.495
v 1550.05 -492.714 578.638
v 1562 -492.126 578.638
v 1576.93 -473.019 578.638
v 1559.02 -446.144 578.638
v 1555.58 -426.705 578.638
v 1514.22 -455.691 578.638
v 1546.61 -417.747 578.638
v 1515.42 -418.08 578.638
v 1756.11 -696.946 518.161
v 1766.23 -720.045 518.161
v 1784.33 -727.122 518.161
v 1801.48 -719.598 518.161
v 1777.44 -669.125 518.161
v 1761.41 -676.138 518.161
v 1808.97 -701.016 518.161
v 1799.11 -678.493 518.161
v -3073.12 2640.34 621.781
v -3078.4 2626.08 621.781
v -3081.57 2611.29 621.781
v -3055.69 2598.09 621.781
v -3049.88 2633.48 621.781
v -3038.26 2621.86 621.781
v -2607.21 2017.63 604.179
v -2651.94 2018.3 604.179
v -2660.76 1993.91 604.179
v -2620.76 1974.58 604.179
v -2605.85 1994.59 604.179
v -2317.39 1762.89 601.459
v -2378.4 1770 601.459
v -2391.96 1744.25 601.459
v -2346.87 1722.89 601.459
v -2426.87 1742.89 586.318
v -2445.85 1735.43 586.318
v -2461.44 1689.67 586.318
v -2431.96 1680.17 586.318
v -2404.84 1700.86 586.318
v -2400.08 1738.82 586.318
v -2289.92 1895.8 628.533
v -2290.94 1881.56 628.533
v -2256.7 1874.45 628.533
v -2255.35 1889.7 628.533
v -2298.06 1873.44 624.583
v -2298.39 1861.9 624.583
v -2267.55 1854.79 624.583
v -2266.87 1867.33 624.583
v -2332.97 1832.08 616.534
v -2335.69 1821.23 616.534
v -2292.97 1805.98 616.534
v -2288.23 1817.5 616.534
v -2072.98 1833.77 617.089
v -2102.14 1817.16 617.089
v -2086.88 1797.84 617.089
v -2062.81 1814.11 617.089
v -2116.36 1853.1 625.318
v -2132.64 1871.4 625.318
v -2200.43 1825.97 625.318
v -2189.59 1812.07 625.318
v -2506.37 1909.07 611.424
v -2513.83 1885.01 611.424
v -2449.42 1848.4 611.424
v -2412.14 1895.85 611.424
v -2406.04 1867.04 613.4
v -2408.74 1858.56 613.4
v -2345.36 1823.99 613.4
v -2340.95 1837.55 613.4
v -1719.25 1779.59 601.898
v -1720.61 1767.72 601.898
v -1651.46 1761.29 601.898
v -1651.13 1775.52 601.898
v -1641.61 1784.56 602.347
v -1634.83 1772.01 602.347
v -1576.65 1783.74 602.347
v -1585.34 1803.54 602.347
v -1632.14 1745.68 593.017
v -1630.11 1731.8 593.017
v -1571.47 1736.2 593.017
v -1573.16 1749.42 593.017
v -1632.48 1716.54 587.232
v -1631.12 1702.3 587.232
v -1574.52 1706.71 587.232
v -1575.53 1720.61 587.232
v -1672.81 1682.98 582.532
v -1672.14 1668.74 582.532
v -1635.53 1672.47 582.532
v -1637.9 1687.38 582.532
v -1629.43 1687.73 581.348
v -1628.75 1667.04 581.348
v -1576.55 1673.83 581.348
v -1578.92 1693.49 581.348
v -1673.84 1751.79 595.634
v -1674.85 1740.95 595.634
v -1636.54 1741.28 595.634
v -1636.54 1747.72 595.634
v -1596.89 1773.48 597.555
v -1594.51 1755.51 597.555
v -1564.34 1759.25 597.555
v -1568.07 1776.53 597.555
v -1537.9 1737.89 587.965
v -1540.27 1707.39 587.965
v -1514.52 1706.36 587.965
v -1515.19 1716.87 587.965
v -1521.29 1735.52 587.965
v -1470.11 1717.22 577.768
v -1502.99 1713.15 577.768
v -1496.55 1695.85 577.768
v -1466.38 1704.67 577.768
v 2116.78 -797.148 454.238
v 2144.16 -824.099 454.238
v 2177.89 -793.45 454.238
v 2146.33 -763.888 454.238
v 2061.37 -875.773 493.195
v 2032.09 -904.272 493.195
v 2038.72 -910.901 493.195
v 2052.39 -912.859 493.195
v 2075.03 -890.605 493.195
v 2079.37 -855.132 509.892
v 2094.94 -871.333 509.892
v 2122.4 -844.945 509.892
v 2095.73 -817.201 509.892
v 2078.78 -833.492 509.892
v 2176.68 -548.204 471.908
v 2159.99 -580.632 471.908
v 2181.1 -607.506 471.908
v 2196.22 -615.287 471.908
v 2219.43 -570.215 471.908
v 2183.37 -535.47 487.208
v 2225.25 -557.533 487.208
v 2239.68 -530.121 487.208
v 2197.81 -508.071 487.208
v 2204.03 -651.798 429.076
v 2163.65 -698.738 429.076
v 2174.36 -707.952 429.076
v 2192.1 -687.336 429.076
v 2212.36 -658.952 429.076
v 2247.62 -580.223 439.25
v 2224.33 -632.73 439.25
v 2237.95 -638.77 439.25
v 2254.54 -632.832 439.25
v 2270.76 -596.245 439.25
v 2263.08 -587.082 439.25
v 2294.7 -582.232 496.735
v 2329.88 -611.73 496.735
v 2354.26 -582.654 496.735
v 2319.09 -553.156 496.735
v 2227 275.435 528.451
v 2213.51 280.861 528.451
v 2195.74 267.282 528.451
v 2187.88 247.752 528.451
v 2211.97 238.051 528.451
v 2080.26 518.385 578.417
v 2108.93 487.745 578.417
v 2130.65 508.082 578.417
v 2101.98 538.721 578.417
v 734.628 1727.3 575.882
v 734.272 1672.96 575.882
v 784.711 1672.61 575.882
v 785.078 1726.97 575.882
v -596.553 -698.226 678.76
v -612.505 -710.627 678.76
v -631.307 -753.587 678.76
v -550.433 -716.552 678.76
v -562.745 -700.722 678.76
v -587.447 -782.918 678.76
v -576.159 -774.152 678.76
v -618.126 -770.53 678.76
v 740.005 -1172.61 429.863
v 732.624 -1192.88 429.863
v 779.356 -1209.9 429.863
v 786.737 -1189.63 429.863
v 884.82 -1127.08 428.503
v 881.314 -1147.89 428.503
v 904.301 -1151.78 428.503
v 907.819 -1130.96 428.503
v 918.717 -1117.92 429.453
v 918.517 -1136.06 429.453
v 955.397 -1136.5 429.453
v 955.608 -1118.34 429.453
v 927.745 -1144.78 429.685
v 928.357 -1183.26 429.685
v 956.577 -1182.81 429.685
v 955.965 -1144.33 429.685
v 886.301 -1162.95 425.535
v 868.345 -1161.52 425.535
v 865.417 -1198.29 425.535
v 899.325 -1200.99 425.535
v 900.939 -1180.72 425.535
v 1068.45 -1253.23 421.216
v 1070.1 -1287.04 421.216
v 1112.95 -1284.95 421.216
v 1111.3 -1251.14 421.216
v 1001.39 -1193.07 520.115
v 976.28 -1191.32 520.115
v 965.226 -1203.02 520.115
v 963.768 -1222.38 520.115
v 969.49 -1227.2 520.115
v 990.229 -1226.39 520.115
v 1015.01 -1258.16 419.555
v 1015.48 -1292.75 419.555
v 1048.17 -1292.3 419.555
v 1047.7 -1257.71 419.555
v 964.391 -1256.81 416.144
v 963.924 -1286.27 416.144
v 1001.55 -1286.86 416.144
v 1002.02 -1257.41 416.144
v 916.914 -1257.11 412.446
v 915.945 -1281.61 412.446
v 957.3 -1283.26 412.446
v 958.269 -1258.76 412.446
v 882.583 -1257.86 408.933
v 882.427 -1285.05 408.933
v 909.299 -1285.21 408.933
v 909.455 -1258 408.933
v 847.495 -1256.52 409.45
v 845.836 -1276.28 409.45
v 872.408 -1278.52 409.45
v 874.078 -1258.76 409.45
v 799.728 -1252.18 412.993
v 797.869 -1270.29 412.993
v 831.309 -1273.72 412.993
v 833.168 -1255.62 412.993
v 740.005 -1241.74 418.339
v 737.044 -1264.55 418.339
v 789.898 -1271.43 418.339
v 792.859 -1248.6 418.339
v 683.878 -1229.64 495.641
v 681.217 -1262.66 495.641
v 725.7 -1266.24 495.641
v 728.361 -1233.23 495.641
v 627.149 -1218.15 502.843
v 622.451 -1251.26 502.843
v 667.68 -1257.68 502.843
v 672.378 -1224.56 502.843
v 180.769 -887.022 568.353
v 185.033 -900.817 568.353
v 201.452 -895.737 568.353
v 197.189 -881.942 568.353
v 224.807 -862.541 573.087
v 207.04 -878.064 573.087
v 216.302 -888.66 573.087
v 234.069 -873.137 573.087
v 246.002 -920.461 548.204
v 216.291 -945.837 548.204
v 225.519 -956.638 548.204
v 255.231 -931.261 548.204
v 244.666 -893.74 558.437
v 208.387 -910.005 558.437
v 214.187 -922.943 558.437
v 250.466 -906.665 558.437
v 205.549 -840.735 585.126
v 196.665 -848.656 585.126
v 210.102 -863.731 585.126
v 218.985 -855.823 585.126
v 228.837 -833.428 582.771
v 222.302 -844.395 582.771
v 261.42 -867.686 582.771
v 267.954 -856.719 582.771
v 161.355 -808.794 591.122
v 159.975 -817.956 591.122
v 195.508 -823.331 591.122
v 196.888 -814.168 591.122
v 165.541 -773.115 592.087
v 146.282 -791.172 592.087
v 155.321 -800.821 592.087
v 174.591 -782.751 592.087
v 153.596 -758.629 595.585
v 134.783 -773.115 595.585
v 141.963 -782.444 595.585
v 160.776 -767.958 595.585
v 189.875 -725.484 608.608
v 162.257 -750.272 608.608
v 169.37 -758.194 608.608
v 196.988 -733.418 608.608
v 218.54 -738.025 604.869
v 187.036 -763.402 604.869
v 193.782 -771.784 604.869
v 225.286 -746.395 604.869
v 230.774 -755.647 599.906
v 204.803 -777.287 599.906
v 210.324 -783.916 599.906
v 236.295 -762.263 599.906
v 267.209 -723.398 605.082
v 241.371 -743.4 605.082
v 251.757 -756.799 605.082
v 277.584 -736.797 605.082
v 248.986 -779.386 592.745
v 227.045 -802.229 592.745
v 236.585 -811.391 592.745
v 258.537 -788.549 592.745
v 297.955 -702.795 607.286
v 276.615 -719.815 607.286
v 284.775 -730.053 607.286
v 306.126 -713.045 607.286
v 330.65 -761.47 589.634
v 309.154 -782.969 589.634
v 322.29 -796.099 589.634
v 343.785 -774.6 589.634
v 305.725 -735.197 599.995
v 267.654 -775.943 599.995
v 275.168 -782.969 599.995
v 313.239 -742.21 599.995
v 437.694 -627.099 580.415
v 435.913 -661.485 580.415
v 445.309 -661.972 580.415
v 447.09 -627.585 580.415
v 363.199 -630.542 610.522
v 350.709 -646.922 610.522
v 359.081 -653.295 610.522
v 371.56 -636.915 610.522
v 378.729 -615.607 610.051
v 367.964 -628.289 610.051
v 390.862 -647.728 610.051
v 401.616 -635.046 610.051
v 409.186 -628.148 594.996
v 429.357 -620.304 594.996
v 425.683 -610.859 594.996
v 405.512 -618.704 594.996
v 390.072 -601.722 600.298
v 396.373 -617.936 600.298
v 415.085 -610.667 600.298
v 408.774 -594.453 600.298
v 371.415 -563.356 604.878
v 359.003 -576.806 604.878
v 384.372 -600.225 604.878
v 396.785 -586.775 604.878
v 337.674 -526.179 607.382
v 324.727 -540.205 607.382
v 348.372 -562.025 607.382
v 361.307 -548.012 607.382
v 397.987 -460.938 610.427
v 364.391 -489.016 610.427
v 365.136 -505.128 610.427
v 396.495 -538.874 610.427
v 400.068 -534.997 610.427
v 268.845 -606.355 656.591
v 266.752 -603.373 656.591
v 231.074 -620.534 656.591
v 227.946 -630.234 656.591
v 253.316 -643.224 656.591
v 263.769 -638.745 656.591
v 269.29 -631.284 656.591
v 283.005 -594.402 625.59
v 284.942 -656.2 625.59
v 301.985 -655.663 625.59
v 300.037 -593.865 625.59
v 221.824 -595.451 642.33
v 202.855 -613.073 642.33
v 211.482 -622.351 642.33
v 230.44 -604.729 642.33
v 214.432 -636.863 633.381
v 204.692 -656.187 633.381
v 225.442 -666.643 633.381
v 235.182 -647.319 633.381
v 212.862 -554.846 643.081
v 176.071 -589.936 643.081
v 186.747 -601.121 643.081
v 223.538 -566.03 643.081
v 274.968 -531.414 627.689
v 259.305 -546.348 627.689
v 278.274 -566.248 627.689
v 293.936 -551.301 627.689
v 126.868 -466.172 647.272
v 125.633 -524.17 647.272
v 149.934 -524.695 647.272
v 151.18 -466.684 647.272
v 151.503 -502.299 676.157
v 151.358 -512.294 676.157
v 213.608 -520.805 676.157
v 216.892 -513.049 676.157
v -316.495 -102.63 580.35
v -326.948 -102.95 580.35
v -326.102 -130.901 580.35
v -314.391 -130.542 580.35
v -307.59 -155.972 580.35
v -295.734 -155.626 580.35
v -283.856 -143.967 580.35
v -284.725 -115.441 580.35
v -292.584 -109.823 580.35
v -322.495 -172.365 589.799
v -320.124 -207.738 589.799
v -293.396 -205.947 589.799
v -295.767 -170.574 589.799
v -262.483 -302.543 617.76
v -267.292 -318.553 617.76
v -233.996 -328.561 617.76
v -229.187 -312.551 617.76
v -277.556 -289.106 616.121
v -278.457 -313.741 616.121
v -269.429 -314.074 616.121
v -268.539 -289.439 616.121
v -278.903 -264.918 616.419
v -279.337 -283.296 616.419
v -260.379 -283.744 616.419
v -259.945 -265.366 616.419
v -255.614 -263.728 617.585
v -254.212 -292.92 617.585
v -229.287 -291.729 617.585
v -230.679 -262.538 617.585
v -209.183 -189.527 583.264
v -210.374 -200.802 583.264
v -191.417 -202.811 583.264
v -190.225 -191.536 583.264
v -198.43 -210.439 598.268
v -200.534 -230.313 598.268
v -189.613 -231.465 598.268
v -187.509 -211.59 598.268
v -227.551 -208.647 594.788
v -229.065 -223.032 594.788
v -217.632 -224.235 594.788
v -216.107 -209.85 594.788
v -215.45 -244.621 619.38
v -194.266 -296.503 619.38
v -176.477 -289.234 619.38
v -197.662 -237.352 619.38
v -127.519 -217.605 600.587
v -120.628 -242.625 600.587
v -98.3757 -236.495 600.587
v -105.266 -211.462 600.587
v -178.726 -223.275 606.629
v -170.032 -247.386 606.629
v -145.03 -238.376 606.629
v -153.735 -214.252 606.629
v -171.112 -260.746 619.591
v -162.718 -282.208 619.591
v -137.85 -272.482 619.591
v -146.254 -251.02 619.591
v -107.816 -288.21 613.007
v -96.3608 -319.961 613.007
v -62.0633 -307.598 613.007
v -73.5069 -275.848 613.007
v -54.6717 -291.793 603.895
v -40.7345 -327.396 603.895
v -16.6672 -317.99 603.895
v -30.6044 -282.374 603.895
v -32.5748 -330.608 635.172
v -68.3974 -345.249 635.172
v -62.8759 -364.803 635.172
v -17.1904 -371.522 635.172
v -18.9826 -335.689 635.172
v 131.065 -201.212 582.743
v 114.634 -191.92 582.743
v 69.8392 -245.965 582.743
v 78.6445 -262.09 582.743
v -37.7956 -150.417 566.26
v -43.2169 -159.248 566.26
v -25.4503 -170.151 566.26
v -20.029 -161.321 566.26
v -34.5117 -127.125 559.634
v -44.0629 -141.305 559.634
v -30.8827 -150.2 559.634
v -21.3315 -136.007 559.634
v -2.86358 -156.983 569.246
v -11.3684 -172.365 569.246
v 4.17181 -180.966 569.246
v 12.6766 -165.583 569.246
v -52.423 -154.897 570.101
v -63.7776 -173.709 570.101
v -47.0574 -183.794 570.101
v -35.714 -164.981 570.101
v -40.9348 -234.613 593.504
v -48.2485 -251.609 593.504
v -26.7527 -260.874 593.504
v -19.4391 -243.879 593.504
v -27.4986 -212.819 583.622
v -33.187 -226.538 583.622
v -15.5763 -233.846 583.622
v -9.87671 -220.139 583.622
v -26.8975 -182.668 576.338
v -33.098 -200.265 576.338
v -6.37015 -209.671 576.338
v -0.180782 -192.074 576.338
v -85.8745 -198.486 586.834
v -75.6665 -223.096 586.834
v -49.384 -212.192 586.834
v -59.592 -187.595 586.834
v -280.995 -214.764 604.035
v -280.528 -242.65 604.035
v -253.366 -242.202 604.035
v -253.822 -214.316 604.035
v -321.605 -252.236 615.327
v -320.247 -290.961 615.327
v -290.246 -289.912 615.327
v -291.593 -251.186 615.327
v -222.475 -334.499 620.836
v -218.066 -363.383 620.836
v -189.691 -359.045 620.836
v -194.11 -330.16 620.836
v -271.288 -340.77 617.265
v -269.696 -360.99 617.265
v -241.332 -358.75 617.265
v -242.924 -338.53 617.265
v -269.351 -365.699 617.941
v -265.466 -393.163 617.941
v -244.26 -390.168 617.941
v -248.145 -362.705 617.941
v -337.579 -332.554 614.043
v -335.264 -372.316 614.043
v -296.747 -370.076 614.043
v -299.051 -330.314 614.043
v -412.219 -353.004 609.964
v -411.462 -392.6 609.964
v -364.585 -391.704 609.964
v -365.342 -352.108 609.964
v -371.309 -484.831 650.064
v -362.281 -510.823 650.064
v -320.18 -496.195 650.064
v -329.219 -470.204 650.064
v -316.529 -461.54 640.98
v -305.63 -495.286 640.98
v -270.765 -484.025 640.98
v -281.663 -450.278 640.98
v -293.686 -530.07 639.285
v -264.498 -553.412 639.285
v -246.887 -531.401 639.285
v -276.075 -508.058 639.285
v -301.3 -574.553 643.147
v -273.893 -596.475 643.147
v -256.26 -574.425 643.147
v -283.656 -552.504 643.147
v -270.242 -656.814 648.177
v -299.352 -658.312 648.177
v -305.029 -665.325 648.177
v -281.296 -684.584 648.177
v -263.975 -662.931 648.177
v -320.848 -679.35 612.749
v -340.863 -700.261 612.749
v -316.016 -724.038 612.749
v -296.012 -703.128 612.749
v -264.576 -722.95 613.324
v -273.081 -717.422 613.324
v -285.771 -724.588 613.324
v -290.847 -734.749 613.324
v -298.016 -739.664 613.324
v -261.281 -739.664 613.324
v -262.038 -733.994 613.324
v -269.195 -745.793 613.324
v -297.716 -747.879 613.324
v -292.194 -752.512 613.324
v -291.148 -762.212 613.324
v -274.873 -780.576 613.324
v -267.259 -773.256 613.324
v -265.466 -758.629 613.324
v -447.151 -992.866 523.152
v -402.668 -991.97 523.152
v -402.957 -977.356 523.152
v -447.451 -978.252 523.152
v -667.808 -1060.34 465.419
v -513.442 -1096.17 465.419
v -509.735 -1080.22 465.419
v -664.101 -1044.39 465.419
v -721.698 -1004.79 479.404
v -725.672 -1027.53 479.404
v -690.629 -1033.66 479.404
v -686.644 -1010.95 479.404
v -783.647 -981.848 479.783
v -793.755 -1011.45 479.783
v -798.308 -1012.56 479.783
v -801.959 -1023.25 479.783
v -788.779 -1027.75 479.783
v -783.959 -1027.87 479.783
v -770.601 -1032.43 479.783
v -766.627 -1020.81 479.783
v -764.267 -1000.84 479.783
v -760.482 -989.756 479.783
v -768.864 -1015.39 479.783
v -765.602 -1005.84 479.783
v -775.298 -1002.53 479.783
v -794.267 -992.443 452.988
v -806 -986.672 452.988
v -809.997 -994.785 452.988
v -803.061 -1010.32 452.988
v -810.13 -1012.41 452.988
v -818.824 -1011.28 452.988
v -832.194 -1008.3 452.988
v -825.748 -1011.47 452.988
v -827.04 -997.805 452.988
v -813.514 -1000.16 452.988
v -829.489 -959.875 443.522
v -838.494 -982.18 443.522
v -815.206 -991.586 443.522
v -806.201 -969.281 443.522
v -874.874 -953.31 436.009
v -876.076 -977.701 436.009
v -848.747 -979.045 436.009
v -847.556 -954.654 436.009
v -893.186 -982.321 468.833
v -893.319 -1007.85 468.833
v -865.4 -1008 468.833
v -865.267 -982.462 468.833
v -923.687 -939.874 456.666
v -917.264 -967.835 456.666
v -891.282 -961.859 456.666
v -897.716 -933.897 456.666
v -953.699 -935.843 456.607
v -946.975 -962.383 456.607
v -923.387 -956.42 456.607
v -930.11 -929.866 456.607
v -987.585 -931.21 457.654
v -980.917 -958.327 457.654
v -953.599 -951.608 457.654
v -960.267 -924.492 457.654
v -1056.56 -998.24 477.823
v -1012.22 -984.356 477.823
v -1016.19 -971.661 477.823
v -1053.42 -961.513 477.823
v -1066.06 -966.581 477.823
v -1117.92 -1015.26 480.279
v -1074.63 -1000.77 480.279
v -1079.04 -987.568 480.279
v -1113.89 -982.423 480.279
v -1126.51 -986.826 480.279
v -1174.8 -1035.42 479.552
v -1132.26 -1020.79 479.552
v -1137.4 -1005.83 479.552
v -1171.36 -1004.06 479.552
v -1184.65 -1009.14 479.552
v -1237.05 -1055.86 474.326
v -1193.46 -1041.39 474.326
v -1197.93 -1027.9 474.326
v -1228.55 -1022.27 474.326
v -1245.71 -1028.25 474.326
v -1071.34 -950.917 443.953
v -1067.04 -964.354 443.953
v -1027.34 -951.66 443.953
v -1031.62 -938.223 443.953
v -1131.95 -971.674 442.013
v -1128.26 -983.626 442.013
v -1084.22 -970.036 442.013
v -1087.91 -958.084 442.013
v -1189.87 -993.16 442.162
v -1184.71 -1007.08 442.162
v -1144.55 -992.149 442.162
v -1149.72 -978.239 442.162
v -1209.43 -1000.19 438.63
v -1249.3 -1012.13 438.63
v -1245.38 -1025.19 438.63
v -1205.51 -1013.25 438.63
v -1218.39 -899.563 482.081
v -1203.17 -949.279 482.081
v -1184.76 -943.636 482.081
v -1199.98 -893.92 482.081
v -1186.75 -919.718 472.128
v -1181.97 -938.632 472.128
v -1147.63 -929.982 472.128
v -1152.4 -911.055 472.128
v -1237.07 -849.975 504.057
v -1276.92 -859.099 504.057
v -1266.32 -905.386 504.057
v -1236.16 -898.962 504.057
v -1230.48 -877.911 504.057
v -1265.12 -928.971 473.819
v -1260.43 -951.557 473.819
v -1217.28 -942.599 473.819
v -1221.98 -920.013 473.819
v -1392.32 -940.462 480.14
v -1394.26 -951.967 480.14
v -1387.54 -961.36 480.14
v -1339.18 -950.316 480.14
v -1335.88 -938.223 480.14
v -1343.94 -929.418 480.14
v -1055.21 -544.249 606.635
v -1058.25 -553.22 606.635
v -1046.75 -557.098 606.635
v -1043.72 -548.127 606.635
v -1051.78 -555.895 612.053
v -1054.3 -567.182 612.053
v -1040.27 -570.318 612.053
v -1037.75 -559.03 612.053
v -1029.99 -490.359 589.126
v -1026.2 -507.636 589.126
v -1015.3 -505.256 589.126
v -1019.09 -487.966 589.126
v -1048.35 -497.078 588.612
v -1044.22 -506.548 588.612
v -1029.14 -499.97 588.612
v -1033.27 -490.5 588.612
v -1076.86 -529.468 598.453
v -1070.89 -541.805 598.453
v -1041.62 -527.626 598.453
v -1047.6 -515.289 598.453
v -1083.43 -516.479 593.855
v -1077.89 -526.704 593.855
v -1051.46 -512.371 593.855
v -1057 -502.146 593.855
v -998.338 -485.88 591.742
v -1009.6 -506.19 591.742
v -989.154 -517.541 591.742
v -977.889 -497.219 591.742
v -1023.42 -516.927 613.355
v -1033.07 -531.746 613.355
v -979.481 -566.683 613.355
v -969.818 -551.864 613.355
v -962.059 -571.572 633.625
v -978.323 -590.819 633.625
v -954.289 -611.128 633.625
v -938.025 -591.868 633.625
v -943.547 -546.195 620.635
v -959.655 -565.979 620.635
v -933.973 -586.877 620.635
v -917.865 -567.093 620.635
v -960.412 -630.99 631.809
v -972.356 -655.023 631.809
v -955.914 -663.187 631.809
v -943.981 -639.154 631.809
v -984.746 -623.222 633.126
v -1000.13 -646.513 633.126
v -986.416 -655.56 633.126
v -971.043 -632.269 633.126
v -1007 -609.336 634.018
v -1025.36 -631.885 634.018
v -1011.17 -643.441 634.018
v -992.806 -620.892 634.018
v -1010.73 -573.658 630.892
v -1020.1 -587.044 630.892
v -997.704 -602.72 630.892
v -988.331 -589.334 630.892
v -1105.08 -587.991 607.193
v -1068.06 -568.731 607.193
v -1074.78 -555.793 607.193
v -1111.81 -575.052 607.193
v -1092.69 -611.435 618.935
v -1037.46 -587.095 618.935
v -1042.4 -575.872 618.935
v -1097.64 -600.199 618.935
v -1075.07 -622.326 625.886
v -1024.31 -599.79 625.886
v -1028.51 -590.333 625.886
v -1079.27 -612.881 625.886
v -1102.24 -645.911 610.951
v -1109.41 -669.061 610.951
v -1064.93 -682.831 610.951
v -1057.76 -659.694 610.951
v -996.245 -690.254 621.842
v -954.59 -693.095 621.842
v -954 -684.38 621.842
v -995.655 -681.539 621.842
v -957.729 -704.138 624.706
v -917.275 -707.875 624.706
v -916.529 -699.8 624.706
v -956.983 -696.063 624.706
v -931.302 -771.464 612.152
v -905.776 -785.349 612.152
v -890.559 -757.375 612.152
v -916.084 -743.49 612.152
v -1056.11 -768.483 571.083
v -1030.29 -778.042 571.083
v -1026.19 -766.973 571.083
v -1052.02 -757.426 571.083
v -998.182 -789.534 570.464
v -980.872 -797.148 570.464
v -974.182 -781.945 570.464
v -991.503 -774.331 570.464
v -1022.82 -782.969 568.898
v -1003.86 -788.037 568.898
v -1000.13 -774.113 568.898
v -1019.09 -769.033 568.898
v -1051.34 -733.546 602.014
v -994.453 -752.358 602.014
v -988.598 -734.647 602.014
v -1045.48 -715.835 602.014
v -1113.59 -716.526 595.225
v -1064.17 -731.166 595.225
v -1058.67 -712.559 595.225
v -1108.09 -697.932 595.225
v -1117.92 -634.714 613.759
v -1112.16 -645.361 613.759
v -1088.13 -632.372 613.759
v -1093.88 -621.724 613.759
v -1089.41 -525.437 599.18
v -1137.78 -553.655 599.18
v -1128.48 -569.588 599.18
v -1080.1 -541.37 599.18
v -1180.62 -603.219 601.817
v -1175.5 -615.825 601.817
v -1148.63 -604.921 601.817
v -1153.75 -592.316 601.817
v -1217.05 -599.188 593.438
v -1198.68 -639.5 593.438
v -1173.58 -628.059 593.438
v -1191.94 -587.747 593.438
v -1199.73 -493.047 587.956
v -1177.63 -527.523 587.956
v -1143.37 -505.563 587.956
v -1165.46 -471.087 587.956
v -1194.51 -369.129 542.691
v -1163.45 -421.829 542.691
v -1141.94 -409.147 542.691
v -1172.99 -356.447 542.691
v -925.513 -435.586 565.855
v -944.515 -435.727 565.855
v -947.944 -441.768 565.855
v -944.37 -454.719 565.855
v -931.368 -458.097 565.855
v -921.995 -441.576 565.855
v -922.496 -471.24 584.807
v -893.23 -500.508 584.807
v -872.336 -479.61 584.807
v -901.59 -450.342 584.807
v -984.301 -409.736 568.194
v -956.838 -435.113 568.194
v -933.572 -409.94 568.194
v -961.035 -384.563 568.194
v -633.322 -243.277 574.054
v -683.037 -249.254 574.054
v -679.296 -258.353 574.054
v -653.17 -271.791 574.054
v -637.051 -276.116 574.054
v -629.737 -275.22 574.054
v -634.668 -288.21 582.505
v -599.725 -309.416 582.505
v -553.895 -305.231 582.505
v -557.313 -269.039 582.505
v -628.245 -278.061 582.505
v -849.192 -191.178 507.388
v -807.837 -227.754 507.388
v -791.629 -209.415 507.388
v -832.984 -172.839 507.388
v -825.459 -88.3097 490.488
v -838.895 -111.448 490.488
v -817.266 -124.016 490.488
v -803.83 -100.877 490.488
v -855.014 -85.6222 490.289
v -868.15 -105.331 490.289
v -847.689 -118.973 490.289
v -834.554 -99.2647 490.289
v -771.714 189.815 471.461
v -761.862 153.981 471.461
v -747.469 157.948 471.461
v -757.32 193.77 471.461
v -770.367 252.513 488.737
v -778.582 257.3 488.737
v -790.371 254.164 488.737
v -795.447 248.187 488.737
v -792.764 240.278 488.737
v -770.968 215.936 488.737
v -757.977 236.4 488.737
v -792.019 218.035 488.737
v -783.358 211.47 488.737
v -794.557 228.926 488.737
v -790.972 224.447 488.737
v -719.961 415.14 459.316
v -712.091 406.13 459.316
v -669.99 442.849 459.316
v -677.86 451.872 459.316
v -671.092 474.217 452.814
v -647.058 444.653 452.814
v -620.453 466.282 452.814
v -644.487 495.847 452.814
v -635.971 324.106 464.005
v -579.209 306.995 464.005
v -573.131 327.127 464.005
v -629.893 344.251 464.005
v -557.268 341.947 470.392
v -569.246 304.512 470.392
v -522.225 289.474 470.392
v -516.481 307.443 470.392
v -528.67 332.796 470.392
v -331.601 116.073 490.628
v -294.276 122.638 490.628
v -297.159 139.02 490.628
v -334.484 132.454 490.628
v -335.486 140.556 487.769
v -293.385 145.931 487.769
v -295.667 163.848 487.769
v -337.768 158.473 487.769
v -335.787 165.038 485.153
v -297.56 168.622 485.153
v -299.163 185.733 485.153
v -337.39 182.149 485.153
v -359.375 103.531 496.01
v -354.889 58.4436 496.01
v -324.877 61.4255 496.01
v -329.364 106.513 496.01
v -85.2734 50.9696 525.203
v -59.8926 50.0737 525.203
v -59.2135 69.3219 525.203
v -84.5944 70.2177 525.203
v -21.6766 56.3447 523.363
v 11.4632 55.756 523.363
v 11.6191 64.4074 523.363
v -21.5207 65.0089 523.363
v -0.180782 110.391 513.972
v 23.1184 110.992 513.972
v 22.7065 126.759 513.972
v -0.581532 126.158 513.972
v 24.3095 106.807 522.126
v 8.47987 91.8847 522.126
v 34.4284 64.3818 522.126
v 50.2469 79.3043 522.126
v -7.03806 162.645 500.654
v 25.8012 163.246 500.654
v 25.2557 193.156 500.654
v -7.58353 192.554 500.654
v 43.7125 209.23 490.012
v 83.7207 211.316 490.012
v 81.9062 246.089 490.012
v 41.898 244.002 490.012
v -53.6253 348.96 462.345
v -4.35526 349.856 462.345
v -4.68922 368.081 462.345
v -53.9592 367.185 462.345
v -23.7694 259.68 483.302
v 8.47987 261.472 483.302
v 7.38894 281.207 483.302
v -24.8603 279.415 483.302
v -64.9687 257.594 480.734
v -42.5712 259.386 480.734
v -43.9516 276.599 480.734
v -66.3491 274.808 480.734
v 807.487 -27.2512 557.259
v 796.744 -63.6739 557.259
v 812.975 -68.4731 557.259
v 823.717 -32.0376 557.259
v 937.987 -87.03 562.599
v 945.745 -126.14 562.599
v 964.481 -122.416 562.599
v 956.722 -83.3058 562.599
v 918.105 -70.5336 558.536
v 921.088 -88.4505 558.536
v 933.779 -86.3261 558.536
v 930.795 -68.4091 558.536
v 941.248 -30.5403 568.142
v 968.121 -30.5403 568.142
v 968.121 -15.9123 568.142
v 941.248 -15.9123 568.142
v 974.399 -35.9154 582.124
v 1013.51 -35.6083 582.124
v 1013.36 -15.8995 582.124
v 974.243 -16.2067 582.124
v 1020.98 -41.5849 594.85
v 1051.43 -41.5849 594.85
v 1051.43 -22.772 594.85
v 1020.98 -22.772 594.85
v 1075.61 -0.977189 590.437
v 1077.4 -35.7618 590.437
v 1132.05 -34.866 590.437
v 1129.51 -1.13076 590.437
v 1131.3 11.2704 590.437
v 1132.05 26.0392 590.437
v 1107.86 45.4537 590.437
v 1092.33 42.3182 590.437
v 1078 8.58284 590.437
v 1017.99 1.10887 575.659
v 1057.7 0.520165 575.659
v 1058.23 35.74 575.659
v 1018.52 36.3287 575.659
v 1006.53 158.959 520.193
v 1022.96 131.187 520.193
v 1042.53 142.757 520.193
v 1026.1 170.529 520.193
v 745.226 -63.8403 562.297
v 753.886 -91.9187 562.297
v 775.326 -85.3023 562.297
v 766.666 -57.2366 562.297
v 595.49 -74.1298 575.627
v 625.357 -85.7758 575.627
v 636.411 -57.4158 575.627
v 606.555 -45.7698 575.627
v 572.502 -118.026 566.444
v 609.527 -128.469 566.444
v 617.464 -100.34 566.444
v 580.439 -89.8839 566.444
v 554.29 -166.99 554.46
v 583.556 -177.433 554.46
v 594.21 -147.615 554.46
v 564.944 -137.159 554.46
v 824.207 -514.239 545.414
v 845.113 -541.408 545.414
v 869.403 -522.724 545.414
v 848.497 -495.555 545.414
v 777.33 -565.89 534.481
v 796.143 -601.722 534.481
v 828.771 -584.599 534.481
v 809.958 -548.767 534.481
v 693.128 -573.363 533.177
v 689.254 -616.055 533.177
v 724.253 -619.242 533.177
v 728.127 -576.537 533.177
v 1045.16 -192.97 556.407
v 1077.11 -235.663 556.407
v 1098.34 -219.768 556.407
v 1066.39 -177.075 556.407
v 920.353 -255.077 561.09
v 919.162 -287.02 561.09
v 946.436 -288.044 561.09
v 947.638 -256.088 561.09
v 858.538 -282.541 567.664
v 879.143 -310.9 567.664
v 897.321 -297.706 567.664
v 876.716 -269.333 567.664
v 563.107 -278.663 568.254
v 582.209 -299.856 568.254
v 608.659 -276.027 568.254
v 589.545 -254.821 568.254
v 532.639 -321.804 569.798
v 563.396 -355.244 569.798
v 576.632 -343.073 569.798
v 545.875 -309.633 569.798
v 488.011 -165.8 562.91
v 496.961 -186.392 562.91
v 529.032 -172.455 562.91
v 520.071 -151.851 562.91
v 470.69 -123.99 566.932
v 480.541 -147.282 566.932
v 513.202 -133.46 566.932
v 503.351 -110.181 566.932
v 434.555 -164.188 577.114
v 446.199 -194.646 577.114
v 470.634 -185.304 577.114
v 458.979 -154.858 577.114
v 462.329 -69.049 565.08
v 470.088 -101.005 565.08
v 493.955 -95.2078 565.08
v 486.196 -63.2516 565.08
v 428.288 -59.7962 555.849
v 444.418 -55.6241 555.849
v 437.717 -29.7724 555.849
v 421.587 -33.9573 555.849
v 395.148 -70.5464 554.191
v 422.911 -67.2573 554.191
v 419.627 -39.486 554.191
v 391.864 -42.7751 554.191
v 362.598 -92.6482 560.214
v 391.564 -89.9607 560.214
v 388.714 -59.2587 560.214
v 359.749 -61.9462 560.214
v 318.705 -87.2731 548.515
v 344.687 -83.3826 548.515
v 340.268 -53.8452 548.515
v 314.297 -57.7229 548.515
v 339.01 -40.0875 524.502
v 361.407 -26.9569 524.502
v 348.984 -5.7892 524.502
v 326.598 -18.9198 524.502
v 263.468 -51.1448 522.119
v 317.213 -41.8792 522.119
v 313.774 -21.9017 522.119
v 260.029 -31.1674 522.119
v 268.544 -99.5078 543.788
v 292.734 -96.2316 543.788
v 288.693 -66.4639 543.788
v 264.504 -69.7529 543.788
v 84.6224 570.206 418.397
v 81.639 560.658 418.397
v 106.419 518.858 418.397
v 117.462 513.777 418.397
v 172.409 535.279 418.397
v 169.125 528.112 418.397
v -69.7443 460.037 516.007
v -90.6501 440.622 516.007
v -69.1766 417.508 516.007
v -48.2708 436.91 516.007
v -124.981 401.805 445.733
v -110.443 380.994 445.733
v -85.6519 398.311 445.733
v -100.201 419.133 445.733
v -104.376 298.804 476.788
v -51.833 299.393 476.788
v -52 314.316 476.788
v -104.554 313.714 476.788
v -141.401 287.452 478.285
v -139.319 243.26 478.285
v -104.576 244.911 478.285
v -106.658 289.09 478.285
v -327.716 242.966 476.691
v -333.393 219.072 476.691
v -319.145 215.693 476.691
v -313.467 239.574 476.691
v -271.823 314.047 473.959
v -280.539 330.147 473.959
v -348.021 289.538 473.959
v -364.452 232.817 473.959
v -349.156 228.069 473.959
v -366.834 228.338 483.466
v -377.888 183.544 483.466
v -364.029 180.127 483.466
v -352.986 224.92 483.466
v -388.029 177.273 485.856
v -397.291 93.6764 485.856
v -378.444 91.5903 485.856
v -369.194 175.187 485.856
v -296.068 275.512 474.28
v -299.953 232.817 474.28
v -263.418 229.489 474.28
v -259.544 272.184 474.28
v -2730.41 -1158.58 722.728
v -2742.8 -1181.57 722.728
v -2693.83 -1186.8 722.728
v -2660.99 -1149.47 722.728
v -2684.73 -1141.41 722.728
v -2624.01 -1050.63 701.761
v -2641.49 -1064.55 701.761
v -2635.37 -1132.34 701.761
v -2650.89 -1108.45 701.761
v -2568.43 -825.814 635.042
v -2602.02 -840.146 635.042
v -2596.34 -853.443 635.042
v -2562.76 -839.11 635.042
v -2508.12 -830.587 639.266
v -2509.78 -843.742 639.266
v -2489.62 -846.276 639.266
v -2487.96 -833.121 639.266
v -2546.64 -825.507 639.28
v -2549.04 -840.748 639.28
v -2516.95 -845.828 639.28
v -2514.53 -830.587 639.28
v -2623.97 -811.775 620.557
v -2620.51 -820.708 620.557
v -2553.92 -794.883 620.557
v -2557.38 -785.951 620.557
v -2511.99 -726.828 608.233
v -2512.08 -742.658 608.233
v -2483.56 -742.799 608.233
v -2483.48 -726.982 608.233
v -2485.58 -764.605 620.581
v -2484.72 -781.561 620.581
v -2469.94 -780.819 620.581
v -2470.79 -763.85 620.581
v -2499.16 -766.09 621.475
v -2513.34 -783.558 621.475
v -2505.2 -790.161 621.475
v -2491.02 -772.706 621.475
v -2534.39 -769.673 616.159
v -2524.24 -777.287 616.159
v -2512.65 -761.841 616.159
v -2522.8 -754.227 616.159
v -2505.43 -795.357 628.156
v -2505.2 -807.284 628.156
v -2472.97 -806.682 628.156
v -2473.19 -794.755 628.156
v -2458.1 -755.647 621.792
v -2458.4 -773.794 621.792
v -2422.88 -774.382 621.792
v -2422.57 -756.236 621.792
v -2463.63 -795.51 628.853
v -2463.28 -804.519 628.853
v -2436.11 -803.47 628.853
v -2436.45 -794.461 628.853
v -2343 -809.843 624.051
v -2341.84 -816.344 624.051
v -2319.16 -812.313 624.051
v -2320.31 -805.812 624.051
v -2398.98 -816.101 635.698
v -2397.88 -824.598 635.698
v -2347.27 -818.02 635.698
v -2348.38 -809.536 635.698
v -2479.15 -831.931 639.11
v -2477.12 -843.947 639.11
v -2405 -831.713 639.11
v -2407.04 -819.684 639.11
v -2360.47 -836.704 633.17
v -2358.92 -846.942 633.17
v -2304.58 -838.739 633.17
v -2306.13 -828.501 633.17
v -2427.2 -788.19 629.242
v -2425.11 -801.909 629.242
v -2396.74 -797.583 629.242
v -2398.84 -783.865 629.242
v -2326.88 -774.305 628.748
v -2391.97 -783.11 628.748
v -2390.43 -794.461 628.748
v -2325.34 -785.656 628.748
v -2283.88 -670.546 588.146
v -2313.59 -687.272 588.146
v -2298.84 -713.48 588.146
v -2269.13 -696.767 588.146
v -2287.16 -722.95 606.138
v -2321.8 -745.934 606.138
v -2306.71 -768.662 606.138
v -2272.08 -745.678 606.138
v -2251.34 -759.819 613.779
v -2311.05 -802.229 613.779
v -2304.37 -811.635 613.779
v -2244.66 -769.238 613.779
v -2222.67 -783.11 597.654
v -2245.68 -801.589 597.654
v -2227.47 -824.278 597.654
v -2204.46 -805.812 597.654
v -2202.97 -738.627 584.205
v -2218.36 -753.292 584.205
v -2184.77 -788.536 584.205
v -2169.37 -773.857 584.205
v -2271.04 -709.065 588.388
v -2254.31 -734.455 588.388
v -2221.46 -712.802 588.388
v -2238.2 -687.413 588.388
v -1910.07 -947.065 516.171
v -1917.46 -937.148 516.171
v -1951.16 -933.885 516.171
v -1962.3 -942.19 516.171
v -1973.19 -973.914 516.171
v -1963.52 -986.89 516.171
v -1927.96 -897.413 540.805
v -1958.56 -918.912 540.805
v -1950.26 -929.073 540.805
v -1920.15 -907.241 540.805
v -1997.69 -941.806 523.989
v -1997.09 -957.393 523.989
v -1981.71 -956.804 523.989
v -1982.31 -941.217 523.989
v -2037.85 -952.863 527.793
v -2036.23 -963.753 527.793
v -2001.14 -958.532 527.793
v -2002.76 -947.629 527.793
v -2083.54 -959.133 532.62
v -2081.72 -975.36 532.62
v -2046.93 -971.482 532.62
v -2048.75 -955.243 532.62
v -2129.21 -1013.92 520.532
v -2127.15 -1031.1 520.532
v -2104.76 -1028.42 520.532
v -2106.82 -1011.23 520.532
v -2164.6 -995.707 533.664
v -2164.6 -1009.28 533.664
v -2135.93 -1009.28 533.664
v -2135.93 -995.707 533.664
v -2123.84 -965.992 537.044
v -2122.2 -978.124 537.044
v -2088.16 -973.491 537.044
v -2089.8 -961.372 537.044
v -2121.01 -985.546 529.392
v -2119.17 -1000.2 529.392
v -2083.35 -995.719 529.392
v -2085.17 -981.08 529.392
v -2149.52 -971.968 539.459
v -2146.67 -989.846 539.459
v -2128.9 -987.018 539.459
v -2131.75 -969.127 539.459
v -2214.61 -1013.17 536.959
v -2212.15 -1037.57 536.959
v -2172.15 -1033.53 536.959
v -2174.6 -1009.14 536.959
v -2218.79 -983.319 548.229
v -2216.56 -1007.39 548.229
v -2177.89 -1003.81 548.229
v -2180.13 -979.736 548.229
v -2078.76 -844.625 607.083
v -2068.01 -882.697 607.083
v -1924.39 -793.859 607.083
v -1943.65 -773.256 607.083
v -1956.79 -771.772 607.083
v -1899.54 -729.298 611.557
v -1913.04 -729.822 611.557
v -1927.82 -756.837 611.557
v -1922.3 -766.985 611.557
v -1891.84 -765.347 611.557
v -1885.5 -756.466 611.557
v -2027.84 -290.45 524.654
v -2019.58 -315.315 524.654
v -1949.56 -292.024 524.654
v -1957.83 -267.158 524.654
v -2002.02 -328.522 537.913
v -1994.84 -350.867 537.913
v -1893.17 -318.169 537.913
v -1900.35 -295.825 537.913
v -1822.77 -319.91 538.975
v -1800.78 -384.729 538.975
v -1725.53 -359.198 538.975
v -1747.53 -294.378 538.975
v -1654.92 -520.958 625.87
v -1662.68 -527.971 625.87
v -1682.99 -552.312 625.87
v -1680.75 -559.478 625.87
v -1643.42 -564.994 625.87
v -1638.79 -525.143 625.87
v -1610.87 -422.879 622.212
v -1616.36 -461.757 622.212
v -1579.34 -466.979 622.212
v -1573.85 -428.1 622.212
v -1617.3 -479.904 631.532
v -1621.62 -512.845 631.532
v -1587.43 -517.324 631.532
v -1583.11 -484.383 631.532
v -1281.69 -634.125 594.269
v -1287.21 -632.18 594.269
v -1313.94 -651.887 594.269
v -1269.15 -649.2 594.269
v -1293.64 -701.003 594.269
v -1272.58 -688.014 594.269
v -1314.83 -675.025 594.269
v -1241.24 -773.256 544.132
v -1263.62 -783.711 544.132
v -1254.99 -802.229 544.132
v -1232.59 -791.786 544.132
v -1272.28 -785.797 540.746
v -1302.3 -802.075 540.746
v -1291.51 -821.962 540.746
v -1261.5 -805.684 540.746
v -1314.99 -808.499 533.415
v -1341.4 -820.132 533.415
v -1330.57 -844.715 533.415
v -1304.16 -833.07 533.415
v -1391.72 -842.834 528.562
v -1382.35 -865.715 528.562
v -1337.86 -847.505 528.562
v -1347.22 -824.611 528.562
v -1361.12 -1308.47 384.214
v -1375.83 -1314.17 384.214
v -1363.59 -1345.81 384.214
v -1348.87 -1340.12 384.214
v -1269.75 -1047.96 445.27
v -1306.77 -1079.6 445.27
v -1300.18 -1087.31 445.27
v -1263.16 -1055.66 445.27
v -1286.77 -1027.51 428.682
v -1303.93 -1038.1 428.682
v -1293.6 -1054.84 428.682
v -1276.43 -1044.25 428.682
v -1309.16 -1037.95 424.204
v -1326.78 -1051.69 424.204
v -1312.37 -1070.17 424.204
v -1294.75 -1056.44 424.204
v -1398.43 -1061.55 419.54
v -1366.75 -1096.24 419.54
v -1333.75 -1067.57 419.54
v -1350.81 -1048.56 419.54
v -1326.47 -1077.36 423.816
v -1373.65 -1117.38 423.816
v -1364.28 -1128.44 423.816
v -1317.1 -1088.42 423.816
v -1480.84 -1120.66 403.69
v -1458.74 -1146.76 403.69
v -1398.43 -1095.71 403.69
v -1420.53 -1069.61 403.69
v 1158.32 -377.793 534.213
v 1164.92 -415.789 534.213
v 1207.02 -408.469 534.213
v 1200.42 -370.473 534.213
v 1089.35 -447.949 531.652
v 1064.57 -469.756 531.652
v 1087.05 -495.325 531.652
v 1111.83 -473.518 531.652
v 949.753 70.6656 543.427
v 944.922 77.5254 543.427
v 911.036 53.6316 543.427
v 915.867 46.7719 543.427
v 946.469 95.7369 541.083
v 903.032 64.9833 541.083
v 908.42 57.3686 541.083
v 951.868 88.1221 541.083
v 987.824 96.6327 543.795
v 956.321 66.4807 543.795
v 966.507 55.8584 543.795
v 997.999 86.0104 543.795
v 905.414 116.943 536.592
v 884.52 106.641 536.592
v 894.327 86.7399 536.592
v 915.222 97.0423 536.592
v 866.453 148.298 521.29
v 868.935 136.166 521.29
v 910.58 144.676 521.29
v 908.108 156.796 521.29
v 934.981 202.332 531.664
v 923.482 203.228 531.664
v 918.851 193.232 531.664
v 919.596 188.599 531.664
v 925.875 170.989 531.664
v 936.027 170.682 531.664
v 942.295 196.061 531.664
v 954.083 188.894 531.664
v 961.998 169.492 531.664
v 962.299 181.74 531.664
v 942.139 170.541 531.664
v 965.438 111.274 533.987
v 952.636 103.173 533.987
v 960.095 91.3728 533.987
v 972.896 99.4739 533.987
v 979.464 118.735 531.047
v 969 113.859 531.047
v 975.123 100.715 531.047
v 985.587 105.591 531.047
v 936.172 131.277 530.779
v 913.63 122.318 530.779
v 919.619 107.229 530.779
v 942.172 116.188 530.779
v 914.52 157.244 521.368
v 916.457 143.461 521.368
v 941.994 147.031 521.368
v 940.057 160.828 521.368
v 952.592 157.398 523.605
v 956.031 128.884 523.605
v 980.733 131.866 523.605
v 977.293 160.38 523.605
v 887.058 217.267 515.469
v 888.995 180.242 515.469
v 911.704 181.433 515.469
v 909.756 218.457 515.469
v 855.41 202.78 513.353
v 856.512 172.973 513.353
v 880.69 173.869 513.353
v 879.588 203.676 513.353
v 212.117 60.0817 507.808
v 215.734 44.7242 507.808
v 257.535 54.5786 507.808
v 253.917 69.9361 507.808
v 342.294 62.1678 504.58
v 330.204 54.8602 504.58
v 338.308 41.4479 504.58
v 350.409 48.7683 504.58
v 317.514 60.2353 505.557
v 299.001 55.0009 505.557
v 303.131 40.3857 505.557
v 321.644 45.6072 505.557
v 331.251 32.4638 510.585
v 299.903 20.6641 510.585
v 303.632 10.7585 510.585
v 334.98 22.5454 510.585
v 263.769 62.9229 506.387
v 265.917 39.9633 506.387
v 285.031 41.7551 506.387
v 282.882 64.7146 506.387
v 500.545 285.814 470.074
v 470.834 265.363 470.074
v 483.781 246.562 470.074
v 513.492 267.014 470.074
v 480.842 312.985 476.476
v 433.52 303.424 476.476
v 435.479 293.685 476.476
v 482.801 303.245 476.476
v -654.517 825.793 436.023
v -675.423 832.666 436.023
v -683.482 812.214 436.023
v -684.673 780.268 436.023
v -675.868 776.378 436.023
v -610.034 802.205 428.923
v -631.373 807.734 428.923
v -617.492 756.233 428.923
v -605.258 776.083 428.923
v -622.568 887.599 408.116
v -645.567 877.449 408.116
v -641.348 867.914 408.116
v -618.36 878.063 408.116
v -614.208 874.761 405.967
v -638.064 865.277 405.967
v -632.832 852.146 405.967
v -608.987 861.63 405.967
v -575.101 889.544 398.768
v -598.679 885.218 398.768
v -593.681 857.944 398.768
v -570.092 862.27 398.768
v -609.733 933.585 381.697
v -617.191 909.766 381.697
v -582.849 899.015 381.697
v -575.391 922.834 381.697
v -630.483 923.883 389.347
v -651.834 916.114 389.347
v -648.082 905.798 389.347
v -626.731 913.555 389.347
v -736.626 667.244 431.683
v -770.222 645.448 431.683
v -761.027 631.293 431.683
v -727.442 653.089 431.683
v -753.201 705.921 444.521
v -816.798 663.072 444.521
v -810.03 653.012 444.521
v -746.433 695.862 444.521
v -836.201 591.707 448.919
v -861.137 576.63 448.919
v -851.775 561.144 448.919
v -826.839 576.221 448.919
v -890.247 513.176 449.479
v -891.594 557.676 449.479
v -901.891 552.147 449.479
v -910.262 535.279 449.479
v -909.962 512.587 449.479
v -913.669 585.282 444.841
v -916.073 589.019 444.841
v -947.721 568.567 444.841
v -945.317 564.83 444.841
v -1011.47 679.044 462.018
v -1016.34 669.957 462.018
v -987.084 654.279 462.018
v -982.208 663.366 462.018
v -1032.97 657.85 457.466
v -1052.51 642.696 457.466
v -1013.83 592.833 457.466
v -994.308 607.987 457.466
v -1216.3 642.62 471.36
v -1217.83 630.525 471.36
v -1155.28 622.615 471.36
v -1153.75 634.71 471.36
v -1105.67 655.008 463.858
v -1106.23 643.848 463.858
v -1058.01 641.468 463.858
v -1057.46 652.615 463.858
v -1144.79 657.696 468.724
v -1146.45 646.689 468.724
v -1117.78 642.364 468.724
v -1116.13 653.37 468.724
v -1140.76 635.593 460.877
v -1142.34 623.422 460.877
v -1120.54 620.58 460.877
v -1118.96 632.765 460.877
v -1107.92 628.439 456.096
v -1108.42 618.264 456.096
v -1081.25 616.92 456.096
v -1080.75 627.095 456.096
v -1102.54 677.854 471.486
v -1103.17 666.092 471.486
v -1066.89 664.147 471.486
v -1066.27 675.909 471.486
v -1201.07 664.863 477.596
v -1202.53 656.519 477.596
v -1186.26 653.677 477.596
v -1184.8 662.022 477.596
v -1178.09 665.311 474.96
v -1180.2 653.409 474.96
v -1153.33 648.635 474.96
v -1151.21 660.537 474.96
v -1214.36 679.492 484.391
v -1215.78 671.16 484.391
v -1185.92 666.092 484.391
v -1184.5 674.411 484.391
v -1217.94 695.618 490.53
v -1219.05 685.955 490.53
v -1198.3 683.562 490.53
v -1197.19 693.225 490.53
v -1174.8 688.899 483.404
v -1176.69 677.854 483.404
v -1116.68 667.551 483.404
v -1114.78 678.596 483.404
v -1186.89 722.342 497.212
v -1188.27 711.809 497.212
v -1161.99 708.379 497.212
v -1160.62 718.899 497.212
v -1149.72 716.211 490.482
v -1151.71 704.923 490.482
v -1115.44 698.511 490.482
v -1113.44 709.799 490.482
v -1125.23 763.989 503.459
v -1126.58 754.85 503.459
v -1107.32 752.009 503.459
v -1105.97 761.147 503.459
v -1142.55 742.794 499.241
v -1144.81 730.507 499.241
v -1101.07 722.457 499.241
v -1098.8 734.731 499.241
v -1130.66 849.356 530.386
v -1151.97 851.877 530.386
v -1166.41 840.179 530.386
v -1168.97 818.46 530.386
v -1160.47 807.696 530.386
v -1137.39 804.97 530.386
v -1122.13 815.03 530.386
v -1119.78 834.97 530.386
v -1206.45 819.228 509.441
v -1208.38 800.49 509.441
v -1188.07 798.404 509.441
v -1186.15 817.141 509.441
v -1205.1 856.549 507.067
v -1206.75 842.995 507.067
v -1178.54 839.565 507.067
v -1176.88 853.119 507.067
v -1194.06 950.607 462.146
v -1197.79 925.957 462.146
v -1158.38 919.992 462.146
v -1154.64 944.63 462.146
v -1182.42 902.228 501.78
v -1186.7 878.499 501.78
v -1151.17 872.086 501.78
v -1146.88 895.815 501.78
v -1128.67 893.87 494.181
v -1133.12 871.293 494.181
v -1099.83 864.727 494.181
v -1095.38 887.304 494.181
v -1108.67 938.666 460.745
v -1112.24 914.809 460.745
v -1078.34 909.728 460.745
v -1074.77 933.585 460.745
v -1028.64 935.824 495.604
v -1054.02 935.824 495.604
v -1053.57 889.698 495.604
v -1031.48 871.626 495.604
v -1017.3 871.485 495.604
v -1010.73 883.273 495.604
v -1011.03 906.707 495.604
v -1660.29 600.96 506.467
v -1673.72 588.418 506.467
v -1663.92 577.91 506.467
v -1650.48 590.453 506.467
v -1676.42 672.619 504.789
v -1689.55 653.217 504.789
v -1678.91 646.011 504.789
v -1665.78 665.427 504.789
v -1680 634.108 505.649
v -1692.63 622.231 505.649
v -1673.81 602.227 505.649
v -1661.19 614.104 505.649
v -1704.18 643.963 502.689
v -1722.69 625.751 502.689
v -1710.98 613.848 502.689
v -1692.47 632.061 502.689
v -1827.5 670.239 501.474
v -1831.28 657.031 501.474
v -1816.65 652.846 501.474
v -1812.86 666.054 501.474
v -1800.93 559.762 495.542
v -1817.94 513.777 495.542
v -1793.76 504.831 495.542
v -1776.74 550.803 495.542
v -1361.71 594.1 479.547
v -1415.45 547.514 479.547
v -1394.1 522.877 479.547
v -1340.36 569.45 479.547
v -1384.1 642.76 495.3
v -1437.25 593.204 495.3
v -1415.63 570.026 495.3
v -1362.49 619.582 495.3
v -1443.23 582.454 517.302
v -1495.18 634.403 517.302
v -1512.2 619.48 517.302
v -1503.24 565.137 517.302
v -1485.17 546.17 517.302
v -1590.42 681.578 516.505
v -1617.62 616.229 516.505
v -1565.97 594.74 516.505
v -1538.77 660.089 516.505
v -1545.94 762.491 506.598
v -1596.99 744.88 506.598
v -1589.3 722.585 506.598
v -1538.25 740.209 506.598
v -1610.43 740.401 507.225
v -1635.21 733.835 507.225
v -1626.54 701.096 507.225
v -1601.76 707.662 507.225
v -1449.19 720.691 516.392
v -1512.49 666.054 516.392
v -1490.35 640.393 516.392
v -1427.04 695.042 516.392
v -1487.71 756.527 515.267
v -1543.25 707.559 515.267
v -1519.68 680.823 515.267
v -1464.14 729.791 515.267
v -1302.74 575.44 458.689
v -1309.94 568.977 458.689
v -1274.22 529.007 458.689
v -1222.27 574.685 458.689
v -1228.09 580.662 458.689
v -1334.24 596.634 470.052
v -1330.6 586.485 470.052
v -1277.61 605.44 470.052
v -1281.25 615.589 470.052
v -1268.11 700.546 497.525
v -1269.13 688.221 497.525
v -1224.34 684.496 497.525
v -1223.31 696.809 497.525
v -1264.97 675.909 488.799
v -1270.35 622.615 488.799
v -1240.59 619.608 488.799
v -1235.21 672.914 488.799
v -1285.87 643.81 480.486
v -1344.54 621.719 480.486
v -1340.8 611.788 480.486
v -1282.14 633.878 480.486
v -1313.49 661.126 490.954
v -1366.34 641.122 490.954
v -1362.62 631.28 490.954
v -1309.77 651.297 490.954
v -1278.85 672.325 489.256
v -1305.42 663.072 489.256
v -1301.36 651.399 489.256
v -1274.79 660.653 489.256
v -1286.17 698.152 498.787
v -1316.03 688.899 498.787
v -1311.49 674.27 498.787
v -1281.64 683.524 498.787
v -1289.32 731.173 509.966
v -1307.28 726.668 509.966
v -1303.08 709.914 509.966
v -1285.11 714.419 509.966
v -1321.7 685.61 499.119
v -1374.1 666.655 499.119
v -1370.2 655.866 499.119
v -1317.8 674.821 499.119
v -1334.83 723.238 511.524
v -1356.34 715.021 511.524
v -1349.52 697.18 511.524
v -1328.02 705.396 511.524
v -1459.76 790.085 513.284
v -1471.15 779.181 513.284
v -1447.26 754.249 513.284
v -1430.96 769.863 513.284
v -1443.78 783.263 513.284
v -1375 707.559 508.824
v -1396.19 698.754 508.824
v -1390.67 685.456 508.824
v -1369.48 694.262 508.824
v -1401.43 727.564 513.127
v -1420.97 719.795 513.127
v -1415.25 705.371 513.127
v -1395.69 713.127 513.127
v -1317.52 790.264 517.185
v -1317.8 776.557 517.185
v -1281.52 775.802 517.185
v -1281.25 789.522 517.185
v -1375.14 748.758 520.2
v -1375.37 738.148 520.2
v -1346.4 737.547 520.2
v -1346.19 748.169 520.2
v -1402.92 749.513 518.971
v -1402.71 738.468 518.971
v -1378.37 738.916 518.971
v -1378.58 749.961 518.971
v -1342.3 752.495 521.213
v -1342.06 743.421 521.213
v -1308.17 744.317 521.213
v -1308.42 753.391 521.213
v -1239.45 878.345 502.059
v -1241.83 851.775 502.059
v -1218.25 849.65 502.059
v -1215.86 876.233 502.059
v -1259.89 830.875 506.773
v -1261.12 817.039 506.773
v -1230.82 814.351 506.773
v -1229.59 828.187 506.773
v -1361.56 851.928 506.235
v -1365.21 813.724 506.235
v -1299.68 807.453 506.235
v -1296.02 845.657 506.235
v -1408.29 810.269 519.578
v -1411.12 779.961 519.578
v -1340.45 773.344 519.578
v -1337.61 803.652 519.578
v -1703.29 810.87 486.136
v -1703.16 787.436 486.136
v -1677.03 787.589 486.136
v -1677.16 811.011 486.136
v -1732.7 805.2 485.225
v -1732.82 786.655 485.225
v -1709.83 786.514 485.225
v -1709.7 805.047 485.225
v -1733.59 848.793 456.515
v -1734.06 831.143 456.515
v -1700.02 830.247 456.515
v -1699.56 847.897 456.515
v -1800.47 904.775 431.597
v -1833.62 884.911 431.597
v -1811.03 847.206 431.597
v -1777.89 867.069 431.597
v -1759.87 920.747 415.109
v -1746.88 882.364 415.109
v -1716.88 892.526 415.109
v -1729.86 930.897 415.109
v -1678.51 900.295 447.884
v -1689.85 879.535 447.884
v -1647.8 856.549 447.884
v -1636.45 877.296 447.884
v -1494.28 973.747 423.476
v -1550.12 968.218 423.476
v -1547.58 928.209 423.476
v -1533.84 929.399 423.476
v -1492.7 957.71 423.476
v -1437.1 932.394 458.825
v -1433.22 889.544 458.825
v -1407.37 891.886 458.825
v -1411.26 934.737 458.825
v -1416.8 971.956 417.928
v -1413.94 943.184 417.928
v -1371.84 947.369 417.928
v -1374.7 976.128 417.928
v -1332.6 968.218 450.218
v -1334.39 917.01 450.218
v -1295.23 915.641 450.218
v -1293.43 966.849 450.218
v -1257.5 961.358 463.97
v -1260.64 913.132 463.97
v -1230.34 911.161 463.97
v -1227.2 959.387 463.97
v -485.79 888.507 384.716
v -494.317 862.615 384.716
v -422.816 839.078 384.716
v -414.3 864.97 384.716
v -400.419 852.184 392.88
v -412.397 827.662 392.88
v -368.949 806.467 392.88
v -356.982 830.99 392.88
v -429.384 813.852 400.631
v -432.29 805.776 400.631
v -404.816 795.921 400.631
v -401.922 803.997 400.631
v -444.769 757.128 419.003
v -445.793 740.477 419.003
v -416.827 738.686 419.003
v -415.803 755.337 419.003
v -441.184 789.074 415.048
v -442.62 770.849 415.048
v -410.371 768.315 415.048
v -408.935 786.527 415.048
v -463.125 832.065 413.099
v -489.853 791.16 413.099
v -480.346 784.953 413.099
v -453.618 825.857 413.099
v -470.439 757.717 421.678
v -492.836 724.582 421.678
v -472.008 710.503 421.678
v -449.611 743.651 421.678
v -439.837 724.428 418.904
v -448.197 701.736 418.904
v -438.49 698.165 418.904
v -430.13 720.857 418.904
v -452.227 698.754 418.858
v -458.661 678.878 418.858
v -422.683 667.231 418.858
v -416.249 687.107 418.858
v -481.192 666.054 417.861
v -488.84 655.508 417.861
v -475.259 645.653 417.861
v -467.611 656.199 417.861
v -482.829 644.859 420.436
v -487.582 638.422 420.436
v -471.018 626.186 420.436
v -466.264 632.611 420.436
v -534.637 684.573 417.296
v -541.516 674.718 417.296
v -493.593 641.276 417.296
v -486.714 651.13 417.296
v -508.365 701.135 418.949
v -513.119 694.505 418.949
v -478.788 669.868 418.949
v -474.023 676.51 418.949
v -496.12 715.763 420.685
v -502.165 702.581 420.685
v -469.626 687.658 420.685
v -463.57 700.84 420.685
v -531.653 799.07 422.715
v -541.461 785.785 422.715
v -500.406 755.477 422.715
v -490.599 768.762 422.715
v -583.161 765.78 418.571
v -602.764 736.446 418.571
v -544.689 697.628 418.571
v -525.086 726.962 418.571
v -408.935 -127.573 553.252
v -422.627 -144.53 553.252
v -403.224 -160.208 553.252
v -389.532 -143.251 553.252
v -395.354 -155.344 570.018
v -409.18 -169.78 570.018
v -391.124 -187.096 570.018
v -377.287 -172.66 570.018
v -364.151 -154.602 573.789
v -376.162 -171.035 573.789
v -358.396 -184.024 573.789
v -346.384 -167.592 573.789
v -363.55 -183.116 587.808
v -374.459 -199.356 587.808
v -354.455 -212.793 587.808
v -343.546 -196.553 587.808
v -360.867 -209.389 602.577
v -377.198 -230.608 602.577
v -358.385 -245.082 602.577
v -342.054 -223.863 602.577
v -424.019 -258.801 613.289
v -436.23 -276.986 613.289
v -417.117 -289.823 613.289
v -404.905 -271.637 613.289
v -421.18 -340.616 606.618
v -431.165 -333.04 606.618
v -445.192 -351.558 606.618
v -435.206 -359.121 606.618
v -448.498 -317.926 607.364
v -464.917 -339.874 607.364
v -449.232 -351.609 607.364
v -432.813 -329.661 607.364
v -469.392 -345.697 602.878
v -474.958 -353.695 602.878
v -441.217 -377.128 602.878
v -435.663 -369.129 602.878
v -501.798 -308.814 604.752
v -513.898 -326.897 604.752
v -479.556 -349.882 604.752
v -467.455 -331.811 604.752
v -480.647 -265.315 610.342
v -476.216 -296.861 610.342
v -442.175 -292.088 610.342
v -446.605 -260.542 610.342
v -721.398 -261.783 527.392
v -730.403 -275.515 527.392
v -712.637 -287.161 527.392
v -703.631 -273.429 527.392
v -686.02 -282.093 533.104
v -696.206 -275.924 533.104
v -708.596 -296.375 533.104
v -698.41 -302.543 533.104
v -670.491 -292.241 538.153
v -680.443 -286.214 538.153
v -694.024 -308.597 538.153
v -684.083 -314.637 538.153
v -656.91 -301.801 543.299
v -666.027 -296.349 543.299
v -679.319 -318.591 543.299
v -670.191 -324.043 543.299
v -639.889 -309.864 550.674
v -651.088 -303.913 550.674
v -663.779 -327.793 550.674
v -652.58 -333.744 550.674
v -623.915 -321.509 558.301
v -634.847 -315.226 558.301
v -648.138 -338.364 558.301
v -637.207 -344.647 558.301
v -632.576 -409.441 577.067
v -610.635 -393.483 577.067
v -624.961 -373.775 577.067
v -646.902 -389.733 577.067
v -665.415 -433.475 592.446
v -688.703 -449.6 592.446
v -670.814 -475.451 592.446
v -647.515 -459.326 592.446
v -729.468 -461.988 588.845
v -722.8 -489.195 588.845
v -694.135 -482.169 588.845
v -700.803 -454.975 588.845
v -765.736 -473.48 584.688
v -757.888 -503.502 584.688
v -732.207 -496.784 584.688
v -740.066 -466.761 584.688
v -793.354 -488.261 581.12
v -787.388 -512.896 581.12
v -773.729 -509.581 581.12
v -779.695 -484.946 581.12
v -861.582 -501.404 582.021
v -854.124 -530.3 582.021
v -804.408 -517.464 582.021
v -811.867 -488.568 582.021
v -1299.3 -430.045 548.51
v -1311.89 -439.835 548.51
v -1287.26 -471.483 548.51
v -1274.68 -461.693 548.51
v -1268.7 -488.12 566.832
v -1279.15 -494.455 566.832
v -1265.56 -516.85 566.832
v -1255.12 -510.503 566.832
v -1281.84 -468.553 557.407
v -1313.49 -493.341 557.407
v -1301.09 -509.159 557.407
v -1269.45 -484.383 557.407
v -1308.12 -518.271 555.706
v -1319.91 -533.346 555.706
v -1305.09 -544.94 555.706
v -1293.29 -529.865 555.706
v -1326.47 -505.435 551.515
v -1339.17 -522.007 551.515
v -1327.13 -531.222 551.515
v -1314.44 -514.649 551.515
v -1250.34 -520.062 571.355
v -1268.11 -535.893 571.355
v -1254.55 -551.109 571.355
v -1236.78 -535.291 571.355
v -1291.54 -541.114 564.64
v -1300.59 -552.414 564.64
v -1266.25 -579.89 564.64
v -1257.21 -568.577 564.64
v -1241.08 -736.234 563.898
v -1243.45 -745.026 563.898
v -1219.12 -751.59 563.898
v -1216.75 -742.799 563.898
v -1239.59 -713.839 569.435
v -1240.78 -726.086 569.435
v -1227.22 -727.404 569.435
v -1226.02 -715.17 569.435
v -1231.98 -652.63 576.713
v -1238.54 -702.193 576.713
v -1218.49 -704.855 576.713
v -1211.93 -655.292 576.713
v -1435.46 -435.714 533.257
v -1441.73 -444.468 533.257
v -1396.95 -476.564 533.257
v -1390.67 -467.81 533.257
v -1423.51 -402.569 516.232
v -1439.04 -417.504 516.232
v -1429.43 -427.486 516.232
v -1413.92 -412.564 516.232
v -1360.37 -406.306 536.236
v -1378.26 -427.217 536.236
v -1335.87 -463.498 536.236
v -1317.97 -442.587 536.236
v -1379.92 -475.873 545.696
v -1385.34 -482.719 545.696
v -1351 -509.888 545.696
v -1345.59 -503.042 545.696
v -1529.35 -464.125 588.103
v -1517.4 -493.482 588.103
v -1487.34 -481.235 588.103
v -1499.3 -451.878 588.103
v -1553.7 -251.634 518.342
v -1576.84 -261.936 518.342
v -1574.23 -267.811 518.342
v -1551.08 -257.508 518.342
v -1603.72 -191.767 524.924
v -1611.06 -195.145 524.924
v -1581.95 -258.456 524.924
v -1574.59 -255.077 524.924
v -1548.18 -20.8395 485.82
v -1541.63 -37.7583 485.82
v -1528.5 -32.6775 485.82
v -1535.04 -15.7588 485.82
v -1572.51 -41.4313 494.645
v -1565.82 -58.8108 494.645
v -1541.79 -49.5579 494.645
v -1548.48 -32.1784 494.645
v -1479.65 15.1482 475.767
v -1478.55 -9.46219 475.767
v -1461.83 -8.70712 475.767
v -1462.93 15.8905 475.767
v -1519.66 -17.704 477.106
v -1520.17 -28.9022 477.106
v -1497.33 -29.9388 477.106
v -1496.82 -18.7407 477.106
v -1469.5 -24.2693 474.298
v -1469.97 -33.2534 474.298
v -1441.16 -34.7508 474.298
v -1440.69 -25.7539 474.298
v -1456.96 20.6641 473.709
v -1457.38 4.94824 473.709
v -1440.66 4.50031 473.709
v -1440.24 20.2161 473.709
v -1479.35 73.9675 477.087
v -1482.33 25.5913 477.087
v -1458.3 24.1067 477.087
v -1455.3 72.4829 477.087
v -1413.07 -64.1219 483.539
v -1424.27 -101.747 483.539
v -1416.9 -103.936 483.539
v -1405.7 -66.3231 483.539
v -1443.23 -83.8305 486.007
v -1455.62 -118.321 486.007
v -1447.52 -121.226 486.007
v -1435.13 -86.7484 486.007
v -1473.97 -83.6897 483.834
v -1478.76 -106.521 483.834
v -1468.37 -108.697 483.834
v -1463.6 -85.8526 483.834
v -1471.89 -59.2075 479.254
v -1472.78 -76.075 479.254
v -1463.32 -76.5741 479.254
v -1462.42 -59.7066 479.254
v -1466.21 -42.4807 475.716
v -1466.67 -52.1687 475.716
v -1444.43 -53.2181 475.716
v -1443.97 -43.5301 475.716
v -1507.87 -45.9105 478.453
v -1508.76 -67.1166 478.453
v -1493.33 -67.7692 478.453
v -1492.43 -46.5632 478.453
v -1505.63 -82.0388 482.477
v -1510.79 -95.2589 482.477
v -1498.54 -100.045 482.477
v -1493.39 -86.8252 482.477
v -1481 -112.792 488.277
v -1490.1 -139.962 488.277
v -1482.67 -142.457 488.277
v -1473.56 -115.287 488.277
v -1440.53 -133.998 491.833
v -1448.45 -151.313 491.833
v -1435.94 -157.034 491.833
v -1428.02 -139.718 491.833
v -1439.09 -184.408 513.808
v -1451.35 -217.593 513.808
v -1433.34 -224.247 513.808
v -1421.09 -191.063 513.808
v -1461.54 -222.456 503.168
v -1475.34 -259.633 503.168
v -1438.67 -273.25 503.168
v -1424.87 -236.072 503.168
v -1460.39 -174.157 498.77
v -1482.33 -220.139 498.77
v -1470.33 -225.873 498.77
v -1448.38 -179.891 498.77
v -1486.96 -284.179 543.101
v -1502.05 -242.535 543.101
v -1545.64 -262.832 543.101
v -1567.14 -283.884 543.101
v -1560.41 -300.752 543.101
v -1506.97 -294.34 543.101
v -1486.96 -157.584 495.957
v -1493.51 -154.909 495.957
v -1508.58 -191.78 495.957
v -1502.05 -194.454 495.957
v -1510.11 -103.833 495.718
v -1535.04 -168.782 495.718
v -1526.53 -172.046 495.718
v -1501.59 -107.11 495.718
v -1535.19 -189.527 503.173
v -1537.37 -208.852 503.173
v -1521.55 -210.643 503.173
v -1519.36 -191.319 503.173
v -1553.54 -192.522 506.102
v -1543.25 -218.348 506.102
v -1535.27 -215.161 506.102
v -1545.57 -189.335 506.102
v -1581.17 -207.15 515.842
v -1570.74 -232.425 515.842
v -1549.39 -223.607 515.842
v -1559.82 -198.345 515.842
v -1591.62 -113.24 512.29
v -1586.31 -133.345 512.29
v -1558.09 -125.871 512.29
v -1563.41 -105.779 512.29
v -1616.25 -93.3905 519.687
v -1613.3 -108.837 519.687
v -1593.74 -105.113 519.687
v -1596.69 -89.6535 519.687
v -1592.66 -80.695 508.289
v -1587.15 -101.517 508.289
v -1564.61 -95.5405 508.289
v -1570.12 -74.7313 508.289
v -1612.97 -124.591 528.197
v -1622.67 -97.8697 528.197
v -1636.6 -102.925 528.197
v -1626.89 -129.647 528.197
v -1640.14 -107.276 533.658
v -1647.84 -110.463 533.658
v -1620.38 -176.896 533.658
v -1612.67 -173.709 533.658
v -1661.94 -169.832 551.145
v -1684.01 -178.918 551.145
v -1676.7 -196.681 551.145
v -1654.62 -187.595 551.145
v -1670.6 -147.883 576.263
v -1695.38 -157.738 576.263
v -1687.82 -176.742 576.263
v -1663.04 -166.888 576.263
v -1756.78 9.06916 551.479
v -1831.94 -20.5324 551.479
v -1822.15 -45.437 551.479
v -1746.98 -15.8355 551.479
v -1967.66 51.7119 574.067
v -1978.84 26.8967 574.067
v -1924.52 26.4487 574.067
v -1942.97 -17.4097 574.067
v -1964.97 -7.19697 574.067
v -1894.36 -65.0817 599.154
v -1916.45 -102.566 599.154
v -1883.75 -121.84 599.154
v -1861.67 -84.368 599.154
v -1946.8 -124.847 562.447
v -1967.83 -122.685 562.447
v -1973.41 -127.586 562.447
v -1975.23 -147.141 562.447
v -1969.49 -153.361 562.447
v -1948.41 -154.5 562.447
v -1943.43 -149.957 562.447
v -1941.63 -130.555 562.447
v -2012.04 -56.4688 547.682
v -2016.22 -65.2737 547.682
v -2014.27 -77.662 547.682
v -1924.41 -55.4193 547.682
v -1948.14 -43.3254 547.682
v -1949.18 -107.647 547.682
v -2012.04 -86.6204 547.682
v -1977.55 -101.85 547.682
v -2176.69 170.26 504.785
v -2175.37 154.736 504.785
v -2157.76 156.233 504.785
v -2159.08 171.757 504.785
v -2182.96 129.357 499.981
v -2183.02 116.956 499.981
v -2123.9 116.649 499.981
v -2123.84 129.05 499.981
v -2167.74 149.655 503.273
v -2168.4 138.201 503.273
v -2124.8 135.667 503.273
v -2124.15 147.121 503.273
v -2208.49 164.142 501.812
v -2207.82 154.838 501.812
v -2178.56 156.924 501.812
v -2179.23 166.228 501.812
v -2242.82 158.908 492.759
v -2243.24 141.784 492.759
v -2218 141.183 492.759
v -2217.6 158.319 492.759
v -2207.89 196.086 507.084
v -2211.64 184.619 507.084
v -2187.46 176.697 507.084
v -2183.71 188.177 507.084
v -2267.31 188.177 478.511
v -2270.41 172.909 478.511
v -2250.55 168.878 478.511
v -2247.45 184.146 478.511
v -2259.84 217.139 481.19
v -2262.82 201.244 481.19
v -2242.07 197.366 481.19
v -2239.09 213.261 481.19
v -2216.85 222.655 501.997
v -2223.56 201.308 501.997
v -2212.61 197.865 501.997
v -2205.9 219.213 501.997
v -2201.92 227.736 504.47
v -2205.84 216.307 504.47
v -2176.73 206.299 504.47
v -2172.81 217.728 504.47
v -2183.26 253.268 497.975
v -2205.95 260.128 497.975
v -2213.57 234.903 497.975
v -2205.05 231.614 497.975
v -2186.47 242.646 497.975
v -2102.79 182.943 511.22
v -2133.1 183.096 511.22
v -2147.43 172.653 511.22
v -2147.61 161.967 511.22
v -2123.39 148.759 511.22
v -2123.69 135.475 511.22
v -2102.23 136.588 511.22
v -2168.48 215.795 508.343
v -2168.05 199.273 508.343
v -2133.27 200.169 508.343
v -2133.7 216.691 508.343
v -2175.05 241.622 503.962
v -2180.17 229.297 503.962
v -2152.55 217.805 503.962
v -2147.43 230.129 503.962
v -2132.8 245.346 507.504
v -2137.45 233.047 507.504
v -2097.89 218.112 507.504
v -2093.23 230.424 507.504
v -2056.81 201.756 514.407
v -2057.04 183.237 514.407
v -2021.66 182.789 514.407
v -2021.43 201.308 514.407
v -2099.66 213.108 513.619
v -2100.35 198.006 513.619
v -2061.08 196.214 513.619
v -2060.39 211.316 513.619
v -2069.05 327.011 497.634
v -2068.95 316.415 497.634
v -2052.98 316.555 497.634
v -2053.08 327.165 497.634
v -2111.15 315.672 494.611
v -2110.34 297.524 494.611
v -2087.04 298.561 494.611
v -2087.87 316.709 494.611
v -2080.84 306.266 497.803
v -2081.79 295.221 497.803
v -2055.51 292.981 497.803
v -2054.57 304.026 497.803
v -2049.8 325.975 497.84
v -2050 312.383 497.84
v -2030.45 312.076 497.84
v -2030.24 325.668 497.84
v -2027.55 332.835 497.986
v -2027.68 320.574 497.986
v -2013.65 320.42 497.986
v -2013.52 332.694 497.986
v -2010.38 335.074 496.502
v -2010.38 320.894 496.502
v -1997.4 320.894 496.502
v -1997.4 335.074 496.502
v -2095.63 350.151 497.75
v -2095.3 338.095 497.75
v -2078.58 338.543 497.75
v -2078.91 350.599 497.75
v -2065.47 341.345 498.973
v -2065.78 330.569 498.973
v -2045.18 329.968 498.973
v -2044.86 340.744 498.973
v -2202.97 343.432 491.976
v -2204.37 329.238 491.976
v -2165.11 325.348 491.976
v -2163.7 339.554 491.976
v -2153.85 334.486 495.627
v -2153.76 325.54 495.627
v -2094.94 326.141 495.627
v -2095.02 335.074 495.627
v -2156.38 352.992 496.369
v -2156.54 342.677 496.369
v -2106.68 341.934 496.369
v -2106.52 352.25 496.369
v -2213.41 404.94 498.282
v -2214.48 395.329 498.282
v -2188.8 392.487 498.282
v -2187.74 402.112 498.282
v -2184.16 389.416 497.236
v -2187.29 345.825 497.236
v -2175.94 345.006 497.236
v -2172.8 388.597 497.236
v -2124.59 454.956 497.797
v -2125.2 443.322 497.797
v -2091.62 441.53 497.797
v -2090.99 453.164 497.797
v -2154.45 431.663 501.471
v -2155.67 410.495 501.471
v -2091.17 406.757 501.471
v -2089.95 427.939 501.471
v -2165.65 385.244 499.279
v -2166.89 365.099 499.279
v -2094.94 360.62 499.279
v -2093.69 380.764 499.279
v -2020.69 480.041 496.933
v -1967.99 479.593 496.933
v -1967.88 492.148 496.933
v -2020.57 492.596 496.933
v -2039.49 451.667 502.144
v -2067.81 450.976 502.144
v -2066.31 390.811 502.144
v -2038 391.515 502.144
v -1938.58 537.518 491.834
v -1994.56 555.577 491.834
v -2000.83 536.917 491.834
v -1961.56 508.556 491.834
v -1949.31 504.242 491.834
v -2039.04 554.092 491.974
v -2043.19 542.919 491.974
v -2012.29 531.426 491.974
v -2008.14 542.587 491.974
v -2062.19 501.388 497.086
v -2062.65 480.373 497.086
v -2022.8 479.478 497.086
v -2022.32 500.493 497.086
v -2098.76 556.025 491.893
v -2102.93 543.726 491.893
v -2046.04 524.477 491.893
v -2041.88 536.763 491.893
v -2112.49 517.962 492.854
v -2110.85 469.892 492.854
v -2079.78 470.954 492.854
v -2081.42 519.025 492.854
v -1845.57 708.455 500.9
v -1846.23 691.843 500.9
v -1831.14 691.241 500.9
v -1830.48 707.854 500.9
v -1874.97 716.518 500.489
v -1872.65 703.374 500.489
v -1850.7 707.252 500.489
v -1853.03 720.396 500.489
v -1911.85 718.157 491.301
v -1909.38 710.17 491.301
v -1885.79 717.491 491.301
v -1888.26 725.477 491.301
v -1923.64 744.586 485.037
v -1919.69 733.592 485.037
v -1891.48 743.741 485.037
v -1895.43 754.735 485.037
v -1960.66 726.514 466.636
v -1956.55 714.995 466.636
v -1929.38 724.697 466.636
v -1933.5 736.216 466.636
v -1954.84 712.487 473.276
v -1951.21 701.032 473.276
v -1923.89 709.697 473.276
v -1927.52 721.139 473.276
v -1829.44 639.625 500.536
v -1838.84 609.331 500.536
v -1826.04 605.35 500.536
v -1816.64 635.657 500.536
v -1941.86 666.207 493.566
v -1938.06 640.162 493.566
v -1906.27 644.782 493.566
v -1910.06 670.827 493.566
v -1912.15 635.312 505.268
v -1922.6 633.366 505.268
v -1903.49 587.675 505.268
v -1858.7 572.305 505.268
v -1855.87 582.313 505.268
v -1870.35 497.063 501.194
v -1866.61 509.298 501.194
v -1882.88 513.624 501.194
v -1892.45 506.905 501.194
v -1903.93 464.964 501.194
v -1881.25 457.938 501.194
v -1877.81 468.394 501.194
v -1896.81 453.753 495.561
v -1906.92 456.748 495.561
v -1916.7 410.392 495.561
v -1885.42 398.976 495.561
v -1885.8 406.668 495.561
v -1879.15 449.44 494.406
v -1892.97 450.784 494.406
v -1895.65 423.152 494.406
v -1881.84 421.808 494.406
v -2035.91 384.488 501.611
v -2035.06 358.534 501.611
v -1957.72 361.08 501.611
v -1958.58 387.035 501.611
v -1952.76 317.31 504.037
v -1975.89 323.287 504.037
v -1995.75 307.904 504.037
v -1991.12 282.371 504.037
v -1946.94 288.95 504.037
v -1919.02 356.729 490.788
v -1948.13 336.713 490.788
v -1928.56 308.237 490.788
v -1899.45 328.24 490.788
v -1659.7 318.654 503.239
v -1666.85 293.403 503.239
v -1618.32 279.671 503.239
v -1611.17 304.922 503.239
v -1594.15 403.75 497.084
v -1611.11 407.602 497.084
v -1621.7 360.863 497.084
v -1604.75 357.023 497.084
v -1648.05 403.008 503.706
v -1654.57 380.841 503.706
v -1634.26 374.864 503.706
v -1627.75 397.031 503.706
v -1711.35 457.349 511.29
v -1711.35 411.07 511.29
v -1687.46 411.07 511.29
v -1687.46 457.349 511.29
v -1767.03 372.996 510.273
v -1764.32 341.102 510.273
v -1699.53 346.618 510.273
v -1702.24 378.524 510.273
v -1751.36 316.568 505.421
v -1752.31 302.234 505.421
v -1715.87 299.854 505.421
v -1714.94 314.175 505.421
v -1722.85 287.747 502.543
v -1710.91 251.323 502.543
v -1700.31 254.804 502.543
v -1712.25 291.228 502.543
v -1802.57 277.303 487.149
v -1811.85 265.055 487.149
v -1766.31 230.564 487.149
v -1757.04 242.812 487.149
v -1453.22 228.184 492.064
v -1453.22 205.045 492.064
v -1440.24 205.045 492.064
v -1440.24 228.184 492.064
v -1471.29 205.787 499.993
v -1471.29 183.391 499.993
v -1460.99 183.391 499.993
v -1460.99 205.787 499.993
v -1486.22 189.969 504.968
v -1486.37 167.572 504.968
v -1477.4 167.508 504.968
v -1477.26 189.905 504.968
v -1501.3 218.176 506.346
v -1501.47 200.259 506.346
v -1486.24 200.118 506.346
v -1486.07 218.035 506.346
v -1525.93 223.41 508.543
v -1525.93 207.438 508.543
v -1508.92 207.438 508.543
v -1508.92 223.41 508.543
v -1522.35 249.979 499.664
v -1525.29 238.103 499.664
v -1477.07 226.162 499.664
v -1474.13 238.039 499.664
v -1558.48 257.594 504.788
v -1557.84 213.261 504.788
v -1537.09 213.556 504.788
v -1537.73 257.888 504.788
v -1563.85 200.719 594.248
v -1565.48 162.914 594.248
v -1530.69 161.416 594.248
v -1529.06 199.222 594.248
v -1446.07 127.566 484.506
v -1429.79 131.29 484.506
v -1431.83 140.172 484.506
v -1448.09 136.435 484.506
v -1436.2 142.194 484.584
v -1417.99 144.433 484.584
v -1418.93 152.023 484.584
v -1437.14 149.783 484.584
v -1425.16 151.152 483.275
v -1408.14 153.533 483.275
v -1409.02 159.817 483.275
v -1426.04 157.423 483.275
v -1416.8 159.957 482.946
v -1400.68 162.799 482.946
v -1402.15 171.194 482.946
v -1418.28 168.353 482.946
v -1409.79 180.562 482.634
v -1408.64 170.708 482.634
v -1391.92 172.653 482.634
v -1393.07 182.495 482.634
v -1399.33 195.933 480.213
v -1398.3 184.709 480.213
v -1382.03 186.206 480.213
v -1383.06 197.43 480.213
v -1438.15 243.414 483.199
v -1437.4 222.809 483.199
v -1425.47 223.244 483.199
v -1426.22 243.849 483.199
v -1341.01 268.127 488.821
v -1359.68 269.727 488.821
v -1374.32 257.313 488.821
v -1378.55 208.181 488.821
v -1374.36 185.413 488.821
v -1343.64 182.764 488.821
v -1343.09 244.015 488.821
v -1341.84 203.65 488.821
v -1559.08 115.023 495.383
v -1458.15 112.63 495.383
v -1457.85 125.16 495.383
v -1558.78 127.553 495.383
v -1626.55 117.852 494.417
v -1569.67 114.128 494.417
v -1568.94 125.377 494.417
v -1625.81 129.101 494.417
v -1439.04 105.463 476.855
v -1439.65 90.6561 476.855
v -1399.64 89.0051 476.855
v -1399.03 103.825 476.855
v -1407.54 134.285 475.296
v -1402.94 120.373 475.296
v -1359.65 134.707 475.296
v -1364.25 148.618 475.296
v -1311.25 177.721 469.704
v -1328.27 163.541 469.704
v -1306.16 137.01 469.704
v -1289.14 151.191 469.704
v -1328.71 151.447 467.566
v -1347.83 133.977 467.566
v -1327.47 111.709 467.566
v -1308.35 129.178 467.566
v -1244.97 226.84 471.298
v -1264.53 215.488 471.298
v -1249.05 188.817 471.298
v -1229.49 200.169 471.298
v -1266.91 200.86 471.71
v -1291.24 185.182 471.71
v -1275.71 161.071 471.71
v -1251.38 176.748 471.71
v -1266.02 258.042 482.109
v -1328.71 263.865 482.109
v -1330.96 261.626 482.109
v -1334.53 215.194 482.109
v -1319.32 197.584 482.109
v -1279.3 231.473 482.109
v -1266.91 238.934 482.109
v -1206.9 163.694 504.911
v -1217.05 173.165 504.911
v -1221.6 173.766 504.911
v -1235.18 158.537 504.911
v -1202.26 127.783 504.911
v -1188.76 139.212 504.911
v -1312.15 75.4649 492.655
v -1311.1 68.5924 492.655
v -1227.5 68.0037 492.655
v -1227.79 112.489 492.655
v -1288.56 124.571 492.655
v -1314.83 97.7078 492.655
v -1231.08 124.571 492.655
v -1249.14 143.985 492.655
v -1261.53 136.524 492.655
v -1266.46 132.787 492.655
v -1326.03 -16.2067 478.344
v -1335.44 -19.5981 478.344
v -1326.92 -43.1846 478.344
v -1317.52 -39.7932 478.344
v -1294.08 -39.4988 485.372
v -1323.05 -53.2309 485.372
v -1319.82 -60.0393 485.372
v -1290.85 -46.3073 485.372
v -1319.76 22.315 475.051
v -1340.47 14.5339 475.051
v -1331.66 -8.91188 475.051
v -1310.96 -1.13076 475.051
v -1338.42 67.6965 465.451
v -1351.81 62.1934 465.451
v -1342.56 39.6562 465.451
v -1329.17 45.1593 465.451
v -1380.82 54.1051 501.516
v -1390.23 50.2273 501.516
v -1426.21 18.578 501.516
v -1427.55 2.90057 501.516
v -1366.34 51.1232 501.516
v -1370.37 11.4112 501.516
v -1392.16 -6.80023 501.516
v -1388.28 -4.26625 501.516
v -1404.41 64.4074 496.121
v -1443.67 67.095 496.121
v -1445.46 56.9462 496.121
v -1443.23 50.2273 496.121
v -1435.17 32.0158 496.121
v -1415.01 30.0705 496.121
v -1405.01 45.9016 496.121
v -1536.04 78.1525 489.125
v -1563.85 79.637 489.125
v -1572.36 71.2799 489.125
v -1574.75 48.4356 489.125
v -1568.03 39.925 489.125
v -1561.01 31.2736 489.125
v -1538.58 30.5313 489.125
v -1550.56 24.6954 486.909
v -1552.16 2.79819 486.909
v -1531.71 1.30084 486.909
v -1530.11 23.2109 486.909
v -1525.48 42.6125 482.115
v -1525.48 16.044 482.115
v -1505.63 16.044 482.115
v -1505.63 42.6125 482.115
v -1526.23 75.1577 484.114
v -1526.57 51.072 484.114
v -1505.82 50.7776 484.114
v -1505.48 74.8634 484.114
v -1630.73 38.4404 506.528
v -1641.1 33.4364 506.528
v -1620.79 -8.66872 506.528
v -1610.43 -3.66475 506.528
v -1579.53 -33.6758 504.292
v -1598.04 -42.1864 504.292
v -1590.62 -58.2988 504.292
v -1572.12 -49.7883 504.292
v -1587.59 -3.9591 503.206
v -1605.95 -11.7274 503.206
v -1596.51 -34.0469 503.206
v -1578.15 -26.2914 503.206
v -1642.08 -35.1603 593.057
v -1665.97 -44.1188 593.057
v -1654.62 -66.2207 593.057
v -1634.02 -71.8901 593.057
v -1614.16 -63.3796 593.057
v -1623.26 -40.5354 593.057
v -1643.42 -4.71417 538.718
v -1660.74 32.9117 538.718
v -1693.73 18.2837 538.718
v -1686.13 2.00472 538.718
v -1655.37 -10.5372 538.718
v -1617.47 84.6794 520.709
v -1632.7 85.8056 520.709
v -1634.5 61.5407 520.709
v -1628.02 47.6549 520.709
v -1605.21 45.9656 520.709
v -1590.32 57.9189 520.709
v -1588.63 80.776 520.709
v -1602.19 81.7871 520.709
v -1693.83 80.3665 535.252
v -1709.1 74.0187 535.252
v -1711.86 62.3214 535.252
v -1704.73 45.1593 535.252
v -1666.98 91.5263 535.252
v -1680.92 85.7417 535.252
v -1696.28 41.4479 535.252
v -1679.59 48.3844 535.252
v -1678.9 57.7397 535.252
v -1649.02 71.2543 535.252
v -1655.67 87.239 535.252
v -1667.44 54.0795 535.252
v -1652.62 60.2353 535.252
v -1674.27 58.5076 535.252
v -1717.92 146.673 486.858
v -1724.25 132.032 486.858
v -1689.33 116.905 486.858
v -1682.99 131.546 486.858
v -1737.18 137.561 496.852
v -1751.82 131.354 496.852
v -1728.1 75.5417 496.852
v -1713.47 81.7615 496.852
v -1732.7 140.108 524.936
v -1727.47 150.845 524.936
v -1753.15 165.333 524.936
v -1763.45 155.926 524.936
v -1753.75 133.081 524.936
v -1742.85 138.457 524.936
v -1896.47 157.871 507.081
v -1898.27 154.429 507.081
v -1888.11 144.587 507.081
v -1836.31 108.151 507.081
v -1819.73 120.399 507.081
v -1843.32 115.318 507.081
v -1928.71 112.336 504.884
v -1945.59 74.4154 504.884
v -1923.14 64.4202 504.884
v -1906.27 102.341 504.884
v -1910.66 152.048 500.155
v -1927.22 115.023 500.155
v -1911.49 107.985 500.155
v -1894.92 145.009 500.155
v -2006.79 203.996 597.001
v -2008.44 176.684 597.001
v -2004.71 170.106 597.001
v -1975.3 198.774 597.001
v -1979.33 159.509 597.001
v -2020.83 137.561 509.698
v -2032.28 106.18 509.698
v -2000.78 94.6874 509.698
v -1989.33 126.068 509.698
v -2109.21 106.218 508.701
v -2110.59 64.9066 508.701
v -2043.1 62.6669 508.701
v -2041.74 103.979 508.701
v -2066.66 8.27569 491.491
v -2120.26 -10.3836 491.491
v -2115.97 -22.6824 491.491
v -2062.39 -4.02309 491.491
v -2175.64 -33.3686 474.912
v -2173.01 -42.5831 474.912
v -2132.85 -31.0906 474.912
v -2135.49 -21.8761 474.912
v -2170.28 53.8107 478.144
v -2187.04 47.7701 478.144
v -2179.14 25.8216 478.144
v -2162.36 31.8623 478.144
v -2180.42 -15.4644 477.543
v -2142.06 -1.13076 477.543
v -2148.89 17.1574 477.543
v -2187.25 2.82379 477.543
v -2158.78 89.1971 494.523
v -2160.28 59.9281 494.523
v -2111.02 57.3941 494.523
v -2109.51 86.6503 494.523
v -2181.17 89.645 482.174
v -2198.65 81.7871 482.174
v -2189.99 62.5261 482.174
v -2172.51 70.3841 482.174
v -2251.64 55.0009 465.745
v -2252.2 43.0732 465.745
v -2236.22 42.331 465.745
v -2235.67 54.2587 465.745
v -2239.54 14.2523 464.61
v -2239.87 6.12565 464.61
v -2218.23 5.22979 464.61
v -2217.9 13.3565 464.61
v -2264.03 18.578 460.47
v -2264.36 8.50606 460.47
v -2246.3 7.90455 460.47
v -2245.96 17.9765 460.47
v -2195.8 50.0737 472.787
v -2219.39 40.68 472.787
v -2207.98 12.0767 472.787
v -2184.39 21.4703 472.787
v -2210.28 84.7178 475.796
v -2235.06 75.7592 475.796
v -2225.03 48.0133 475.796
v -2200.25 56.9718 475.796
v -2274.93 156.822 471.06
v -2277.21 141.669 471.06
v -2256.46 138.533 471.06
v -2254.18 153.686 471.06
v -2278.96 132.941 501.641
v -2285.06 96.0568 501.641
v -2260.72 92.0383 501.641
v -2254.62 128.909 501.641
v -2305.97 101.88 517.349
v -2310 68.1444 517.349
v -2296.87 66.5703 517.349
v -2292.84 100.319 517.349
v -2406.9 24.6954 441.108
v -2381.52 -2.16739 441.108
v -2364.56 13.8428 441.108
v -2389.94 40.7056 441.108
v -2353.9 -29.1965 457.604
v -2385.7 -37.7071 457.604
v -2373.06 -70.4696 457.604
v -2353.75 -62.6373 457.604
v -2342.45 -39.7164 457.604
v -2424.27 -21.6714 436.338
v -2416.77 -43.5045 436.338
v -2387.22 -33.3558 436.338
v -2394.71 -11.5227 436.338
v -2394.81 -101.3 487.983
v -2385.86 -123.939 487.983
v -2328.08 -101.095 487.983
v -2337.03 -78.4554 487.983
v -2426.01 -94.2863 484.444
v -2411.23 -130.414 484.444
v -2391.2 -122.224 484.444
v -2405.98 -86.0957 484.444
v -2447.12 -159.824 490.211
v -2476.23 -157.584 490.211
v -2485.79 -165.941 490.211
v -2487.28 -183.563 490.211
v -2480.4 -192.547 490.211
v -2452.05 -195.209 490.211
v -2442.94 -189.233 490.211
v -2441.45 -169.076 490.211
v -2515.26 -234.191 481.827
v -2514.78 -254.731 481.827
v -2501.94 -254.424 481.827
v -2502.42 -233.884 481.827
v -2544.54 -228.791 473.464
v -2542.01 -255.973 473.464
v -2522.85 -254.181 473.464
v -2525.39 -227.012 473.464
v -2392.41 -526.179 534.735
v -2387.82 -543.891 534.735
v -2325.71 -527.766 534.735
v -2330.31 -510.055 534.735
v -2233.42 -398.09 522.647
v -2233.22 -410.452 522.647
v -2205.9 -410.004 522.647
v -2206.1 -397.642 522.647
v -2262.98 -414.957 524.831
v -2262.67 -427.281 524.831
v -2227.58 -426.385 524.831
v -2227.9 -414.061 524.831
v -2301.05 -164.904 498.402
v -2334.94 -174.899 498.402
v -2324.22 -211.207 498.402
v -2290.33 -201.199 498.402
v -2259.1 -300.457 512.58
v -2286.87 -308.814 512.58
v -2275.97 -344.993 512.58
v -2248.21 -336.636 512.58
v -2375.25 -354.796 541.753
v -2373.72 -387.186 541.753
v -2341.93 -385.702 541.753
v -2343.44 -353.298 541.753
v -2417.49 -311.502 532.592
v -2416.75 -339.592 532.592
v -2361.06 -338.108 532.592
v -2361.81 -310.004 532.592
v -2431.23 -468.105 529.186
v -2429.51 -486.482 529.186
v -2415.18 -485.138 529.186
v -2416.9 -466.761 529.186
v -2491.7 -498.422 522.445
v -2444.37 -496.182 522.445
v -2445.14 -479.891 522.445
v -2492.47 -482.131 522.445
v -2363.16 -457.214 535.561
v -2361.07 -469.039 535.561
v -2336.58 -464.713 535.561
v -2338.67 -452.876 535.561
v -2413.32 -451.839 538.243
v -2409.82 -482.643 538.243
v -2380.86 -479.354 538.243
v -2384.35 -448.55 538.243
v 1144.88 -210.285 550.479
v 1117.16 -232.694 550.479
v 1162.38 -288.684 550.479
v 1190.13 -266.262 550.479
v 1199.12 -176.333 583.653
v 1192.25 -177.229 583.653
v 1184.78 -184.242 583.653
v 1182.4 -192.304 583.653
v 1236.14 -244.557 583.653
v 1241.67 -238.734 583.653
v 1211.65 -184.843 583.653
v 1380.92 -148.178 546.562
v 1335.39 -211.181 546.562
v 1361.5 -229.136 546.562
v 1406.59 -166.734 546.562
v 1268.65 -361.962 810.171
v 1249.88 -392.664 810.171
v 1284.07 -413.562 810.171
v 1302.84 -382.861 810.171
v 2097.58 399.091 536.437
v 2075.04 389.121 536.437
v 2073.3 384.565 536.437
v 2080.5 368.414 536.437
v 2116.79 348.743 536.437
v 2132.9 355.526 536.437
v 2121.85 388.686 536.437
v 2134.2 358.559 536.437
v -2677.57 2141.17 605.541
v -2688.03 2141.29 605.541
v -2688.35 2114.66 605.541
v -2631.18 2114.01 605.541
v -2630.86 2141.98 605.541
v -2638.05 2142.07 605.541
v -2651.57 2144.03 605.541
v -2660.89 2144.13 605.541
v -2652.55 2077.3 605.969
v -2653.05 2034.15 605.969
v -2584.89 2033.37 605.969
v -2584.4 2076.51 605.969
v 728.127 1627.26 481.03
v 728.428 1565.93 481.03
v 776.818 1566.16 481.03
v 776.54 1627.49 481.03
v 1351.66 1932.06 543.54
v 1347.16 1936.07 543.54
v 1325.39 1916.05 543.54
v 1329.78 1911.91 543.54
v 1331.9 1911.17 543.54
v 1352.8 1928.31 543.54
v 1359.42 1932.93 543.54
v 1354.29 1933.44 543.54
v 1329.02 1910.67 543.54
v 1326.15 1903.78 543.54
v 1363.17 1930.31 543.54
v 1371.19 1910.41 543.54
v 1367.42 1927.43 543.54
v 1370.93 1902.29 543.54
v 1362.55 1897.91 543.54
v 1368.43 1898.15 543.54
v 1328.65 1900.53 543.54
v 1331.4 1896.66 543.54
v 1356.05 1889.03 543.54
v 1360.18 1891.28 543.54
v 1361.3 1896.16 543.54
v 1433.1 1906.01 536.07
v 1430.79 1911.57 536.07
v 1402.48 1902.98 536.07
v 1404.64 1897.36 536.07
v 1406.23 1895.76 536.07
v 1432.49 1902.13 536.07
v 1440.47 1903.44 536.07
v 1436.06 1906.11 536.07
v 1403.42 1896.55 536.07
v 1397.84 1891.6 536.07
v 1442.71 1899.43 536.07
v 1441.3 1878.04 536.07
v 1445.3 1895 536.07
v 1437.54 1870.83 536.07
v 1428.09 1870.52 536.07
v 1433.5 1868.19 536.07
v 1398.68 1887.59 536.07
v 1399.48 1882.9 536.07
v 1418.37 1865.33 536.07
v 1423.07 1865.56 536.07
v 1426.21 1869.48 536.07
v 1511.76 1934.96 513.768
v 1507.25 1938.97 513.768
v 1485.48 1918.95 513.768
v 1489.86 1914.82 513.768
v 1491.99 1914.08 513.768
v 1512.88 1931.21 513.768
v 1519.51 1935.85 513.768
v 1514.39 1936.35 513.768
v 1489.11 1913.58 513.768
v 1486.23 1906.69 513.768
v 1523.27 1933.21 513.768
v 1531.27 1913.32 513.768
v 1527.52 1930.34 513.768
v 1531.02 1905.19 513.768
v 1522.64 1900.82 513.768
v 1528.53 1901.06 513.768
v 1488.74 1903.44 513.768
v 1491.49 1899.56 513.768
v 1516.14 1891.93 513.768
v 1520.27 1894.18 513.768
v 1521.39 1899.06 513.768
v 120.111 2340.67 530.495
v 103.113 2333.89 530.495
v 118.764 2294.67 530.495
v 145.414 2305.31 530.495
v 138.167 2323.46 530.495
v -757.665 2387.11 581.68
v -776.378 2419.05 581.68
v -816.687 2395.42 581.68
v -785.774 2342.65 581.68
v -764.779 2354.95 581.68
v -720.897 2390.7 572.082
v -745.008 2374.98 572.082
v -748.971 2350.99 572.082
v -733.231 2326.86 572.082
v -695.371 2351.54 572.082
v 731.021 -11.625 583.96
v 723.741 -27.5584 583.96
v 753.897 -8.68152 583.96
v 742.509 -4.86775 583.96
v 728.55 -41.8152 583.96
v 736.42 -45.2578 583.96
v 751.393 -40.8042 583.96
v 758.751 -24.6917 583.96
v -185.149 -2861.46 579.641
v -229.477 -2861.62 579.641
v -229.399 -2882.17 579.641
v -212.756 -2882.1 579.641
v -204.285 -2902.24 579.641
v -185.005 -2902.18 579.641
v -285.17 -2807.21 613.587
v -329.887 -2827.31 613.587
v -320.503 -2848.17 613.587
v -304.996 -2844.64 613.587
v -289.522 -2863.73 613.587
v -264.765 -2852.6 613.587
v -346.629 -2798.55 631.168
v -381.316 -2765.37 631.168
v -414 -2799.55 631.168
v -398.259 -2814.62 631.168
v -384.522 -2805.38 631.168
v -362.804 -2815.47 631.168
v -445.47 -2805.34 636.089
v -487.215 -2782.76 636.089
v -508.488 -2822.06 636.089
v -488.74 -2832.75 636.089
v -479.612 -2821.75 636.089
v -456.624 -2825.97 636.089
v 610.05 -369.807 599.143
v 624.01 -380.544 599.143
v 628.552 -374.658 599.143
v 614.592 -363.908 599.143
v 627.739 -380.544 601.267
v 641.854 -391.294 601.267
v 645.628 -386.342 601.267
v 631.513 -375.592 601.267
v 649.535 -386.521 601.65
v 642.144 -394.66 601.65
v 646.418 -398.538 601.65
v 653.81 -390.399 601.65
v 643.268 -377.563 603.531
v 655.58 -387.046 603.531
v 660.467 -380.711 603.531
v 648.144 -371.228 603.531
v 616.919 -360.401 600.42
v 633.717 -374.133 600.42
v 640.04 -366.39 600.42
v 623.253 -352.659 600.42
v 608.481 -370.626 603.773
v 646.329 -400.035 603.773
v 662.604 -380.992 603.773
v 623.264 -351.66 603.773
v 4107.15 -2094.35 970.483
v 4102.69 -2129.34 970.483
v 4121.21 -2131.22 970.483
v 4124.47 -2095.55 970.483
v 4096.67 -2039.06 926.823
v 4113.04 -2060.63 926.823
v 4150.73 -2027.88 926.823
v 4133.06 -2008.39 926.823
v 4187.12 -2155.25 1015.93
v 4172.82 -2189.82 1015.93
v 4190.5 -2197.1 1015.93
v 4204.53 -2163.31 1015.93
v 4155.3 -2144.54 1004.22
v 4149.78 -2168.17 1004.22
v 4158.45 -2169.36 1004.22
v 4163.57 -2146.11 1004.22
v 2597.04 726.399 481.48
v 2583.42 671.967 481.48
v 2586.65 663.98 481.48
v 2670.17 708.11 481.48
v 2653.4 640.956 481.48
v 2593.66 655.879 481.48
v 2608.74 945.756 769.618
v 2594.88 906.323 769.618
v 2636.82 891.579 769.618
v 2650.68 931.012 769.618
v 2681.37 874.057 758.38
v 2719.99 854.296 758.38
v 2739.38 892.206 758.38
v 2700.76 911.967 758.38
v 2699.09 837.683 680.887
v 2664.62 855.397 680.887
v 2639.98 807.478 680.887
v 2674.46 789.752 680.887
v 2768.61 794.641 659.26
v 2736.42 818.114 659.26
v 2703.9 773.536 659.26
v 2736.09 750.064 659.26
v 2399.95 773.613 686.338
v 2433.72 768.455 686.338
v 2441.86 821.698 686.338
v 2408.08 826.856 686.338
v 2756.91 689.744 664.031
v 2724.44 645.678 664.031
v 2755.29 622.935 664.031
v 2787.77 667.001 664.031
v 2780.5 465.988 449.035
v 2687.23 472.195 449.035
v 2682.76 247.919 449.035
v 2753.22 252.449 449.035
v 2780.5 465.988 448.555
v 2783.75 512.728 448.555
v 2780.51 515.044 448.555
v 2762.48 511.346 448.555
v 2685.93 577.258 448.555
v 2680.45 571.613 448.555
v 2779.59 521.751 448.555
v 2687.23 472.195 448.555
v 1879.72 547.258 537.404
v 1887.78 506.789 537.404
v 1912.12 554.63 537.404
v 1918.66 512.907 537.404
v 1980.87 336.239 553.355
v 1966.57 387.189 553.355
v 2026.58 328.24 553.355
v 2037.16 306.944 553.355
v 2054.4 278.186 553.355
v 2166.44 235.799 553.355
v 2173.62 256.263 553.355
v 2147.08 323.518 553.355
v 2134.19 325.732 553.355
v 2621.97 563.448 529.802
v 2639 559.02 529.802
v 2644.43 579.881 529.802
v 2627.39 584.31 529.802
v 2633.45 545.479 510.01
v 2640.96 512.382 510.01
v 2655.8 515.748 510.01
v 2647.25 553.427 510.01
v 2638.51 551.443 510.01
v 2560.16 551.878 535.434
v 2595.75 542.791 535.434
v 2600 559.468 535.434
v 2564.41 568.542 535.434
v 2552.65 527.267 501.644
v 2569.18 523.811 501.644
v 2573.23 543.188 501.644
v 2556.69 546.644 501.644
v 2534.53 530.94 515.099
v 2543.57 528.867 515.099
v 2551.58 564.421 515.099
v 2542.58 566.404 515.099
v 2542.58 566.404 516.001
v 2551.58 564.421 516.001
v 2558.19 593.806 516.001
v 2548.77 596.11 516.001
v 2584.37 520.42 525.281
v 2634.3 514.942 525.281
v 2635.44 525.309 525.281
v 2585.5 530.774 525.281
v 2613.51 604.224 507.669
v 2588.05 610.252 507.669
v 2585.29 598.925 507.669
v 2610.47 592.475 507.669
v -402.089 115.126 505.935
v -439.648 118.824 505.935
v -447.93 69.821 505.935
v -387.806 60.6448 505.935
v -385.513 85.8568 505.935
v -870.655 488.987 477.447
v -899.509 464.568 477.447
v -879.961 443.156 477.447
v -850.884 468.753 477.447
v -944.459 503.743 469.178
v -943.446 488.027 469.178
v -897.861 490.958 469.178
v -898.874 506.661 469.178
v 1509.03 -870.181 622.297
v 1502.32 -874.097 622.297
v 1497.08 -879.305 622.297
v 1515.9 -898.245 622.297
v 1521.14 -893.049 622.297
v 1522.63 -862.567 622.297
v 1536.06 -854.658 622.297
v 1528.15 -857.167 622.297
v 1536.35 -883.132 622.297
v 1544.27 -880.636 622.297
v 1516.8 -902.43 622.297
v 1522.73 -911.324 622.297
v 1550.49 -892.806 622.297
v 1544.57 -883.925 622.297
v 1581.29 -832.263 622.981
v 1574.58 -836.179 622.981
v 1569.33 -841.388 622.981
v 1588.16 -860.327 622.981
v 1593.4 -855.132 622.981
v 1594.88 -824.649 622.981
v 1608.32 -816.741 622.981
v 1600.4 -819.236 622.981
v 1608.61 -845.214 622.981
v 1616.52 -842.719 622.981
v 1589.06 -864.512 622.981
v 1594.98 -873.406 622.981
v 1622.75 -854.889 622.981
v 1616.82 -845.995 622.981
v 1652.78 -784.607 633.366
v 1646.06 -788.523 633.366
v 1640.82 -793.719 633.366
v 1659.64 -812.671 633.366
v 1664.88 -807.463 633.366
v 1666.36 -776.993 633.366
v 1679.8 -769.084 633.366
v 1671.88 -771.58 633.366
v 1680.09 -797.558 633.366
v 1688.01 -795.062 633.366
v 1660.54 -816.856 633.366
v 1666.46 -825.737 633.366
v 1694.24 -807.232 633.366
v 1688.3 -798.338 633.366
v 1723.25 -705.329 512.795
v 1710.94 -712.38 512.795
v 1703.99 -730.565 512.795
v 1711.89 -741.007 512.795
v 1721.9 -750.861 512.795
v 1732.94 -754.15 512.795
v 1736.08 -747.879 512.795
v 1732.64 -721.76 512.795
v 1736.97 -742.799 512.795
v 1729.51 -731.755 512.795
v 1752.46 -618.986 549.503
v 1764.32 -630.849 549.503
v 1776.86 -594.568 549.503
v 1788.72 -606.444 549.503
v 1608.82 -702.104 569.084
v 1630.93 -683.804 569.084
v 1616.98 -666.95 569.084
v 1594.88 -685.237 569.084
v 1591.65 -681.347 572.526
v 1582.35 -689.051 572.526
v 1599.51 -709.795 572.526
v 1608.82 -702.104 572.526
v 1495.02 -739.804 563.41
v 1500.32 -748.839 563.41
v 1546.97 -721.44 563.41
v 1541.66 -712.406 563.41
v 1508.91 -762.622 563.223
v 1557.41 -734.135 563.223
v 1551.78 -724.55 563.223
v 1503.29 -753.024 563.223
v 1499.13 -748.711 544.809
v 1496.59 -744.398 544.809
v 1483.7 -751.962 544.809
v 1486.23 -756.274 544.809
v 1489.82 -763.249 544.809
v 1493.04 -768.713 544.809
v 1504.29 -754.751 544.809
v 1507.51 -760.216 544.809
v 1475.84 -771.452 539.883
v 1479.05 -776.929 539.883
v 1493.04 -768.713 539.883
v 1489.82 -763.249 539.883
v 1486.23 -756.274 539.883
v 1483.7 -751.962 539.883
v 1469.35 -760.395 539.883
v 1471.87 -764.708 539.883
v 1469.35 -760.395 536.467
v 1429.44 -783.826 536.467
v 1439.16 -800.36 536.467
v 1479.05 -776.929 536.467
v -3365.78 -950.047 449.268
v -3358.09 -972.339 449.268
v -3328.11 -961.987 449.268
v -3335.8 -939.694 449.268
v -3497.1 -1089.6 503.606
v -3495.81 -1092.71 503.606
v -3467.6 -1081.01 503.606
v -3481.9 -1046.52 503.606
v -3519.06 -1061.94 503.606
v -3522.23 -1076.51 503.606
v -3519.71 -1082.57 503.606
v -3509.77 -1084.32 503.606
v -3505.4 -1082.51 503.606
v -3690.29 -1035.54 432.532
v -3684.17 -1062.37 432.532
v -3660.82 -1057.03 432.532
v -3666.94 -1030.22 432.532
v -3855.1 -1128 449.177
v -3865.23 -1130.94 449.177
v -3872.18 -1134.85 449.177
v -3869.59 -1143.83 449.177
v -3845.89 -1136.97 449.177
v -3848.5 -1127.99 449.177
v -3765.72 -1200.88 495.631
v -3734.8 -1195.52 495.631
v -3737.01 -1184.05 495.631
v -3634.82 -1154.43 495.631
v -3636.58 -1145.25 495.631
v -3769.73 -1170.26 495.631
v -4530.79 -1279.19 470.009
v -4533.47 -1310.93 470.009
v -4498.42 -1313.89 470.009
v -4495.75 -1282.15 470.009
v -4449.72 -1298.82 486.65
v -4450.62 -1322.55 486.65
v -4411.77 -1324.03 486.65
v -4410.87 -1300.31 486.65
v -4483.29 -1294.4 480.546
v -4483.51 -1322.47 480.546
v -4465.56 -1322.61 480.546
v -4465.35 -1294.52 480.546
v -4511.79 -1128.03 408.701
v -4521.3 -1157.23 408.701
v -4485.61 -1168.83 408.701
v -4476.11 -1139.63 408.701
v -4518.53 -1194.56 434.591
v -4525.52 -1193.26 434.591
v -4532.06 -1228.52 434.591
v -4525.07 -1229.82 434.591
v -4520.87 -1231.27 434.591
v -4513.71 -1232.6 434.591
v -4507.15 -1197.27 434.591
v -4514.31 -1195.94 434.591
v -4454.73 -1213.53 442.132
v -4463.51 -1212.51 442.132
v -4467.73 -1248.51 442.132
v -4458.95 -1249.53 442.132
v -4453.73 -1250.8 442.132
v -4445.35 -1251.78 442.132
v -4441.09 -1215.49 442.132
v -4449.46 -1214.52 442.132
v -4421.66 -1172.52 421.355
v -4423.93 -1183.58 421.355
v -4383.14 -1191.93 421.355
v -4380.88 -1180.89 421.355
v -4376.06 -1173.26 421.355
v -4373.89 -1162.67 421.355
v -4416.14 -1154.02 421.355
v -4418.31 -1164.6 421.355
v -4393.56 -1216.46 446.785
v -4403.9 -1217.63 446.785
v -4399.87 -1253.46 446.785
v -4389.53 -1252.3 446.785
v -4384.11 -1250.53 446.785
v -4375.28 -1249.54 446.785
v -4379.2 -1214.7 446.785
v -4388.03 -1215.68 446.785
v -4336.92 -1213.78 449.607
v -4346.48 -1213.82 449.607
v -4346.34 -1247.71 449.607
v -4336.77 -1247.66 449.607
v -4328.72 -1246.06 449.607
v -4321.86 -1246.04 449.607
v -4322 -1212.18 449.607
v -4328.87 -1212.2 449.607
v -4301.93 -1157.59 433.795
v -4330.43 -1178.48 433.795
v -4322.64 -1189.1 433.795
v -4295.18 -1196.22 433.795
v -4281.14 -1185.93 433.795
v -4216.74 -1209.94 451.126
v -4232.05 -1179.97 451.126
v -4262.66 -1195.58 451.126
v -4254.29 -1211.97 451.126
v -4232.47 -1217.96 451.126
v -4067.57 -1138.79 442.199
v -4127.12 -1145.12 442.199
v -4126.13 -1154.44 442.199
v -4122.89 -1170.68 442.199
v -4064.84 -1164.5 442.199
v -4061.87 -1145.76 442.199
v -4133.76 -1147.95 440.227
v -4176.29 -1147.98 440.227
v -4176.26 -1172.17 440.227
v -4136.19 -1172.15 440.227
v -4133.75 -1156.69 440.227
v 2096.97 -338.3 524.507
v 2069.49 -373.391 524.507
v 2086.06 -386.355 524.507
v 2116.83 -388.914 524.507
v 2128.85 -373.557 524.507
v 2107.22 -346.337 524.507
v 2123.12 -334.87 524.507
v 2144.59 -377.563 524.507
v 2157.16 -361.515 524.507
v 2049.44 -462.436 530.836
v 2049.27 -457.022 530.836
v 2041.23 -451.084 530.836
v 2035.72 -452.313 530.836
v 2056.76 -453.324 530.836
v 2050.56 -461.732 530.836
v 2076.54 -467.913 530.836
v 2070.34 -476.321 530.836
v 2055.83 -492.765 530.836
v 2064.22 -481.401 530.836
v 2043.33 -483.551 530.836
v 2035.99 -487.391 530.836
v 2042.28 -478.855 530.836
v 2017.94 -474.081 530.836
v 2030.85 -448.601 530.836
v 2038.84 -448.704 530.836
v 2042.72 -443.444 530.836
v 2022.05 -428.202 530.836
v 2015.4 -437.212 530.836
v 2012.12 -442.587 530.836
v 2003.31 -454.527 530.836
v 2017.44 -464.944 530.836
v 2024.23 -465.545 530.836
v 2069.4 -401.084 527.189
v 2064.47 -408.494 527.189
v 2077.01 -406.152 527.189
v 2088.75 -415.674 527.189
v 2079.88 -409.761 527.189
v 2084.94 -421.368 527.189
v 2102.91 -430.954 527.189
v 2087.27 -420.524 527.189
v 2093.82 -444.596 527.189
v 2087.24 -455.41 527.189
v 2091.91 -448.397 527.189
v 2033.01 -419.257 527.189
v 2037.98 -411.809 527.189
v 2046.11 -399.843 527.189
v 2041.94 -406.075 527.189
v 2062.96 -401.366 527.189
v 2054.97 -396.042 527.189
v 2159.14 -435.305 504.062
v 2157.24 -436.367 504.062
v 2149.21 -447.13 504.062
v 2144.57 -449.446 504.062
v 2141.9 -453.362 504.062
v 2141.08 -454.936 504.062
v 2138.02 -459.403 504.062
v 2137.35 -464.445 504.062
v 2136.63 -465.571 504.062
v 2157.02 -432.989 504.062
v 2136.13 -436.674 504.062
v 2146.09 -443.508 504.062
v 2151.75 -413.869 504.062
v 2179.83 -444.378 504.062
v 2143.53 -497.36 504.062
v 2118.81 -480.429 504.062
v 2124.1 -453.784 504.062
v 2114.96 -467.119 504.062
v 2135.13 -461.348 504.062
v 1643.3 -321.215 630.564
v 1650.09 -308.481 630.564
v 1604.26 -284.038 630.564
v 1597.47 -296.772 630.564
v 1615.05 -354.553 628.477
v 1626.82 -360.836 628.477
v 1646.91 -323.147 628.477
v 1635.16 -316.877 628.477
v 1614.11 -354.054 618.443
v 1576.04 -425.412 618.443
v 1588.75 -432.195 618.443
v 1626.82 -360.836 618.443
v 1420.32 -824.253 535.402
v 1408.49 -829.909 535.402
v 1430.02 -880.79 535.402
v 1370.7 -889.031 517.464
v 1374.35 -899.742 517.464
v 1430.02 -880.79 517.464
v 1426.38 -870.066 517.464
v 1363.94 -895.993 515.021
v 1360.7 -886.472 515.021
v 1335.23 -895.148 515.021
v 1333.7 -901.06 515.021
v 1336.08 -908.022 515.021
v 1344.15 -905.283 515.021
v 1311.6 -924.517 501.183
v 1307.99 -913.934 501.183
v 1292.56 -919.194 501.183
v 1296.17 -929.777 501.183
v 1326.48 -898.373 513.818
v 1321.29 -883.119 513.818
v 1291.53 -893.254 513.818
v 1299.54 -916.813 513.818
v 1307.99 -913.934 513.818
v 1249.09 -873.611 516.092
v 1249.96 -889.428 516.092
v 1292.18 -887.099 516.092
v 1291.31 -871.294 516.092
v 1304.62 -834.759 531.623
v 1320.05 -833.082 531.623
v 1317.71 -811.545 531.623
v 1308.62 -808.589 531.623
v 1236.85 -816.395 531.623
v 1238.2 -828.962 531.623
v 1231.18 -843.704 525.179
v 1230.09 -853.34 525.179
v 1276.32 -858.625 525.179
v 1278.27 -841.593 525.179
v 1264.71 -840.044 525.179
v 1284.13 -852.918 529.776
v 1285.01 -863.399 529.776
v 1324.04 -840.249 529.776
v 1293.84 -842.783 529.776
v 1329.26 -859.688 529.776
v 1393.71 -869.285 536.709
v 1405.53 -864.538 536.709
v 1403.64 -834.132 536.709
v 1390.97 -834.759 536.709
v 1351.06 -837.933 536.064
v 1353.8 -872.446 536.064
v 1393.71 -869.285 536.064
v 1390.97 -834.759 536.064
v 1464.16 -845.521 525.048
v 1497.44 -823.753 525.048
v 1481.53 -799.413 525.048
v 1448.24 -821.181 525.048
v 1497.44 -823.753 524.954
v 1508.55 -816.485 524.954
v 1493.4 -793.309 524.954
v 1482.28 -800.578 524.954
v 1508.55 -816.485 538.31
v 1557.36 -784.569 538.31
v 1544.22 -764.477 538.31
v 1495.42 -796.406 538.31
v 1557.36 -784.569 547.181
v 1576.56 -772.015 547.181
v 1564.19 -753.088 547.181
v 1544.99 -765.642 547.181
v 1627.4 -712.201 548.163
v 1564.39 -753.408 548.163
v 1576.56 -772.015 548.163
v 1639.57 -730.808 548.163
v 1914.78 -959.338 420.916
v 1918.86 -964.585 420.916
v 1926.18 -958.915 420.916
v 1928.5 -953.848 420.916
v 1926 -950.623 420.916
v 1899.15 -967.989 420.565
v 1891.07 -974.259 420.565
v 1890.5 -980.657 420.565
v 1896.32 -988.169 420.565
v 1915.12 -973.594 420.565
v 1909.28 -966.082 420.565
v 1863.69 -983.191 421.882
v 1865.43 -994.952 421.882
v 1886.75 -991.791 421.882
v 1885 -980.018 421.882
v 1847.63 -962.921 428.388
v 1850.59 -975.168 428.388
v 1859.62 -972.992 428.388
v 1856.67 -960.745 428.388
v 1853.82 -953.669 435.323
v 1848.9 -940.757 435.323
v 1835.6 -945.824 435.323
v 1839.36 -955.691 435.323
v 1846.16 -956.586 435.323
v 1825.95 -923.442 445.868
v 1829.83 -933.513 445.868
v 1869.4 -918.285 445.868
v 1865.51 -908.214 445.868
v 1961.67 -801.218 468.012
v 1947.71 -806.477 468.012
v 1952.55 -819.326 468.012
v 1977.27 -803.726 468.012
v 1970.2 -801.73 468.012
v 1985.38 -807.962 468.012
v 1978.32 -843 468.012
v 1996.06 -836.333 468.012
v 1973.69 -830.664 468.012
v 1924.61 -808.039 473.999
v 1899.83 -817.368 473.999
v 1893.07 -823.062 473.999
v 1896.93 -833.313 473.999
v 1936.2 -818.532 473.999
v 1932.35 -808.282 473.999
v 1944.08 -839.955 473.999
v 1939.95 -828.975 473.999
v 1898.44 -844.6 473.999
v 1902.58 -855.58 473.999
v 1844.13 -836.627 471.185
v 1819.35 -845.956 471.185
v 1812.59 -851.651 471.185
v 1816.44 -861.901 471.185
v 1855.72 -847.121 471.185
v 1851.86 -836.87 471.185
v 1817.96 -873.188 471.185
v 1822.09 -884.168 471.185
v 1863.6 -868.556 471.185
v 1859.46 -857.563 471.185
v 1726.57 -773.294 486.38
v 1731.16 -794.704 486.38
v 1769.32 -786.527 486.38
v 1764.73 -765.117 486.38
v 1722.02 -814.284 478.444
v 1732.36 -845.316 478.444
v 1779.86 -829.487 478.444
v 1769.52 -798.454 478.444
v 1812.28 -769.519 485.461
v 1819.35 -789.342 485.461
v 1829.9 -796.982 485.461
v 1847.99 -790.532 485.461
v 1837.8 -745.665 485.461
v 1815.72 -753.548 485.461
v 1850.48 -774.74 485.461
v 1854.48 -762.174 485.461
v 1852 -755.186 485.461
v 1895.28 -755.57 487.984
v 1892.37 -748.366 487.984
v 1891.74 -744.718 487.984
v 1888.79 -737.386 487.984
v 1884.78 -773.909 487.984
v 1894.9 -769.839 487.984
v 1873.58 -778.759 487.984
v 1881.96 -775.393 487.984
v 1878.02 -727.877 487.984
v 1867.89 -731.96 487.984
v 1859.92 -761.419 487.984
v 1862.82 -768.636 487.984
v 1865.14 -733.585 487.984
v 1856.76 -736.951 487.984
v 1854.17 -751.322 487.984
v 1857.12 -758.654 487.984
v 1932.73 -704.919 490.563
v 1906.76 -715.477 490.563
v 1911.64 -727.493 490.563
v 1952.15 -723.705 490.563
v 1954.68 -739.548 490.563
v 1916.3 -745.512 490.563
v 1920.48 -755.801 490.563
v 1907.17 -690.522 505.369
v 1904.26 -682.511 505.369
v 1889.01 -706.813 505.369
v 1896.75 -704.011 505.369
v 1879.4 -709.833 505.369
v 1886.4 -707.274 505.369
v 1863.27 -706.916 505.369
v 1903.88 -679.529 505.369
v 1860.28 -698.751 505.369
v 1900.92 -671.365 505.369
v 1856.28 -688.526 505.369
v 1859.26 -696.511 505.369
v 1874.28 -672.069 505.369
v 1866.58 -674.948 505.369
v 1884.79 -668.37 505.369
v 1877.8 -670.917 505.369
v 1863.6 -588.515 531.692
v 1858.49 -594.287 531.692
v 1877.62 -593.442 531.692
v 1872 -588.464 531.692
v 1857.17 -596.13 531.692
v 1854.21 -599.483 531.692
v 1885.03 -599.841 531.692
v 1880.32 -595.682 531.692
v 1881.63 -614.737 531.692
v 1886.73 -608.965 531.692
v 1851.8 -601.351 531.692
v 1846.24 -607.634 531.692
v 1849.26 -614.187 531.692
v 1854.89 -619.165 531.692
v 1876.43 -619.114 531.692
v 1879.39 -615.774 531.692
v 1868.52 -627.329 531.692
v 1874.07 -621.046 531.692
v 1856.94 -622.121 531.692
v 1861.65 -626.28 531.692
v 1834.16 -549.471 544.343
v 1818.75 -567.067 544.343
v 1828.49 -575.603 544.343
v 1843.9 -558.006 544.343
v 1804.81 -553.553 552.108
v 1812.45 -544.851 552.108
v 1800.19 -534.114 552.108
v 1783.2 -547.295 552.108
v 1769.54 -562.869 552.108
v 1791.72 -582.296 552.108
v 1805.37 -566.721 552.108
v 1829.69 -529.891 549.915
v 1844.68 -545.734 549.915
v 1861.2 -530.095 549.915
v 1846.21 -514.252 549.915
v 1843.63 -457.061 573.838
v 1809.64 -484.076 573.838
v 1814.47 -490.168 573.838
v 1828.63 -497.385 573.838
v 1836.45 -495.274 573.838
v 1859.47 -476.973 573.838
v 1718 -347.898 666.75
v 1711.18 -361.297 666.75
v 1743.48 -377.767 666.75
v 1750.31 -364.368 666.75
v 1623.68 -448.435 599.941
v 1670.69 -516.031 599.941
v 1700.54 -478.867 599.941
v 1633.51 -431.235 599.941
v 1691.59 -458.699 599.941
v 1638.59 -428.1 599.941
v 1639.22 -502.402 568.898
v 1640.33 -559.67 568.898
v 1666.04 -521.457 568.898
v 1229.23 -1050.35 483.619
v 1235.82 -1071.95 483.619
v 1261.63 -1064.08 483.619
v 1255.04 -1042.48 483.619
v 1288.49 -1032.06 486.501
v 1281.56 -1009.36 486.501
v 1222.07 -1027.51 486.501
v 1225.29 -1038.04 486.501
v 1267.31 -1034.67 486.501
v 1271.15 -1047.27 486.501
v 1285.53 -1042.89 486.501
v 1219.68 -998.842 484.052
v 1223.78 -1012.29 484.052
v 1238.48 -1007.8 484.052
v 1266.08 -992.891 484.052
v 1261.48 -977.791 484.052
v 1231.62 -986.902 484.052
v 1253.42 -1102.89 486.344
v 1264.02 -1126.48 486.344
v 1277.88 -1134.6 486.344
v 1294.03 -1129.16 486.344
v 1288.24 -1111.94 486.344
v 1245.51 -1087.82 486.344
v 1249.19 -1098.77 486.344
v 1286.86 -1107.37 486.344
v 1282.11 -1093.24 486.344
v 1240.88 -1074.09 486.344
v 1244.3 -1084.26 486.344
v 1278.94 -1072.62 486.344
v 1275.52 -1062.44 486.344
v 1281.34 -1087.97 486.344
v 1277.66 -1077.01 486.344
v 1348.18 -1021.16 500.159
v 1330.35 -1026.93 500.159
v 1359.36 -1027.15 500.159
v 1325.43 -1038.13 500.159
v 1333.64 -1063.5 500.159
v 1344.49 -1070.61 500.159
v 1362.3 -1064.85 500.159
v 1367.57 -1052.52 500.159
v 1372.62 -1021.25 500.159
v 1395.36 -1004.29 500.159
v 1377.55 -1010.05 500.159
v 1380.84 -1046.63 500.159
v 1391.69 -1053.74 500.159
v 1409.5 -1047.97 500.159
v 1414.77 -1035.66 500.159
v 1406.55 -1010.27 500.159
v 1517.62 -1115.24 476.764
v 1498.41 -1093.4 476.764
v 1500.26 -1130.5 476.764
v 1492.3 -1130.56 476.764
v 1475.84 -1113.25 476.764
v 1484.93 -1123.59 476.764
v 1494.42 -1088.73 476.764
v 1488.51 -1082 476.764
v 1466.13 -1101.66 476.764
v 1472.04 -1108.38 476.764
v 1481.73 -1083.97 476.764
v 1469.11 -1095.06 476.764
v 1436.35 -1154.21 473.509
v 1448.86 -1167.03 473.509
v 1473.72 -1142.81 473.509
v 1461.22 -1129.97 473.509
v 1460.15 -1127.4 473.509
v 1449.23 -1116.2 473.509
v 1424.11 -1140.69 473.509
v 1435.03 -1151.89 473.509
v 1404.9 -1212.27 455.105
v 1410.58 -1218.45 455.105
v 1486.8 -1148.35 455.105
v 1481.11 -1142.17 455.105
v 1402.58 -1186.93 466.565
v 1408.66 -1193.71 466.565
v 1419.12 -1193.99 466.565
v 1431.71 -1182.71 466.565
v 1396.29 -1176.35 466.565
v 1402.37 -1183.13 466.565
v 1435.05 -1170.08 466.565
v 1428.97 -1163.28 466.565
v 1397.09 -1169.41 466.565
v 1409.68 -1158.12 466.565
v 1426.6 -1161.41 466.565
v 1420.52 -1154.63 466.565
v 1340.16 -1217.1 451.796
v 1346.96 -1230.89 451.796
v 1391.15 -1209.09 451.796
v 1384.34 -1195.31 451.796
v 1869.17 -559.875 541.641
v 1882.77 -573.555 541.641
v 1917.61 -538.926 541.641
v 1904.01 -525.245 541.641
v 2029.53 -670.776 480.611
v 2022.45 -662.688 480.611
v 2007.57 -675.729 480.611
v 1977.28 -703.652 480.611
v 1987.99 -715.886 480.611
v 2028.74 -680.208 480.611
v 1936.52 -655.1 500.023
v 1928.99 -663.098 500.023
v 1956.37 -688.871 500.023
v 1963.91 -680.86 500.023
v 1898.09 -635.673 512.554
v 1923.22 -659.323 512.554
v 1932.35 -649.622 512.554
v 1907.22 -625.973 512.554
v 2006.83 -622.364 495.891
v 2047.5 -665.926 495.891
v 2093.48 -599.035 495.891
v 2053.17 -570.369 495.891
v 2043.62 -568.577 495.891
v 1974.03 -327.102 576.841
v 1987.78 -311.694 576.841
v 1993.27 -300.304 576.841
v 1971.62 -280.967 576.841
v 1941.64 -314.535 576.841
v 1963.29 -333.872 576.841
v 1926.87 -349.728 584.375
v 1916.34 -340.578 584.375
v 1902.48 -356.523 584.375
v 1907.69 -361.054 584.375
v 1915.92 -362.321 584.375
v 1905.4 -353.171 589.889
v 1901 -349.344 589.889
v 1891 -360.849 589.889
v 1895.4 -364.663 589.889
v 1892.48 -312.078 597.828
v 1917.19 -334.87 597.828
v 1924.15 -327.332 597.828
v 1899.45 -304.527 597.828
v 1898.82 -290.117 613.371
v 1880.98 -277.396 613.371
v 1876.44 -283.782 613.371
v 1863.56 -308.699 613.371
v 1882.02 -321.855 613.371
v 1898.28 -299.05 613.371
v 1870.11 -319.257 611.366
v 1859.97 -332.758 611.366
v 1869.33 -339.784 611.366
v 1879.46 -326.27 611.366
v 1853.63 -334.025 617.917
v 1867.57 -316.505 617.917
v 1859.13 -311.015 617.917
v 1848.36 -329.802 617.917
v 1887.85 -320.127 603.867
v 1881.09 -327.908 603.867
v 1876.02 -335.292 603.867
v 1871.6 -340.386 603.867
v 1912.13 -341.243 603.867
v 1887.84 -354.514 603.867
v 1905.36 -349.024 603.867
v 1892.26 -349.421 603.867
v 1925.29 -363.357 577.666
v 1932.82 -369.5 577.666
v 1950.76 -347.54 577.666
v 1931.55 -329.802 577.666
v 1924.22 -337.749 577.666
v 1915.72 -400.112 574.057
v 1932.82 -369.5 574.057
v 1922.66 -363.831 574.057
v 1905.56 -394.443 574.057
v 1903.64 -409.121 594.772
v 1908.08 -399.51 594.772
v 1899.53 -380.276 594.772
v 1886.25 -374.146 594.772
v 1874.5 -384.883 594.772
v 1870.39 -393.777 594.772
v 1848.36 -329.802 624.694
v 1824.5 -371.817 624.694
v 1870.39 -393.777 624.694
v 1888.05 -363.805 624.694
v 1881.84 -487.672 556.48
v 1888.9 -495.952 556.48
v 1907.48 -480.122 556.48
v 1900.42 -471.829 556.48
v 1973.6 -498.422 532.096
v 1987.4 -511.501 532.096
v 2003.67 -494.327 532.096
v 1989.88 -481.248 532.096
v 1954.65 -521.112 531.863
v 1965.24 -530.262 531.863
v 1980.46 -512.653 531.863
v 1969.87 -503.49 531.863
v 1935.23 -548.882 536.042
v 1940.92 -554.526 536.042
v 1950.01 -556.484 536.042
v 1964.75 -541.651 536.042
v 1926.92 -539.258 536.042
v 1933.44 -545.747 536.042
v 1962.7 -532.604 536.042
v 1957.02 -526.96 536.042
v 1940.56 -517.618 536.042
v 1925.82 -532.45 536.042
v 1954.75 -524.311 536.042
v 1948.22 -517.823 536.042
v 1240.06 212.455 548.606
v 1267.64 243.862 548.606
v 1256.17 253.921 548.606
v 1233.63 228.248 548.606
v 1232.99 215.296 548.606
v 1236.61 212.122 548.606
v 1305.52 374.339 469.025
v 1307.36 359.417 469.025
v 1324.38 361.503 469.025
v 1322.54 376.426 469.025
v 1347.59 165.525 551.417
v 1337.17 155.452 551.417
v 1349.6 142.578 551.417
v 1367.21 159.599 551.417
v 1358.04 169.108 551.417
v 1443.49 203.932 571.355
v 1396.19 185.106 571.355
v 1399.8 177.887 571.355
v 1485.24 101.573 571.355
v 1408.46 -48.0606 571.355
v 1380.8 147.338 571.355
v 1371.87 136.806 571.355
v 1366.53 -100.301 571.355
v 1315.53 -43.9653 571.355
v 1302.95 -69.9193 571.355
v 1273.66 184.248 563.313
v 1238.57 150.359 563.313
v 1279.93 172.589 563.313
v 1216.93 141.848 563.313
v 1225.24 165.665 563.313
v 1232.16 172.896 563.313
v 1224.97 186.257 563.313
v 1215.88 193.501 563.313
v 1203.51 186.846 563.313
v 1199.35 174.547 563.313
v 1210.21 138.418 561.851
v 1189.9 176.185 561.851
v 1315.1 194.794 543.024
v 1352.87 212.557 543.024
v 1344.99 229.31 543.024
v 1307.22 211.546 543.024
v 1287.49 190.916 548.136
v 1309.87 200.322 548.136
v 1302.41 218.086 548.136
v 1303.76 223.756 548.136
v 1296.26 241.609 548.136
v 1283.6 236.298 548.136
v 1281.66 193.898 548.136
v 1273.59 208.232 548.136
v 1813.79 226.341 572.148
v 1806.23 239.574 572.148
v 1776.75 241.904 572.148
v 1755.87 231.409 572.148
v 1769.75 203.791 572.148
v 1719.38 230.68 581.299
v 1736.4 197.097 581.299
v 1749.72 195.178 581.299
v 1723.71 238.896 581.299
v 1721.32 235.313 581.299
v 1745.72 249.237 581.299
v 1767.26 203.42 581.299
v 1838.27 245.154 557.584
v 1815.58 284.854 557.584
v 1790.19 270.354 557.584
v 1778.42 258.733 557.584
v 1786.98 243.747 557.584
v 1803.46 237.987 557.584
v 1838.66 240.547 557.584
v 1837.6 242.39 557.584
v 1813.79 226.341 557.584
v 1886.14 266.489 545.788
v 1877.2 283.446 545.788
v 1865.98 277.534 545.788
v 1841.36 260.96 545.788
v 1848.8 246.818 545.788
v 1829.71 284.406 545.578
v 1839.17 266.438 545.578
v 1861.95 278.43 545.578
v 1852.49 296.398 545.578
v 1822.53 299.764 544.968
v 1828.77 287.913 544.968
v 1862.21 305.536 544.968
v 1855.97 317.374 544.968
v 1860.81 314.111 546.568
v 1871.62 292.495 546.568
v 1908.65 311.014 546.568
v 1897.84 332.63 546.568
v 1909.97 348.948 552.903
v 1922.96 311.628 552.903
v 1946.61 319.857 552.903
v 1933.62 357.177 552.903
v 1897.73 298.74 541.012
v 1888.06 294.043 541.012
v 1900.02 269.445 541.012
v 1935.7 286.761 541.012
v 1928.94 300.686 541.012
v 1938.46 387.56 630.864
v 1935.4 397.632 630.864
v 1929.71 400.985 630.864
v 1919.42 397.863 630.864
v 1942.66 375.568 630.864
v 1939.95 384.501 630.864
v 1917.42 397.517 630.864
v 1905.82 393.998 630.864
v 1939.32 368.567 630.864
v 1917.55 361.963 630.864
v 1906.93 374.467 630.864
v 1909.64 365.547 630.864
v 1903.45 387.944 630.864
v 1906.51 377.859 630.864
v 1922.91 428.131 634.905
v 1919.85 438.203 634.905
v 1914.17 441.556 634.905
v 1903.87 438.433 634.905
v 1927.12 416.139 634.905
v 1924.4 425.072 634.905
v 1901.87 438.088 634.905
v 1890.28 434.568 634.905
v 1923.78 409.138 634.905
v 1887.91 428.502 634.905
v 1890.97 418.43 634.905
v 1902 402.521 634.905
v 1891.38 415.038 634.905
v 1894.1 406.105 634.905
v 1863.54 367.057 556.574
v 1869.61 348.052 556.574
v 1904.7 359.25 556.574
v 1898.63 378.256 556.574
v 1866.08 450.361 556.471
v 1842.49 440.059 556.471
v 1841.52 438.344 556.471
v 1844.58 431.701 556.471
v 1866.38 391.847 556.471
v 1888.92 399.603 556.471
v 1870.71 446.035 556.471
v 1847.76 385.538 543.09
v 1860.66 390.619 543.09
v 1856.53 401.101 543.09
v 1852.75 401.203 543.09
v 1848.61 411.698 543.09
v 1832.34 405.286 543.09
v 1836.48 394.778 543.09
v 1839.13 438.484 532.716
v 1816.79 428.886 532.716
v 1820.07 421.245 532.716
v 1842.41 430.844 532.716
v 1846.38 420.503 532.716
v 1843.9 426.262 532.716
v 1828.1 412.657 532.716
v 1825.63 418.417 532.716
v 1794.12 408.716 525.497
v 1799.61 394.279 525.497
v 1818.87 401.6 525.497
v 1813.38 416.023 525.497
v 1802.34 372.586 534.963
v 1807.61 359.122 534.963
v 1832.39 368.823 534.963
v 1827.12 382.287 534.963
v 1843.09 389.006 541.391
v 1828.77 382.889 541.391
v 1831.58 376.285 541.391
v 1845.91 382.402 541.391
v 1852.15 369.642 541.391
v 1850.26 374.083 541.391
v 1838.76 363.922 541.391
v 1836.87 368.363 541.391
v 1863.84 352.582 544.42
v 1863.1 357.267 544.42
v 1861 364.677 544.42
v 1854.45 362.821 544.42
v 1851.75 361.311 544.42
v 1844.58 359.301 544.42
v 1846.79 351.469 544.42
v 1848.13 347.655 544.42
v 1850.41 339.579 544.42
v 1867.24 344.315 544.42
v 1866.08 348.397 544.42
v 1837.72 326 541.664
v 1843.15 328.854 541.664
v 1836.77 340.987 541.664
v 1823.98 317.95 541.664
v 1833.25 322.814 541.664
v 1811.59 341.537 541.664
v 1835.8 343.112 541.664
v 1820.86 346.401 541.664
v 1831.3 351.686 541.664
v 1825.45 348.615 541.664
v 1758.93 332.988 539.176
v 1765.31 320.113 539.176
v 1795.51 335.087 539.176
v 1789.14 347.949 539.176
v 1782.93 326.269 547.167
v 1770.29 319.998 547.167
v 1782.41 295.515 547.167
v 1810.34 309.363 547.167
v 1802.94 324.285 547.167
v 1796.71 321.201 547.167
v 1773.95 286.121 553.804
v 1766.85 300.442 553.804
v 1756.94 277.687 553.804
v 1739.68 312.537 553.804
v 1758.03 321.636 553.804
v 1765.21 307.161 553.804
v 1751.02 271.032 561.971
v 1741.02 296.859 561.971
v 1714.3 292.981 561.971
v 1712.58 283.242 561.971
v 1713.55 274.36 561.971
v 1697.25 325.719 566.303
v 1671.93 322.545 566.303
v 1679.34 280.938 566.303
v 1703.23 278.097 566.303
v 1737.95 322.724 554.268
v 1721.32 321.048 554.268
v 1739.7 305.434 554.268
v 1712.5 317.618 554.268
v 1714.01 302.836 554.268
v 1719.12 318.283 554.268
v 1726.1 353.44 541.425
v 1706.54 349.856 541.425
v 1707.64 343.841 541.425
v 1727.2 347.425 541.425
v 1731.95 328.035 541.425
v 1730.57 335.535 541.425
v 1711.76 324.337 541.425
v 1710.39 331.836 541.425
v 1739.01 336.917 529.069
v 1754.16 342.395 529.069
v 1774.91 350.752 529.069
v 1792.09 356.972 529.069
v 1703.85 372.407 529.069
v 1707.62 362.015 529.069
v 1777.75 396.596 529.069
v 1757.89 403.302 529.069
v 1698.92 381.954 529.069
v 1701.54 374.749 529.069
v 1692.93 376.784 542.29
v 1684.13 375.747 542.29
v 1670.38 370.359 542.29
v 1659.48 362.744 542.29
v 1662.74 335.177 542.29
v 1690.29 338.44 542.29
v 1697.11 341.397 542.29
v 1591.31 220.684 582.793
v 1562.05 135.59 582.793
v 1640.72 83.9243 582.793
v 1648.19 91.2448 582.793
v 1602.21 230.833 581.979
v 1593.4 207.4 581.979
v 1590.44 179.833 581.979
v 1610.27 166.484 581.979
v 1614.75 238.896 581.979
v 1648.04 222.617 581.979
v 1628.21 235.965 581.979
v 1146.87 320.459 485.881
v 1156.72 333.628 485.881
v 1156.08 361.234 485.881
v 1153.03 362.488 485.881
v 1132.52 362.015 485.881
v 1129.82 360.632 485.881
v 1030.11 331.875 485.881
v 1040.39 318.04 485.881
v 1029.6 354.323 485.881
v 1031.57 359.161 485.881
v 1054.75 360.709 485.881
v 1035.28 360.261 485.881
v 1057.67 359.762 485.881
v 1128.93 356.998 485.881
v 1058.12 354.963 485.881
v 1125.49 347.757 485.881
v 1067.56 345.876 485.881
v 1108.49 354.118 485.881
v 1079.13 353.465 485.881
v 1006.75 280.157 511.715
v 1000.94 267.961 511.715
v 1002.7 269.932 511.715
v 979.631 276.663 511.715
v 993.769 264.083 511.715
v 1013.92 290.741 511.715
v 1006.46 297.371 511.715
v 977.95 288.412 511.715
v 1001.83 298.126 511.715
v 997.932 296.257 511.715
v 988.403 296.475 511.715
v 983.616 296.334 511.715
v 978.941 291.074 511.715
v 994.37 237.514 514.185
v 1001.06 231.089 514.185
v 1006.18 232.113 514.185
v 985.564 245.717 514.185
v 991.509 240.009 514.185
v 1023.2 249.864 514.185
v 1005.41 266.924 514.185
v 999.134 268.127 514.185
v 984.518 252.884 514.185
v 1001.95 228.555 519.88
v 991.687 238.41 519.88
v 979.754 241.417 519.88
v 969.134 230.347 519.88
v 994.515 206.005 519.88
v 1005.13 217.075 519.88
v 972.429 217.357 519.88
v 981.924 208.245 519.88
v 1351.67 231.076 535.983
v 1349.51 230.142 535.983
v 1357.46 211.521 535.983
v 1408.52 233.316 535.983
v 1402.92 246.434 535.983
v 1396.31 243.619 535.983
v 1407.67 268.242 539.167
v 1416.17 245.666 539.167
v 1426.18 249.442 539.167
v 1417.66 272.018 539.167
v 1415.28 239.881 540.526
v 1417.72 233.406 540.526
v 1430.95 238.384 540.526
v 1428.5 244.873 540.526
v 1430.65 252.27 548.549
v 1434.2 242.838 548.549
v 1456 251.054 548.549
v 1452.45 260.486 548.549
v 1586 391.105 520.813
v 1573.16 387.074 520.813
v 1578.24 369.758 520.813
v 1627.66 383.938 520.813
v 1636.17 395.29 520.813
v 1629.75 404.991 520.813
v 1379.87 397.325 460.026
v 1382.34 386.088 460.026
v 1429.82 396.544 460.026
v 1427.35 407.781 460.026
v 1509.62 398.285 476.993
v 1523.1 401.357 476.993
v 1537.25 411.288 476.993
v 1534.75 422.269 476.993
v 1507.57 421.667 476.993
v 1455.32 409.727 476.993
v 1457.99 398.016 476.993
v 1205.25 273.784 541.427
v 1198.84 251.528 541.427
v 1220.87 230.411 541.427
v 1241.69 252.129 541.427
v 1237.66 266.758 541.427
v 1216.16 287.363 541.427
v 1209.45 280.362 541.427
v 1261.76 289.935 527.133
v 1257.08 305.331 527.133
v 1243.5 301.21 527.133
v 1248.18 285.814 527.133
v 1267.14 320.74 520.902
v 1250.42 315.672 520.902
v 1253.86 304.359 520.902
v 1270.58 309.427 520.902
v 1315.39 303.885 532.839
v 1274.33 282.397 532.839
v 1272.85 274.897 532.839
v 1281.42 263.289 532.839
v 1322.62 285.916 532.839
v 1303.67 324.938 524.751
v 1283.51 320.766 524.751
v 1275.33 317.131 524.751
v 1282.89 300.097 524.751
v 1301.13 305.383 524.751
v 1310.51 309.542 524.751
v 1340.83 304.307 529.479
v 1337.41 312.255 529.479
v 1337.7 316.427 529.479
v 1334.46 323.94 529.479
v 1332.7 328.266 529.479
v 1328.6 337.788 529.479
v 1307.85 328.829 529.479
v 1311.95 319.307 529.479
v 1313.97 315.084 529.479
v 1317.21 307.584 529.479
v 1318.45 304.077 529.479
v 1321.88 296.129 529.479
v 1343.68 293.89 529.479
v 1340.48 301.287 529.479
v 1324.72 294.491 529.479
v 1327.92 287.081 529.479
v 1364.28 312.409 529.854
v 1349.51 308.377 529.854
v 1352.93 295.835 529.854
v 1367.7 299.854 529.854
v 1356.37 342.267 518.884
v 1339.95 337.788 518.884
v 1342.87 327.088 518.884
v 1359.29 331.555 518.884
v 1363.05 317.63 518.884
v 1359.95 328.97 518.884
v 1347.71 313.445 518.884
v 1344.61 324.797 518.884
v 1404.65 325.437 533.672
v 1390.2 322.212 533.672
v 1394.95 300.852 533.672
v 1409.42 304.115 533.672
v 1420.01 318.987 538.818
v 1410.46 316.824 538.818
v 1407.13 314.226 538.818
v 1409.42 304.115 538.818
v 1449.93 313.292 538.818
v 1447.64 323.39 538.818
v 1438.42 324.49 538.818
v 1430.83 322.762 538.818
v 1487.38 327.959 552.509
v 1489.41 316.747 552.509
v 1520.01 322.276 552.509
v 1517.98 333.487 552.509
v 1515.91 304.461 568.572
v 1513.51 310.502 568.572
v 1504.56 315.583 568.572
v 1487.68 308.851 568.572
v 1489.76 303.616 568.572
v 1493.8 295.861 568.572
v 1496.14 289.999 568.572
v 1513.69 292.674 568.572
v 1502.4 288.182 568.572
v 1497.61 270.29 574.107
v 1532.25 284.099 574.107
v 1526.87 297.614 574.107
v 1511.79 291.612 574.107
v 1492.11 284.074 574.107
v 1507.03 290.025 574.107
v 1487.68 308.851 562.303
v 1486.62 312.204 562.303
v 1463.79 304.973 562.303
v 1497.61 270.29 562.303
v 1493.46 280.708 562.303
v 1476.86 263.686 562.303
v 1456.78 293.327 551.705
v 1453.05 305.101 551.705
v 1421.99 295.272 551.705
v 1420.65 285.712 551.705
v 1429.16 258.836 551.705
v 1464.42 270.008 551.705
v 1460.95 280.938 551.705
v 1373.01 286.633 532.043
v 1375.16 278.212 532.043
v 1402.62 285.238 532.043
v 1400.47 293.647 532.043
v 1373.36 273.502 534.931
v 1369.29 282.576 534.931
v 1315.69 258.541 534.931
v 1319.77 249.467 534.931
v 1326.75 243.631 534.931
v 1334.36 247.048 534.931
v 1465.97 364.984 528.488
v 1470.63 337.583 528.488
v 1511.08 344.455 528.488
v 1506.43 371.857 528.488
v 1533.94 349.959 532.665
v 1572.14 357.766 532.665
v 1569.38 371.281 532.665
v 1563.19 376.118 532.665
v 1557.51 381.942 532.665
v 1516.61 373.584 532.665
v 1520.84 352.838 532.665
v 1562.92 346.772 582.269
v 1522.31 341.845 582.269
v 1524.26 325.783 582.269
v 1529.93 322.443 582.269
v 1538.29 320.049 582.269
v 1563.67 306.47 582.269
v 1578.85 323.454 582.269
v 1540.76 314.636 582.398
v 1533.07 309.158 582.398
v 1533.67 300.199 582.398
v 1536.45 293.403 582.398
v 1555.14 297.409 582.398
v 1552.63 300.942 582.398
v 1535 288.399 582.398
v 1537.52 284.867 582.398
v 1580.83 325.13 565.29
v 1603.09 347.373 565.29
v 1600.09 361.106 565.29
v 1566.13 339.835 565.29
v 1598.22 365.521 565.29
v 1572.03 355.731 565.29
v 1567.78 351.482 565.29
v 1579.04 365.137 565.29
v 1700.85 1759.02 469.062
v 1697 1746.64 469.062
v 1707.12 1743.49 469.062
v 1725.95 1740.68 469.062
v 1734.73 1768.86 469.062
v 1716.49 1777.49 469.062
v 1707.27 1780.37 469.062
v 1703.69 1768.86 469.062
v 1849.5 1926.36 416.199
v 1853.2 1908.52 416.199
v 1875.96 1913.23 416.199
v 1872.27 1931.09 416.199
v 1845.51 1945.63 417.103
v 1849.5 1926.36 417.103
v 1873.28 1931.29 417.103
v 1869.29 1950.56 417.103
v 1865.51 1967.72 418.331
v 1855.88 1965.72 418.331
v 1869.08 1950.52 418.331
v 1859.44 1948.52 418.331
v 1850.26 1963.89 418.331
v 1842.08 1962.2 418.331
v 1845.51 1945.63 418.331
v 1853.69 1947.33 418.331
v 1895.11 1840.53 428.27
v 1904.51 1824.94 428.27
v 1912.54 1829.78 428.27
v 1916.57 1831.86 428.27
v 1926.14 1837.64 428.27
v 1916.57 1853.52 428.27
v 1903.15 1845.38 428.27
v 1907 1847.75 428.27
v 1892.65 1861.43 426.187
v 1885.23 1856.95 426.187
v 1895.11 1840.53 426.187
v 1902.54 1845.01 426.187
v 1913.85 1856.36 426.187
v 1906.42 1868.67 426.187
v 1900.6 1865.15 426.187
v 1879.11 1882.49 423.165
v 1871.96 1878.17 423.165
v 1881.94 1861.6 423.165
v 1889.1 1865.91 423.165
v 1893.88 1870.24 423.165
v 1900.6 1874.28 423.165
v 1891.25 1889.79 423.165
v 1884.54 1885.75 423.165
v 1882.47 1904.37 420.594
v 1863.17 1892.75 420.594
v 1871.96 1878.17 420.594
v 1891.25 1889.79 420.594
v 1837.57 1808.73 445.509
v 1839.28 1800.12 445.509
v 1855.52 1803.36 445.509
v 1853.8 1811.96 445.509
v 1832.9 1832.21 443.557
v 1837.57 1808.73 443.557
v 1848.79 1810.97 443.557
v 1852.98 1819.92 443.557
v 1849.85 1835.59 443.557
v 1829.92 1847.11 438.249
v 1832.9 1832.21 438.249
v 1842.25 1834.06 438.249
v 1847.59 1841 438.249
v 1845.74 1850.27 438.249
v 1860.78 1779.79 446.642
v 1857.49 1795.03 446.642
v 1841.48 1791.56 446.642
v 1844.77 1776.32 446.642
v 1864.02 1764.83 445.982
v 1860.78 1779.79 445.982
v 1843.41 1776.03 445.982
v 1846.65 1761.08 445.982
v 1850.74 1745.87 444.944
v 1867.35 1749.47 444.944
v 1864.02 1764.83 444.944
v 1847.41 1761.23 444.944
v 1882.68 1756.36 438.522
v 1885.36 1743.94 438.522
v 1906.72 1748.56 438.522
v 1904.03 1760.99 438.522
v 1880.06 1768.4 439.28
v 1882.68 1756.36 439.28
v 1903.88 1760.95 439.28
v 1901.28 1773 439.28
v 1877.91 1778.35 439.892
v 1880.06 1768.4 439.892
v 1907.02 1774.24 439.892
v 1904.86 1784.18 439.892
v 1877.91 1778.35 440.608
v 1904.48 1784.09 440.608
v 1901.96 1795.72 440.608
v 1873.18 1800.2 440.608
v 1897.78 1805.52 440.608
v 1870.84 1810.96 439.522
v 1873.18 1800.2 439.522
v 1895.21 1804.97 439.522
v 1892.89 1815.72 439.522
v 1928.82 1742.44 429.575
v 1930.44 1734.1 429.575
v 1953.55 1738.59 429.575
v 1950.16 1756.02 429.575
v 1923.56 1754.25 429.575
v 1925.21 1745.82 429.575
v 1943 1758.03 429.575
v 1944.94 1779.92 432.846
v 1944.04 1782.46 432.846
v 1942.23 1791.76 432.846
v 1948.97 1759.2 432.846
v 1931.72 1789.71 432.846
v 1926.5 1785.62 432.846
v 1917.92 1783.94 432.846
v 1921.12 1767.49 432.846
v 1921.79 1763.35 432.846
v 1923.56 1754.25 432.846
v 1935.78 1768.86 432.846
v 1929.71 1769.17 432.846
v 1920.39 1819.45 433.629
v 1911.34 1817.68 433.629
v 1910.31 1807.08 433.629
v 1914.35 1786.33 433.629
v 1917.92 1783.94 433.629
v 1935.98 1822.31 433.629
v 1927.08 1820.59 433.629
v 1939.51 1804.19 433.629
v 1926.96 1785.71 433.629
v 1941.02 1791.53 433.629
v 1939.42 1799.77 433.629
v 1734.73 1234.41 422.179
v 1736.86 1222.56 422.179
v 1756.86 1226.14 422.179
v 1754.74 1237.98 422.179
v 1631.57 1895.31 484.512
v 1606.65 1902.93 484.512
v 1601.57 1901.74 484.512
v 1597.39 1901.29 484.512
v 1595.64 1895.58 484.512
v 1629.34 1887.98 484.512
v 1629.48 1884.26 484.512
v 1635.22 1877.55 484.512
v 1613.22 1858.74 484.512
v 1602.91 1861.58 484.512
v 1605.52 1858.51 484.512
v 1597.06 1891.61 484.512
v 1589.03 1889.79 484.512
v 1594.85 1864.12 484.512
v 1602.89 1865.94 484.512
v 1690.84 1833.36 466.296
v 1686.58 1820.41 466.296
v 1697.12 1816.94 466.296
v 1716.78 1814.67 466.296
v 1725.93 1842.47 466.296
v 1708.11 1849.85 466.296
v 1696.96 1853.52 466.296
v 1692.93 1841.27 466.296
v 1764.44 1957.12 437.372
v 1747.42 1962.65 437.372
v 1739.81 1939.18 437.372
v 1751.01 1923.09 437.372
v 1767.81 1917.63 437.372
v 1777.14 1946.37 437.372
v 1776.36 1953.38 437.372
v 1767.58 1956.23 437.372
v 1715.63 1915.62 453.442
v 1714.91 1924.28 453.442
v 1707.56 1926.96 453.442
v 1709.89 1890.04 453.442
v 1712.64 1897.55 453.442
v 1703.99 1926.07 453.442
v 1688.46 1931.74 453.442
v 1683.89 1919.27 453.442
v 1688.46 1912.49 453.442
v 1692.19 1904.13 453.442
v 1695.03 1895.46 453.442
v 1779.73 1868.96 449.808
v 1767.06 1872.78 449.808
v 1755.9 1835.88 449.808
v 1783.4 1827.56 449.808
v 1794 1855.16 449.808
v 1795.97 1861.66 449.808
v 1783.4 1865.46 449.808
v 1822.36 1721.84 452
v 1819.83 1726.18 452
v 1818.28 1731.51 452
v 1807.97 1734.87 452
v 1804 1722.66 452
v 1811.18 1714.98 452
v 1815.71 1713.5 452
v 1820.85 1717.18 452
v 1804.46 1724.1 459.682
v 1807.97 1734.87 459.682
v 1767.21 1748.14 459.682
v 1762.56 1733.88 459.682
v 1799.53 1721.84 459.682
v 1782.58 1743.14 456.224
v 1807.97 1734.87 456.224
v 1814.91 1756.18 456.224
v 1812.67 1760.95 456.224
v 1812.22 1768.72 456.224
v 1806.18 1770.68 456.224
v 1801.85 1757.39 456.224
v 1785.77 1752.93 456.224
v 1785.77 1752.93 458.689
v 1801.02 1747.96 458.689
v 1803.87 1756.74 458.689
v 1809.38 1775.29 458.689
v 1811.77 1782.61 458.689
v 1770.46 1760.07 458.689
v 1781.02 1756.63 458.689
v 1798.49 1786.94 458.689
v 1774 1770.96 458.689
v 1781.16 1793.35 458.689
v 1776.99 1780.51 458.689
v 1792.69 1789.6 458.689
v -1599.39 1472.22 454.517
v -1598.83 1467.32 454.517
v -1588.23 1468.51 454.517
v -1588.79 1473.42 454.517
v -1605.33 1493.72 479.238
v -1574.81 1492.76 479.238
v -1574.59 1499.25 479.238
v -1605.13 1500.21 479.238
v -1614.76 1494.02 475.809
v -1615.2 1479.84 475.809
v -1605.78 1479.54 475.809
v -1605.33 1493.72 475.809
v -1661.43 1472.26 497.179
v -1656.65 1470.56 497.179
v -1642.99 1470.52 497.179
v -1639.64 1472.11 497.179
v -1664.37 1505.86 497.179
v -1664.44 1480.17 497.179
v -1636.97 1480.17 497.179
v -1636.91 1505.99 497.179
v -1641.93 1508.14 497.179
v -1658.28 1508.17 497.179
v -1572.92 1582.41 559.776
v -1572.96 1594.05 559.776
v -1577.09 1609.88 559.776
v -1577.13 1624.2 559.776
v -1622.23 1582.26 559.776
v -1623.56 1624.06 559.776
v -1622.26 1593.89 559.776
v -1623.52 1609.73 559.776
v -1513.54 1622.12 541.434
v -1511.15 1585.84 541.434
v -1471.25 1588.47 541.434
v -1473.64 1624.74 541.434
v -1414.26 1626.89 532.76
v -1417.14 1638.1 532.76
v -1442.2 1631.65 532.76
v -1436.21 1608.41 532.76
v -1376.19 1570.32 532.76
v -1371.8 1581.91 532.76
v -1398.59 1524.03 485.503
v -1392.64 1538.25 485.503
v -1413.96 1547.17 485.503
v -1422.62 1547.02 485.503
v -1412.44 1513.15 485.503
v -1405.6 1510.3 485.503
v -1432.77 1536.27 485.503
v -1437.89 1524.03 485.503
v -1362.91 1583 500.27
v -1362.45 1569.56 500.27
v -1281.39 1614.65 500.27
v -1295.57 1620.48 500.27
v -1453.26 1555.1 509.707
v -1446.21 1558.81 509.707
v -1444.86 1563.74 509.707
v -1441.13 1570.55 509.707
v -1447.4 1582.4 509.707
v -1490.4 1545.08 509.707
v -1491.59 1540.01 509.707
v -1490.85 1511.64 509.707
v -1484.19 1510.45 509.707
v -1473.08 1510.75 509.707
v -1470.35 1520.01 509.707
v -1470.54 1527.02 509.707
v -1467.12 1542.69 509.707
v -1462.6 1548.95 509.707
v -1473.62 1531.19 509.707
v -1471.59 1542.54 509.707
v -1310.5 1498.2 460.49
v -1302.3 1482.68 460.49
v -1238.84 1537.47 460.49
v -1257.06 1544.33 460.49
v -1383.68 1501.02 451.526
v -1384.86 1483.29 451.526
v -1318.45 1496.53 451.526
v -1326.88 1511.23 451.526
v -1478.3 1482.23 445.299
v -1483.38 1471.33 445.299
v -1415.75 1457.9 445.299
v -1412.32 1467 445.299
v -1469.94 1497.91 455.975
v -1478.3 1482.23 455.975
v -1412.32 1467 455.975
v -1413.96 1483.87 455.975
v 697.625 -467.734 581.863
v 699.607 -453.567 581.863
v 679.503 -450.751 581.863
v 663.283 -455.768 581.863
v 660.345 -476.705 581.863
v 692.293 -481.184 581.863
v 724.331 -308.366 614.125
v 730.621 -314.317 614.125
v 737.767 -318.963 614.125
v 740.005 -284.179 614.125
v 725.5 -299.51 614.125
v 754.354 -289.234 614.125
v 748.075 -283.283 614.125
v 744.335 -321.061 614.125
v 752.751 -312.167 614.125
v 759.118 -295.236 614.125
v 755.089 -310.759 614.125
v 761.178 -304.322 614.125
v 720.546 -280.57 617.476
v 716.361 -284.857 617.476
v 727.47 -287.314 617.476
v 715.225 -304.335 617.476
v 721.682 -297.719 617.476
v 707.845 -297.143 617.476
v 682.508 -267.35 607.759
v 685.659 -264.112 607.759
v 686.905 -260.644 607.759
v 692.939 -254.437 607.759
v 672.534 -276.641 607.759
v 679.614 -269.372 607.759
v 681.518 -243.316 607.759
v 660.489 -264.918 607.759
v 682.597 -271.304 615.431
v 675.606 -278.484 615.431
v 685.28 -287.89 615.431
v 692.271 -280.711 615.431
v 699.774 -283.68 615.431
v 702.69 -280.685 615.431
v 685.659 -264.112 615.431
v 682.742 -267.107 615.431
v 700.364 -272.878 615.431
v 706.42 -266.646 615.431
v 695.922 -256.421 615.431
v 689.855 -262.653 615.431
v 699.774 -283.68 617.881
v 695.867 -284.448 617.881
v 689.566 -290.91 617.881
v 703.447 -279.917 617.881
v 700.297 -301.366 617.881
v 706.598 -294.903 617.881
v 710.628 -294.289 617.881
v 714.301 -290.526 617.881
v 709.871 -269.461 617.881
v 704.193 -275.272 617.881
v 720.891 -280.211 617.881
v 715.236 -286.022 617.881
v 1043.07 -595.605 532.358
v 1040.06 -599.073 532.358
v 1037.82 -606.739 532.358
v 1094.72 -635.315 532.358
v 1048.15 -594.863 532.358
v 886.757 -497.974 564.312
v 904.067 -502.312 564.312
v 915.121 -498.383 564.312
v 878.854 -489.272 564.312
v 888.104 -465.277 564.312
v 876.315 -471.688 564.312
v 895.719 -464.522 564.312
v 920.008 -478.919 564.312
v 769.671 -481.734 575.996
v 765.898 -468.156 575.996
v 712.553 -470.69 575.996
v 711.251 -485.177 575.996
v 761.211 -252.684 613.937
v 781.661 -268.502 613.937
v 844.211 -247.155 613.937
v 805.494 -192.599 613.937
v 722.539 -261.194 613.937
v 744.491 -252.837 613.937
v 710.895 -224.759 613.937
v 760.744 -206.663 613.937
v 708.802 -350.918 614.564
v 721.949 -336.585 614.564
v 722.327 -325.387 614.564
v 708.657 -312.845 614.564
v 682.23 -341.666 614.564
v 695.9 -354.194 614.564
v 700.297 -316.723 614.564
v 687.15 -331.056 614.564
v 731.945 -395.402 601.336
v 707.611 -410.183 601.336
v 714.969 -422.29 601.336
v 739.303 -407.509 601.336
v 743.745 -414.957 592.609
v 718.954 -427.204 592.609
v 724.921 -439.272 592.609
v 749.701 -427.038 592.609
v 725.823 -388.236 610.836
v 712.097 -367.632 610.836
v 695.21 -378.894 610.836
v 700.152 -386.303 610.836
v 698.661 -395.262 610.836
v 703.781 -402.94 610.836
v 914.977 -309.416 577.37
v 905.67 -294.967 577.37
v 896.91 -300.611 577.37
v 906.227 -315.059 577.37
v 911.348 -372.264 573.514
v 928.602 -361.143 573.514
v 922.702 -351.737 573.514
v 916.023 -341.358 573.514
v 898.646 -352.556 573.514
v 934.346 -340.437 574.831
v 922.903 -322.674 574.831
v 908.264 -332.106 574.831
v 920.977 -349.05 574.831
v 914.821 -342.28 574.831
v 910.023 -326.462 576.174
v 915.734 -327.294 576.174
v 920.866 -323.992 576.174
v 918.483 -314.842 576.174
v 914.977 -309.416 576.174
v 903.711 -316.672 576.174
v 897.21 -381.376 571.227
v 902.453 -389.516 571.227
v 920.654 -377.793 571.227
v 915.411 -369.654 571.227
v 880.991 -377.665 572.873
v 887.915 -388.415 572.873
v 892.134 -385.702 572.873
v 905.125 -370.626 572.873
v 901.251 -364.612 572.873
v 889.596 -359.121 574.997
v 874.078 -369.129 574.997
v 879.989 -378.318 574.997
v 895.518 -368.31 574.997
v 842.875 -343.457 583.871
v 866.007 -357.33 583.871
v 872.82 -345.991 583.871
v 849.677 -332.106 583.871
v 943.786 -460.644 561.044
v 930.884 -449.446 561.044
v 926.476 -454.527 561.044
v 939.378 -465.724 561.044
v 934.235 -445.121 563.053
v 945.668 -455.039 563.053
v 969.256 -427.87 563.053
v 957.824 -417.952 563.053
v 791.212 -396.605 589.069
v 801.375 -410.772 589.069
v 813.008 -402.415 589.069
v 802.856 -388.249 589.069
v 824.585 -372.661 593.872
v 816.593 -361.515 593.872
v 783.219 -385.459 593.872
v 791.212 -396.605 593.872
v 790.132 -361.911 594.343
v 795.086 -368.822 594.343
v 810.47 -357.778 594.343
v 805.516 -350.88 594.343
v 794.162 -347.911 598.675
v 769.571 -365.546 598.675
v 774.837 -372.892 598.675
v 799.427 -355.244 598.675
v 785.334 -330.122 602.773
v 756.747 -350.624 602.773
v 764.495 -361.361 602.773
v 793.049 -340.885 602.773
v 748.042 -338.53 605.714
v 756.747 -350.624 605.714
v 785.334 -330.122 605.714
v 776.651 -318.003 605.714
v 749.111 -386.751 601.81
v 745.125 -386.662 601.81
v 737.623 -391.678 601.81
v 753.497 -383.833 601.81
v 745.938 -404.143 601.81
v 753.441 -399.139 601.81
v 759.82 -402.799 601.81
v 764.195 -399.881 601.81
v 761.957 -374.952 601.81
v 755.2 -379.457 601.81
v 763.749 -392.267 601.81
v 770.495 -387.762 601.81
v 759.82 -402.799 594.52
v 756.28 -403.311 594.52
v 749.189 -408.046 594.52
v 764.885 -399.421 594.52
v 757.771 -420.933 594.52
v 764.874 -416.198 594.52
v 771.074 -419.679 594.52
v 776.139 -416.301 594.52
v 774.202 -408.545 594.52
v 782.395 -403.081 594.52
v 773.902 -390.335 594.52
v 765.697 -395.799 594.52
v 784.8 -422.725 588.287
v 792.102 -417.862 588.287
v 783.898 -405.551 588.287
v 776.596 -410.427 588.287
v 775.616 -416.646 588.287
v 771.074 -419.679 588.287
v 777.408 -429.188 588.287
v 781.961 -426.155 588.287
v 766.955 -418.348 588.287
v 761.055 -422.277 588.287
v 768.458 -433.372 588.287
v 774.347 -429.444 588.287
v 734.906 -371.036 607.371
v 726.569 -376.59 607.371
v 734.06 -387.826 607.371
v 742.398 -382.272 607.371
v 749.111 -386.751 607.371
v 752.595 -384.422 607.371
v 739.415 -364.65 607.371
v 735.93 -366.966 607.371
v 751.949 -376.296 607.371
v 759.185 -371.471 607.371
v 751.059 -359.275 607.371
v 743.823 -364.1 607.371
v 735.652 -367.158 611.456
v 739.415 -364.65 611.456
v 741.352 -361.515 611.456
v 748.554 -356.715 611.456
v 723.953 -374.158 611.456
v 732.391 -368.528 611.456
v 739.715 -343.457 611.456
v 714.635 -360.171 611.456
v 493.12 -474.568 578.386
v 497.974 -474.452 578.386
v 482.289 -475.233 578.386
v 487.143 -475.131 578.386
v 503.273 -473.966 578.386
v 508.126 -473.851 578.386
v 516.408 -473.672 578.386
v 521.262 -473.556 578.386
v 472.927 -475.988 578.386
v 477.781 -475.873 578.386
v 471.435 -464.522 578.386
v 471.636 -473.147 578.386
v 477.48 -463.075 578.386
v 472.626 -463.178 578.386
v 486.853 -462.32 578.386
v 482 -462.436 578.386
v 523.143 -471.957 578.386
v 522.943 -463.331 578.386
v 520.961 -460.759 578.386
v 516.108 -460.874 578.386
v 497.673 -461.655 578.386
v 492.82 -461.77 578.386
v 507.826 -461.053 578.386
v 502.972 -461.169 578.386
v 712.097 -843.103 560.531
v 711.329 -839.903 560.531
v 702.98 -826.85 560.531
v 721.036 -857.09 560.531
v 667.001 -849.847 560.531
v 711.34 -863.284 560.531
v 675.35 -862.9 560.531
v 677.009 -865.523 560.531
v 684.467 -877.194 560.531
v 662.771 -802.165 563.122
v 646.352 -808.103 563.122
v 656.649 -836.614 563.122
v 667.246 -832.788 563.122
v 664.864 -807.949 563.122
v 703.481 -761.7 557.585
v 710.505 -747.227 557.585
v 709.937 -741.148 557.585
v 701.01 -736.823 557.585
v 676.208 -754.188 557.585
v 684.323 -758.117 557.585
v 698.783 -733.956 557.585
v 692.928 -731.128 557.585
v 686.66 -732.625 557.585
v 677.354 -807.859 560.481
v 696.457 -817.214 560.481
v 700.509 -815.307 560.481
v 703.882 -808.397 560.481
v 680.916 -773.294 560.481
v 675.473 -784.415 560.481
v 707.678 -807.591 560.481
v 712.62 -797.507 560.481
v 689.477 -754.905 560.481
v 681.473 -771.26 560.481
v 701.989 -792.311 560.481
v 704.472 -782.905 560.481
v 712.642 -766.192 560.481
v 703.882 -784.07 560.481
v 422.666 -671.659 606.029
v 427.509 -647.063 606.029
v 416.343 -644.875 606.029
v 412.614 -663.827 606.029
v 413.961 -669.957 606.029
v 383.949 -667.602 624.786
v 369.021 -667.858 624.786
v 384.239 -684.085 624.786
v 411.267 -697.42 624.786
v 411.111 -688.104 624.786
v 365.437 -668.012 624.786
v 348.271 -668.306 624.786
v 412.169 -715.234 624.786
v 412.013 -706.672 624.786
v 389.627 -720.711 624.786
v 407.805 -720.391 624.786
v 380.064 -707.235 624.786
v 380.22 -715.784 624.786
v 348.55 -684.7 624.786
v 347.526 -689.204 624.786
v 347.681 -698.521 624.786
v 370.513 -706.532 624.786
v 377.882 -706.404 624.786
v 349.618 -704.292 624.786
v 356.632 -706.979 624.786
v 361.352 -706.89 624.786
v 382.202 -766.077 619.728
v 399.033 -775.048 619.728
v 405.712 -762.532 619.728
v 406.18 -755.775 619.728
v 332.587 -716.513 619.728
v 323.191 -717.281 619.728
v 317.959 -724 619.728
v 337.707 -745.576 619.728
v 357.979 -756.389 619.728
v 379.174 -764.004 619.728
v 361.185 -759.166 619.728
v 370.814 -764.298 619.728
v 320.052 -803.867 595.3
v 323.748 -811.366 595.3
v 354.35 -796.291 595.3
v 350.654 -788.792 595.3
v 278.107 -829.845 604.316
v 286.612 -817.7 604.316
v 257.379 -797.225 604.316
v 248.874 -809.369 604.316
v 306.605 -810.419 597.544
v 296.619 -803.419 597.544
v 278.107 -829.845 597.544
v 306.059 -849.424 597.544
v 312.193 -847.377 597.544
v 368.487 -809.958 597.544
v 363.044 -801.781 597.544
v 611.319 -886.28 544.313
v 569.519 -908.815 544.313
v 579.36 -927.077 544.313
v 621.171 -904.528 544.313
v 633.561 -922.7 544.313
v 625.234 -907.254 544.313
v 590.536 -945.901 544.313
v 582.209 -930.468 544.313
v 572.758 -921.548 530.432
v 544.639 -921.715 530.432
v 541.901 -928.075 530.432
v 541.956 -937.493 530.432
v 572.948 -954.948 530.432
v 545.151 -956.51 530.432
v 567.994 -956.369 530.432
v 545.073 -944.301 530.432
v 476.656 -774.011 576.454
v 494.723 -810.137 576.454
v 505.956 -804.519 576.454
v 487.888 -768.393 576.454
v 645.806 -687.041 554.952
v 640.585 -686.069 554.952
v 634.14 -686.107 554.952
v 628.34 -685.032 554.952
v 622.518 -683.381 554.952
v 619.68 -682.857 554.952
v 617.297 -695.782 554.952
v 652.819 -702.347 554.952
v 655.613 -687.259 554.952
v 653.276 -686.824 554.952
v 602.358 -662.036 553.087
v 613.101 -663.571 553.087
v 589.89 -661.677 553.087
v 595.49 -662.484 553.087
v 615.95 -663.687 553.087
v 627.561 -665.35 553.087
v 660.133 -654.127 553.087
v 592.362 -644.427 553.087
v 630.578 -666.067 553.087
v 638.181 -667.155 553.087
v 652.374 -669.061 553.087
v 657.884 -669.842 553.087
v 641.031 -666.374 553.087
v 648.901 -667.5 553.087
v 636.678 -784.556 561.483
v 641.042 -796.342 561.483
v 650.715 -792.759 561.483
v 661.313 -788.881 561.483
v 673.747 -784.287 561.483
v 657.306 -775.227 561.483
v 644.593 -779.923 561.483
v 669.373 -772.463 561.483
v 595.612 -744.616 564.514
v 556.172 -738.998 564.514
v 541.166 -755.225 564.514
v 597.961 -812.454 564.514
v 625.346 -800.348 564.514
v 714.78 -663.687 549.633
v 710.583 -684.316 549.633
v 718.509 -685.928 549.633
v 759.608 -687.886 549.633
v 762.547 -673.387 549.633
v 784.41 -816.101 555.516
v 782.707 -808.051 555.516
v 767.779 -826.556 555.516
v 777.319 -824.534 555.516
v 750.257 -830.664 555.516
v 761.211 -828.348 555.516
v 742.487 -816.561 555.516
v 744.19 -824.611 555.516
v 781.872 -804.11 555.516
v 780.469 -797.443 555.516
v 772.41 -788.638 555.516
v 744.19 -794.614 555.516
v 740.906 -805.505 555.516
v 742.376 -812.466 555.516
v 767.378 -882.377 550.071
v 802.188 -875.377 550.071
v 799.572 -862.388 550.071
v 799.16 -859.636 550.071
v 796.288 -845.368 550.071
v 761.356 -852.38 550.071
v 716.572 -877.911 542.816
v 706.42 -878.666 542.816
v 687.607 -888.66 542.816
v 709.258 -922.252 542.816
v 718.364 -916.877 542.816
v 365.893 -1012.78 532.18
v 359.76 -1012.87 532.18
v 359.904 -1022.08 532.18
v 352.446 -1024.06 532.18
v 352.546 -1030.45 532.18
v 375.445 -1017.47 532.18
v 390.495 -1016.19 532.18
v 383.204 -1016.31 532.18
v 360.216 -1039.15 532.18
v 369.923 -1039 532.18
v 374.398 -1036.31 532.18
v 379.775 -1043.03 532.18
v 391.619 -1042.85 532.18
v 400.469 -1029.7 532.18
v 400.369 -1023.32 532.18
v 463.855 -1141.8 475.566
v 486.397 -1143 475.566
v 486.964 -1132.3 475.566
v 464.545 -1128.69 475.566
v 492.007 -1070.71 514.184
v 484.872 -1082.44 514.184
v 527.563 -1108.42 514.184
v 534.698 -1096.69 514.184
v 531.303 -1082.6 514.184
v 538.361 -1073.5 514.184
v 517.01 -1056.93 514.184
v 509.952 -1066.03 514.184
v 600.065 -1000.11 595.227
v 591.171 -1007.04 595.227
v 616.997 -1040.19 595.227
v 625.891 -1033.25 595.227
v 639.071 -1021.06 595.227
v 637.546 -1008.12 595.227
v 624.31 -982.27 595.227
v 619.68 -988.092 595.227
v 633.06 -994.785 595.227
v 629.965 -986.762 595.227
v 550.862 -1084.24 503.194
v 545.463 -1094.75 503.194
v 568.751 -1106.69 503.194
v 574.15 -1096.17 503.194
v 583 -1045.33 514.327
v 562.506 -1028.25 514.327
v 537.637 -1028.74 514.327
v 528.464 -1039.74 514.327
v 560.268 -1072.62 514.327
v 563.998 -1075.73 514.327
v 570.042 -1068.47 514.327
v 578.625 -1064.08 514.327
v 582.276 -1059.7 514.327
v 512.635 -1013.02 519.812
v 518.746 -1013.14 519.812
v 519.058 -995.847 519.812
v 494.579 -995.4 519.812
v 498.976 -1006.8 519.812
v 502.972 -1010.46 519.812
v 494.445 -1002.72 519.812
v 544.583 -973.606 523.547
v 482.334 -973.466 523.547
v 482.322 -978.84 523.547
v 486.508 -983.46 523.547
v 514.883 -989.129 523.547
v 544.55 -989.206 523.547
v 457.097 -942.254 546.49
v 457.532 -954.168 546.49
v 464.712 -953.899 546.49
v 470.69 -953.003 546.49
v 476.69 -952.786 546.49
v 476.211 -939.566 546.49
v 482.634 -953.797 546.49
v 504.275 -953.003 546.49
v 443.817 -943.905 546.49
v 453.491 -943.546 546.49
v 440.121 -921.766 546.49
v 440.644 -936.086 546.49
v 448.871 -921.446 546.49
v 515.629 -920.755 546.49
v 461.417 -922.738 546.49
v 516.097 -935.702 546.49
v 518.312 -929.265 546.49
v 509.952 -941.96 546.49
v 510.419 -954.756 546.49
v 532.572 -928.753 546.49
v 532.939 -938.824 546.49
v 529.655 -954.053 546.49
v 582.61 -849.373 566.908
v 571.311 -856.271 566.908
v 560.413 -860.929 566.908
v 549.96 -867.315 566.908
v 549.515 -879.113 566.908
v 553.767 -886.075 566.908
v 563.697 -889.812 566.908
v 574.15 -883.439 566.908
v 585.093 -878.845 566.908
v 596.391 -871.947 566.908
v 603.071 -836.359 566.908
v 592.206 -842.975 566.908
v 617.364 -847.262 566.908
v 613.112 -840.287 566.908
v 601.022 -865.971 566.908
v 614.08 -857.998 566.908
v 500.056 -895.647 562.442
v 512.635 -895.532 562.442
v 473.918 -895.775 562.442
v 483.681 -895.673 562.442
v 526.583 -885.512 562.442
v 540.709 -880.751 562.442
v 540.609 -870.898 562.442
v 524.735 -871.051 562.442
v 512.379 -868.236 562.442
v 499.8 -868.364 562.442
v 448.526 -894.713 562.442
v 457.097 -894.636 562.442
v 440.834 -879.113 562.442
v 440.9 -886.318 562.442
v 456.864 -869.772 562.442
v 448.292 -869.848 562.442
v 483.436 -869.605 562.442
v 473.673 -869.708 562.442
v 507.369 -826.364 570.167
v 507.269 -835.514 570.167
v 576.643 -843.576 570.167
v 576.833 -827.157 570.167
v 537.069 -844.587 570.167
v 507.269 -838.201 570.167
v 507.191 -844.254 570.167
v -1988.39 -1457.3 410.896
v -1978.47 -1479.72 410.896
v -1874.56 -1433.74 410.896
v -1880.04 -1421.34 410.896
v -1977.98 -1452.69 410.896
v -1848.25 -1017.79 471.9
v -1844.22 -1027.62 471.9
v -1794.05 -1007.02 471.9
v -1798.09 -997.191 471.9
v -1892.45 -1037.21 475.11
v -1887.51 -1046.51 475.11
v -1847.51 -1025.31 475.11
v -1852.43 -1016 475.11
v -1917.1 -1081.92 469.717
v -1921.86 -1072.88 469.717
v -1930.36 -1073.93 469.717
v -1944.84 -1081.55 469.717
v -1937.7 -1095.14 469.717
v -1923.21 -1087.52 469.717
v -2046.81 -1067.37 501.144
v -2046.33 -1076.22 501.144
v -2010.5 -1074.28 501.144
v -2010.98 -1065.42 501.144
v -2013.52 -1081.39 489.88
v -2032.79 -1085.35 489.88
v -2026.95 -1113.8 489.88
v -2007.68 -1109.84 489.88
v -1966.04 -1094.69 489.88
v -1968.55 -1082.46 489.88
v -2011.42 -1091.25 489.88
v -1996.64 -1106.63 472.683
v -1995.14 -1117.08 472.683
v -1954.68 -1111.26 472.683
v -1956.19 -1100.81 472.683
v -1955.91 -1133.11 462.007
v -1958.42 -1120.81 462.007
v -1977.07 -1124.63 462.007
v -1996.94 -1133.5 462.007
v -1994.35 -1146.17 462.007
v -1971.06 -1141.4 462.007
v -1907.05 -1089.88 459.907
v -1945.29 -1113.64 459.907
v -1939.83 -1122.42 459.907
v -1901.6 -1098.66 459.907
v -1867.95 -1056.76 459.711
v -1908.42 -1088.11 459.711
v -1901.65 -1096.84 459.711
v -1861.2 -1065.49 459.711
v -1820.48 -1029.08 470.113
v -1843.78 -1043.93 470.113
v -1853.77 -1053.63 470.113
v -1847.37 -1063.68 470.113
v -1771.23 -1015.16 470.113
v -1766.36 -1009.89 470.113
v -1763.45 -995.783 470.113
v -1768.47 -987.043 470.113
v -1783.79 -965.237 470.113
v -1792.71 -969.882 470.113
v -1783.01 -993.314 470.113
v -1784.8 -1000.13 470.113
v -1662.38 -942.254 451.591
v -1700.75 -934.051 451.591
v -1698.47 -953.003 451.591
v -1665.63 -959.274 451.591
v -4322.85 -87.8874 485.208
v -4435.84 -83.9201 485.208
v -4449.87 -94.6702 485.208
v -4459.43 -420.114 485.208
v -4445.69 -432.067 485.208
v -4099.63 -435.049 485.208
v -4096.47 -324.53 485.208
v 3647.95 1384.39 497.844
v 3660.14 1377.88 497.844
v 3664.96 1386.89 497.844
v 3667.54 1396.85 497.844
v 3670.18 1409.44 497.844
v 3659.69 1415.05 497.844
v 3653.87 1404.15 497.844
v 3650.88 1394.41 497.844
v 3584.23 1455.16 485.508
v 3592.51 1451.47 485.508
v 3603.49 1476.16 485.508
v 3604.54 1489.51 485.508
v 3595.05 1493.72 485.508
v 3589.08 1480.29 485.508
v 3567.13 1413.86 471.083
v 3550.11 1381.31 471.083
v 3560.33 1375.97 471.083
v 3577.14 1400.71 471.083
v 3580.39 1406.92 471.083
v 3527.57 1404.45 457.527
v 3513.85 1369.99 457.527
v 3525.19 1365.49 457.527
v 3538.9 1399.94 457.527
v 3550.6 1456.08 475.176
v 3530.62 1405.9 475.176
v 3540.97 1401.77 475.176
v 3560.95 1451.96 475.176
v 3568.03 1514.18 484.808
v 3553.25 1462.23 484.808
v 3563.97 1459.18 484.808
v 3578.74 1511.13 484.808
v 2577.29 323.006 505.85
v 2557.27 328.816 505.85
v 2554.28 318.501 505.85
v 2561.76 309.414 505.85
v 2572.45 306.304 505.85
v 2534.9 330.365 516.004
v 2531.94 320.164 516.004
v 2549.96 314.93 516.004
v 2552.92 325.13 516.004
v 2534.9 330.365 524.839
v 2511.26 337.224 524.839
v 2508.26 326.871 524.839
v 2531.89 320.011 524.839
v 2492.18 319.269 541.666
v 2485.88 297.55 541.666
v 2502.64 292.687 541.666
v 2508.94 314.405 541.666
v 2511.26 337.224 533.502
v 2496.52 341.512 533.502
v 2491.14 322.993 533.502
v 2505.9 318.718 533.502
v 2491.29 292.994 537.427
v 2476.51 248.648 537.427
v 2494.73 242.569 537.427
v 2509.52 286.915 537.427
v 2412.93 384.706 523.304
v 2442.39 374.941 523.304
v 2452.68 405.99 523.304
v 2423.21 415.755 523.304
v 2418.99 403.046 522.733
v 2390.27 412.555 522.733
v 2382.15 388.034 522.733
v 2410.88 378.524 522.733
v 2336.53 447.2 525.128
v 2325.22 413.054 525.128
v 2372.09 397.517 525.128
v 2383.4 431.663 525.128
v 2385.13 316.389 558.038
v 2375.88 320.651 558.038
v 2367.66 316.312 558.038
v 2357.42 294.03 558.038
v 2358.11 284.662 558.038
v 2369.05 279.633 558.038
v 2391.7 305.267 558.038
v 2381.46 282.986 558.038
v 2422.82 296.629 566.433
v 2413.56 300.89 566.433
v 2405.36 296.565 566.433
v 2395.1 274.27 566.433
v 2395.79 264.915 566.433
v 2406.75 259.885 566.433
v 2429.39 285.507 566.433
v 2419.15 263.225 566.433
v 2589 511.87 512.348
v 2547.49 519.729 512.348
v 2539.73 518.538 512.348
v 2524.2 436.578 512.348
v 2581.27 425.763 512.348
v 2596.8 507.724 512.348
v 2483.72 605.145 503.927
v 2440.43 614.104 503.927
v 2428.79 572.599 503.927
v 2477.92 562.283 503.927
v 3454.56 -1163.81 535.991
v 3461.66 -1147.32 535.991
v 3451.93 -1136.63 535.991
v 3442.92 -1132.75 535.991
v 3445.31 -1188.15 535.991
v 3451.05 -1174.79 535.991
v 3432.21 -1182.51 535.991
v 3423.82 -1177.24 535.991
v 3398.88 -1153.04 538.107
v 3389.03 -1149.18 538.107
v 3385.22 -1158.88 538.107
v 3386.57 -1171.42 538.107
v 3401.58 -1177.31 538.107
v 3410.08 -1169.71 538.107
v 3413.83 -1160.15 538.107
v 3404.7 -1156.56 538.107
v 3307.52 -1076.47 541.574
v 3308.11 -1131.85 541.574
v 3321.65 -1131.71 541.574
v 3321.06 -1076.33 541.574
v 3279.75 -1020.93 531.104
v 3275.73 -1035.82 531.104
v 3308.87 -1044.78 531.104
v 3312.89 -1029.89 531.104
v 3237.99 -791.671 454.339
v 3228.37 -816.881 454.339
v 3270.88 -833.082 454.339
v 3280.48 -807.885 454.339
v 3345.27 -848.58 474.939
v 3361.85 -809.459 474.939
v 3343.34 -801.627 474.939
v 3334.39 -809.536 474.939
v 3325.16 -831.329 474.939
v 3326.78 -840.735 474.939
v 3554.3 -368.835 495.936
v 3552.8 -375.105 495.936
v 3591.18 -387.046 495.936
v 3596.7 -380.48 495.936
v 3597.14 -377.345 495.936
v 3436.51 -479.61 496.313
v 3433.85 -488.12 496.313
v 3466.4 -498.281 496.313
v 3469.64 -487.89 496.313
v 3454.56 -483.193 496.313
v 3406.37 -517.708 474.898
v 3397.07 -542.355 474.898
v 3408.67 -546.745 474.898
v 3436.24 -539.489 474.898
v 3439.7 -530.313 474.898
v 3382.61 -471.547 454.33
v 3373.66 -487.071 454.33
v 3385.36 -493.828 454.33
v 3394.32 -478.304 454.33
v 3396.95 -473.787 454.33
v 3405.15 -459.556 454.33
v 3394.11 -453.183 454.33
v 3385.89 -467.414 454.33
v 3379.48 -405.551 438.743
v 3370.63 -431.888 438.743
v 3382.46 -435.868 438.743
v 3391.3 -409.531 438.743
v 3390.22 -378.83 445.084
v 3383.35 -399.28 445.084
v 3396.43 -403.67 445.084
v 3406.69 -373.122 445.084
v 3398.58 -370.396 445.084
v 3402.17 -327.627 449.679
v 3396.64 -345.697 449.679
v 3413.65 -350.893 449.679
v 3419.18 -332.822 449.679
v 3390.97 -353.004 437.563
v 3386.94 -369.283 437.563
v 3394.93 -371.253 437.563
v 3398.96 -354.988 437.563
v 3368.12 -333.155 426.957
v 3363.81 -356.882 426.957
v 3382.67 -360.324 426.957
v 3387 -336.598 426.957
v 3377.53 -384.486 425.644
v 3364.4 -379.725 425.644
v 3350.81 -417.197 425.644
v 3363.95 -421.97 425.644
v 3622.06 -419.423 505.525
v 3622.69 -465.392 505.525
v 3635.05 -465.225 505.525
v 3634.41 -419.244 505.525
v 3907.81 1023.16 598.367
v 3896.62 1013.86 598.367
v 3910.51 997.144 598.367
v 3921.71 1006.44 598.367
v 3927.88 1007.84 598.367
v 3940.64 1002.29 598.367
v 3907.69 1039.62 598.367
v 3910.61 1025.48 598.367
v 3948.82 1021.09 598.367
v 3936.08 1026.65 598.367
v 3931.88 1029.86 598.367
v 3928.95 1044.01 598.367
v 4085.18 1129.46 606.657
v 4078.9 1109.3 606.657
v 4093.45 1104.77 606.657
v 4099.72 1124.93 606.657
v 4101.31 1152.83 606.401
v 4087.86 1157.37 606.401
v 4080.85 1136.61 606.401
v 4100.24 1130.06 606.401
v 3953.11 1093.38 595.086
v 3949.71 1085.29 595.086
v 3960.77 1080.67 595.086
v 3966.43 1077.83 595.086
v 3977.49 1073.21 595.086
v 3980.87 1081.3 595.086
v 3960.37 1108.07 595.086
v 3956.98 1099.98 595.086
v 3983.45 1086.79 595.086
v 3986.85 1094.88 595.086
v 3971.41 1103.45 595.086
v 3975.8 1099.51 595.086
v 3969.83 1134.77 588.665
v 3966.43 1126.68 588.665
v 3977.49 1122.05 588.665
v 3983.15 1119.21 588.665
v 3994.21 1114.59 588.665
v 3977.09 1149.46 588.665
v 3973.7 1141.38 588.665
v 3997.59 1122.68 588.665
v 4000.17 1128.17 588.665
v 4003.57 1136.26 588.665
v 3992.52 1140.89 588.665
v 3988.13 1144.83 588.665
v 4040.07 1166.53 591.015
v 4042.63 1172.45 591.015
v 4044.33 1175.98 591.015
v 4047.25 1182.75 591.015
v 4013.67 1197.23 591.015
v 4010.75 1190.46 591.015
v 4009.5 1186.73 591.015
v 4006.94 1180.81 591.015
v 4034.72 1154.53 591.015
v 4038.08 1162.35 591.015
v 4000.89 1169.11 591.015
v 4004.26 1176.93 591.015
v 4206.91 1096.28 605.436
v 4210.48 1108.78 605.436
v 4197.14 1112.59 605.436
v 4193.58 1100.09 605.436
v 4206.91 1096.28 601.764
v 4212.32 1094.74 601.764
v 4217.18 1111.78 601.764
v 4211.77 1113.33 601.764
v 4208.53 1081.46 606.129
v 4212.32 1094.74 606.129
v 4190.58 1100.94 606.129
v 4186.79 1087.66 606.129
v 4206.08 1054.37 603.063
v 4213.42 1080.07 603.063
v 4198.33 1084.37 603.063
v 4191.01 1058.67 603.063
v 4195.04 1015.66 602.216
v 4206.08 1054.37 602.216
v 4191.47 1058.54 602.216
v 4180.42 1019.82 602.216
v 4174.17 970.74 600.244
v 4184.14 967.885 600.244
v 4197.55 1014.93 600.244
v 4176.72 1020.89 600.244
v 4174 1011.36 600.244
v 4166.24 972.992 591.596
v 4162.08 958.402 591.596
v 4179.98 953.295 591.596
v 4184.14 967.885 591.596
v 2092.36 -703.076 463.049
v 2106.79 -713.736 463.049
v 2116.17 -701.016 463.049
v 2111.09 -697.266 463.049
v 2080.19 -692.199 463.049
v 2084.83 -695.616 463.049
v 2094.67 -664.877 463.049
v 2078.7 -686.517 463.049
v 2105.08 -672.555 463.049
v 2109.69 -694.451 463.049
v 2102.59 -689.204 463.049
v 1909.29 -1038.09 406.555
v 1897.62 -1023.36 406.555
v 1870.88 -1044.55 406.555
v 1879.74 -1055.72 406.555
v 1887.36 -1055.48 406.555
v 1782.55 -1163.58 392.852
v 1765.05 -1169.78 392.852
v 1773.41 -1193.37 392.852
v 1790.91 -1187.16 392.852
v 1575.89 -1091.25 475.233
v 1575.15 -1074.54 475.233
v 1546.63 -1041.84 475.233
v 1494.83 -1077.81 475.233
v 1527.97 -1116.93 475.233
v 1562.6 -1106.77 475.233
v 1975.09 -953.413 412.071
v 1963.09 -942.087 412.071
v 1953.05 -946.234 412.071
v 1981.81 -966.747 412.071
v 1975.03 -959.351 412.071
v 1941.78 -956.574 412.071
v 1946.57 -961.82 412.071
v 1949.1 -965.34 412.071
v 1911.94 -1030.78 412.071
v 1905.23 -1010.93 412.071
v 1898.99 -1016.66 412.071
v 1945.68 -966.747 412.071
v 1938.27 -973.542 412.071
v 1912.84 -1004.06 412.071
v 1907.06 -1009.37 412.071
v 1938.37 -976.742 412.071
v 1932.13 -982.475 412.071
v 1930.24 -987.427 412.071
v 1915.67 -1000.77 412.071
v 1251.6 -1190.63 463.46
v 1252.39 -1197.44 463.46
v 1276.68 -1190.32 463.46
v 1272.56 -1183.12 463.46
v 1269.81 -1177.49 463.46
v 1261.98 -1178.39 463.46
v 1254.47 -1153.5 468.141
v 1228.79 -1156.49 468.141
v 1231.25 -1177.65 468.141
v 1246.41 -1189.34 468.141
v 1258.16 -1187.97 468.141
v 1256.26 -1171.57 468.141
v 1256.08 -1167.36 468.141
v 1334.93 -927.025 496.901
v 1312.99 -934.793 496.901
v 1315.95 -943.175 496.901
v 1337.9 -935.407 496.901
v 1341.42 -950.201 496.901
v 1338.67 -942.407 496.901
v 1322.09 -957.034 496.901
v 1319.33 -949.241 496.901
v 2021.15 -780.039 461.438
v 2031.46 -771.797 461.438
v 2018.54 -755.647 461.438
v 2008.23 -763.888 461.438
v 2008.42 -764.119 461.73
v 2002.41 -768.931 461.73
v 2023.32 -795.062 461.73
v 2043.58 -778.848 461.73
v 2035.41 -768.636 461.73
v 1834.16 -1076.17 451.861
v 1853.87 -1066.45 451.861
v 1858.7 -1060.39 451.861
v 1849.24 -1041.24 451.861
v 1813.73 -1051.36 451.861
v 1826.13 -1076.47 451.861
v 1822.97 -1042.29 451.861
v 1830.58 -1032.57 451.861
v 1822.22 -1036.71 451.861
v 1779.82 -1073.33 489.681
v 1744.69 -1090.34 489.681
v 1760.66 -1123.34 489.681
v 1795.79 -1106.32 489.681
v 1764.33 -898.744 462.632
v 1776.72 -896.441 462.632
v 1759.81 -872.536 462.632
v 1753.79 -872.83 462.632
v 1678.75 -925.925 462.632
v 1674.42 -934.793 462.632
v 1681.79 -945.197 462.632
v 1731.64 -909.929 462.632
v 1758.02 -893.293 462.632
v 1729.18 -1051.3 447.452
v 1723.09 -1040.79 447.452
v 1732.64 -1063.93 447.452
v 1720.18 -1071.16 447.452
v 1707.74 -1049.68 447.452
v 1717.27 -1036.61 447.452
v 1710.84 -1021.24 447.452
v 1708.63 -1011.79 447.452
v 1704.1 -1004 447.452
v 1691.89 -1011.08 447.452
v 1690.09 -1020.79 447.452
v 1695.52 -1030.13 447.452
v 1707.63 -1042.2 447.452
v 1729.18 -1051.3 446.36
v 1734.01 -1059.61 446.36
v 1752.05 -1049.15 446.36
v 1747.23 -1040.83 446.36
v 1642.63 -1099.16 445.761
v 1684.43 -1099.46 445.761
v 1684.52 -1086.33 445.761
v 1642.72 -1086.04 445.761
v 1663.38 -943.009 449.9
v 1652.55 -953.515 449.9
v 1662.48 -963.753 449.9
v 1673.31 -953.234 449.9
v 1678.15 -993.16 447.055
v 1688.78 -982.846 447.055
v 1670.25 -963.753 447.055
v 1659.62 -974.067 447.055
v 1651.11 -965.314 448.267
v 1639.49 -976.601 448.267
v 1666.53 -1004.45 448.267
v 1678.15 -993.16 448.267
v 1651.36 -993.109 450.286
v 1631.13 -972.263 450.286
v 1610.68 -992.124 450.286
v 1627.11 -1009.05 450.286
v 1635.46 -1008.54 450.286
v 1602.13 -1021.84 452.158
v 1589.47 -1033.02 452.158
v 1602.02 -1047.21 452.158
v 1608.86 -1049.33 452.158
v 1613.36 -1048.7 452.158
v 1634.77 -1029.77 452.158
v 1626.94 -1020.93 452.158
v 1581.21 -1007.28 452.46
v 1580.3 -1021.65 452.46
v 1597.19 -1022.72 452.46
v 1611.51 -999.648 452.46
v 1603.72 -990.767 452.46
v 3429.19 -1205.83 537.862
v 3425.75 -1213.23 537.862
v 3409.03 -1258.31 537.862
v 3419.42 -1263.13 537.862
v 3444.65 -1208.95 537.862
v 3434.27 -1204.12 537.862
v 3516.82 -922.547 525.246
v 3514.29 -1008.99 525.246
v 3538.24 -1009.69 525.246
v 3540.78 -923.25 525.246
v 3508.61 -1028.54 525.897
v 3517.72 -1049.75 525.897
v 3528.93 -1044.94 525.897
v 3519.82 -1023.73 525.897
v 3474.72 -1042.88 513.397
v 3479.78 -1048.9 513.397
v 3486.07 -1043.63 513.397
v 3481.01 -1037.6 513.397
v 3462.86 -1019.88 510.449
v 3468.04 -1026.06 510.449
v 3473.08 -1021.83 510.449
v 3467.9 -1015.66 510.449
v 3457.44 -1013.42 510.273
v 3462.86 -1019.88 510.273
v 3469.79 -1014.07 510.273
v 3470.54 -1009.44 510.273
v 3467.09 -1005.32 510.273
v 3460.72 -998.292 511.209
v 3451.35 -1006.15 511.209
v 3457.44 -1013.42 511.209
v 3466.81 -1005.56 511.209
v 3455.25 -990.921 512.246
v 3445.46 -999.136 512.246
v 3451.35 -1006.15 512.246
v 3461.14 -997.946 512.246
v 3456.63 -989.769 512.594
v 3452.48 -984.804 512.594
v 3441.31 -994.184 512.594
v 3445.46 -999.136 512.594
v 3433.07 -980.184 513.646
v 3440.84 -989.436 513.646
v 3448.72 -982.82 513.646
v 3440.95 -973.568 513.646
v 3432 -941.512 514.159
v 3424.86 -935.241 514.159
v 3417.25 -943.905 514.159
v 3423.66 -963.164 514.159
v 3427.38 -958.941 514.159
v 3414.69 -955.256 514.159
v 3423.27 -909.839 506.97
v 3414.86 -907.472 506.97
v 3411.13 -910.159 506.97
v 3403.62 -919.36 506.97
v 3402.02 -925.093 506.97
v 3422.77 -930.916 506.97
v 3424.37 -925.183 506.97
v 3386.27 -896.735 504.361
v 3387.72 -921.907 504.361
v 3398.85 -921.267 504.361
v 3397.4 -896.095 504.361
v 3316.47 -930.762 510.323
v 3316.33 -937.634 510.323
v 3325.44 -937.826 510.323
v 3325.6 -930.967 510.323
v 3304.23 -913.742 506.181
v 3327.07 -928.817 506.181
v 3331.68 -921.843 506.181
v 3308.85 -906.768 506.181
v 3349.26 -921.088 505.967
v 3360.37 -927.921 505.967
v 3366.54 -917.901 505.967
v 3364.09 -910.901 505.967
v 3351.26 -902.993 505.967
v 3346.46 -910.773 505.967
v 3338.76 -932.131 517.894
v 3341.85 -939.426 517.894
v 3362.46 -962.409 517.894
v 3347.98 -928.228 517.894
v 3355.71 -965.263 517.894
v 3344.44 -945.914 517.894
v 3350.66 -960.617 517.894
v 3368.73 -928.676 516.882
v 3355.97 -934.217 516.882
v 3367.32 -960.336 516.882
v 3380.07 -954.795 516.882
v 3396.5 -983.908 516.184
v 3404.78 -995.31 516.184
v 3411.43 -990.473 516.184
v 3403.13 -979.083 516.184
v 3407.36 -1003.87 516.504
v 3400.9 -1008.57 516.504
v 3409.78 -1020.79 516.504
v 3416.25 -1016.08 516.504
v 3419.33 -1000.25 516.136
v 3413.97 -992.866 516.136
v 3404.41 -999.814 516.136
v 3409.78 -1007.2 516.136
v 3430.37 -1015.23 515.048
v 3422.28 -1004.1 515.048
v 3413.51 -1010.49 515.048
v 3421.61 -1021.62 515.048
v 3436.81 -1024.06 514.572
v 3430.37 -1015.23 514.572
v 3418.44 -1023.92 514.572
v 3424.86 -1032.75 514.572
v 3436.81 -1024.06 513.367
v 3427.44 -1030.89 513.367
v 3432.48 -1037.81 513.367
v 3441.84 -1030.99 513.367
v 3448.74 -1036.76 511.848
v 3435.95 -1046.06 511.848
v 3439.94 -1051.54 511.848
v 3452.73 -1042.24 511.848
v 3465.17 -1057.66 507.947
v 3456.41 -1064.03 507.947
v 3462.63 -1072.59 507.947
v 3471.4 -1066.22 507.947
v 3465.17 -1057.66 510.078
v 3456.81 -1046.16 510.078
v 3447.54 -1052.91 510.078
v 3455.9 -1064.4 510.078
v 3460.1 -1076.33 515.856
v 3464.57 -1102.15 515.856
v 3476.82 -1100.03 515.856
v 3472.33 -1074.2 515.856
v 3219.58 -1315.78 536.454
v 3219.66 -1308.01 536.454
v 3205.11 -1307.87 536.454
v 3205.03 -1315.65 536.454
v 3207.09 -1332.18 536.454
v 3239.18 -1332.48 536.454
v 3239.29 -1321.15 536.454
v 3121.5 -1392.97 547.768
v 3115.38 -1421.93 547.768
v 3129.18 -1424.84 547.768
v 3136.41 -1390.59 547.768
v 3127.17 -1388.64 547.768
v 3146.13 -1405.06 545.06
v 3142.25 -1422.35 545.06
v 3168.82 -1428.32 545.06
v 3172.7 -1411.04 545.06
v 3140.16 -1369.68 537.571
v 3137.59 -1383.56 537.571
v 3145.69 -1385.06 537.571
v 3148.26 -1371.18 537.571
v 3168.53 -1391.18 536.81
v 3171.72 -1373.91 536.81
v 3160.17 -1371.76 536.81
v 3156.97 -1389.04 536.81
v 3152.4 -1388.19 541.038
v 3149.75 -1402.5 541.038
v 3165.88 -1405.48 541.038
v 3168.53 -1391.18 541.038
v 3193.31 -1369.97 533.096
v 3192.12 -1381.92 533.096
v 3203.38 -1383.05 533.096
v 3204.57 -1371.1 533.096
v 3214.36 -1343.1 532.94
v 3184.06 -1348.33 532.94
v 3186.96 -1365.17 532.94
v 3222.96 -1358.97 532.94
v 3220.48 -1344.6 532.94
v 3252.17 -1377.47 532.567
v 3273.22 -1366.88 532.567
v 3268.7 -1357.88 532.567
v 3251.08 -1358.03 532.567
v 3244.15 -1361.53 532.567
v 3251.93 -1382.15 530.314
v 3242.28 -1375.5 530.314
v 3235.62 -1379.37 530.314
v 3232.43 -1384.01 530.314
v 3248.24 -1394.91 530.314
v 3251.45 -1390.27 530.314
v 3265.12 -1389.23 526.034
v 3257.35 -1402.53 526.034
v 3265.63 -1407.36 526.034
v 3273.4 -1394.07 526.034
v 3278.7 -1377.14 528.273
v 3273.48 -1385.66 528.273
v 3286.62 -1393.72 528.273
v 3291.84 -1385.2 528.273
v 3312.74 -1357.74 532.085
v 3307.91 -1361.71 532.085
v 3314.09 -1369.23 532.085
v 3318.92 -1365.26 532.085
v 3302.15 -1342.65 536.874
v 3288.02 -1354.25 536.874
v 3298.12 -1366.54 536.874
v 3312.23 -1354.95 536.874
v 3317.07 -1331.45 539.216
v 3304.71 -1341.62 539.216
v 3310.95 -1349.23 539.216
v 3323.32 -1339.08 539.216
v 3333.05 -1333.4 538.354
v 3342.6 -1345.04 538.354
v 3349.43 -1339.44 538.354
v 3339.87 -1327.8 538.354
v 3406.94 -1264.87 539.315
v 3389.03 -1300.41 539.315
v 3396.64 -1304.25 539.315
v 3414.56 -1268.71 539.315
v 3351.7 -1336.83 539.513
v 3360.37 -1345.04 539.513
v 3390.82 -1312.95 539.513
v 3382.16 -1304.74 539.513
v 3314.09 -1369.23 534.156
v 3321.75 -1378.99 534.156
v 3355.63 -1352.43 534.156
v 3347.98 -1342.65 534.156
v 3310.2 -1379.08 525.812
v 3292.74 -1402.67 525.812
v 3300.06 -1408.11 525.812
v 3317.53 -1384.51 525.812
v 3278.11 -1394.31 524.037
v 3267.66 -1410.44 524.037
v 3275.65 -1415.62 524.037
v 3286.1 -1399.49 524.037
v 3268.15 -1449.53 514.814
v 3266.26 -1458.83 514.814
v 3270.64 -1459.73 514.814
v 3272.55 -1450.42 514.814
v 3269.22 -1432.52 518.424
v 3264.07 -1433.12 518.424
v 3265.42 -1444.47 518.424
v 3274.46 -1443.4 518.424
v 3273.48 -1435.07 518.424
v 3264.96 -1419.55 520.305
v 3260.34 -1424.32 520.305
v 3263.82 -1427.68 520.305
v 3268.44 -1422.91 520.305
v 3243.91 -1419.99 524.332
v 3250.94 -1439.1 524.332
v 3260.71 -1435.5 524.332
v 3253.7 -1416.4 524.332
v 3231.98 -1425.37 526.32
v 3234.66 -1449.55 526.32
v 3242.47 -1448.68 526.32
v 3239.77 -1424.5 526.32
v 3208.09 -1416.26 531.753
v 3209.58 -1448.06 531.753
v 3217.52 -1447.69 531.753
v 3216.03 -1415.89 531.753
v 3205.84 -1461.54 532.078
v 3210.58 -1457.58 532.078
v 3202.11 -1447.46 532.078
v 3197.37 -1451.42 532.078
v 3200.18 -1454.77 532.671
v 3192.86 -1460.89 532.671
v 3198.53 -1467.67 532.671
v 3205.84 -1461.54 532.671
v 3180.32 -1477.46 536.479
v 3174.8 -1490.45 536.479
v 3181.06 -1493.11 536.479
v 3186.58 -1480.12 536.479
v 3247.33 -1474.8 518.648
v 3240.63 -1473.29 518.648
v 3237.06 -1489.11 518.648
v 3243.76 -1490.63 518.648
v 3250.78 -1493.59 518.648
v 3257.12 -1495.02 518.648
v 3261.09 -1477.46 518.648
v 3254.76 -1476.03 518.648
v 3216.05 -1491.13 524.361
v 3225.23 -1492.33 524.361
v 3226.16 -1485.23 524.361
v 3216.97 -1484.04 524.361
v 3217.5 -1479.96 527.023
v 3208.68 -1478.81 527.023
v 3207.23 -1489.99 527.023
v 3216.05 -1491.13 527.023
v 3216.05 -1491.13 524.106
v 3215.05 -1498.85 524.106
v 3225.11 -1500.16 524.106
v 3226.11 -1492.45 524.106
v 3204.64 -1489.66 527.466
v 3203.65 -1497.26 527.466
v 3209.67 -1498.05 527.466
v 3215.55 -1494.93 527.466
v 3216.05 -1491.13 527.466
v 3214.06 -1507.18 523.25
v 3214.06 -1527.18 523.25
v 3226.45 -1527.18 523.25
v 3226.45 -1507.18 523.25
v 3249.29 -1511.81 514.628
v 3240.04 -1511.81 514.628
v 3240.04 -1527.33 514.628
v 3249.29 -1527.33 514.628
v 3249.29 -1511.81 512.85
v 3265.27 -1511.81 512.85
v 3265.27 -1500.01 512.85
v 3249.29 -1500.01 512.85
v 3249.29 -1511.81 511.37
v 3249.29 -1529.12 511.37
v 3266.61 -1529.12 511.37
v 3266.61 -1511.81 511.37
v 3229.29 -1535.69 517.348
v 3218.54 -1564.95 517.348
v 3232.89 -1570.22 517.348
v 3243.65 -1540.96 517.348
v 3462.48 -1547.19 561.205
v 3465.55 -1539 561.205
v 3450.39 -1533.31 561.205
v 3436.65 -1569.88 561.205
v 3452.6 -1575.87 561.205
v 3455.47 -1568.24 561.205
v 3410.63 -1417.81 528.392
v 3398.38 -1416.03 528.392
v 3389.65 -1419.47 528.392
v 3388.31 -1428.71 528.392
v 3439.61 -1423.63 528.392
v 3426.69 -1421.75 528.392
v 3395.1 -1438.6 528.392
v 3449.31 -1437.59 528.392
v 3450.66 -1428.34 528.392
v 3411.86 -1441.04 528.392
v 3439.35 -1446.05 528.392
v 3423.49 -1443.74 528.392
v 3405.41 -1375.03 526.119
v 3393.17 -1373.24 526.119
v 3384.44 -1376.68 526.119
v 3383.1 -1385.93 526.119
v 3434.4 -1380.85 526.119
v 3421.48 -1378.97 526.119
v 3389.89 -1395.82 526.119
v 3406.65 -1398.25 526.119
v 3418.27 -1400.95 526.119
v 3434.14 -1403.27 526.119
v 3444.1 -1394.81 526.119
v 3445.45 -1385.56 526.119
v 3341.85 -1410.28 524.917
v 3333.86 -1419.73 524.917
v 3332.15 -1428.95 524.917
v 3339.28 -1434.99 524.917
v 3362.16 -1388.78 524.917
v 3353.71 -1398.75 524.917
v 3351.26 -1434.47 524.917
v 3379.13 -1387.96 524.917
v 3372.01 -1381.92 524.917
v 3362.21 -1421.56 524.917
v 3381.03 -1400.9 524.917
v 3370.66 -1413.12 524.917
v 3282.73 -1461.2 509.337
v 3276.16 -1510.76 509.337
v 3285.34 -1511.97 509.337
v 3291.9 -1462.41 509.337
v 3264.35 -1557.52 502.668
v 3263.33 -1564.5 502.668
v 3272.51 -1565.85 502.668
v 3278.31 -1559.55 502.668
v 3284.13 -1519.84 502.668
v 3274.07 -1518.37 502.668
v 3259.45 -1568.65 504.775
v 3257.65 -1579.13 504.775
v 3270.79 -1602.87 504.775
v 3276.16 -1571.52 504.775
v 3252.27 -1599.69 504.775
v 3253.62 -1591.82 504.775
v 3260.93 -1649.75 503.044
v 3271.39 -1609 503.044
v 3262.46 -1606.71 503.044
v 3252.01 -1647.46 503.044
v 3241.09 -1658.56 510.552
v 3230.19 -1673.63 510.552
v 3240.33 -1680.98 510.552
v 3255.18 -1660.44 510.552
v 3248.24 -1655.42 510.552
v 3170.02 -1737.09 512.708
v 3177.61 -1744.74 512.708
v 3235.24 -1687.55 512.708
v 3227.65 -1679.9 512.708
v 3165.09 -1450.14 547.975
v 3167.13 -1443.05 547.975
v 3158.42 -1452.8 547.975
v 3135.39 -1428.8 547.975
v 3130.78 -1444.91 547.975
v 3159.42 -1435.67 547.975
v 3008.67 -1337.87 429.809
v 3012.28 -1333.45 429.809
v 3013.86 -1329.37 429.809
v 3013.86 -1324.44 429.809
v 2978.18 -1346.23 429.809
v 2996.96 -1353.5 429.809
v 2995.49 -1301.45 429.809
v 3016.93 -1309.74 429.809
v -2930.31 1615.72 566.517
v -2937.03 1621.1 566.517
v -2942.41 1619.02 566.517
v -2962.64 1593.27 566.517
v -2941.97 1593.27 566.517
v -2977.8 1612.82 566.517
v -2967.12 1617.15 566.517
v -2973.01 1618.79 566.517
v -2883.27 1631.73 571.344
v -2890 1637.12 571.344
v -2895.38 1635.03 571.344
v -2915.6 1609.28 571.344
v -2894.93 1609.28 571.344
v -2930.76 1628.84 571.344
v -2920.08 1633.16 571.344
v -2925.98 1634.8 571.344
v -2882.26 1557.39 557.022
v -2881.86 1549.03 557.022
v -2856.83 1550.25 557.022
v -2857.23 1558.59 557.022
v -2846.4 1561.82 557.022
v -2846.93 1573.07 557.022
v -2892.41 1570.89 557.022
v -2891.87 1559.64 557.022
v -2854.07 1576.46 557.022
v -2854.55 1586.51 557.022
v -2885.6 1585.01 557.022
v -2885.11 1574.96 557.022
v -2938.77 1556.26 559.961
v -2938.37 1547.92 559.961
v -2913.33 1549.12 559.961
v -2913.75 1557.47 559.961
v -2902.9 1560.7 559.961
v -2903.44 1571.95 559.961
v -2948.91 1569.77 559.961
v -2948.38 1558.52 559.961
v -2910.57 1575.33 559.961
v -2911.05 1585.39 559.961
v -2942.11 1583.9 559.961
v -2941.62 1573.85 559.961
v -2995.68 1583.59 555.264
v -3022.73 1582.85 555.264
v -3031.38 1578.81 555.264
v -3030.56 1549.03 555.264
v -2986.83 1550.22 555.264
v -2987.64 1580.02 555.264
v -2897.62 1740.5 583.448
v -2881.5 1726.76 583.448
v -2870.83 1739.28 583.448
v -2886.95 1753.02 583.448
v -2934.34 1747.53 583.303
v -2932.7 1740.91 583.303
v -2902.55 1748.37 583.303
v -2904.18 1754.99 583.303
v -3048.4 1712.29 573.876
v -3042.05 1703.02 573.876
v -3014.14 1722.13 573.876
v -3020.48 1731.4 573.876
v -3025.86 1674.07 573.297
v -3019.03 1677.44 573.297
v -3024.85 1689.24 573.297
v -3028.99 1697.35 573.297
v -3035.72 1694.04 573.297
v -3013.91 1696.76 576.837
v -3010.44 1686.48 576.837
v -2975.21 1698.44 576.837
v -2978.68 1708.7 576.837
v -2981.07 1686.16 579.888
v -2977.53 1677.44 579.888
v -2933.65 1695.19 579.888
v -2937.18 1703.93 579.888
v -2968.98 1708.86 579.667
v -2965.93 1699.62 579.667
v -2938.83 1708.55 579.667
v -2941.87 1717.79 579.667
v -2980.63 1728.26 578.991
v -2977.35 1718.33 578.991
v -2950.63 1727.15 578.991
v -2953.9 1737.07 578.991
v -2612.33 1879.04 590.618
v -2608.08 1888.89 590.618
v -2651.14 1907.41 590.618
v -2655.37 1897.58 590.618
v -2659.5 1888.45 590.618
v -2664.69 1876.39 590.618
v -2623 1858.45 590.618
v -2617.8 1870.51 590.618
v -2749.62 1909.7 592.132
v -2622.31 1852.68 592.132
v -2603.8 1894.01 592.132
v -2731.09 1951.03 592.132
v -2726.83 1948.02 587.533
v -2741.61 1913.68 587.533
v -2707.62 1899.05 587.533
v -2692.83 1933.39 587.533
v -2510.96 1687.39 561.18
v -2522.94 1691.66 561.18
v -2526.26 1690.43 561.18
v -2528.44 1684.35 561.18
v -2509.2 1677.49 561.18
v -2507.03 1683.57 561.18
v -2512.24 1671.01 561.18
v -2510.52 1675.81 561.18
v -2531.76 1681.93 561.18
v -2548.86 1688.03 561.18
v -2554.05 1681.06 561.18
v -2557.81 1670.51 561.18
v -2516.89 1655.92 561.18
v -2513.14 1666.47 561.18
v -2554.17 1617.18 547.461
v -2560.52 1619.27 547.461
v -2562.04 1619.09 547.461
v -2569.32 1621.51 547.461
v -2552.46 1614.5 547.461
v -2572.91 1618.38 547.461
v -2574.34 1614.06 547.461
v -2575 1611.97 547.461
v -2576.18 1608.41 547.461
v -2573.06 1604.35 547.461
v -2571.86 1601.96 547.461
v -2539.02 1591.06 547.461
v -2536.04 1591.06 547.461
v -2524.28 1626.48 547.461
v -2541.26 1632.11 547.461
v -2574.41 1639.19 553.558
v -2570.68 1651.34 553.558
v -2572.06 1654.6 553.558
v -2578.24 1656.5 553.558
v -2584.23 1636.98 553.558
v -2578.06 1635.08 553.558
v -2590.84 1639.73 553.558
v -2585.95 1638.23 553.558
v -2606.11 1643.72 553.558
v -2595.42 1640.43 553.558
v -2582.66 1681.95 553.558
v -2593.36 1685.24 553.558
v -2580.79 1659.72 553.558
v -2575.46 1677.08 553.558
v -2632.34 1703.64 561.053
v -2620.23 1699.74 561.053
v -2616.95 1701.09 561.053
v -2614.98 1707.23 561.053
v -2634.41 1713.48 561.053
v -2636.39 1707.33 561.053
v -2631.58 1720.05 561.053
v -2633.14 1715.19 561.053
v -2627.4 1735.28 561.053
v -2630.83 1724.61 561.053
v -2586.04 1721.99 561.053
v -2589.47 1711.33 561.053
v -2611.72 1709.75 561.053
v -2594.44 1704.19 561.053
v -3284.13 1763.5 558.986
v -3293.25 1757.28 558.986
v -3244.44 1717.47 558.986
v -3251.29 1727.51 558.986
v -3288.18 1687.66 558.986
v -3301.3 1706.91 558.986
v -3303.69 1711.24 558.986
v -3296.23 1754.23 558.986
v -3214.86 1724.23 562.88
v -3206.45 1711.81 562.88
v -3199.18 1712.13 562.88
v -3179.97 1725.16 562.88
v -3216.36 1725.57 562.88
v -3206.35 1764.09 562.88
v -3233.22 1745.87 562.88
v -3230.32 1741.59 562.88
v -3226.95 1740.5 562.88
v -2607.44 1834.55 581.064
v -2605.76 1838.29 581.064
v -2618.99 1844.27 581.064
v -2623.93 1813.41 581.064
v -2621.73 1818.28 581.064
v -2667.71 1852.32 581.064
v -2674.89 1836.39 581.064
v -2634.27 1837.24 581.064
v -2677.26 1823.06 571.57
v -2681.52 1811.75 571.57
v -2633.52 1793.66 571.57
v -2629.26 1804.96 571.57
v -2681.14 1804.1 567.353
v -2684.62 1794.88 567.353
v -2639.09 1777.71 567.353
v -2635.61 1786.94 567.353
v -2695.63 1722.28 550.671
v -2699.16 1712.86 550.671
v -2668.9 1701.54 550.671
v -2665.37 1710.96 550.671
v -2695.93 1743.34 554.648
v -2699.91 1732.69 554.648
v -2660.99 1718.11 554.648
v -2657 1728.76 554.648
v -2685.77 1764.54 559.424
v -2689.1 1755.64 559.424
v -2650.69 1741.25 559.424
v -2647.36 1750.15 559.424
v -2679.05 1783.2 563.373
v -2683.85 1770.39 563.373
v -2647.57 1756.81 563.373
v -2642.77 1769.62 563.373
v -2699.96 1628.84 530.2
v -2678.46 1608.68 530.2
v -2672.43 1615.11 530.2
v -2693.92 1635.27 530.2
v -2728.62 1625.55 533.448
v -2720.58 1619.68 533.448
v -2700.87 1646.7 533.448
v -2708.92 1652.57 533.448
v -2718.77 1654.81 541.386
v -2705.78 1663.32 541.386
v -2705.78 1673.17 541.386
v -2707.27 1679.59 541.386
v -2716.38 1679.59 541.386
v -2721.15 1647.79 541.386
v -2730.86 1635.56 541.386
v -2735.94 1630.18 541.386
v -2739.52 1626.89 541.386
v -2740.87 1617.48 541.386
v -2763.7 1601.82 541.386
v -2745.94 1601.82 541.386
v -2763.7 1610.62 541.386
v -2760.27 1626.89 541.386
v -2760.27 1617.48 541.386
v -2751.01 1641.97 541.386
v -2751.01 1630.18 541.386
v -2751.61 1646 541.386
v -2744.15 1646 541.386
v -2751.61 1651.67 541.386
v -2730.86 1657.2 541.386
v -2745.94 1657.2 541.386
v -2726.38 1673.17 541.386
v 4044.38 2549.58 569.112
v 4048.18 2519.12 569.112
v 4091.93 2524.6 569.112
v 4088.14 2555.04 569.112
v 4095.37 2263.48 581.938
v 4107.86 2242.86 581.938
v 4127.29 2254.62 581.938
v 4114.8 2275.24 581.938
v 1099.5 -2618.65 500.932
v 1072.36 -2614.56 500.932
v 1071.73 -2675.22 500.932
v 1127.56 -2674.58 500.932
v 1137.56 -2670.14 500.932
v 1138.16 -2646.34 500.932
v 1113.83 -2631.19 500.932
v 1134.62 -2642.81 500.932
v -4918.57 -1730.22 708.162
v -4938.73 -1732.01 708.162
v -4937.19 -1749.35 708.162
v -4916 -1759.06 708.162
v -4895.58 -1757.24 708.162
v -4897.28 -1738.07 708.162
v 683.733 328.65 478.951
v 684.323 279.671 478.951
v 779.134 302.285 478.951
v 778.933 348.513 478.951
v 2543.59 -2615.6 451.166
v 2502.09 -2609.74 451.166
v 1151.4 162.824 544.878
v 1149.62 294.85 544.878
v 1048.91 293.506 544.878
v 1050.65 161.48 544.878
v -2664.2 -1753.13 432.54
v -2601.32 -1710 432.54
v -2614.95 -1690.11 432.54
v -2677.84 -1733.26 432.54
v -2597.09 -1704.74 431.786
v -2542.97 -1667.32 431.786
v -2555.05 -1649.84 431.786
v -2609.16 -1687.27 431.786
v -2020.16 -2809.3 425.103
v -2015.84 -2803.87 425.103
v -2026.01 -2795.79 425.103
v -2037.47 -2796.35 425.103
v -2041.8 -2805.38 425.103
v -2033.38 -2809.41 425.103
v -2060.18 -2786.5 426.464
v -2049.53 -2795.24 426.464
v -2044.5 -2789.1 426.464
v -2055.16 -2780.37 426.464
v -2070.39 -2781.3 427.247
v -2067.14 -2789.33 427.247
v -2060.18 -2786.5 427.247
v -2063.43 -2778.49 427.247
v -2051.52 -2765.78 426.537
v -2047.94 -2772.5 426.537
v -2040.49 -2768.52 426.537
v -2044.07 -2761.8 426.537
v -2053.28 -2762.49 427.028
v -2062.32 -2767.33 427.028
v -2056.66 -2777.93 427.028
v -2047.61 -2773.09 427.028
v -2057.79 -2744.07 427.554
v -2051.73 -2755.41 427.554
v -2041.42 -2749.89 427.554
v -2047.49 -2738.55 427.554
v -2071.34 -2752.33 428.006
v -2064.9 -2748.91 428.006
v -2068.7 -2741.8 428.006
v -2075.13 -2745.25 428.006
v -2070.51 -2753.87 427.991
v -2080.63 -2759.28 427.991
v -2078.1 -2764 427.991
v -2067.98 -2758.59 427.991
v -2071.34 -2752.33 427.822
v -2066.21 -2761.92 427.822
v -2055.31 -2756.08 427.822
v -2060.43 -2746.51 427.822
v -2493.65 -2878.89 423.886
v -2485.84 -2867.49 423.318
v -2475.31 -2877.75 423.318
v -2455.81 -2857.74 423.318
v -2466.34 -2847.48 423.318
v -2453.09 -2838.25 425.136
v -2443.37 -2849.3 425.136
v -2422.39 -2830.82 425.136
v -2432.11 -2819.79 425.136
v -2410.28 -2808.77 430.253
v -2406.39 -2822.95 430.253
v -2379.43 -2815.54 430.253
v -2383.33 -2801.37 430.253
v -2373.41 -2798.05 430.865
v -2369.52 -2812.23 430.865
v -2342.57 -2804.82 430.865
v -2346.46 -2790.64 430.865
v -2334.66 -2786.57 431.762
v -2330.77 -2800.75 431.762
v -2303.82 -2793.34 431.762
v -2307.71 -2779.17 431.762
v -2294.98 -2775.48 432.8
v -2290.64 -2791.27 432.8
v -2262.63 -2783.57 432.8
v -2266.97 -2767.78 432.8
v -2253.6 -2764.57 434.099
v -2249.51 -2779.43 434.099
v -2221.43 -2771.72 434.099
v -2225.52 -2756.85 434.099
v -2246.26 -2802.18 436.913
v -2241.85 -2818.2 436.913
v -2215.04 -2810.83 436.913
v -2219.45 -2794.81 436.913
v -2288.21 -2813.85 435.742
v -2284.07 -2828.9 435.742
v -2255.29 -2820.99 435.742
v -2259.43 -2805.93 435.742
v -2236.29 -2832.84 438.017
v -2232.29 -2847.42 438.017
v -2201.87 -2839.05 438.017
v -2205.88 -2824.49 438.017
v -2269.02 -2839.99 437.694
v -2265.24 -2853.75 437.694
v -2243.26 -2847.71 437.694
v -2247.03 -2833.95 437.694
v -2266.58 -2872.34 439.647
v -2262.22 -2888.21 439.647
v -2234.6 -2880.62 439.647
v -2238.96 -2864.75 439.647
v -2225.38 -2862.94 439.761
v -2221.38 -2877.48 439.761
v -2193.79 -2869.9 439.761
v -2197.78 -2855.35 439.761
v -2189.72 -2887.66 440.931
v -2314.36 -2887.21 439.677
v -2310.49 -2901.23 439.677
v -2280.68 -2893.03 439.677
v -2284.53 -2879.01 439.677
v -2323.69 -2888.9 439.694
v -2336.35 -2859.56 437.271
v -2332.38 -2874.04 437.271
v -2288.59 -2862 437.271
v -2292.56 -2847.52 437.271
v -2344.57 -2871.18 437.389
v -2347.45 -2860.68 437.389
v -2379.62 -2869.53 437.389
v -2376.74 -2880.02 437.389
v -2371.52 -2886.18 437.389
v -2351.97 -2880.81 437.389
v -2303.51 -2820.47 435.096
v -2333.66 -2828.84 435.096
v -2329.33 -2844.47 435.096
v -2299.17 -2836.1 435.096
v -2345.67 -2830.41 434.464
v -2375.81 -2838.84 434.464
v -2371.43 -2854.47 434.464
v -2341.3 -2846.03 434.464
v -2384.74 -2840.85 434.255
v -2414.28 -2851.19 434.255
v -2408.92 -2866.51 434.255
v -2379.39 -2856.17 434.255
v -2428.08 -2860.5 430.943
v -2450.09 -2885.71 430.943
v -2437.62 -2896.6 430.943
v -2415.61 -2871.39 430.943
v 1034.8 -769.839 507.665
v 1028.65 -769.737 507.665
v 1028.48 -779.821 507.665
v 1034.63 -779.911 507.665
v 1028.71 -765.463 512.281
v 999.557 -764.989 512.281
v 999.413 -774.241 512.281
v 1028.56 -774.715 512.281
v 1009.88 -781.101 508.788
v 1006.39 -792.157 508.788
v 1026.23 -798.402 508.788
v 1029.7 -787.346 508.788
v 994.604 -802.165 512.85
v 984.897 -799.106 512.85
v 981.991 -808.333 512.85
v 991.698 -811.391 512.85
v 991.231 -812.876 510.562
v 1004.83 -817.15 510.562
v 1009.48 -802.408 510.562
v 995.873 -798.121 510.562
v 988.859 -812.121 510.708
v 987.769 -815.589 510.708
v 998.578 -818.993 510.708
v 999.669 -815.525 510.708
v 983.65 -821.36 512.289
v 980.21 -832.302 512.289
v 992.889 -836.295 512.289
v 996.34 -825.353 512.289
v 1012.68 -837.715 505.776
v 1019.36 -816.485 505.776
v 1008.53 -813.068 505.776
v 1001.85 -834.311 505.776
v 997.631 -832.98 507.259
v 995.617 -839.379 507.259
v 1010.67 -844.114 507.259
v 1012.68 -837.715 507.259
v 987.68 -840.082 509.567
v 981.212 -860.635 509.567
v 987.446 -862.605 509.567
v 993.913 -842.053 509.567
v 997.398 -847.198 504.001
v 992.021 -864.269 504.001
v 1004.03 -868.057 504.001
v 1009.41 -850.973 504.001
v 995.661 -880.931 490.542
v 1001.95 -882.914 490.542
v 1003.8 -877.053 490.542
v 997.498 -875.07 490.542
v 991.787 -868.684 495.099
v 988.626 -878.717 495.099
v 995.661 -880.931 495.099
v 998.811 -870.898 495.099
v 988.626 -878.717 490.749
v 983.461 -895.11 490.749
v 997.631 -899.576 490.749
v 1002.8 -883.17 490.749
v 984.318 -880.099 495.991
v 972.551 -876.388 495.991
v 966.818 -894.598 495.991
v 978.596 -898.296 495.991
v 987.446 -870.181 500.848
v 974.644 -866.15 500.848
v 971.527 -876.068 500.848
v 984.318 -880.099 500.848
v 1229.09 -944.8 489.987
v 1231.86 -954.232 489.987
v 1246.7 -949.868 489.987
v 1243.94 -940.437 489.987
v 1319.12 -746.728 537.482
v 1297.18 -754.457 537.482
v 1303.04 -771.093 537.482
v 1324.98 -763.364 537.482
v 1313.19 -729.886 540.481
v 1275.87 -743.016 540.481
v 1281.8 -759.87 540.481
v 1319.12 -746.728 540.481
v 1225.37 -644.58 553.144
v 1229.64 -655.471 553.144
v 1241.63 -650.787 553.144
v 1237.37 -639.884 553.144
v 1192.49 -643.492 547.342
v 1185.79 -639.129 547.342
v 1163.52 -673.246 547.342
v 1170.21 -677.623 547.342
v 1191.25 -686.043 550.916
v 1201.6 -693.159 550.916
v 1222.76 -662.343 550.916
v 1215.66 -646.705 550.916
v 1207.34 -650.493 550.916
v 1224.56 -693.517 548.992
v 1218.5 -689.371 548.992
v 1208.66 -703.691 548.992
v 1214.7 -707.85 548.992
v 1233.8 -716.641 548.992
v 1239.83 -707.85 548.992
v 1194.61 -700.12 546.831
v 1186.13 -712.469 546.831
v 1224.76 -739.011 546.831
v 1229.97 -731.422 546.831
v 1198.45 -702.744 546.831
v 1171.96 -736.592 538.326
v 1210.59 -763.146 538.326
v 1215.8 -755.558 538.326
v 1184.28 -726.879 538.326
v 1180.44 -724.243 538.326
v 1421.37 -1050.8 495.792
v 1443.77 -1070.2 495.792
v 1455.17 -1057.04 495.792
v 1432.77 -1037.64 495.792
v 1471.83 -1020.93 482.253
v 1461.09 -1029.89 482.253
v 1469.7 -1040.23 482.253
v 1480.45 -1031.27 482.253
v 1286.28 -1015.93 488.676
v 1297.29 -1046.7 488.676
v 1303.82 -1044.37 488.676
v 1314.25 -1011.66 488.676
v 1312.42 -1006.57 488.676
v 1272.77 -994.606 484.977
v 1283.82 -990.652 484.977
v 1278.86 -976.78 484.977
v 1273.97 -971.648 484.977
v 1262.82 -975.641 484.977
v 1268.48 -991.484 484.977
v 1315.49 -969.87 485.062
v 1311.88 -959.76 485.062
v 1277.21 -972.173 485.062
v 1280.83 -982.283 485.062
v 1330.96 -993.493 487.397
v 1340.15 -990.204 487.397
v 1336.04 -978.725 487.397
v 1326.85 -982.014 487.397
v 1378.59 -990.255 489.123
v 1374.2 -978.009 489.123
v 1330.96 -993.493 489.123
v 1335.33 -1005.74 489.123
v 1343.16 -958.109 486.852
v 1351.22 -980.619 486.852
v 1362.24 -976.678 486.852
v 1362.11 -965.685 486.852
v 1357.56 -952.952 486.852
v 1433.21 -935.356 487.656
v 1482.03 -1001.23 487.656
v 1497.71 -989.615 487.656
v 1453.28 -929.662 487.656
v 1437.27 -887.892 510.554
v 1437.94 -911.183 510.554
v 1444.53 -908.905 510.554
v 1411.28 -911.055 510.554
v 1336.29 -922.79 510.554
v 1342.1 -939.618 510.554
v 1377.75 -927.294 510.554
v 1310.68 -1160.02 469.52
v 1315.64 -1175.98 469.52
v 1336.52 -1169.5 469.52
v 1331.57 -1153.54 469.52
v 1315.91 -1138.93 473.174
v 1305.17 -1142.26 473.174
v 1310.68 -1160.02 473.174
v 1321.42 -1156.69 473.174
v 1355.81 -1117.62 482.354
v 1317.86 -1129.4 482.354
v 1323.25 -1146.75 482.354
v 1361.2 -1134.97 482.354
v 1303.48 -1075.58 489.462
v 1287.45 -1080.56 489.462
v 1297.65 -1113.44 489.462
v 1313.68 -1108.47 489.462
v 1361.18 -1115.96 489.462
v 1356.75 -1101.68 489.462
v 1297.33 -1120.1 489.462
v 1301.76 -1134.39 489.462
v 1104.75 -804.724 504.768
v 1094.74 -813.631 504.768
v 1102.61 -822.474 504.768
v 1112.62 -813.567 504.768
v 1120.37 -854.876 495.253
v 1111.61 -864.832 495.253
v 1121.82 -873.828 495.253
v 1130.59 -863.872 495.253
v 1086.59 -838.982 497.801
v 1102.71 -859.125 497.801
v 1114 -850.09 497.801
v 1097.89 -829.947 497.801
v 1072.22 -866.547 487.6
v 1079.8 -874.135 487.6
v 1090.35 -863.578 487.6
v 1082.76 -856.002 487.6
v 1100.89 -881.007 486.8
v 1107.29 -874.609 486.8
v 1102.78 -870.104 486.8
v 1096.38 -876.503 486.8
v 1086.91 -867.02 484.731
v 1079.8 -874.135 484.731
v 1093.78 -888.11 484.731
v 1100.89 -881.007 484.731
v 1110.15 -888.033 483.314
v 1103.08 -893.779 483.314
v 1114.46 -907.766 483.314
v 1125.17 -899.051 483.314
v 1116.83 -888.801 483.314
v 1129.75 -907.101 480.844
v 1125.49 -916.929 480.844
v 1141.37 -923.801 480.844
v 1145.62 -913.973 480.844
v 1073.55 -900.715 470.727
v 1069.17 -907.625 470.727
v 1081.49 -915.444 470.727
v 1085.87 -908.534 470.727
v 1151.14 -916.212 482.506
v 1147.82 -927.486 482.506
v 1159.9 -931.044 482.506
v 1163.22 -919.757 482.506
v 1176.69 -918.323 488.433
v 1180.01 -937.749 488.433
v 1190.41 -935.971 488.433
v 1187.1 -916.545 488.433
v 1200.83 -909.455 493.599
v 1191.98 -912.821 493.599
v 1197.19 -926.565 493.599
v 1210.24 -921.612 493.599
v 1206.91 -912.821 493.599
v 1269.89 -936.559 494.511
v 1261.87 -938.914 494.511
v 1268.27 -960.707 494.511
v 1276.29 -958.365 494.511
v 1296.79 -949.753 494.511
v 1290.99 -929.969 494.511
v 1281.54 -932.746 494.511
v 1191.08 -967.541 478.358
v 1195 -978.623 478.358
v 1206.24 -974.656 478.358
v 1202.33 -963.561 478.358
v 1181.28 -950.789 476.25
v 1162.16 -954.872 476.25
v 1169.81 -990.716 476.25
v 1192.56 -985.853 476.25
v 1188.52 -966.926 476.25
v 1069 -940.885 462.704
v 1039.93 -920.729 462.704
v 1033.69 -929.751 462.704
v 1062.75 -949.894 462.704
v 1051.73 -903.197 475.164
v 1033.97 -890.874 475.164
v 1025.13 -903.62 475.164
v 1077.7 -940.078 475.164
v 1083.43 -931.824 475.164
v 1032.92 -868.185 489.162
v 1021.98 -864.128 489.162
v 1010.12 -896.121 489.162
v 1021.06 -900.177 489.162
v 1032.16 -883.093 489.162
v 1036.03 -872.677 489.162
v 1010.86 -920.333 469.317
v 1002.84 -917.108 469.317
v 993.657 -939.95 469.317
v 1026.51 -953.17 469.317
v 1029.86 -944.839 469.317
v 1024.41 -924.453 469.317
v 1015.32 -925.311 469.317
v 984.496 -998.432 450.193
v 973.553 -994.03 450.193
v 964.892 -995.348 450.193
v 958.903 -1010.23 450.193
v 960.384 -1026.75 450.193
v 1010.04 -1013.97 450.193
v 1011.12 -1020.78 450.193
v 1004.22 -1044.4 450.193
v 1010.79 -1028.07 450.193
v 936.25 -963.394 453.106
v 925.151 -990.268 453.106
v 948.35 -999.84 453.106
v 960.818 -969.627 453.106
v 952.48 -966.197 453.106
v 938.51 -957.905 455.363
v 931.229 -954.91 455.363
v 917.871 -987.261 455.363
v 925.151 -990.268 455.363
v 965.839 -946.822 458.109
v 959.382 -961.385 458.109
v 966.395 -964.495 458.109
v 972.852 -949.932 458.109
v 968.633 -938.837 462.334
v 966.406 -943.866 462.334
v 975.612 -947.948 462.334
v 977.85 -942.919 462.334
v 971.104 -933.27 465.256
v 968.633 -938.837 465.256
v 977.305 -942.676 465.256
v 979.776 -937.122 465.256
v 939.5 -940.795 466.053
v 933.222 -938.018 466.053
v 929.159 -947.193 466.053
v 956.666 -959.376 466.053
v 960.184 -951.442 466.053
v 933.411 -938.095 475.859
v 939.5 -940.795 475.859
v 971.104 -933.27 475.859
v 941.382 -920.102 475.859
v 967.008 -942.51 475.859
v 952.291 -947.948 475.859
v 960.184 -951.442 475.859
v -4451.11 -2671.6 692.915
v -4437.38 -2666.06 692.915
v -4454.21 -2663.92 692.915
v -4463.93 -2645.67 692.915
v -4458.28 -2659.66 692.915
v -4455.11 -2642.12 692.915
v -4438.09 -2657.52 692.915
v -4433.03 -2655.49 692.915
v -4438.32 -2642.36 692.915
v -4430.74 -2725.07 690.035
v -4417.76 -2719.82 690.035
v -4434.77 -2677.66 690.035
v -4447.75 -2682.91 690.035
v -4427.42 -2737.15 683.663
v -4399.28 -2806.89 683.663
v -4387.37 -2802.08 683.663
v -4396.86 -2742.84 683.663
v -4403.11 -2727.33 683.663
v -4464.4 -2751.85 686.35
v -4482.44 -2759.12 686.35
v -4473.22 -2781.96 686.35
v -4430.14 -2764.57 686.35
v -4439.07 -2742.43 686.35
v -4455.13 -2748.91 686.35
v -4425.46 -2841.99 679.564
v -4431.68 -2826.83 679.564
v -4452.64 -2835.41 679.564
v -4438.52 -2869.84 679.564
v -4416.84 -2860.97 679.564
v -4422.77 -2846.47 679.564
v -4429.34 -2815.41 681.02
v -4411.35 -2808.04 681.02
v -4420.69 -2785.26 681.02
v -4463.68 -2802.88 681.02
v -4454.63 -2824.96 681.02
v -4438.6 -2818.4 681.02
v -4468.6 -2608.45 696.758
v -4461.62 -2605.93 696.758
v -4469.93 -2582.86 696.758
v -4476.91 -2585.38 696.758
v -4480.67 -2586.66 696.758
v -4488.92 -2589.64 696.758
v -4480.8 -2612.18 696.758
v -4472.55 -2609.19 696.758
v -4465.08 -2607.19 693.428
v -4456.22 -2631.78 693.428
v -4446.78 -2628.39 693.428
v -4444.16 -2626.88 693.428
v -4435.29 -2623.69 693.428
v -4443.97 -2599.61 693.428
v -4455.64 -2603.78 693.428
v -4452.83 -2602.8 693.428
v -4519.41 -2621.91 702.48
v -4534.25 -2627.26 702.48
v -4525.79 -2650.77 702.48
v -4483.7 -2635.62 702.48
v -4492.33 -2611.61 702.48
v -4508.11 -2617.29 702.48
v -4584.85 -2885.89 669.953
v -4488.28 -2892.25 674.933
v -4526.72 -2892.66 674.933
v -4526.61 -2904.16 674.933
v -4526.6 -2904.66 671.961
v -4526.72 -2892.66 671.961
v -4562.47 -2893.03 671.961
v -4562.33 -2905.04 671.961
v -4469.98 -2666.03 699.723
v -4473.5 -2656.97 699.723
v -4516.57 -2673.72 699.723
v -4513.05 -2682.77 699.723
v -4505.47 -2693.66 699.723
v -4490.82 -2687.96 699.723
v -4481.2 -2686.89 699.723
v -4467.7 -2681.64 699.723
v -4561.41 -2632.37 711.564
v -4566.97 -2616.91 711.564
v -4592.56 -2626.14 711.564
v -4603.1 -2643.06 711.564
v -4599.7 -2652.47 711.564
v -4584.99 -2647.16 711.564
v -4603.78 -2875.92 677.341
v -4593.79 -2872.24 677.341
v -4604.18 -2844.13 677.341
v -4614.17 -2847.82 677.341
v -4622.19 -2848.34 677.341
v -4633.6 -2852.56 677.341
v -4622.76 -2881.91 677.341
v -4611.32 -2877.69 677.341
v -4632.64 -2820.14 684.459
v -4644.03 -2824.35 684.459
v -4633.6 -2852.56 684.459
v -4622.19 -2848.34 684.459
v -4614.17 -2847.82 684.459
v -4604.32 -2844.18 684.459
v -4615.05 -2815.18 684.459
v -4624.89 -2818.82 684.459
v -4643.02 -2792.05 690.327
v -4651.27 -2795.11 690.327
v -4640.89 -2823.18 690.327
v -4632.64 -2820.14 690.327
v -4625.25 -2818.95 690.327
v -4615.05 -2815.18 690.327
v -4625.41 -2787.18 690.327
v -4635.6 -2790.95 690.327
v -4640.77 -2743.12 701.894
v -4651.14 -2747.34 701.894
v -4641.12 -2771.94 701.894
v -4630.76 -2767.73 701.894
v -4623.18 -2765.12 701.894
v -4611.59 -2760.4 701.894
v -4622.86 -2732.73 701.894
v -4634.43 -2737.45 701.894
v -4608.91 -2707.64 708.7
v -4613.06 -2697.43 708.7
v -4633.73 -2705.85 708.7
v -4629.57 -2716.06 708.7
v -4629.31 -2724.58 708.7
v -4625.54 -2733.83 708.7
v -4597.61 -2722.46 708.7
v -4601.37 -2713.22 708.7
v -4587.31 -2677.82 712.629
v -4590.94 -2668.9 712.629
v -4619.69 -2680.6 712.629
v -4616.07 -2689.51 712.629
v -4613.06 -2697.43 712.629
v -4608.95 -2707.53 712.629
v -4580.2 -2695.82 712.629
v -4584.31 -2685.72 712.629
v -4558.32 -2673.78 709.406
v -4549.23 -2670.09 709.406
v -4560.29 -2642.92 709.406
v -4569.38 -2646.62 709.406
v -4578.07 -2648.5 709.406
v -4587.5 -2652.34 709.406
v -4566.29 -2677.43 709.406
v -4575.72 -2681.27 709.406
v -4553.26 -2736.44 702.355
v -4542.32 -2731.98 702.355
v -4554.68 -2701.6 702.355
v -4565.63 -2706.05 702.355
v -4572.29 -2708.01 702.355
v -4582.18 -2712.03 702.355
v -4569.55 -2743.07 702.355
v -4559.66 -2739.04 702.355
v -4537.64 -2698.56 707.013
v -4549.23 -2670.09 707.013
v -4558.46 -2673.84 707.013
v -4566.29 -2677.43 707.013
v -4575.72 -2681.27 707.013
v -4546.87 -2702.32 707.013
v -4565.63 -2706.05 707.013
v -4556.21 -2702.22 707.013
v -4531.55 -2784.26 692.052
v -4522.56 -2780.59 692.052
v -4534.79 -2750.56 692.052
v -4543.79 -2754.22 692.052
v -4551.62 -2758.14 692.052
v -4560.61 -2761.8 692.052
v -4548.03 -2792.7 692.052
v -4539.04 -2789.04 692.052
v -4495.43 -2799.5 686.736
v -4506.34 -2772.69 686.736
v -4515.59 -2776.47 686.736
v -4504.68 -2803.27 686.736
v -4521.4 -2809.59 686.736
v -4512.26 -2805.87 686.736
v -4531.7 -2784.31 686.736
v -4522.56 -2780.59 686.736
v -4484.59 -2821.56 681.372
v -4487.58 -2814.21 681.372
v -4514.89 -2825.28 681.372
v -4511.88 -2832.68 681.372
v -4508.5 -2842.27 681.372
v -4504.9 -2851.09 681.372
v -4480.81 -2841.29 681.372
v -4484.41 -2832.47 681.372
v -1194.87 215.194 492.945
v -1211.64 203.624 492.945
v -1193.01 176.684 492.945
v -1180.32 224.306 492.945
v -1188.78 218.457 492.945
v -1184.72 182.418 492.945
v -1181.96 189.815 492.945
v -1168.08 188.766 492.945
v -1156.38 196.854 492.945
v -1168.23 234.903 492.945
v -1179.05 227.416 492.945
v -1162.56 205.787 492.945
v -1166.59 209.371 492.945
v -1155.76 216.858 492.945
v -1171.26 211.188 492.945
v -1193.01 176.684 498.304
v -1186 166.523 498.304
v -1154.94 163.246 498.304
v -1143.9 166.075 498.304
v -1143.27 183.8 498.304
v -1161.21 184.44 498.304
v -1178.09 182.802 498.304
v -1181.54 184.606 498.304
v -1130.31 188.024 501.264
v -1143.1 188.484 501.264
v -1143.9 166.075 501.264
v -1116.8 165.115 501.264
v -1116.38 176.953 501.264
v -1026.18 200.489 510.969
v -1047.41 201.257 510.969
v -1047.9 187.576 510.969
v -1061.49 177.875 510.969
v -1061.97 164.385 510.969
v -1021.63 162.939 510.969
v -1019.39 183.25 510.969
v -1018.88 197.609 510.969
v -1021.15 176.428 510.969
v -1093.26 177.58 505.689
v -1093.58 168.468 505.689
v -1072.57 167.713 505.689
v -1072.23 176.825 505.689
v -1064.77 179.961 505.689
v -1064.26 194.243 505.689
v -1090.74 195.19 505.689
v -1091.26 180.908 505.689
v -1093.88 194.743 503.228
v -1118.96 195.638 503.228
v -1119.42 182.981 503.228
v -1094.34 182.085 503.228
v -1093.2 179.142 503.228
v -1093.58 168.468 503.228
v -1116.28 179.961 503.228
v -1116.66 169.287 503.228
v -1142.11 -227.895 520.649
v -1145.39 -240.59 520.649
v -1138.61 -242.343 520.649
v -1135.33 -229.648 520.649
v -1153.29 -206.1 519.672
v -1153.11 -218.309 519.672
v -1133.85 -218.015 519.672
v -1134.04 -205.806 519.672
v -1299.46 -88.6041 506.902
v -1288.29 -83.8817 506.902
v -1295.32 -67.2829 506.902
v -1316.06 -73.9122 506.902
v -1325.47 -77.9051 506.902
v -1326.36 -87.6571 506.902
v -1321.51 -99.1111 506.902
v -1303.97 -91.6884 506.902
v -1311.97 -106.175 510.928
v -1320.67 -109.823 510.928
v -1310.48 -134.113 510.928
v -1279.41 -121.072 510.928
v -1284.53 -108.876 510.928
v -1282.16 -88.4889 509.319
v -1308.71 -101.53 509.319
v -1303.62 -111.883 509.319
v -1277.08 -98.8423 509.319
v -1209.29 -305.231 529.372
v -1205.95 -327.23 529.372
v -1171.34 -321.957 529.372
v -1174.68 -299.958 529.372
v -928.763 -81.2965 509.769
v -935.699 -90.191 509.769
v -915.394 -106.009 509.769
v -908.459 -97.1274 509.769
v -973.336 -79.5304 519.035
v -965.788 -85.3279 519.035
v -992.661 -71.7366 519.035
v -983.789 -78.545 519.035
v -1004.75 -60.2441 519.035
v -999.752 -64.0835 519.035
v -993.551 -41.3289 519.035
v -998.783 -48.1502 519.035
v -967.158 -56.8783 519.035
v -980.271 -46.8064 519.035
v -960.712 -89.3592 519.035
v -947.799 -99.2647 519.035
v -933.094 -80.1063 519.035
v -962.271 -57.7101 519.035
v -962.059 -127.279 521.061
v -973.792 -145.388 521.061
v -960.267 -154.154 521.061
v -948.534 -136.033 521.061
v -970.274 -101.901 518.258
v -982.063 -120.112 518.258
v -965.655 -130.734 518.258
v -953.866 -112.523 518.258
v -994.008 -143.993 521.146
v -1007.44 -161.615 521.146
v -988.943 -175.718 521.146
v -975.518 -158.109 521.146
v -1025.66 -151.16 520.764
v -1025.59 -155.012 520.764
v -1009.01 -154.717 520.764
v -1009.08 -150.865 520.764
v -1017.15 -122.953 520.425
v -1015.69 -141.868 520.425
v -1002.67 -140.857 520.425
v -999.529 -136.237 520.425
v -997.859 -131.989 520.425
v -995.8 -106.38 520.425
v -997.292 -86.9404 520.425
v -1009.38 -87.8618 520.425
v -1015.36 -94.2863 520.425
v -1117.34 -157.686 518.147
v -1117.1 -163.612 518.147
v -1113.28 -163.458 518.147
v -1113.52 -157.533 518.147
v -1109.99 -157.686 518.424
v -1109.64 -165.276 518.424
v -1105.03 -165.058 518.424
v -1105.38 -157.469 518.424
v -1028.71 -131.861 520.215
v -1027.59 -128.085 520.215
v -1027.53 -120.125 520.215
v -1028.87 -150.801 520.215
v -1068.88 -119.767 520.215
v -1068.98 -132.59 520.215
v -1057.26 -132.692 520.215
v -1053.79 -136.749 520.215
v -1041.51 -150.699 520.215
v -1043.99 -146.668 520.215
v -1048.38 -142.163 520.215
v -1019.96 -70.2008 521.18
v -1021.24 -54.2419 521.18
v -1053.47 -56.8527 521.18
v -1052.18 -72.7988 521.18
v -1049.44 -80.7846 521.18
v -1020.18 -78.417 521.18
v -1053.47 -74.4241 522.816
v -1054.06 -63.9683 522.816
v -1058.24 -55.2146 522.816
v -1072.67 -56.0208 522.816
v -1106.2 -64.9153 522.816
v -1105.06 -85.2127 522.816
v -1062.99 -82.8451 522.816
v -1126.22 -70.2392 523.242
v -1133.46 -75.2176 523.242
v -1141.39 -79.0057 523.242
v -1141.39 -92.2771 523.242
v -1133.46 -92.2771 523.242
v -1110.23 -74.5137 523.242
v -1110.23 -64.9153 523.242
v -1120.07 -64.9153 523.242
v -1139.15 -100.225 521.229
v -1139.32 -114.596 521.229
v -1105.37 -115.032 521.229
v -1105.18 -100.66 521.229
v -1125.52 -145.49 519.515
v -1113.36 -145.644 519.515
v -1138.79 -142.879 519.515
v -1147.25 -140.665 519.515
v -1100.75 -127.945 519.515
v -1147.08 -127.356 519.515
v -1100.8 -131.861 519.515
v -1107.03 -136.237 519.515
v -1165.45 -155.562 517.667
v -1165.48 -166.594 517.667
v -1134.76 -166.696 517.667
v -1134.72 -155.664 517.667
v -1168.17 -190.27 519.056
v -1168.21 -201.544 519.056
v -1133.26 -201.659 519.056
v -1133.21 -190.397 519.056
v -1226 -188.977 517.035
v -1227.28 -200.124 517.035
v -1203.6 -202.837 517.035
v -1202.32 -191.69 517.035
v -1201.81 -178.931 517.035
v -1213.27 -173.85 517.035
v -1225.41 -173.095 517.035
v -1226.04 -183.359 517.035
v -1196.43 -189.361 518.51
v -1197.02 -198.831 518.51
v -1176.88 -200.085 518.51
v -1176.29 -190.602 518.51
v -1178.24 -167.49 518.51
v -1202.23 -166.005 518.51
v -1202.78 -174.759 518.51
v -1199.92 -182.117 518.51
v -1233.11 -188.017 515.183
v -1232.05 -178.867 515.183
v -1252.05 -176.576 515.183
v -1262.11 -187.8 515.183
v -1263.2 -197.385 515.183
v -1237.37 -200.341 515.183
v -1236.27 -190.769 515.183
v -1191.71 -120.816 519.101
v -1215.46 -118.346 519.101
v -1235.59 -127.586 519.101
v -1236.57 -136.993 519.101
v -1166.43 -125.897 519.101
v -1182.04 -124.272 519.101
v -1240.21 -138.26 519.101
v -1241.15 -147.192 519.101
v -1215.02 -149.918 519.101
v -1206.2 -149.394 519.101
v -1168.32 -144.108 519.101
v -1193.17 -155.204 519.101
v -1185.32 -156.023 519.101
v -1289.75 -163.023 514.213
v -1280.1 -163.266 514.213
v -1270.11 -160.988 514.213
v -1297.21 -149.637 514.213
v -1297.49 -160.284 514.213
v -1288.2 -144.658 514.213
v -1261.79 -155.204 514.213
v -1257.87 -148.216 514.213
v -1249.56 -140.205 514.213
v -1249.14 -123.926 514.213
v -1262.97 -123.568 514.213
v -1278.73 -139.437 514.213
v -1269.49 -130.978 514.213
v -1297.94 -163.535 514.01
v -1303.63 -168.629 514.01
v -1278.11 -197.142 514.01
v -1257.62 -178.803 514.01
v -1267.81 -167.438 514.01
v -1260.19 -81.143 516.497
v -1257.26 -88.1818 516.497
v -1249.74 -88.0154 516.497
v -1244.76 -99.9941 516.497
v -1221.67 -90.3702 516.497
v -1234.96 -58.4524 516.497
v -1267.21 -71.8901 516.497
v -1264.63 -78.0971 516.497
v -1211.53 -51.4392 526.324
v -1213.79 -77.9307 526.324
v -1180.65 -80.7718 526.324
v -1178.39 -54.2803 526.324
v -1162.52 -99.7894 522.849
v -1164.63 -85.2895 522.849
v -1179.14 -87.4011 522.849
v -1177.04 -101.901 522.849
v -1152.48 -83.5234 524.286
v -1154.43 -70.1112 524.286
v -1170.93 -72.5172 524.286
v -1168.98 -85.9294 524.286
v -1146.28 -53.9732 525.353
v -1161.67 -56.2128 525.353
v -1159.53 -70.8535 525.353
v -1144.16 -68.6139 525.353
v -1119.73 -20.6731 525.525
v -1119.93 -2.67931 525.525
v -1128.37 -2.76889 525.525
v -1146.73 -9.78214 525.525
v -1146.6 -20.9803 525.525
v -1142.56 -58.3628 525.525
v -1123.57 -58.1453 525.525
v -1105.36 -48.6749 525.525
v -1105.53 -34.1237 525.525
v -1125.99 -34.3541 525.525
v -1124.85 43.4956 519.316
v -1124.79 51.4175 519.316
v -1158.65 51.7119 519.316
v -1158.72 43.7771 519.316
v -1152.33 34.2043 519.316
v -1127.32 40.2321 519.316
v -1127.41 30.2369 519.316
v -1126.71 10.4513 519.316
v -1126.58 26.1928 519.316
v -1153.9 26.7943 519.316
v -1154.02 12.0895 519.316
v -1143.77 10.6049 519.316
v -1161.73 17.2342 518.562
v -1160.72 38.3508 518.562
v -1185.59 39.5538 518.562
v -1193.87 27.2038 518.562
v -1215.63 5.26819 518.562
v -1188.36 3.95 518.562
v -1214.93 19.8066 518.562
v -1194.55 25.796 518.562
v -1206.85 26.3847 518.562
v -1274.97 59.8642 501.832
v -1299.3 50.9056 501.832
v -1293.17 34.2171 501.832
v -1247.2 61.2079 501.832
v -1239.96 41.4991 501.832
v -1270.35 37.6085 501.832
v -1267.98 31.184 501.832
v -1302.3 14.5467 499.094
v -1299.81 7.6102 499.094
v -1266.97 19.3203 499.094
v -1302 30.2241 499.094
v -1299.37 22.8781 499.094
v -1274.38 40.0785 499.094
v -1276.47 -22.4776 507.831
v -1274.56 -27.3024 507.831
v -1250.34 -17.7424 507.831
v -1281.39 -9.93571 507.831
v -1279.04 -15.8867 507.831
v -1257.21 -0.375687 507.831
v -1276.76 -43.3766 511.69
v -1274.81 -48.8924 511.69
v -1246.32 -38.8461 511.69
v -1252.58 -21.1339 511.69
v -1280.5 -30.9882 511.69
v -1277.91 -38.3214 511.69
v -1234.81 -33.2278 517.64
v -1236.16 -41.828 517.64
v -1221.54 -44.106 517.64
v -1232.13 -17.8448 517.64
v -1233.19 -24.6277 517.64
v -1217.79 -20.0844 517.64
v -1160.91 0.520165 526.787
v -1190.03 -0.823614 526.787
v -1189.25 -17.6528 526.787
v -1160.14 -16.3091 526.787
v -1158.62 -40.6378 526.787
v -1159.57 -19.9437 526.787
v -1188.83 -42.0328 526.787
v -1189.79 -21.3386 526.787
v -1115.47 64.0619 512.626
v -1097.56 81.4927 512.626
v -1097.19 89.4019 512.626
v -1100.85 99.8706 512.626
v -1130.3 101.253 512.626
v -1131.8 69.0787 512.626
v -1122.39 64.3818 512.626
v -1117.38 149.949 507.95
v -1128.98 150.525 507.95
v -1130.49 120.245 507.95
v -1118.89 119.669 507.95
v -1109.41 114.23 507.95
v -1099.46 113.731 507.95
v -1097.76 148.081 507.95
v -1107.71 148.58 507.95
v -1180.7 134.54 505.116
v -1190.68 134.348 505.116
v -1200.09 124.379 505.116
v -1199.89 113.475 505.116
v -1157.07 136.063 505.116
v -1167.53 135.859 505.116
v -1187.1 110.467 505.116
v -1180.25 110.595 505.116
v -1167.1 112.899 505.116
v -1151.91 113.193 505.116
v -1152.11 123.445 505.116
v -1155.51 130.343 505.116
v -1192.39 106.705 511.926
v -1212.31 106.321 511.926
v -1211.74 76.9878 511.926
v -1191.52 61.7583 511.926
v -1172.43 62.1294 511.926
v -1147.35 76.22 511.926
v -1147.78 98.8084 511.926
v -1176.82 98.2453 511.926
v -296.224 2204.65 476.814
v -301.857 2195.1 476.814
v -267.403 2174.78 476.814
v -261.77 2184.35 476.814
v -316.228 2213.01 477.373
v -320.77 2205.31 477.373
v -306.577 2196.95 477.373
v -302.046 2204.65 477.373
v -303.382 2182.55 474.371
v -307.367 2174.87 474.371
v -284.546 2162.93 474.371
v -283.979 2172.7 474.371
v -308.758 2159.86 474.371
v -305.296 2152.78 474.371
v -333.249 2202.71 481.74
v -340.707 2193.45 481.74
v -327.727 2182.99 481.74
v -320.258 2192.26 481.74
v -340.707 2193.45 483.651
v -353.698 2177.33 483.651
v -343.846 2169.4 483.651
v -330.866 2185.52 483.651
v -240.831 2163.6 472.535
v -243.425 2156.63 472.535
v -188.032 2136.03 472.535
v -185.45 2142.99 472.535
v -206.734 2107.6 469.199
v -190.604 2107.75 469.199
v -190.671 2115.37 469.199
v -206.801 2115.23 469.199
v -222.619 2107.46 469.905
v -222.53 2097.77 469.905
v -206.645 2097.91 469.905
v -206.734 2107.6 469.905
v -221.629 2080.29 471.168
v -221.729 2090.29 471.168
v -237.826 2090.15 471.168
v -237.737 2080.14 471.168
v -237.781 2084.75 472.725
v -252.776 2084.62 472.725
v -252.698 2075.38 472.725
v -237.703 2075.51 472.725
v -270.242 2104.18 472.706
v -270.164 2095.08 472.706
v -254.713 2095.22 472.706
v -254.802 2104.32 472.706
v -286.517 2112.69 472.94
v -286.439 2104.03 472.94
v -270.242 2104.18 472.94
v -270.32 2112.83 472.94
v -303.382 2137.92 471.819
v -303.237 2121.34 471.819
v -283.333 2121.52 471.819
v -283.478 2138.1 471.819
v -179.171 2066.11 466.068
v -169.175 2051.33 466.068
v -162.707 2055.69 466.068
v -172.715 2070.48 466.068
v -157.531 2021.02 467.23
v -177.513 1981.93 467.23
v -168.429 1977.28 467.23
v -148.447 2016.37 467.23
v -135.289 2064.91 466.766
v -155.883 2024.6 466.766
v -145.931 2019.52 466.766
v -125.326 2059.83 466.766
v -246.063 2024 475.023
v -249.848 2003.69 475.023
v -205.81 1995.48 475.023
v -202.014 2015.8 475.023
v -240.531 1969.67 476.42
v -247.7 1925.17 476.42
v -229.61 1922.27 476.42
v -222.452 1966.75 476.42
v -255.614 1892.19 476.446
v -270.242 1872.03 476.446
v -279.504 1872.03 476.446
v -236.879 1888.89 476.446
v -279.504 1852.32 476.446
v -253.522 1852.32 476.446
v -244.416 1862.77 476.446
v -240.085 1870.68 476.446
v -243.525 1868 476.446
v -399.974 1870.98 489.594
v -400.052 1850.05 489.594
v -355.858 1849.9 489.594
v -355.791 1870.84 489.594
v -630.583 1834.55 528.066
v -662.532 1834.4 528.066
v -662.476 1822.61 528.066
v -630.539 1822.76 528.066
v -631.674 1815.36 528.066
v -660.973 1815.22 528.066
v -628.835 1805.18 528.066
v -628.869 1812.09 528.066
v -664.38 1811.92 528.066
v -664.346 1805.01 528.066
v -562.6 1851.7 521.153
v -594.549 1851.55 521.153
v -594.493 1839.76 521.153
v -562.545 1839.9 521.153
v -563.691 1832.52 521.153
v -592.99 1832.37 521.153
v -560.841 1822.33 521.153
v -560.875 1829.24 521.153
v -596.386 1829.07 521.153
v -596.363 1822.16 521.153
v -500.707 1876.35 513.882
v -532.655 1876.2 513.882
v -532.6 1864.41 513.882
v -500.651 1864.55 513.882
v -501.798 1857.17 513.882
v -531.097 1857.03 513.882
v -498.948 1846.98 513.882
v -498.981 1853.89 513.882
v -534.492 1853.72 513.882
v -534.47 1846.81 513.882
v -364.251 1941.74 493.298
v -396.2 1941.58 493.298
v -396.144 1929.79 493.298
v -364.196 1929.95 493.298
v -365.342 1922.55 493.298
v -394.641 1922.42 493.298
v -362.492 1912.36 493.298
v -362.526 1919.29 493.298
v -398.048 1919.12 493.298
v -398.014 1912.19 493.298
v -303.337 1989.51 485.561
v -335.286 1989.36 485.561
v -335.23 1977.58 485.561
v -303.293 1977.72 485.561
v -304.428 1970.33 485.561
v -333.727 1970.19 485.561
v -301.589 1960.14 485.561
v -301.623 1967.05 485.561
v -337.134 1966.89 485.561
v -337.1 1959.98 485.561
v -366.645 2028.62 491.714
v -398.593 2028.48 491.714
v -398.538 2016.68 491.714
v -366.589 2016.83 491.714
v -367.724 2009.43 491.714
v -397.024 2009.31 491.714
v -364.886 1999.25 491.714
v -364.919 2006.17 491.714
v -400.43 2006 491.714
v -400.397 1999.08 491.714
v -428.449 1999.59 499.401
v -460.398 1999.44 499.401
v -460.342 1987.65 499.401
v -428.393 1987.79 499.401
v -429.529 1980.4 499.401
v -458.828 1980.26 499.401
v -426.69 1970.22 499.401
v -426.724 1977.13 499.401
v -462.235 1976.96 499.401
v -462.201 1970.05 499.401
v -486.97 1965.62 512.532
v -518.918 1965.48 512.532
v -518.863 1953.68 512.532
v -486.914 1953.83 512.532
v -488.061 1946.43 512.532
v -517.36 1946.31 512.532
v -485.211 1936.24 512.532
v -485.244 1943.17 512.532
v -520.766 1943 512.532
v -520.733 1936.08 512.532
v -559.528 1946.22 532.291
v -591.477 1946.06 532.291
v -591.421 1934.27 532.291
v -559.472 1934.43 532.291
v -560.619 1927.03 532.291
v -589.918 1926.9 532.291
v -557.769 1916.84 532.291
v -557.802 1923.77 532.291
v -593.313 1923.6 532.291
v -593.291 1916.67 532.291
v -624.961 1928.76 549.069
v -656.91 1928.6 549.069
v -656.854 1916.81 549.069
v -624.906 1916.97 549.069
v -626.052 1909.57 549.069
v -655.352 1909.44 549.069
v -623.203 1899.38 549.069
v -623.236 1906.31 549.069
v -658.747 1906.14 549.069
v -658.714 1899.22 549.069
v -729.691 1781.23 532.975
v -725.283 1787.08 532.975
v -726.296 1840.76 532.975
v -731.272 1865.46 532.975
v -739.609 1865.31 532.975
v -834.91 1784.12 532.975
v -830.279 1779.33 532.975
v -827.563 1872.4 532.975
v -842.48 1864.57 532.975
v -2820.94 1093.03 622.025
v -2827.54 1092.99 622.025
v -2835.83 1087.31 622.025
v -2835.6 1040.62 622.025
v -2827.06 1033.28 622.025
v -2820.64 1033.31 622.025
v -2813.52 1040.81 622.025
v -2807.77 1051.9 622.025
v -2813.96 1088.31 622.025
v -2803.13 1052.12 622.025
v -2800.21 1049.41 622.025
v -2793.31 1048.67 622.025
v -2803.41 1077.92 622.025
v -2792 1052.72 622.025
v -2788.08 1060.88 622.025
v -2788.2 1071.79 622.025
v -2792.1 1080.9 622.025
v -2800.54 1080.81 622.025
v -2825.66 872.035 455.09
v -2826.92 1011.54 455.09
v -2840.13 1003.2 455.09
v -2838.95 871.92 455.09
v -2831.6 1011.5 455.09
v -2727.13 812.662 619.772
v -2727.13 773.844 619.772
v -2665.33 772.653 619.772
v -2665.92 812.662 619.772
v -2834.49 819.88 444.467
v -2830.19 811.484 444.467
v -2804.91 844.633 444.467
v -2815.36 845.977 444.467
v -2825.78 809.782 444.467
v -2822.01 801.668 444.467
v -2793.33 839.539 444.467
v -2803.35 840.768 444.467
v -2810.68 806.928 444.467
v -2806.87 804.266 444.467
v -2791.34 824.872 444.467
v -2806.21 800.337 444.467
v -2801.2 795.537 444.467
v -2780.55 820.328 444.467
v -2787.3 825.409 444.467
v -2797.68 797.931 444.467
v -2789.6 802.013 444.467
v -2783.03 810.729 444.467
v -2796.57 1207.03 589.904
v -2800.59 1198.5 589.904
v -2758.91 1198.79 589.904
v -2764.23 1207.88 589.904
v -2799.23 1193.97 589.904
v -2803.35 1186.02 589.904
v -2755.85 1186.52 589.904
v -2761 1195.2 589.904
v -2792.26 1180.27 589.904
v -2792.03 1175.64 589.904
v -2766.24 1175.96 589.904
v -2794.73 1172.71 589.904
v -2795.46 1165.81 589.904
v -2763.23 1164.64 589.904
v -2763.33 1173.09 589.904
v -2791.43 1164.5 589.904
v -2783.25 1160.6 589.904
v -2772.35 1160.74 589.904
v -2834.34 1136.81 629.275
v -2829.22 1128.87 629.275
v -2807.4 1164.4 629.275
v -2817.93 1164.7 629.275
v -2824.67 1127.63 629.275
v -2820.09 1119.92 629.275
v -2795.37 1160.5 629.275
v -2805.47 1160.71 629.275
v -2809.35 1126.3 629.275
v -2805.3 1124.05 629.275
v -2791.91 1146.1 629.275
v -2804.24 1120.19 629.275
v -2798.78 1115.93 629.275
v -2780.72 1142.66 629.275
v -2787.94 1147.05 629.275
v -2795.52 1118.66 629.275
v -2787.89 1123.53 629.275
v -2782.23 1132.85 629.275
v -2718.95 1098.15 433.619
v -2724.51 1091.41 433.619
v -2699.95 1121.66 433.619
v -2706.54 1113.69 433.619
v -2740.39 1073.69 433.619
v -2744.63 1068.56 433.619
v -2749.42 1056.95 433.619
v -2739.92 1049.12 433.619
v -2680.11 1121.54 433.619
v -2689.6 1129.37 433.619
v -2635.06 1162.67 436.254
v -2640.22 1159.22 436.254
v -2607.78 1180.72 436.254
v -2614.73 1176.09 436.254
v -2660.45 1145.74 436.254
v -2667.14 1141.27 436.254
v -2672.67 1131.07 436.254
v -2665.35 1120.09 436.254
v -2588.41 1171.44 436.254
v -2595.74 1182.42 436.254
v -2702.21 1018.02 429.444
v -2749.79 958.018 429.444
v -2740.79 950.876 429.444
v -2693.2 1010.88 429.444
v -2575.38 1111.27 429.7
v -2583.73 1105.6 429.7
v -2549.1 1130.09 429.7
v -2558.28 1123.85 429.7
v -2613.45 1086.05 429.7
v -2621.43 1080.62 429.7
v -2527.88 1119.72 429.7
v -2536.38 1132.21 429.7
v -2675.49 1037.65 429.7
v -2667 1025.16 429.7
v -2662.12 1051.12 429.7
v -2671.77 1044.54 429.7
v -2637.93 1068.88 429.7
v -2646.81 1062.84 429.7
v -2379.52 1577.87 548.372
v -2362.81 1573.25 548.372
v -2359.66 1584.64 548.372
v -2376.37 1589.26 548.372
v -2306.88 1561.65 544.6
v -2326.42 1566.87 544.6
v -2327.47 1562.99 544.6
v -2325.98 1553.45 544.6
v -2313.67 1550.14 544.6
v -2307.92 1557.77 544.6
v -2353.75 1574.49 545.624
v -2357.44 1560.69 545.624
v -2339.27 1555.83 545.624
v -2335.57 1569.62 545.624
v -2291.35 1581.66 549.92
v -2295.78 1565.09 549.92
v -2275.67 1559.71 549.92
v -2271.24 1576.28 549.92
v -2318.06 1595.39 552.531
v -2321.72 1581.77 552.531
v -2301.2 1576.28 552.531
v -2297.56 1589.9 552.531
v -2349.52 1590.32 553.237
v -2327.14 1584.33 553.237
v -2323.74 1597.03 553.237
v -2346.13 1603.02 553.237
v -2345.69 1604.64 554.151
v -2371.36 1611.52 554.151
v -2375.19 1597.19 554.151
v -2349.52 1590.32 554.151
v -2455.67 1652.59 558.01
v -2477.81 1658.67 558.01
v -2500.75 1575.15 558.01
v -2415.36 1562.56 558.01
v -2412.6 1589.31 558.01
v -2443.4 1599.17 558.01
v -2444.72 1643.61 558.01
v -675.011 153.827 504.267
v -660.261 153.482 504.267
v -659.838 171.36 504.267
v -673.096 186.872 504.267
v -691.62 199.401 504.267
v -709.13 199.798 504.267
v -709.609 179.423 504.267
v -699.668 166.28 504.267
v -723.357 203.599 490.59
v -737.06 186.693 490.59
v -728.088 179.423 490.59
v -714.384 196.329 490.59
v -716.088 212.557 487.348
v -734.255 227.288 487.348
v -748.47 209.755 487.348
v -741.58 204.162 487.348
v -723.357 203.599 487.348
v -614.342 74.1979 514.106
v -624.772 80.3665 514.106
v -637.095 80.3665 514.106
v -637.095 64.7274 514.106
v -628.089 56.1911 514.106
v -620.03 40.5521 514.106
v -597.755 40.5521 514.106
v -597.755 56.1911 514.106
v -647.047 62.347 514.808
v -657.467 62.347 514.808
v -657.467 46.2343 514.808
v -652.257 28.7012 514.808
v -640.413 9.26113 514.808
v -606.761 9.26113 514.808
v -606.761 28.7012 514.808
v -634.724 46.2343 514.808
v -684.016 86.9959 515.227
v -684.484 49.0755 515.227
v -666.027 48.8451 515.227
v -665.56 86.7655 515.227
v -698.232 122.549 504.222
v -683.237 122.792 504.222
v -683.538 141.029 504.222
v -697.753 152.88 504.222
v -710.421 167.406 504.222
v -728.566 167.099 504.222
v -728.233 146.891 504.222
v -714.819 135.82 504.222
v -723.835 110.186 494.783
v -724.058 123.854 494.783
v -732.997 131.187 494.783
v -746.812 130.957 494.783
v -756.997 123.304 494.783
v -756.764 109.636 494.783
v -746.344 102.52 494.783
v -732.529 102.75 494.783
v -737.45 76.6679 491.875
v -737.572 84.1547 491.875
v -756.051 83.8475 491.875
v -755.584 55.7176 491.875
v -747.413 55.8456 491.875
v -714.596 63.3708 499.846
v -714.819 77.039 499.846
v -723.757 84.3851 499.846
v -737.572 84.1547 499.846
v -747.758 76.5015 499.846
v -747.524 62.8205 499.846
v -737.094 55.7176 499.846
v -723.29 55.948 499.846
v -788.011 42.8429 474.65
v -788.378 59.7234 474.65
v -806.668 59.3266 474.65
v -806.301 42.4461 474.65
v -785.44 113.065 478.007
v -807.247 112.592 478.007
v -806.768 90.4385 478.007
v -798.241 59.5058 478.007
v -784.282 59.813 478.007
v -798.709 151.459 480.588
v -799.967 141.426 480.588
v -789.236 140.082 480.588
v -787.978 150.116 480.588
v -801.08 135.82 478.472
v -803.195 118.952 478.472
v -793.978 117.801 478.472
v -791.863 134.668 478.472
v -827.184 148.324 474.046
v -840.899 150.039 474.046
v -843.738 127.284 474.046
v -813.114 123.457 474.046
v -811.511 136.294 474.046
v -934.741 100.741 492.461
v -935.509 76.5911 492.461
v -920.047 76.092 492.461
v -919.279 100.255 492.461
v -864.621 81.1984 486.975
v -863.731 109.303 486.975
v -877.868 109.751 486.975
v -890.748 111.914 486.975
v -911.988 112.592 486.975
v -912.945 82.7341 486.975
v -916.73 48.602 490.477
v -918.444 12.2047 490.477
v -906.299 11.6415 490.477
v -877.067 33.5644 490.477
v -876.443 46.7079 490.477
v -879.293 23.9659 480.042
v -880.64 3.41249 480.042
v -837.515 0.571357 480.042
v -836.157 21.112 480.042
v -799.21 17.6566 484.166
v -807.247 17.7973 484.166
v -807.715 -9.69255 484.166
v -799.688 -9.83333 484.166
v -772.17 17.7973 484.166
v -785.762 18.0277 484.166
v -792.074 -9.69255 484.166
v -792.464 -31.8329 484.166
v -757.009 -32.4472 484.166
v -733.776 -20.1228 484.166
v -733.62 -10.7036 484.166
v -739.309 -3.16563 484.166
v -745.632 -3.05045 484.166
v -597.755 -189.796 542.557
v -620.03 -204.961 542.557
v -613.351 -214.764 542.557
v -591.076 -199.599 542.557
v -685.909 -204.014 522.811
v -682.079 -212.947 522.811
v -657.433 -202.376 522.811
v -667.897 -177.945 522.811
v -707.716 -195.017 522.811
v -703.865 -204.001 522.811
v -749.417 -168.475 518.817
v -735.68 -197.385 518.817
v -722.099 -190.922 518.817
v -735.836 -162.012 518.817
v -707.85 -153.22 508.148
v -725.728 -124.873 508.148
v -747.524 -138.618 508.148
v -740.322 -150.033 508.148
v -716.243 -158.518 508.148
v -782.601 -87.4267 507.914
v -794.924 -100.225 507.914
v -797.763 -120.599 507.914
v -793.978 -129.608 507.914
v -757.955 -131.029 507.914
v -756.53 -100.225 507.914
v -786.865 -71.3142 489.604
v -781.666 -79.5176 489.604
v -757.476 -64.1986 489.604
v -762.675 -55.9952 489.604
v -796.694 -36.4785 481.445
v -801.559 -39.55 481.445
v -790.304 -57.3262 481.445
v -777.725 -49.3659 481.445
v -785.44 -37.1824 481.445
v -711.824 -25.7411 485.889
v -717.19 -17.2817 485.889
v -766.961 -38.1294 485.889
v -772.671 -41.7512 485.889
v -754.482 -52.7574 485.889
v -765.057 -53.7684 485.889
v -684.439 -33.0359 492.41
v -678.361 -47.7534 492.41
v -672.595 -45.3602 492.41
v -656.955 -41.5721 492.41
v -650.409 -38.8717 492.41
v -657.433 -21.8761 492.41
v -670.268 -67.5133 494.62
v -664.19 -82.2308 494.62
v -658.424 -79.8376 494.62
v -642.773 -76.0494 494.62
v -636.238 -73.3491 494.62
v -643.262 -56.3536 494.62
v -627.611 -128.188 517.42
v -640.479 -133.499 517.42
v -625.24 -170.369 517.42
v -612.371 -165.045 517.42
v -599.169 -107.801 514.665
v -621.01 -116.823 514.665
v -611.024 -140.985 514.665
v -589.183 -131.963 514.665
v -606.46 -96.5259 504.164
v -614.342 -77.47 504.164
v -655.396 -94.4399 504.164
v -643.763 -122.569 504.164
v -638.988 -120.599 504.164
v -627.166 -33.2918 497.666
v -642.305 -39.55 497.666
v -627.611 -75.1024 497.666
v -618.883 -71.4934 497.666
v -615.766 -60.884 497.666
v -576.226 -57.6334 502.449
v -586.846 -40.497 502.449
v -587.792 -30.0668 502.449
v -598.267 -13.1864 502.449
v -590.642 -66.5662 502.449
v -601.261 -49.4427 502.449
v -614.809 -23.4375 502.449
v -566.586 -87.1195 510.462
v -579.944 -65.5808 510.462
v -593.013 -73.6818 510.462
v -579.654 -95.2206 510.462
v -551.457 -100.672 517.022
v -561.732 -84.0993 517.022
v -585.432 -98.8039 517.022
v -575.157 -115.364 517.022
v -553.094 -148.587 530.788
v -533.768 -136.711 530.788
v -550.355 -109.695 530.788
v -560.674 -116.043 530.788
v -561.253 -135.29 530.788
v -524.763 -96.4236 530.225
v -534.626 -103.168 530.225
v -521.345 -122.595 530.225
v -511.493 -115.863 530.225
v -531.13 -63.6483 519.345
v -551.335 -71.5446 519.345
v -545.479 -86.5436 519.345
v -523.85 -84.3424 519.345
v -510.503 -79.1337 519.345
v -515.312 -66.8094 519.345
v -545.312 -34.5076 508.547
v -565.517 -42.3911 508.547
v -559.661 -57.403 508.547
v -538.032 -55.189 508.547
v -524.685 -49.9802 508.547
v -529.494 -37.6559 508.547
v -556.032 -2.52573 501.808
v -576.816 -10.6396 501.808
v -569.792 -28.6462 501.808
v -548.997 -20.5324 501.808
v -560.307 10.6945 502.216
v -552.893 13.5868 502.216
v -558.548 28.0613 502.216
v -588.56 16.3384 502.216
v -581.291 -2.26978 502.216
v -573.576 0.73773 502.216
v -520.488 -14.4278 504.307
v -539.924 35.3305 504.307
v -558.548 28.0613 504.307
v -558.415 3.57886 504.307
v -547.294 -24.8964 504.307
v -599.169 386.075 486.453
v -577.283 404.211 486.453
v -611.737 392.231 486.453
v -593.013 442.951 486.453
v -629.036 413.093 486.453
v -557.134 399.667 486.453
v -584.842 376.707 486.453
v -590.642 383.708 486.453
v -643.897 409.995 481.033
v -655.697 399.821 481.033
v -681.033 378.14 481.033
v -694.102 366.878 481.033
v -666.973 335.394 481.033
v -595.273 359.212 481.033
v -590.174 373.021 481.033
v -647.993 208.808 498.935
v -660.35 198.3 498.935
v -647.515 183.211 498.935
v -635.158 193.719 498.935
v -585.432 224.92 498.89
v -626.442 190.058 498.89
v -618.605 180.844 498.89
v -577.595 215.706 498.89
v -646.491 307.161 492.04
v -661.263 294.594 492.04
v -630.917 251.4 492.04
v -604.39 220.185 492.04
v -591.554 231.089 492.04
v -612.449 267.103 492.04
v -725.65 335.778 468.495
v -690.039 293.954 468.495
v -677.193 304.896 468.495
v -712.792 346.734 468.495
v -563.146 226.341 495.069
v -562.066 211.188 495.069
v -528.893 213.556 495.069
v -529.972 228.709 495.069
v -560.786 201.705 497.407
v -560.051 192.618 497.407
v -524.507 195.459 497.407
v -525.23 204.546 497.407
v -594.905 153.827 501.286
v -564.726 171.936 501.286
v -564.136 183.762 501.286
v -566.942 188.433 501.286
v -608.653 167.099 501.286
v -603.21 158.038 501.286
v -594.438 175.635 501.286
v -582.627 179.014 501.286
v -612.104 117.071 512.835
v -602.408 132.134 512.835
v -604.39 146.238 512.835
v -651.867 100.075 512.835
v -624.861 103.864 512.835
v -618.126 159.983 512.835
v -654.628 119.708 512.835
v -643.196 156.476 512.835
v -641.359 143.397 512.835
v -599.859 99.2307 508.417
v -606.215 91.8463 508.417
v -597.276 84.1547 508.417
v -590.92 91.5263 508.417
v -579.02 91.3728 506.991
v -602.018 111.171 506.991
v -607.006 105.374 506.991
v -584.007 85.5753 506.991
v -579.743 130.317 504.097
v -587.625 137.1 504.097
v -597.577 125.543 504.097
v -589.695 118.748 504.097
v -580.055 145.892 502.92
v -585.432 150.512 502.92
v -596.953 137.126 502.92
v -591.588 132.493 502.92
v -532.811 158.089 501.605
v -549.876 172.781 501.605
v -559.005 162.197 501.605
v -541.939 147.505 501.605
v -549.409 134.4 501.605
v -543.709 141.003 501.605
v -564.103 158.562 501.605
v -569.792 151.946 501.605
v -575.558 132.275 501.605
v -566.463 124.443 501.605
v -561.253 72.3038 503.107
v -555.721 62.0654 503.107
v -544.622 57.5477 503.107
v -536.607 61.8734 503.107
v -549.453 85.6393 503.107
v -557.468 81.3136 503.107
v -558.882 35.3305 503.944
v -568.367 52.8765 503.944
v -575.424 49.0627 503.944
v -578.797 34.857 503.944
v -574.489 26.8967 503.944
v -515.278 40.0785 500.762
v -529.026 34.3834 500.762
v -525.342 25.5017 500.762
v -511.605 31.184 500.762
v -502.009 82.7341 498.969
v -530.451 90.7841 498.969
v -534.036 78.1269 498.969
v -523.471 59.3778 498.969
v -482.105 47.6549 498.969
v -474.502 74.4922 498.969
v -486.836 77.9861 498.969
v -459.351 98.8468 496.376
v -510.069 109.751 496.376
v -513.252 94.9306 496.376
v -462.535 84.0267 496.376
v -478.086 118.671 497.909
v -464.127 117.519 497.909
v -459.307 176.237 497.909
v -473.266 177.388 497.909
v -514.811 158.562 497.572
v -516.97 148.081 497.572
v -503.234 145.24 497.572
v -501.063 155.721 497.572
v -510.536 186.053 497.951
v -514.199 172.18 497.951
v -487.181 165.064 497.951
v -483.519 178.95 497.951
v -508.644 215.45 497.219
v -512.351 201.973 497.219
v -493.393 196.752 497.219
v -489.686 210.228 497.219
v -474.513 214.016 498.047
v -480.68 187.96 498.047
v -466.476 184.594 498.047
v -460.309 210.663 498.047
v -479.3 245.513 495.867
v -507.141 228.594 495.867
v -498.324 214.106 495.867
v -470.483 231.025 495.867
v -526.321 269.88 493.184
v -536.14 269.471 493.184
v -524.83 264.006 493.184
v -551.123 276.075 493.184
v -561.732 275.64 493.184
v -568.756 280.631 493.184
v -574.055 289.385 493.184
v -609.599 293.647 493.184
v -610.557 285.648 493.184
v -594.538 270.968 493.184
v -582.593 257.991 493.184
v -560.485 245.807 493.184
v -549.876 246.255 493.184
v -535.049 243.478 493.184
v -525.23 243.887 493.184
v -500.707 271.915 493.184
v -513.853 271.378 493.184
v -512.785 245.705 493.184
v -499.638 246.255 493.184
v -490.165 252.411 493.184
v -490.699 265.427 493.184
v -489.085 277.892 491.808
v -480.202 260.474 491.808
v -462.313 269.599 491.808
v -471.196 287.017 491.808
v -494.128 318.757 491.808
v -501.53 314.981 491.808
v -526.021 374.711 481.899
v -531.097 372.279 481.899
v -510.057 328.253 481.899
v -504.87 330.736 481.899
v -502.755 336.636 481.899
v -520.032 372.778 481.899
v -490.165 363.32 492.924
v -475.47 332.988 492.924
v -463.259 338.901 492.924
v -477.942 369.233 492.924
v -451.581 406.22 492.966
v -476.884 394.599 492.966
v -458.405 354.323 492.966
v -429.206 357.458 492.966
v -392.526 404.556 492.966
v -414.067 409.983 492.966
v -381.049 379.548 492.966
v -515.891 456.492 483.634
v -516.67 442.554 483.634
v -437.466 438.165 483.634
v -436.687 452.102 483.634
v -568.367 455.276 478.184
v -563.023 443.796 478.184
v -528.414 459.909 478.184
v -533.768 471.389 478.184
v -530.451 500.774 468.387
v -541.327 490.83 468.387
v -530.919 479.439 468.387
v -520.043 489.384 468.387
v -499.159 528.739 462.68
v -509.879 518.948 462.68
v -513.698 508.338 462.68
v -507.219 501.248 462.68
v -471.886 515.966 462.68
v -483.998 529.212 462.68
v -491.111 498.406 462.68
v -439.236 500.173 473.77
v -448.453 510.258 473.77
v -464.984 511.218 473.77
v -476.417 500.774 473.77
v -474.246 486.683 473.77
v -465.04 476.598 473.77
v -451.292 473.283 473.77
v -439.871 483.727 473.77
v -419.065 444.372 484.361
v -419.978 430.153 484.361
v -390.6 428.259 484.361
v -389.677 442.478 484.361
v -442.765 471.389 477.499
v -436.186 460.997 477.499
v -407.744 479.017 477.499
v -414.323 489.396 477.499
v -312.488 484.546 475.397
v -313.367 499.353 475.397
v -353.186 496.986 475.397
v -352.295 482.178 475.397
v -344.214 475.382 475.397
v -323.798 476.598 475.397
v -381.673 489.537 476.007
v -389.677 486.082 476.007
v -380.671 465.22 476.007
v -357.16 475.382 476.007
v -362.192 487.029 476.007
v -248.434 494.605 466.907
v -238.004 474.704 466.907
v -225.959 481.013 466.907
v -236.39 500.915 466.907
v -101.871 585.577 447.134
v -120.428 556.87 447.134
v -95.0584 540.475 447.134
v -76.5014 569.195 447.134
v -73.7296 625.021 429.402
v -81.7223 614.13 429.402
v -50.6864 587.522 429.402
v -40.5898 602.266 429.402
v -295.834 769.991 415.173
v -289.767 782.124 415.173
v -306.254 790.367 415.173
v -312.321 778.233 415.173
v -300.576 761.928 423.226
v -309.582 743.92 423.226
v -298.962 738.609 423.226
v -289.957 756.617 423.226
v -356.503 780.896 425.501
v -363.717 765.115 425.501
v -319.156 744.739 425.501
v -311.942 760.507 425.501
v -394.886 789.419 423.672
v -396.712 778.976 423.672
v -366.856 773.767 423.672
v -365.03 784.21 423.672
v -396.4 642.466 439.001
v -395.844 656.135 439.001
v -427.447 657.402 439.001
v -427.993 643.733 439.001
v -407.143 686.058 437.369
v -408.156 660.896 437.369
v -378.289 659.706 437.369
v -377.287 684.867 437.369
v -346.507 689.04 437.727
v -365.309 668.357 437.727
v -360.143 663.66 437.727
v -341.331 684.343 437.727
v -359.821 699.368 436.069
v -371.064 685.763 436.069
v -361.713 678.033 436.069
v -350.47 691.651 436.069
v -364.596 712.359 432.865
v -354.6 704.104 432.865
v -342.243 719.078 432.865
v -334.974 736.651 432.865
v -346.073 745.814 432.865
v -362.381 726.066 432.865
v -315.259 737.278 433.021
v -342.277 704.577 433.021
v -332.002 696.092 433.021
v -304.985 728.792 433.021
v -260.757 687.99 435.237
v -251.284 669.983 435.237
v -236.924 677.534 435.237
v -246.397 695.554 435.237
v -278.769 678.033 495.557
v -323.319 642.492 495.557
v -306.109 620.913 495.557
v -261.559 656.468 495.557
v -441.34 563.806 527.599
v -440.95 531.106 527.599
v -401.053 531.58 527.599
v -401.443 564.293 527.599
v -379.725 558.597 470.025
v -379.524 541.575 470.025
v -343.702 542.011 470.025
v -343.913 559.033 470.025
v -295.69 543.303 476.967
v -295.834 555.283 476.967
v -301.489 569.246 476.967
v -320.002 569.028 476.967
v -324.889 554.924 476.967
v -324.744 542.958 476.967
v -319.534 529.686 476.967
v -301.022 529.903 476.967
v -181.799 540.744 471.423
v -268.817 562.386 471.423
v -269.429 530.364 471.423
v -234.219 529.686 471.423
v -192.029 522.096 471.423
v -141.323 490.343 452.319
v -138.273 479.503 452.319
v -108.138 487.976 452.319
v -111.189 498.816 452.319
v -185.394 470.903 458.546
v -155.06 479.426 458.546
v -159.323 494.605 458.546
v -171.179 499.353 458.546
v -177.858 497.472 458.546
v -189.658 486.082 458.546
v -246.542 451.001 463.958
v -245.028 442.26 463.958
v -188.244 462.379 463.958
v -197.817 476.956 463.958
v -219.057 462.993 463.958
v -288.721 485.134 471.636
v -273.559 446.266 471.636
v -252.653 454.418 471.636
v -267.826 493.287 471.636
v -352.707 429.206 477.458
v -344.948 405.068 477.458
v -305.141 417.866 477.458
v -312.9 442.004 477.458
v -336.588 383.234 474.506
v -330.121 369.847 474.506
v -301.69 383.593 474.506
v -308.157 396.98 474.506
v -392.994 346.734 480.248
v -380.426 329.405 480.248
v -337.301 360.696 480.248
v -349.869 378.012 480.248
v -417.172 262.368 490.239
v -418.586 246.255 490.239
v -408.2 245.333 490.239
v -406.775 261.446 490.239
v -471.674 319.716 491.553
v -456.914 263.596 491.553
v -446.55 246.255 491.553
v -432.746 254.484 491.553
v -422.649 269.266 491.553
v -418.675 294.978 491.553
v -426.646 308.339 491.553
v -434.805 327.408 491.553
v -441.819 339.144 491.553
v -448.353 335.254 491.553
v -381.773 -16.7442 534.42
v -364.563 -19.1758 534.42
v -340.373 -14.5557 534.42
v -337.546 5.47295 534.42
v -377.832 11.168 534.42
v -302.936 26.8071 531.932
v -300.521 17.1063 531.932
v -277.767 22.7885 531.932
v -280.194 32.4894 531.932
v -330.432 43.8667 522.323
v -327.404 34.0379 522.323
v -308.925 39.733 522.323
v -311.942 49.549 522.323
v -349.39 47.1814 526.231
v -340.384 14.4827 526.231
v -332.08 16.7735 526.231
v -341.086 49.4722 526.231
v -302.469 -18.2287 554.036
v -301.3 -25.7411 554.036
v -305.731 0.277005 554.036
v -303.894 -11.5866 554.036
v -323.319 -38.603 554.036
v -284.457 3.57886 554.036
v -271.188 -21.0699 554.036
v -272.357 -13.5447 554.036
v -321.004 -53.538 554.036
v -307.211 -51.4008 554.036
v -275.93 -49.5067 554.036
v -265.578 -47.8942 554.036
v -268.338 -30.0668 554.036
v -314.313 -7.79847 542.29
v -331 -10.3836 542.29
v -328.54 -26.2786 542.29
v -311.853 -23.6934 542.29
v -368.671 -134.011 567.863
v -357.45 -121.072 567.863
v -346.919 -94.2479 567.863
v -386.315 -118.705 567.863
v -380.203 -94.056 567.863
v -367.658 -63.6099 567.863
v -333.349 -36.5041 567.863
v -344.18 -29.1197 567.863
v -341.074 -63.8403 567.863
v -346.351 -72.6324 567.863
v -464.561 -73.2083 554.307
v -477.819 -88.2074 554.307
v -463.147 -101.172 554.307
v -448.921 -117.757 554.307
v -430.998 -133.601 554.307
v -428.95 -93.7744 554.307
v -444.19 -80.3111 554.307
v -415.748 -116.337 554.307
v -418.976 -75.3967 548.554
v -422.516 -86.3773 548.554
v -397.013 -94.6191 548.554
v -393.473 -83.6257 548.554
v -416.683 -58.8875 537.636
v -443.232 -55.189 537.636
v -445.626 -72.3637 537.636
v -419.065 -76.0494 537.636
v -401.532 -41.9176 542.42
v -406.007 -74.1682 542.42
v -395.844 -75.5759 542.42
v -382.43 -66.2719 542.42
v -376.886 -26.2786 542.42
v -388.764 -24.6277 542.42
v -422.905 -33.3558 532.817
v -446.55 -30.0668 532.817
v -448.398 -43.3766 532.817
v -432.612 -51.324 532.817
v -408.167 -54.7154 532.817
v -406.464 -42.4679 532.817
v -450.346 -25.8051 516.206
v -449.255 -17.9216 516.206
v -494.896 -11.5866 516.206
v -496.61 -23.9366 516.206
v -462.491 -28.6718 516.206
v -512.718 -28.0447 522.017
v -519.542 -31.5001 522.017
v -497.746 -74.6289 522.017
v -462.313 -56.7119 522.017
v -468.357 -44.7715 522.017
v -366.622 766.19 431.672
v -398.849 767.15 431.672
v -399.462 746.557 431.672
v -390.322 746.288 431.672
v -376.107 746.762 431.672
v -367.201 746.506 431.672
v -370.886 737.764 433.716
v -403.124 738.711 433.716
v -403.725 718.118 433.716
v -394.586 717.849 433.716
v -380.37 718.323 433.716
v -371.465 718.067 433.716
v -375.094 691.996 435.137
v -374.515 711.693 435.137
v -406.742 712.64 435.137
v -407.343 692.047 435.137
v -398.215 691.779 435.137
v -383.988 692.252 435.137
v -256.316 36.5207 541.814
v -257.919 12.5886 541.814
v -247.188 11.8719 541.814
v -214.827 17.5542 541.814
v -214.304 25.3865 541.814
v -224.189 40.6672 541.814
v -236.59 41.4991 541.814
v -253.644 51.4559 529.772
v -237.981 50.4065 529.772
v -237.058 64.2411 529.772
v -245.117 74.6714 529.772
v -259.333 75.6185 529.772
v -260.357 60.3377 529.772
v -220.449 85.2937 531.957
v -233.74 83.2076 531.957
v -229.955 59.0323 531.957
v -203.795 63.1404 531.957
v -205.309 72.7773 531.957
v -236.59 113.539 519.62
v -230.902 96.9527 519.62
v -217.844 101.432 519.62
v -223.532 118.018 519.62
v -260.757 106.91 517.673
v -259.377 94.7386 517.673
v -239.907 96.9527 517.673
v -241.288 109.124 517.673
v -292.517 107.383 514.839
v -290.146 86.5223 514.839
v -275.218 88.2245 514.839
v -277.578 109.072 514.839
v -295.478 67.9909 527.18
v -296.669 41.7167 527.18
v -273.648 40.6672 527.18
v -272.446 66.9542 527.18
v -727.62 397.927 474.165
v -775.488 357.638 474.165
v -759.268 338.363 474.165
v -711.401 378.652 474.165
v 1830.87 180.37 560.254
v 1805.28 161.89 560.254
v 1820.66 129.485 560.254
v 1835.61 136.294 560.254
v 1850.77 160.469 560.254
v 1778.65 143.781 574.14
v 1741.51 126.145 574.14
v 1751.24 100.741 574.14
v 1763.57 95.5321 574.14
v 1794.81 109.751 574.14
v 1805.28 161.89 574.866
v 1739.4 130.599 574.866
v 1741.51 126.145 574.866
v 1763.57 95.5321 574.866
v 1768.31 92.2174 574.866
v 1837.5 123.496 574.866
v 1835.61 136.294 574.866
v 1815.71 94.5851 574.866
v 1831.35 100.267 574.866
v 1814.75 -8.74551 617.168
v 1786.32 0.73773 617.168
v 1777.78 -22.0169 617.168
v 1798.64 -31.5001 617.168
v 1795.32 68.5156 652.433
v 1782.52 38.658 652.433
v 1814.28 20.6385 652.433
v 1824.71 21.112 652.433
v 1832.76 39.1315 652.433
v 1836.08 62.347 652.433
v 1760.25 31.5423 624.356
v 1760.55 -17.1921 624.356
v 1788.21 -38.1294 624.356
v 1794.38 -36.7089 624.356
v 1798.64 -31.5001 624.356
v 1795.32 68.5156 624.356
v 1814.75 -8.74551 624.356
v 1824.71 21.112 624.356
v 1736.55 2.1583 642.905
v 1760.55 -17.1921 642.905
v 1784.24 12.1919 642.905
v 1760.25 31.5423 642.905
v 1706.04 81.0832 572.066
v 1726.67 65.0217 572.066
v 1730.86 70.4097 572.066
v 1710.22 86.4583 572.066
v 1701.39 23.4412 595.788
v 1731.07 61.6047 595.788
v 1701.47 84.6282 595.788
v 1671.79 46.4647 595.788
v 1679.54 -4.63739 609.086
v 1701.39 23.4412 609.086
v 1676.36 42.9197 609.086
v 1654.51 14.8282 609.086
v 1630.85 -21.5434 675.337
v 1653 -38.7693 675.337
v 1679.54 -4.63739 675.337
v 1657.4 12.5886 675.337
v -1255.62 750.076 530.226
v -1254.52 743.716 530.226
v -1243.61 745.622 530.226
v -1244.72 751.983 530.226
v -1209.64 782.79 529.024
v -1208.85 777.542 529.024
v -1199.38 778.963 529.024
v -1200.16 784.21 529.024
v -1266.05 798.903 530.175
v -1266.62 782.201 530.175
v -1238.65 781.254 530.175
v -1238.09 797.956 530.175
v -978.824 943.465 451.505
v -978.824 930.193 451.505
v -948.011 930.193 451.505
v -948.011 943.465 451.505
v -683.538 896.532 422.531
v -716.722 925.918 422.531
v -732.83 915.026 422.531
v -721.153 897.748 422.531
v -699.534 891.438 422.531
v -688.414 891.029 422.531
v -757.476 936.349 410.971
v -761.105 922.834 410.971
v -741.669 917.625 410.971
v -738.051 931.14 410.971
v -810.564 943.465 413.641
v -792.553 925.445 413.641
v -783.313 934.698 413.641
v -801.325 952.706 413.641
v -843.27 891.323 450.217
v -864.599 891.323 450.217
v -864.599 877.577 450.217
v -848.958 870.947 450.217
v -830.001 864.305 450.217
v -816.253 864.305 450.217
v -805.822 872.368 450.217
v -805.822 887.535 450.217
v -816.253 899.86 450.217
v -830.001 899.86 450.217
v -767.428 861.937 449.176
v -797.295 873.315 449.176
v -802.438 859.787 449.176
v -772.582 848.422 449.176
v -778.805 892.744 440.664
v -784.961 878.179 440.664
v -763.632 869.168 440.664
v -757.476 883.746 440.664
v -813.882 906.963 435.591
v -792.074 884.22 435.591
v -784.126 891.835 435.591
v -805.922 914.591 435.591
v -935.22 950.095 442.603
v -931.402 924.523 442.603
v -890.158 930.692 442.603
v -893.976 956.264 442.603
v -863.174 906.49 446.001
v -884.503 927.825 446.001
v -893.509 918.815 446.001
v -885.683 896.775 446.001
v -879.293 890.376 446.001
v -753.213 773.306 471.383
v -768.853 740.132 471.383
v -750.352 731.403 471.383
v -734.711 764.577 471.383
v -793.02 792.261 496.425
v -804.397 763.349 496.425
v -781.543 754.364 496.425
v -770.167 783.276 496.425
v -823.834 814.07 501.057
v -830.468 779.462 501.057
v -810.253 775.584 501.057
v -803.618 810.192 501.057
v -904.407 756.719 507.573
v -891.204 735.998 507.573
v -832.439 773.434 507.573
v -845.641 794.155 507.573
v -790.36 740.964 487.548
v -809.618 731.122 487.548
v -799.009 710.375 487.548
v -774.931 722.687 487.548
v -780.697 733.963 487.548
v -816.72 747.235 501.049
v -838.049 736.331 501.049
v -833.14 726.719 501.049
v -811.811 737.623 501.049
v -804.497 721.113 501.049
v -809.618 731.122 501.049
v -830.847 720.268 501.049
v -825.726 710.273 501.049
v -829.889 679.236 482.446
v -801.225 694.71 482.446
v -806.301 704.104 482.446
v -820.628 707.175 482.446
v -839.474 697.001 482.446
v -851.33 695.58 482.025
v -870.198 685.379 482.025
v -857.007 660.973 482.025
v -838.138 671.16 482.025
v -865.979 690.755 490.385
v -878.814 714.535 490.385
v -902.514 701.736 490.385
v -896.425 674.309 490.385
v -883.078 649.595 490.385
v -863.308 660.281 490.385
v -971.711 606.937 462.708
v -946.062 569.323 462.708
v -937.335 575.274 462.708
v -962.983 612.888 462.708
v -974.56 646.28 468.325
v -972.011 636.502 468.325
v -926.504 648.353 468.325
v -929.053 658.131 468.325
v -914.837 625.431 462.52
v -899.197 592.718 462.52
v -887.219 598.452 462.52
v -902.859 631.152 462.52
v -930.956 625.905 463.05
v -945.773 620.068 463.05
v -939.606 604.416 463.05
v -924.789 610.265 463.05
v -980.906 631.229 464.752
v -985.937 627.799 464.752
v -971.711 606.937 464.752
v -948.957 622.449 464.752
v -952.285 627.325 464.752
v -965.187 555.615 458.482
v -967.18 572.369 458.482
v -1037.12 580.88 458.482
v -1038.83 575.581 458.482
v -975.974 554.336 458.482
v -1007.17 551.341 458.482
v -993.986 552.915 458.482
v -1038.29 558.853 458.482
v -1027.17 555.283 458.482
v -1082.31 593.179 468.155
v -1094.47 597.466 468.155
v -1054.96 584.194 468.155
v -1068.4 588.93 468.155
v -1107.26 602.202 468.155
v -1122.38 607.526 468.155
v -1128.59 589.877 468.155
v -1061.29 566.187 468.155
v -1141.24 609.433 471.673
v -1157.04 607.884 471.673
v -1139.44 590.862 471.673
v -1185.48 605.99 471.673
v -1183.57 586.562 471.673
v -1170.27 607.475 471.673
v -1215.33 731.595 520.176
v -1216.06 714.893 520.176
v -1194.26 713.946 520.176
v -1193.53 730.648 520.176
v -1259.88 733.963 525.052
v -1260.54 720.256 525.052
v -1240.64 719.309 525.052
v -1239.98 733.016 525.052
v -1292.59 752.931 534.61
v -1289.72 743.063 534.61
v -1266.96 749.692 534.61
v -1269.84 759.56 534.61
v -1078.15 690.179 496.003
v -1063.96 686.314 496.003
v -1059.23 677.265 496.003
v -1054.65 666.194 496.003
v -1045.86 666.399 496.003
v -1046.34 686.723 496.003
v -1053.01 697.295 496.003
v -1078.35 698.895 496.003
v -1064.54 710.887 496.003
v -1070.77 710.746 496.003
v -1021.49 698.088 494.053
v -1029.54 709.326 494.053
v -1044.24 714.535 494.053
v -1048.69 701.966 494.053
v -1041.37 691.638 494.053
v -1034.59 680.49 494.053
v -1021 675.665 494.053
v -1018.25 683.434 494.053
v -981.195 690.358 481.792
v -980.705 680.158 481.792
v -965.555 680.887 481.792
v -966.033 691.088 481.792
v -918.678 679.927 483.512
v -919.513 697.679 483.512
v -929.431 697.205 483.512
v -958.508 686.096 483.512
v -957.963 674.718 483.512
v -928.418 676.126 483.512
v -920.047 708.852 487.825
v -939.951 707.892 487.825
v -939.428 696.732 487.825
v -919.513 697.679 487.825
v -944.693 728.28 501.042
v -941.02 716.672 501.042
v -902.147 728.997 501.042
v -905.832 740.605 501.042
v -954.178 699.842 489.056
v -954.489 711.924 489.056
v -981.662 711.22 489.056
v -981.384 700.571 489.056
v -969.818 694.633 489.056
v -961.926 694.838 489.056
v -973.102 699.343 489.056
v -981.195 733.016 496.769
v -980.828 719.04 496.769
v -953.699 719.744 496.769
v -954.066 733.72 496.769
v -932.17 749.193 506.449
v -932.37 757.192 506.449
v -968.872 756.245 506.449
v -968.471 741.053 506.449
v -949.435 741.553 506.449
v -1032.21 764.68 513.811
v -1077.41 763.349 513.811
v -1077.11 753.02 513.811
v -1063.23 738.865 513.811
v -1020.06 740.132 513.811
v -1020.48 754.684 513.811
v -1006.79 737.278 505.838
v -990.368 737.764 505.838
v -991.08 762.082 505.838
v -996.045 773.677 505.838
v -1020.28 772.96 505.838
v -1011.62 747.568 505.838
v -1019.93 761.237 505.838
v -929.632 783.251 500.926
v -929.365 794.552 500.926
v -946.152 794.961 500.926
v -971.866 792.235 500.926
v -972.178 779.065 500.926
v -946.552 778.451 500.926
v -922.897 815.49 496.324
v -918.155 791.314 496.324
v -901.023 794.68 496.324
v -905.765 818.844 496.324
v -976.931 886.114 476.364
v -972.49 859.121 476.364
v -937.892 864.804 476.364
v -942.322 891.797 476.364
v -1036.64 849.138 493.599
v -1036.8 837.21 493.599
v -1005.36 836.813 493.599
v -1005.22 848.742 493.599
v -968.738 810.985 490.655
v -942.033 810.64 490.655
v -941.855 824.501 490.655
v -968.56 824.833 490.655
v -987.83 811.228 494.071
v -987.952 801.041 494.071
v -968.872 800.798 494.071
v -968.738 810.985 494.071
v -1056.08 799.85 505.779
v -1056.18 792.261 505.779
v -1018.73 791.787 505.779
v -1018.63 799.377 505.779
v -1018.63 799.377 497.768
v -994.576 799.07 497.768
v -994.464 807.901 497.768
v -1018.52 808.208 497.768
v -1088.31 817.385 507.667
v -1082.27 809.59 507.667
v -1067.58 820.956 507.667
v -1073.61 828.763 507.667
v -1057.91 838.797 505.057
v -1068.88 859.569 505.057
v -1093.99 846.297 505.057
v -1087.77 834.509 505.057
v -1067.92 833.498 505.057
v -2099.76 1907.51 620.514
v -2092.65 1891.39 620.514
v -2084.33 1895.07 620.514
v -2091.44 1911.18 620.514
v -2126.77 1904.67 624.687
v -2132.47 1902.54 624.687
v -2128.68 1892.34 624.687
v -2122.98 1894.47 624.687
v -2145.43 1872.44 628.676
v -2156.16 1892.34 628.676
v -2176.38 1881.45 628.676
v -2180.45 1869.71 628.676
v -2170.39 1851.05 628.676
v -2154.5 1859.61 628.676
v -2128.68 1892.34 623.629
v -2119.67 1868.18 623.629
v -2103.3 1874.27 623.629
v -2112.3 1898.45 623.629
v -1766.09 1849.22 622.464
v -1762.68 1871.81 622.464
v -1788.84 1875.75 622.464
v -1799.26 1868.18 622.464
v -1803.06 1843.05 622.464
v -1778.7 1839.38 622.464
v -1859.46 1881.92 622.437
v -1860.86 1859.97 622.437
v -1823.89 1857.59 622.437
v -1822.49 1879.55 622.437
v -1900 1827.91 613.243
v -1902.81 1817.92 613.243
v -1836.92 1799.44 613.243
v -1834.12 1809.41 613.243
v -1980.79 1853.96 614.225
v -1983.59 1843.97 614.225
v -1917.71 1825.49 614.225
v -1914.91 1835.47 614.225
v -2036.73 1851.59 613.799
v -2035.8 1839.93 613.799
v -1993.62 1843.24 613.799
v -1994.54 1854.9 613.799
v -2118.72 1804.66 617.475
v -2116.82 1785.23 617.475
v -2108.09 1786.08 617.475
v -2110 1805.52 617.475
v -2096.44 1790.44 614.967
v -2100.46 1772.25 614.967
v -2084.11 1768.65 614.967
v -2080.11 1786.83 614.967
v -2054.74 1769.59 607.239
v -2055.92 1764.25 607.239
v -2041.46 1761.05 607.239
v -2040.28 1766.41 607.239
v -2068.47 1782.39 611.433
v -2070.53 1773.07 611.433
v -2054.74 1769.59 611.433
v -2052.68 1778.9 611.433
v -2029.13 1774.8 607.804
v -2033.11 1756.81 607.804
v -2015.87 1753 607.804
v -2011.89 1771 607.804
v -2035.77 1813.2 613.515
v -2039.79 1795 613.515
v -2023.45 1791.39 613.515
v -2019.44 1809.59 613.515
v -2011.6 1828.37 613.093
v -2015.51 1810.67 613.093
v -2001.17 1807.51 613.093
v -1997.26 1825.19 613.093
v -1990.27 1824.09 612.914
v -1994.12 1806.65 612.914
v -1972.26 1801.82 612.914
v -1968.41 1819.27 612.914
v -1958.99 1813.2 612.163
v -1962.09 1799.19 612.163
v -1925.58 1791.13 612.163
v -1922.49 1805.14 612.163
v -1994.54 1789.02 610.731
v -1997.16 1779.69 610.731
v -1933.18 1761.68 610.731
v -1930.55 1771.01 610.731
v -1921.08 1767.22 603.755
v -1922.97 1761.14 603.755
v -1858.98 1741.15 603.755
v -1857.09 1747.22 603.755
v -1859.93 1788.55 606.444
v -1864.27 1774.65 606.444
v -1848.08 1769.59 606.444
v -1843.74 1783.49 606.444
v -1910.65 1799.45 609.726
v -1913.83 1789.28 609.726
v -1875.9 1777.43 609.726
v -1872.73 1787.6 609.726
v -1737.03 1775.29 601.475
v -1740.96 1761.53 601.475
v -1729.95 1758.38 601.475
v -1726.01 1772.14 601.475
v -2057.58 1715.55 591.826
v -2061.43 1702.25 591.826
v -2038.62 1695.65 591.826
v -2034.77 1708.96 591.826
v -2079.99 1755.68 604.108
v -2085.04 1738.63 604.108
v -2029.85 1722.26 604.108
v -2024.78 1739.31 604.108
v -1968.94 1751.99 602.633
v -1988.85 1757.75 602.633
v -2006.17 1747.1 602.633
v -2011.6 1728.36 602.633
v -1998.45 1724.55 602.633
v -1975.1 1730.73 602.633
v -1925.82 1738.23 598.884
v -1945.72 1743.99 598.884
v -1963.04 1733.36 598.884
v -1968.47 1714.61 598.884
v -1955.33 1710.8 598.884
v -1931.97 1716.97 598.884
v -1883.42 1725.04 596.041
v -1903.07 1730.72 596.041
v -1922.1 1721.93 596.041
v -1927.23 1704.19 596.041
v -1875.57 1690.44 596.041
v -1869.87 1710.13 596.041
v -1892.06 1695.21 596.041
v -1912.03 1699.78 596.041
v -2013.28 1704.02 588.594
v -2018.15 1690.35 588.594
v -1975.49 1675.18 588.594
v -1970.62 1688.85 588.594
v -2342.43 1382.83 493.781
v -2342.43 1370.98 493.781
v -2307.83 1370.98 493.781
v -2307.83 1382.83 493.781
v -2316.44 1435.41 507.489
v -2336.44 1439.29 507.489
v -2340.41 1418.81 507.489
v -2328.9 1405.96 507.489
v -2310.28 1402.36 507.489
v -2306.32 1422.83 507.489
v -2264.4 1407.48 508.945
v -2260.97 1425.16 508.945
v -2281.45 1429.13 508.945
v -2296.9 1419.08 508.945
v -2300.51 1400.47 508.945
v -2282.36 1396.96 508.945
v -2219.72 1414.87 512.384
v -2218.26 1425.49 512.384
v -2236.69 1428.05 512.384
v -2247.64 1425.02 512.384
v -2249.26 1413.32 512.384
v -2232.2 1410.95 512.384
v -2268.26 1395.81 501.745
v -2259.71 1367.14 501.745
v -2247.61 1370.75 501.745
v -2256.17 1399.42 501.745
v -2277.5 1349.18 493.464
v -2273.85 1336.93 493.464
v -2254.16 1334.21 493.464
v -2240.53 1338.28 493.464
v -2263.63 1365.96 493.464
v -2250 1370.03 493.464
v -2231.05 1368.61 494.763
v -2232.21 1339.39 494.763
v -2216.35 1338.75 494.763
v -2215.18 1367.97 494.763
v -2191.24 1378.57 498.202
v -2219.37 1379.7 498.202
v -2219.68 1371.93 498.202
v -2191.55 1370.8 498.202
v -2229.63 1400.84 504.034
v -2230.26 1385.11 504.034
v -2182.86 1383.22 504.034
v -2182.23 1398.95 504.034
v -1973.21 1559.14 548.637
v -1971.4 1547.76 548.637
v -1959.47 1549.67 548.637
v -1961.27 1561.05 548.637
v -2023.97 1512.35 543.111
v -2026.89 1530.71 543.111
v -2065.64 1524.55 543.111
v -2062.71 1506.18 543.111
v -1982.54 1518.94 551.451
v -1989.17 1560.65 551.451
v -2013.49 1556.77 551.451
v -2027.72 1535.92 551.451
v -2023.97 1512.35 551.451
v -1796.42 1621.71 566.735
v -1816.8 1621.71 566.735
v -1816.8 1600.86 566.735
v -1803.06 1590.42 566.735
v -1784.1 1590.42 566.735
v -1784.1 1611.29 566.735
v -1740.02 1604.17 568.679
v -1740.02 1622.18 568.679
v -1760.88 1622.18 568.679
v -1774.15 1609.39 568.679
v -1774.15 1590.42 568.679
v -1755.66 1590.42 568.679
v -1694.52 1582.85 561.311
v -1693.61 1571.21 561.311
v -1650.96 1574.53 561.311
v -1651.86 1586.16 561.311
v -1708.73 1600.38 566.961
v -1711.63 1612.26 566.961
v -1723.43 1609.39 566.961
v -1733.86 1596.12 566.961
v -1731.19 1585.18 566.961
v -1713.65 1589.44 566.961
v -1720.11 1581.43 558.991
v -1824.38 1584.74 558.991
v -1825.82 1539.46 558.991
v -1711.75 1535.83 558.991
v -1710.63 1570.99 558.991
v -1862.3 1542.55 530.401
v -1862.07 1530.25 530.401
v -1836.95 1530.73 530.401
v -1837.19 1543.03 530.401
v -1941.46 1542.08 537.408
v -1941.67 1532.12 537.408
v -1897.59 1531.18 537.408
v -1897.38 1541.13 537.408
v -1921.08 1559.62 544.291
v -1919.84 1550.99 544.291
v -1899.94 1553.84 544.291
v -1901.16 1562.47 544.291
v -1704.47 1624.56 570.335
v -1702.37 1598.14 570.335
v -1660.66 1601.46 570.335
v -1662.76 1627.88 570.335
v -1758.67 1451.26 472.137
v -1765.16 1466.13 472.137
v -1803.34 1449.46 472.137
v -1796.86 1434.59 472.137
v -1782.74 1425.13 472.137
v -1759.35 1435.33 472.137
v -1740.2 1460.54 464.894
v -1740.49 1446.81 464.894
v -1658.96 1455.35 464.894
v -1662.47 1468.84 464.894
v -1744.28 1520.76 516.229
v -1744.28 1507.96 516.229
v -1693.09 1507.96 516.229
v -1693.09 1520.76 516.229
v -1881.26 1425.96 459.269
v -1882.21 1410.41 459.269
v -1804 1417.9 459.269
v -1807.79 1433.2 459.269
v -1977.47 1469.57 509.583
v -1982.63 1459.61 509.583
v -1943.33 1438.93 509.583
v -1911.57 1414.75 509.583
v -1904.49 1424.07 509.583
v -1955.8 1413.91 479.209
v -1965.63 1419.8 479.209
v -1985.53 1386.62 479.209
v -1954.31 1367.88 479.209
v -1936.24 1398 479.209
v -2051.49 1404.24 500.823
v -2057.1 1419.32 500.823
v -2097.86 1404.15 500.823
v -2092.25 1389.08 500.823
v -2074.92 1368.53 500.823
v -2046.68 1379.04 500.823
v -2083.61 1325.93 462.366
v -1970.24 1349.23 462.366
v -1975.62 1361.09 462.366
v -2008.8 1346.26 462.366
v -2083.25 1339.61 462.366
v -2179.85 1408.25 506.949
v -2096.6 1327.83 506.949
v -2089.87 1338.97 506.949
v -2120.83 1357.97 506.949
v -2168.35 1415.66 506.949
v -1863.7 1485.55 505.911
v -1864.57 1497.96 505.911
v -1900.27 1495.45 505.911
v -1899.39 1483.04 505.911
v -1891.24 1459.29 505.911
v -1867.01 1461 505.911
v -1749.18 1519.48 515.153
v -1846.04 1494.51 515.153
v -1838.74 1483.15 515.153
v -1822.07 1493.06 515.153
v -1748.42 1505.82 515.153
v -1997.85 1472.89 526.892
v -2113.5 1468.15 526.892
v -2110.1 1455.6 526.892
v -2074.96 1464.86 526.892
v -2000.43 1459.45 526.892
v -2132.84 1457.37 524.733
v -2135.31 1469.57 524.733
v -2170.38 1462.46 524.733
v -2167.91 1450.26 524.733
v -2156.75 1427.77 524.733
v -2132.94 1432.59 524.733
v -2121.79 1601.8 561.847
v -2138.15 1603.7 561.847
v -2140.52 1583.32 561.847
v -2124.69 1576.84 561.847
v -2111.13 1575.26 561.847
v -2109.27 1591.26 561.847
v -2224.34 1647.29 572.512
v -2229.12 1630.32 572.512
v -2219.15 1627.52 572.512
v -2144.07 1614 572.512
v -2141.28 1623.93 572.512
v -2165.66 1612.68 572.512
v -2155.99 1609.97 572.512
v -2295.03 1712.71 597.232
v -2279.61 1714.71 597.232
v -2282.93 1740.31 597.232
v -2315.28 1736.11 597.232
v -2307.79 1713.11 597.232
v -2297.4 1718.88 597.232
v -2367.27 1693.91 589.427
v -2363.81 1687.67 589.427
v -2310.2 1717.46 589.427
v -2313.67 1723.69 589.427
v -2367.27 1693.91 575.821
v -2384.61 1684.27 575.821
v -2372.77 1662.95 575.821
v -2355.42 1672.58 575.821
v -2429.64 1666.26 569.308
v -2426.42 1656.6 569.308
v -2388.03 1669.4 569.308
v -2391.26 1679.06 569.308
v -2273.24 1671.01 576.152
v -2286.51 1638.78 576.152
v -2267.96 1631.14 576.152
v -2254.69 1663.37 576.152
v -2341.49 1650.62 566.057
v -2344.96 1634.71 566.057
v -2303.73 1625.7 566.057
v -2300.25 1641.62 566.057
v -2296.94 1536.87 537.239
v -2301.5 1525.8 537.239
v -2278.92 1516.49 537.239
v -2274.36 1527.57 537.239
v -2262.81 1527.86 536.374
v -2267.61 1516.19 536.374
v -2255.69 1511.27 536.374
v -2250.88 1522.95 536.374
v -2213.51 1552.51 544.858
v -2217.4 1540.85 544.858
v -2170.48 1525.21 544.858
v -2166.59 1536.87 544.858
v -2244.79 1573.84 549.516
v -2247.64 1553.93 549.516
v -2233.97 1551.99 549.516
v -2231.12 1571.89 549.516
v -2248.59 1593.75 555.181
v -2250.17 1584.47 555.181
v -2230.73 1581.16 555.181
v -2229.15 1590.42 555.181
v -2216.83 1589.95 555.469
v -2221.88 1573.46 555.469
v -2175.43 1559.24 555.469
v -2170.38 1575.73 555.469
v -2033.41 1673.38 580.084
v -2036.21 1663.93 580.084
v -1964.65 1642.61 580.084
v -1961.83 1652.04 580.084
v -2068.01 1685.69 583.393
v -2071.38 1671.09 583.393
v -2046.73 1665.4 583.393
v -2043.36 1680.01 583.393
v -1820.12 1795.65 607.24
v -1826.76 1774.33 607.24
v -1809.6 1768.99 607.24
v -1779.54 1773.56 607.24
v -1774.15 1790.92 607.24
v -1800.25 1799.04 607.24
v 2290.62 184.632 528.765
v 2275.41 154.723 528.765
v 2294.88 144.817 528.765
v 2310.09 174.739 528.765
v 2340.58 193.719 530.445
v 2326.85 200.681 530.445
v 2311.48 170.413 530.445
v 2316.95 167.636 530.445
v 2331.38 175.635 530.445
v 2315.26 161.89 526.626
v 2304.47 140.632 526.626
v 2319.53 132.979 526.626
v 2330.34 154.224 526.626
v 2337.07 142.923 523.712
v 2326.67 122.485 523.712
v 2349.86 110.698 523.712
v 2360.26 131.136 523.712
v 2398.05 143.499 520.899
v 2389.48 147.85 520.899
v 2384.24 137.51 520.899
v 2371.95 128.897 520.899
v 2361.9 109.098 520.899
v 2376.75 101.547 520.899
v 2385.64 155.875 528.094
v 2335.71 181.241 528.094
v 2332.71 175.328 528.094
v 2339.98 156.591 528.094
v 2376.56 138.009 528.094
v 2385.42 179.897 526.936
v 2376.56 162.466 526.936
v 2398.21 151.459 526.936
v 2407.07 168.89 526.936
v 2347.02 198.377 530
v 2338.47 181.548 530
v 2367.38 166.856 530
v 2375.93 183.685 530
v 2307.68 241.033 535.349
v 2319.76 234.468 535.349
v 2329.01 251.464 535.349
v 2316.92 258.042 535.349
v 2317.16 258.464 534.218
v 2276.87 280.375 534.218
v 2262.19 253.358 534.218
v 2275.81 245.948 534.218
v 2307.68 241.033 534.218
v 2308.16 305.498 538.874
v 2302.87 296.257 538.874
v 2319.46 286.774 538.874
v 2324.75 296.014 538.874
v 2249.85 296.808 522.828
v 2254.6 305.024 522.828
v 2248.73 308.403 522.828
v 2238.49 310.707 522.828
v 2224.26 286.07 522.828
v 2231.99 279.389 522.828
v 2238.49 275.64 522.828
v 2243.55 284.419 522.828
v 2265.5 327.306 525.629
v 2252.74 331.99 525.629
v 2247.01 316.402 525.629
v 2259.77 311.718 525.629
v 2238.01 376.592 533.709
v 2229.48 363.794 533.709
v 2238.23 357.958 533.709
v 2246.76 370.756 533.709
v 2175.45 403.136 540.084
v 2202.93 373.751 540.084
v 2220.49 390.158 540.084
v 2192.99 419.556 540.084
v 1962.79 446.291 569.541
v 1957.25 465.118 569.541
v 1947.94 462.379 569.541
v 1950 455.378 569.541
v 1943.2 447.213 569.541
v 1955.05 406.924 569.541
v 1979.68 414.168 569.541
v 1974 433.468 569.541
v 2088.63 415.179 577.419
v 2114.26 423.421 577.419
v 2107.66 443.898 577.419
v 2084.54 446.048 577.419
v 2079.26 444.346 577.419
v 2071.32 434.927 577.419
v 2056.48 430.153 577.419
v 2064.86 404.057 577.419
v 2079.7 408.818 577.419
v 2045.18 390.824 577.419
v 2056.95 394.599 577.419
v 2046.44 427.299 577.419
v 2034.67 423.51 577.419
v 2033.95 414.244 577.419
v 2037.52 403.136 577.419
v 2067.58 453.164 556.721
v 2071.17 442.004 556.721
v 2079.26 444.346 556.721
v 2060.02 477.123 556.721
v 2062.17 470.442 556.721
v 2089.65 447.686 556.721
v 2101.31 451.692 556.721
v 2097.71 462.853 556.721
v 2055.53 488.449 556.721
v 2057.46 482.447 556.721
v 2087.07 478.441 556.721
v 2084.92 485.134 556.721
v 2073.04 499.379 556.721
v 2062.64 496.039 556.721
v 2083.5 490.817 556.721
v 2081.57 496.819 556.721
v 2008.18 468.573 585.134
v 2028.07 474.973 585.134
v 2022.83 491.29 585.134
v 2019.51 512.625 585.134
v 2017.47 518.961 585.134
v 2007.14 522.071 585.134
v 1992.49 517.361 585.134
v 1974.92 480.514 585.134
v 1979.22 467.127 585.134
v 2011.93 446.739 585.134
v 2007.78 459.653 585.134
v 2022.19 426.48 585.134
v 2019.03 436.309 585.134
v 1988.23 453.382 585.134
v 1992.38 440.455 585.134
v 1993.6 428.131 585.134
v 1996.76 418.302 585.134
v 2005.99 414.705 585.134
v 2015.71 417.828 585.134
v 1968.33 512.625 477.492
v 1972.59 499.353 477.492
v 1987.28 504.076 477.492
v 1983.02 517.348 477.492
v 1941.31 540.59 451.542
v 1948.89 519.255 451.542
v 1955.74 521.687 451.542
v 1948.14 543.022 451.542
v -2012.02 -2739.16 424.011
v -2011.91 -2748.43 424.011
v -1993.76 -2748.21 424.011
v -1993.86 -2738.94 424.011
v -1853.47 -2679.41 413.264
v -1853.77 -2691.2 413.264
v -1842.15 -2691.49 413.264
v -1841.85 -2679.71 413.264
v -1876.88 -2671.47 415.489
v -1870.31 -2665.56 415.489
v -1875.72 -2659.53 415.489
v -1879.94 -2658.48 415.489
v -1883.54 -2652.35 415.489
v -1866.99 -2677.75 415.489
v -1873.3 -2670.73 415.489
v -1876.78 -2686.55 415.489
v -1885.68 -2676.66 415.489
v -1888.38 -2671.23 415.489
v -1892.61 -2642.27 415.489
v -1900.43 -2649.29 415.489
v -1894.19 -2671.24 415.489
v -1899.79 -2652.57 415.489
v -1902.85 -2655.95 415.489
v -1907.31 -2656.06 415.489
v -1913.52 -2661.64 415.489
v -1912.07 -2666.59 415.489
v -1918.91 -2672.74 415.489
v -1910.46 -2682.13 415.489
v -1898.22 -2671.12 415.489
v -1900 -2669.14 415.489
v -1699.96 -2685.61 431.034
v -1693.38 -2679.7 431.034
v -1698.8 -2673.68 431.034
v -1703.02 -2672.62 431.034
v -1706.61 -2666.5 431.034
v -1690.06 -2691.9 431.034
v -1696.37 -2684.87 431.034
v -1699.85 -2700.71 431.034
v -1708.75 -2690.82 431.034
v -1711.46 -2685.38 431.034
v -1717.26 -2685.38 431.034
v -1715.68 -2656.41 431.034
v -1723.51 -2663.45 431.034
v -1722.87 -2666.71 431.034
v -1725.93 -2670.09 431.034
v -1730.39 -2670.22 431.034
v -1736.59 -2675.79 431.034
v -1721.29 -2685.27 431.034
v -1723.08 -2683.29 431.034
v -1733.53 -2696.27 431.034
v -1735.15 -2680.73 431.034
v -1741.97 -2686.87 431.034
v -1787.27 -2675.7 420.694
v -1780.7 -2669.81 420.694
v -1786.11 -2663.78 420.694
v -1790.33 -2662.73 420.694
v -1793.93 -2656.6 420.694
v -1777.36 -2682 420.694
v -1783.69 -2674.97 420.694
v -1787.17 -2690.8 420.694
v -1796.06 -2680.91 420.694
v -1798.77 -2675.47 420.694
v -1804.57 -2675.47 420.694
v -1802.99 -2646.51 420.694
v -1810.81 -2653.54 420.694
v -1810.18 -2656.82 420.694
v -1813.24 -2660.2 420.694
v -1817.69 -2660.31 420.694
v -1823.91 -2665.89 420.694
v -1808.61 -2675.37 420.694
v -1810.39 -2673.39 420.694
v -1820.84 -2686.38 420.694
v -1822.46 -2670.84 420.694
v -1829.28 -2676.97 420.694
v -1759.42 -2734.95 428.42
v -1759.91 -2742.97 428.42
v -1733.04 -2744.61 428.42
v -1732.55 -2736.58 428.42
v -1725.23 -2739.13 433.359
v -1727.31 -2748.43 433.359
v -1705.22 -2753.36 433.359
v -1703.14 -2744.06 433.359
v -1769.26 -2747.92 427.012
v -1772.5 -2759.19 427.012
v -1747.2 -2766.46 427.012
v -1743.96 -2755.19 427.012
v -1774.94 -2766.28 426.481
v -1778.16 -2777.55 426.481
v -1752.87 -2784.82 426.481
v -1749.63 -2773.55 426.481
v -1781.8 -2781.96 426.132
v -1785.03 -2793.23 426.132
v -1759.74 -2800.5 426.132
v -1756.5 -2789.22 426.132
v -1784.93 -2797.04 426.72
v -1788.17 -2808.31 426.72
v -1762.87 -2815.58 426.72
v -1759.63 -2804.3 426.72
v -1788.96 -2813.16 427.485
v -1792.2 -2824.44 427.485
v -1766.9 -2831.7 427.485
v -1763.66 -2820.42 427.485
v -1824.8 -2805.4 421.724
v -1828.04 -2816.67 421.724
v -1802.73 -2823.94 421.724
v -1799.49 -2812.66 421.724
v -1818.23 -2788.38 420.587
v -1821.47 -2799.65 420.587
v -1796.16 -2806.92 420.587
v -1792.93 -2795.65 420.587
v -1811.36 -2772.03 420.033
v -1814.6 -2783.31 420.033
v -1789.3 -2790.57 420.033
v -1786.06 -2779.29 420.033
v -1690.75 -2856.47 434.893
v -1710.84 -2851.45 434.893
v -1713.89 -2863.64 434.893
v -1693.8 -2868.66 434.893
v -1701.94 -2836.01 435.377
v -1704.13 -2844.77 435.377
v -1688.36 -2848.71 435.377
v -1686.17 -2839.96 435.377
v -1746.58 -2821.53 432.891
v -1748.7 -2830 432.891
v -1724.64 -2836.01 432.891
v -1722.52 -2827.54 432.891
v -1742.85 -2807.65 433.273
v -1745.09 -2816.6 433.273
v -1722.99 -2822.13 433.273
v -1720.76 -2813.18 433.273
v -1740.46 -2792.13 433.649
v -1742.34 -2799.64 433.649
v -1719.27 -2805.41 433.649
v -1717.38 -2797.9 433.649
v -1703.74 -2801.08 436.96
v -1705.48 -2808.07 436.96
v -1700.01 -2809.44 436.96
v -1698.26 -2802.45 436.96
v -1699.41 -2785.1 436.577
v -1701.65 -2794.1 436.577
v -1673.72 -2801.08 436.577
v -1671.48 -2792.09 436.577
v -1669.69 -2768.69 435.528
v -1696.78 -2761.92 435.528
v -1698.8 -2770.03 435.528
v -1671.73 -2776.8 435.528
v -1688.21 -2750.17 435.011
v -1690.13 -2757.86 435.011
v -1668.36 -2763.31 435.011
v -1666.43 -2755.62 435.011
v -1729.56 -2756.15 433.729
v -1732.16 -2766.51 433.729
v -1709.11 -2772.27 433.729
v -1706.52 -2761.91 433.729
v -1734.78 -2772.56 433.442
v -1736.69 -2780.15 433.442
v -1715.08 -2785.55 433.442
v -1713.19 -2777.96 433.442
v -1806.9 -2756.29 421.068
v -1809.04 -2764.86 421.068
v -1782.17 -2771.58 421.068
v -1780.02 -2763.01 421.068
v -1757.6 -2887.78 434.069
v -1753.93 -2897.83 434.069
v -1704.32 -2879.67 434.069
v -1707.99 -2869.63 434.069
v -1857.06 -2874.23 428.884
v -1863.7 -2878.55 428.884
v -1860.12 -2884.07 428.884
v -1853.47 -2879.76 428.884
v -1874.52 -2856.77 423.512
v -1870.49 -2864.68 423.512
v -1859.02 -2858.83 423.512
v -1863.05 -2850.92 423.512
v -1868.56 -2834.52 417.075
v -1868.81 -2839.23 417.075
v -1865.09 -2839.43 417.075
v -1864.84 -2834.72 417.075
v -1889.16 -2791.37 414.691
v -1899.9 -2821.24 414.691
v -1872.13 -2822.77 414.691
v -1870.67 -2796.34 414.691
v -1899.9 -2821.24 416.68
v -1900.45 -2831.05 416.68
v -1870.74 -2832.69 416.68
v -1870.19 -2822.87 416.68
v -1830.18 -2840.05 422.714
v -1832.14 -2846.58 422.714
v -1828.55 -2847.66 422.714
v -1826.59 -2841.12 422.714
v -1828.84 -2824.37 422.266
v -1831.32 -2832.68 422.266
v -1816.16 -2837.2 422.266
v -1813.66 -2828.91 422.266
v -1850.04 -2793.92 415.592
v -1854.82 -2809.89 415.592
v -1835.04 -2815.81 415.592
v -1830.26 -2799.83 415.592
v -1888.59 -2773.38 409.576
v -1898.56 -2769.74 409.576
v -1900.62 -2775.33 409.576
v -1890.65 -2778.99 409.576
v -1923.79 -2760.47 412.941
v -1925.74 -2765.78 412.941
v -1900.5 -2775.03 412.941
v -1898.56 -2769.74 412.941
v -1922.75 -2776.9 412.027
v -1924.67 -2782.75 412.027
v -1919.32 -2784.51 412.027
v -1917.39 -2778.65 412.027
v -1917.01 -2791.56 416.18
v -1926.02 -2818.93 416.18
v -1918.12 -2821.53 416.18
v -1909.12 -2794.16 416.18
v -1934.39 -2791.37 416.166
v -1941.39 -2812.66 416.166
v -1933.5 -2815.26 416.166
v -1926.5 -2793.97 416.166
v -1946.64 -2788.39 417.125
v -1953.64 -2809.68 417.125
v -1945.73 -2812.28 417.125
v -1938.73 -2790.99 417.125
v -1961.26 -2783.62 417.569
v -1968.26 -2804.9 417.569
v -1960.37 -2807.49 417.569
v -1953.37 -2786.22 417.569
v -1972.91 -2821.24 422.435
v -1979.91 -2842.53 422.435
v -1972.02 -2845.12 422.435
v -1965.01 -2823.83 422.435
v -1957.83 -2825.27 422.494
v -1964.84 -2846.56 422.494
v -1956.93 -2849.16 422.494
v -1949.93 -2827.86 422.494
v -1943.65 -2829.75 422.642
v -1950.65 -2851.04 422.642
v -1942.75 -2853.63 422.642
v -1935.75 -2832.34 422.642
v -1930.06 -2833.93 422.77
v -1937.06 -2855.22 422.77
v -1929.17 -2857.82 422.77
v -1922.17 -2836.53 422.77
v -1967.83 -2855.58 424.668
v -1970.78 -2864.54 424.668
v -1962.61 -2867.22 424.668
v -1959.66 -2858.27 424.668
v -1984.25 -2852.74 426.107
v -1992.09 -2876.55 426.107
v -1981.42 -2880.06 426.107
v -1973.59 -2856.24 426.107
v -1972.16 -2868.26 426.674
v -1976.99 -2882.96 426.674
v -1967.69 -2886.03 426.674
v -1962.84 -2871.33 426.674
v -1952.9 -2861.85 425.454
v -1955.76 -2870.54 425.454
v -1946.78 -2873.49 425.454
v -1943.92 -2864.79 425.454
v -1956.33 -2872.44 427.93
v -1961.18 -2887.2 427.93
v -1951.11 -2890.51 427.93
v -1946.26 -2875.76 427.93
v -1907.93 -2836.91 431.408
v -1928.41 -2901.51 431.408
v -1918.74 -2904.58 431.408
v -1898.26 -2839.97 431.408
v -1655.81 -2790.48 431.658
v -1656.57 -2803.41 431.658
v -1635.06 -2804.67 431.658
v -1634.31 -2791.74 431.658
v -1660.59 -2811.38 432.371
v -1661.2 -2821.77 432.371
v -1637.3 -2823.18 432.371
v -1636.69 -2812.78 432.371
v -1664.03 -2830.94 432.558
v -1664.7 -2842.51 432.558
v -1640.58 -2843.92 432.558
v -1639.91 -2832.34 432.558
v -1667.46 -2849.74 432.883
v -1668.13 -2861.12 432.883
v -1645.13 -2862.46 432.883
v -1644.47 -2851.09 432.883
v -1650.88 -2874.39 432.642
v -1671.88 -2882.58 432.642
v -1669.25 -2889.31 432.642
v -1648.25 -2881.12 432.642
v -1674.03 -2893.78 432.297
v -1670.01 -2904.08 432.297
v -1644.02 -2893.94 432.297
v -1648.04 -2883.64 432.297
v -2160.62 -2765.33 433.769
v -2170.44 -2761.53 433.769
v -2178.87 -2783.3 433.769
v -2169.05 -2787.1 433.769
v -2166.71 -2801.29 433.769
v -2156.6 -2805.2 433.769
v -2141.56 -2766.36 433.769
v -2151.66 -2762.44 433.769
v -2142.84 -2794.15 433.769
v -2136.35 -2777.37 433.769
v -2146.35 -2836.36 435.309
v -2156.41 -2833.21 435.309
v -2163.37 -2855.49 435.309
v -2153.32 -2858.64 435.309
v -2150.04 -2872.63 435.309
v -2139.7 -2875.87 435.309
v -2126.71 -2863.92 435.309
v -2121.33 -2846.76 435.309
v -2127.26 -2836.12 435.309
v -2137.6 -2832.88 435.309
v 2416.94 -28.7742 496.997
v 2414.63 -37.2208 496.997
v 2422 -39.2556 496.997
v 2424.32 -30.8091 496.997
v 2430.57 -42.5063 494.637
v 2424.74 -40.6122 494.637
v 2420.01 -55.1634 494.637
v 2425.85 -57.0575 494.637
v 2434.48 -32.9975 494.604
v 2437.76 -22.8744 494.604
v 2430.25 -20.4428 494.604
v 2426.96 -30.5659 494.604
v 2493.8 -8.61753 477.669
v 2492.08 -13.2248 477.669
v 2498.44 -15.5796 477.669
v 2500.16 -10.9723 477.669
v 2506.37 -27.8271 473.766
v 2504.88 -31.8457 473.766
v 2511.11 -34.1621 473.766
v 2512.6 -30.1436 473.766
v 2526.32 4.25715 468.22
v 2524.92 0.532963 468.22
v 2527.37 -0.375687 468.22
v 2528.75 3.3613 468.22
v 2543.44 -10.9595 463.06
v 2559.54 -16.9362 463.06
v 2561.31 -12.1753 463.06
v 2545.21 -6.18593 463.06
v 2581.43 -25.7027 458.698
v 2582.97 -21.5946 458.698
v 2560.87 -13.3783 458.698
v 2559.34 -17.4993 458.698
v 2568.23 -6.80023 456.449
v 2567.23 -15.2596 456.449
v 2589.6 -22.58 456.449
v 2594.05 -14.5685 456.449
v 2541.8 -16.3603 464.308
v 2539.27 -25.9971 464.308
v 2565.99 -33.0103 464.308
v 2568.53 -23.3735 464.308
v 2507.2 -149.547 457.234
v 2505.52 -153.975 457.234
v 2510.66 -155.946 457.234
v 2512.36 -151.505 457.234
v 2556.19 -42.084 460.141
v 2553.44 -47.7022 460.141
v 2572.66 -57.0703 460.141
v 2575.4 -51.4392 460.141
v 2546.69 -37.7455 463.1
v 2543.46 -44.3748 463.1
v 2548.48 -46.832 463.1
v 2551.72 -40.2027 463.1
v 2562.1 -56.008 455.596
v 2552.52 -75.6783 455.596
v 2572.76 -85.5454 455.596
v 2582.36 -65.8368 455.596
v 2594.61 -77.8667 443.966
v 2588.62 -90.1782 443.966
v 2618.05 -70.1624 443.966
v 2606.41 -64.493 443.966
v 2597.57 -112.178 443.966
v 2576.56 -90.4342 443.966
v 2572.03 -99.7254 443.966
v 2585.11 -113.125 435.911
v 2578.57 -132.027 435.911
v 2591.03 -136.34 435.911
v 2597.57 -117.438 435.911
v 2583.3 -134.868 431.291
v 2577.99 -146.22 431.291
v 2586.14 -150.021 431.291
v 2591.45 -138.669 431.291
v 2582.34 -148.255 434.913
v 2569.07 -142.048 434.913
v 2566.25 -148.088 434.913
v 2574.69 -164.623 434.913
v 2558.02 -165.698 434.913
v 2570.61 -171.585 434.913
v 2561.43 -158.416 434.913
v 2550.91 -157.776 439.078
v 2549.65 -161.795 439.078
v 2558.02 -165.698 439.078
v 2569.07 -142.048 439.078
v 2560.19 -137.901 439.078
v 2529.8 -129.595 451.99
v 2522.78 -144.633 451.99
v 2550.91 -157.776 451.99
v 2557.94 -142.739 451.99
v 2556.87 -234.524 427.322
v 2568.42 -207.431 427.322
v 2554.53 -201.519 427.322
v 2542.99 -228.611 427.322
v 2568.75 -186.494 424.591
v 2561.15 -204.334 424.591
v 2568.42 -207.431 424.591
v 2576.02 -189.591 424.591
v 2545.11 -181.529 435.733
v 2540.7 -191.792 435.733
v 2551.96 -196.63 435.733
v 2556.37 -186.366 435.733
v 2532.28 -168.897 449.124
v 2521.14 -164.111 449.124
v 2512.49 -184.28 449.124
v 2523.63 -189.054 449.124
v 2534.34 -179.942 449.124
v 2536.97 -173.824 449.124
v 2471.1 -150.392 471.739
v 2467.91 -155.946 471.739
v 2475.33 -160.208 471.739
v 2478.51 -154.641 471.739
v 2480.63 -137.069 469.605
v 2477.03 -142.905 469.605
v 2498.66 -156.24 469.605
v 2502.26 -150.417 469.605
v 2489.67 -122.416 473.538
v 2480.02 -116.465 473.538
v 2469.84 -132.948 473.538
v 2479.49 -138.899 473.538
v 2499.08 -125.794 465.376
v 2488.96 -142.201 465.376
v 2503.46 -151.16 465.376
v 2513.59 -134.74 465.376
v 2499.08 -125.794 468.958
v 2490.75 -120.663 468.958
v 2480.63 -137.069 468.958
v 2488.96 -142.201 468.958
v 2494.2 -115.083 467.433
v 2490.75 -120.663 467.433
v 2513.59 -134.74 467.433
v 2521.88 -121.29 467.433
v 2517.32 -118.474 467.433
v 2505.82 -96.2316 467.088
v 2494.2 -115.083 467.088
v 2502.84 -120.407 467.088
v 2523.4 -119.178 467.088
v 2528.82 -110.412 467.088
v 2518.53 -95.2334 465.228
v 2526.03 -79.6328 465.228
v 2516.91 -75.256 465.228
v 2509.41 -90.8565 465.228
v 2553.62 -92.8914 456.408
v 2540.09 -86.3901 456.408
v 2532.59 -101.965 456.408
v 2546.13 -108.466 456.408
v 2545.24 -75.6655 456.725
v 2540.09 -86.3901 456.725
v 2561.44 -96.6539 456.725
v 2566.59 -85.9294 456.725
v 2523.09 -78.2251 463.209
v 2540.09 -86.3901 463.209
v 2545.68 -74.7313 463.209
v 2528.7 -66.5662 463.209
v 2528.62 -66.7326 465.731
v 2521.65 -63.3796 465.731
v 2516.13 -74.872 465.731
v 2523.09 -78.2251 465.731
v 2494.48 -76.2158 472.804
v 2486.56 -89.3592 472.804
v 2497.39 -95.886 472.804
v 2505.31 -82.7427 472.804
v 2490.59 -43.0822 477.359
v 2481.19 -64.1219 477.359
v 2499.77 -72.4277 477.359
v 2509.17 -51.3752 477.359
v 2285.48 -530.966 455.366
v 2274.42 -550.814 455.366
v 2283.23 -555.716 455.366
v 2294.27 -535.854 455.366
v 2293.38 -495.133 471.983
v 2284.82 -527.318 471.983
v 2295.17 -530.07 471.983
v 2303.73 -497.884 471.983
v 2304.43 -456.613 474.193
v 2296.96 -484.677 474.193
v 2306.01 -487.083 474.193
v 2313.47 -459.019 474.193
v 2407.82 -385.177 468.786
v 2385.96 -413.997 468.786
v 2403.92 -427.614 468.786
v 2427.44 -396.58 468.786
v 2414.36 -386.662 468.786
v 2422.65 -449.459 453.374
v 2448.06 -418.643 453.374
v 2432.67 -405.96 453.374
v 2407.27 -436.777 453.374
v 2382.91 -461.207 447.69
v 2400.8 -475.95 447.69
v 2422.65 -449.459 447.69
v 2404.75 -434.703 447.69
v 2370.71 -451.148 452.696
v 2382.91 -461.207 452.696
v 2390.77 -451.673 452.696
v 2378.57 -441.614 452.696
v 2322.2 -441.089 471.427
v 2325.63 -455.269 471.427
v 2341.1 -451.519 471.427
v 2337.67 -437.34 471.427
v 2367.87 -546.489 408.789
v 2350.59 -567.796 408.789
v 2358.18 -573.952 408.789
v 2375.48 -552.657 408.789
v 2351.98 -534.984 422.677
v 2334.77 -556.176 422.677
v 2346.76 -565.902 422.677
v 2363.96 -544.71 422.677
v 2340.26 -521.112 436.109
v 2320.11 -541.715 436.109
v 2327.29 -548.741 436.109
v 2347.45 -528.137 436.109
v 2373.04 -465.814 488.948
v 2343.8 -501.391 488.948
v 2372.06 -524.631 488.948
v 2401.3 -489.054 488.948
v 2317.93 -492.202 461.658
v 2309.38 -524.823 461.658
v 2320.05 -527.626 461.658
v 2328.6 -495.005 461.658
v 787.483 -686.376 541.292
v 780.38 -716.577 541.292
v 851.436 -733.303 541.292
v 858.549 -703.089 541.292
v 1225.16 -1140.4 475.366
v 1237.97 -1135.65 475.366
v 1218.69 -1083.71 475.366
v 1172.86 -1084.9 475.366
v 1173.66 -1115.96 475.366
v 1210.66 -1115 475.366
v 1315.07 -684.661 543.37
v 1308.13 -686.901 543.37
v 1318.82 -719.969 543.37
v 1325.76 -717.729 543.37
v 1329.56 -720.864 543.37
v 1346.03 -715.541 543.37
v 1333.44 -676.599 543.37
v 1316.97 -681.91 543.37
v 1346.62 -711.433 543.37
v 1353 -709.36 543.37
v 1341.95 -675.178 543.37
v 1335.56 -677.239 543.37
v 2186.68 -296.119 525.191
v 2169.26 -320.716 525.191
v 2193.28 -337.724 525.191
v 2213.04 -314.778 525.191
v 2223.01 -323.071 525.191
v 2238.62 -334.128 525.191
v 2219.93 -360.516 525.191
v 2209.49 -353.107 525.191
v 2258.56 -298.32 526.707
v 2251.9 -293.956 526.707
v 2249.92 -316.557 526.707
v 2254.46 -309.608 526.707
v 2234.66 -320.294 526.707
v 2241.32 -324.645 526.707
v 2248.94 -290.744 526.707
v 2242.28 -286.393 526.707
v 2225.04 -312.73 526.707
v 2231.7 -317.081 526.707
v 2238.72 -284.985 526.707
v 2232.06 -280.634 526.707
v 2227.96 -278.599 526.707
v 2221.3 -274.248 526.707
v 2214.82 -306.971 526.707
v 2221.48 -311.322 526.707
v 2204.07 -300.585 526.707
v 2210.72 -304.936 526.707
v 2212.53 -282.144 526.707
v 2207.97 -289.093 526.707
v 2135.64 -237.583 548.519
v 2121.7 -227.152 548.519
v 2106.03 -234.294 548.519
v 2095.86 -238.645 548.519
v 2116.08 -263.715 548.519
v 2159.09 -253.848 536.62
v 2154.64 -260.426 536.62
v 2177.21 -262.743 536.62
v 2170.33 -258.097 536.62
v 2180.71 -278.061 536.62
v 2185.18 -271.471 536.62
v 2173.01 -287.557 536.62
v 2177.46 -280.967 536.62
v 2151.39 -263.344 536.62
v 2146.94 -269.935 536.62
v 2167.1 -297.693 536.62
v 2171.55 -291.102 536.62
v 2145.48 -273.48 536.62
v 2141.03 -280.071 536.62
v 2160.55 -308.353 536.62
v 2165.01 -301.763 536.62
v 2142.25 -299.625 536.62
v 2149.12 -304.271 536.62
v 2138.93 -284.14 536.62
v 2134.48 -290.731 536.62
v 2281.46 -239.515 525.262
v 2264.69 -228.189 525.262
v 2247.3 -253.9 525.262
v 2264.07 -265.238 525.262
v 2267.97 -281.069 525.262
v 2277.45 -287.481 525.262
v 2302.75 -250.06 525.262
v 2292.88 -243.38 525.262
v 2290.06 -246.323 525.262
v 2282.75 -241.383 525.262
v 2204.07 -191.344 537.694
v 2199.61 -197.935 537.694
v 2222.18 -200.239 537.694
v 2215.3 -195.593 537.694
v 2225.69 -215.558 537.694
v 2230.14 -208.967 537.694
v 2196.36 -200.84 537.694
v 2191.9 -207.431 537.694
v 2217.98 -225.066 537.694
v 2222.44 -218.476 537.694
v 2212.07 -235.189 537.694
v 2216.52 -228.611 537.694
v 2190.45 -210.976 537.694
v 2185.99 -217.567 537.694
v 2205.53 -245.863 537.694
v 2209.98 -239.272 537.694
v 2187.21 -237.122 537.694
v 2194.09 -241.78 537.694
v 2183.91 -221.637 537.694
v 2179.44 -228.227 537.694
v 2134.53 -161.615 557.491
v 2130.06 -168.193 557.491
v 2141.01 -151.864 557.491
v 2136.55 -158.454 557.491
v 2126.81 -171.111 557.491
v 2122.36 -177.702 557.491
v 2120.9 -181.247 557.491
v 2116.45 -187.838 557.491
v 2114.36 -191.908 557.491
v 2109.9 -198.498 557.491
v 2117.67 -207.393 557.491
v 2124.55 -212.038 557.491
v 2135.97 -216.121 557.491
v 2140.44 -209.53 557.491
v 2142.52 -205.46 557.491
v 2146.98 -198.87 557.491
v 2148.43 -195.325 557.491
v 2152.89 -188.734 557.491
v 2158.53 -161.795 557.491
v 2151.65 -157.136 557.491
v 2156.14 -185.829 557.491
v 2160.6 -179.238 557.491
v 2162.62 -176.09 557.491
v 2167.08 -169.499 557.491
v 2239.93 -139.821 559.037
v 2244.87 -143.097 559.037
v 2252.44 -145.516 559.037
v 2254.57 -138.823 559.037
v 2189.38 -95.6429 559.037
v 2185.79 -106.918 559.037
v 2258.9 -117.796 559.037
v 2268.9 -116.375 526.128
v 2295.13 -124.732 526.128
v 2300.55 -107.724 526.128
v 2274.32 -99.3671 526.128
v 2274.54 -98.676 557.278
v 2202.87 -75.8319 557.278
v 2197.23 -93.544 557.278
v 2268.9 -116.375 557.278
v 2202.87 -75.8319 566.204
v 2187.68 -70.9943 566.204
v 2180.71 -92.8786 566.204
v 2195.9 -97.7161 566.204
v 2200.34 -32.3192 566.335
v 2190.78 -62.3174 566.335
v 2227.85 -74.1298 566.335
v 2237.41 -44.1316 566.335
v 2203.81 -21.4282 565.551
v 2200.34 -32.3192 565.551
v 2231.27 -42.1864 565.551
v 2234.75 -31.2954 565.551
v 2246.66 -30.3867 542.082
v 2239.97 -51.3752 542.082
v 2294.31 -68.6907 542.082
v 2300.99 -47.7022 542.082
v 2319.52 339.746 536.806
v 2337.65 335.612 536.806
v 2342.08 355.027 536.806
v 2338.29 377.449 536.806
v 2328.3 380.982 536.806
v 2317.34 350.048 536.806
v 2328.3 380.982 532.387
v 2310.01 387.458 532.387
v 2296.92 350.522 532.387
v 2315.21 344.033 532.387
v 2398.88 345.262 546.262
v 2396.41 337.775 546.262
v 2405.12 334.895 546.262
v 2407.59 342.382 546.262
v 2394.03 336.802 546.717
v 2396.05 336.687 546.717
v 2398.88 345.262 546.717
v 2399.96 354.732 546.717
v 2369.23 364.869 546.717
v 2363.43 356.959 546.717
v 2360.59 348.385 546.717
v 2362.68 339.016 546.717
v 2390.24 329.929 546.717
v 2363.32 346.938 546.717
v 2414.76 322.686 568.871
v 2410.65 308.262 568.871
v 2444.34 298.676 568.871
v 2456.56 341.64 568.871
v 2422.97 351.2 568.871
v 2418.64 335.996 568.871
v 2437.59 330.595 568.871
v 137.076 -2514.1 523.472
v 125.254 -2532.01 523.472
v 115.124 -2543.16 523.472
v 111.072 -2564.44 523.472
v 182.35 -2577.27 523.472
v 192.146 -2557.68 523.472
v 201.263 -2544.5 523.472
v 200.283 -2523.63 523.472
v 113.766 -2572.55 527.262
v 85.7356 -2703.28 527.262
v 119.632 -2712.43 527.262
v 145.982 -2577.31 527.262
v 215.579 -2564.13 488.725
v 190.242 -2697.9 488.725
v 208.822 -2702.63 488.725
v 254.763 -2634.73 488.725
v 268.945 -2573.58 488.725
v 74.3699 -2730.67 526.675
v 70.6518 -2748.91 526.675
v 108.823 -2755.66 526.675
v 112.875 -2737.76 526.675
v 147.34 -2595.21 511.863
v 127.069 -2702.29 511.863
v 143.956 -2706 511.863
v 164.906 -2598.59 511.863
v 89.5761 -2666.15 536.48
v 100.385 -2612.1 536.48
v 90.9231 -2610.41 536.48
v 83.153 -2617.33 536.48
v 75.0489 -2651.79 536.48
v 77.5759 -2664.12 536.48
v -1261 2015.32 577.104
v -1249.32 2011.55 577.104
v -1239.75 2041.19 577.104
v -1251.42 2044.95 577.104
v -1247.48 2086.77 586.764
v -1258.25 2090.89 586.764
v -1281.71 2029.62 586.764
v -1264.98 2023.22 586.764
v -1252.59 2055.59 586.764
v -1273.33 2074.16 586.876
v -1283.34 2048.04 586.876
v -1275.9 2045.2 586.876
v -1265.91 2071.32 586.876
v -1242.45 1992.05 567.627
v -1271.92 1968.35 567.627
v -1264.84 1959.53 567.627
v -1235.36 1983.23 567.627
v -1239.29 1973.68 563.793
v -1259.76 1957.21 563.793
v -1253.37 1949.26 563.793
v -1232.89 1965.72 563.793
v -1241.18 1953.41 561.104
v -1264.2 1937.15 561.104
v -1258.36 1928.89 561.104
v -1235.35 1945.15 561.104
v -1300.73 1936.94 574.661
v -1284.62 1943.72 574.661
v -1296.08 1970.93 574.661
v -1312.18 1964.15 574.661
v -1314.91 1957.75 574.661
v -1307.48 1940.11 574.661
v -1326.49 1957.21 574.661
v -1334.5 1953.83 574.661
v -1322.8 1926.88 574.661
v -1314.45 1930.4 574.661
v -1330.21 1943.64 574.661
v -1327.74 1938.63 574.661
v -1358.56 1901.47 581.167
v -1344.32 1909.67 581.167
v -1357.73 1932.93 581.167
v -1369.03 1926.41 581.167
v -1369.77 1920.9 581.167
v -1414.11 1891.13 581.167
v -1409.22 1882.66 581.167
v -1357.52 1979.16 583.842
v -1380.81 1957.52 583.842
v -1366.59 1942.22 583.842
v -1343.29 1963.87 583.842
v -1296.71 2013.38 580.075
v -1314.44 1996.89 580.075
v -1308.95 1990.99 580.075
v -1291.23 2007.46 580.075
v -1291.02 2052.7 586.794
v -1306.67 2014.85 586.794
v -1279.4 2040.18 586.794
v -1340.7 2006.54 586.794
v -1335.17 2000.58 586.794
v -1322.26 2001.97 586.794
v -1329.86 2026.68 588.853
v -1389.4 1971.35 588.853
v -1384.38 1965.95 588.853
v -1324.84 2021.27 588.853
v -922.541 1887.22 523.425
v -929.609 1887.11 523.425
v -932.893 1872.62 523.425
v -932.715 1861.9 523.425
v -918.912 1885.52 523.425
v -914.247 1884.84 523.425
v -928.975 1848.87 523.425
v -921.906 1848.99 523.425
v -918.344 1851.45 523.425
v -903.65 1887.35 523.425
v -911.988 1887.21 523.425
v -898.518 1862.47 523.425
v -898.696 1873.18 523.425
v -913.713 1852.04 523.425
v -911.342 1848 523.425
v -903.004 1848.14 523.425
v -1193.46 1932.64 550.154
v -1187.85 1916.56 550.154
v -1168.14 1923.42 550.154
v -1173.76 1939.51 550.154
v -1216 1910.85 550.246
v -1208.54 1893.08 550.246
v -1190.45 1900.67 550.246
v -1197.91 1918.44 550.246
v -1240.78 1893.22 550.368
v -1240.78 1873.67 550.368
v -1220.78 1873.67 550.368
v -1220.78 1893.22 550.368
v -1272.89 1920.69 559.446
v -1279.8 1903.46 559.446
v -1260.09 1895.55 559.446
v -1253.17 1912.78 559.446
v -1203.6 1962.7 557.749
v -1254.91 1925.33 557.749
v -1248.65 1916.74 557.749
v -1197.34 1954.1 557.749
v -1181.86 1977.05 554.698
v -1185.3 1976.82 554.698
v -1184.81 1969.88 554.698
v -1181.37 1970.13 554.698
v -1194.74 1985.29 557.313
v -1194.39 1980.33 557.313
v -1182.35 1981.17 557.313
v -1182.71 1986.14 557.313
v -1220.64 2077.57 576.416
v -1231.08 2045.17 576.416
v -1219.73 2041.51 576.416
v -1209.28 2073.91 576.416
v -1202.13 2069.81 571.18
v -1212.57 2037.42 571.18
v -1201.22 2033.74 571.18
v -1190.77 2066.14 571.18
v -1233.18 2039.5 572.501
v -1243.63 2007.1 572.501
v -1232.26 2003.43 572.501
v -1221.81 2035.83 572.501
v -1213.91 2030.43 567.256
v -1224.36 1998.03 567.256
v -1213 1994.37 567.256
v -1202.55 2026.77 567.256
v -1139.81 1994.47 560.156
v -1151.35 2034.37 560.156
v -1174.5 2031.48 560.156
v -1170.03 1995.64 560.156
v -1160.04 1991.94 560.156
v -1169.61 1986.34 553.791
v -1166.45 1964.74 553.791
v -1127.4 1970.43 553.791
v -1130.55 1992.05 553.791
v -1113.45 2025.83 552.882
v -1081.99 1986.34 552.882
v -1074.93 1991.98 552.882
v -1106.38 2031.45 552.882
v -1451.9 1895.14 589.203
v -1445.17 1888.1 589.203
v -1384.58 1945.96 589.203
v -1391.3 1952.99 589.203
v -1407.98 1964.39 593.756
v -1470.89 1909.29 593.756
v -1464.38 1901.84 593.756
v -1401.46 1956.94 593.756
v -1324.47 1833.67 573.943
v -1375.88 1842.78 573.943
v -1377.73 1832.32 573.943
v -1326.33 1823.21 573.943
v -1431.73 1856.05 584.855
v -1433.74 1844.71 584.855
v -1377.3 1834.72 584.855
v -1375.3 1846.06 584.855
v -1377.54 1807.68 582.446
v -1420.68 1814.7 582.446
v -1423.46 1797.62 582.446
v -1412.98 1769.49 582.446
v -1392.61 1766.17 582.446
v -1364.89 1788.1 582.446
v -1363.5 1796.64 582.446
v -1326.47 1799.02 566.79
v -1341.68 1801.77 566.79
v -1317.13 1781.41 557.784
v -1327.97 1783.36 557.784
v -1328.71 1779.17 557.784
v -1317.89 1777.22 557.784
v -1344.46 1786.33 566.79
v -1317.13 1781.41 566.79
v -1315.28 1791.71 566.79
v -1336.04 1777.08 563.371
v -1377.84 1756.02 563.371
v -1387.39 1742 563.371
v -1369.87 1730.07 563.371
v -1360.3 1744.1 563.371
v -1329.86 1767.34 563.371
v -1528.76 1831.12 601.899
v -1529.22 1823.44 601.899
v -1466.67 1819.7 601.899
v -1466.21 1827.4 601.899
v -1520.43 1761.63 595.812
v -1520.33 1770.13 595.812
v -1529.93 1773.11 595.812
v -1538.13 1773.2 595.812
v -1538.29 1758.65 595.812
v -1530.1 1758.55 595.812
v -1538.92 1795.14 600.412
v -1539.9 1782.61 600.412
v -1490.34 1778.73 600.412
v -1489.36 1791.26 600.412
v -1501.8 1744.21 589.84
v -1491.35 1752.54 589.84
v -1491.25 1763.28 589.84
v -1504.8 1763.41 589.84
v -1513.47 1755.91 589.84
v -1523.01 1748.66 589.84
v -1523.18 1730.8 589.84
v -1510.81 1730.68 589.84
v -1500.06 1728.19 589.84
v -1492.14 1728.11 589.84
v -1492.02 1740.68 589.84
v -1499.94 1740.74 589.84
v -1462.33 1804.7 589.491
v -1462.8 1793.53 589.491
v -1433.37 1792.31 589.491
v -1432.91 1803.47 589.491
v -1469.28 1807.54 593.508
v -1483.54 1808.13 593.508
v -1484.06 1795.59 593.508
v -1469.8 1795 593.508
v -1530.11 1810.08 600.827
v -1530.57 1799.01 600.827
v -1483.99 1797.06 600.827
v -1483.54 1808.13 600.827
v -1460.25 1771.26 583.333
v -1458.64 1761.25 583.333
v -1429.49 1765.88 583.333
v -1431.08 1775.89 583.333
v -1460.25 1771.26 587.2
v -1486.52 1767.07 587.2
v -1484.84 1756.52 587.2
v -1458.57 1760.71 587.2
v -1433.31 1736.59 572.026
v -1397.01 1742.15 572.026
v -1398.59 1752.44 572.026
v -1434.88 1746.9 572.026
v -1474.87 1740.65 578.5
v -1473.32 1730.48 578.5
v -1433.31 1736.59 578.5
v -1434.87 1746.77 578.5
v -4307.97 3216.1 605.513
v -4307.91 3227.07 605.513
v -4322.3 3227.15 605.513
v -4322.36 3216.17 605.513
v -4321.74 3210.94 605.513
v -4308.27 3210.88 605.513
v -4325.89 3211.08 605.513
v -4344.55 3211.17 605.513
v -4287.96 3212.28 605.513
v -4304.98 3212.36 605.513
v -4281.84 3187.73 605.513
v -4281.75 3206.84 605.513
v -4305.13 3183.34 605.513
v -4288.12 3183.25 605.513
v -4310.3 3187.87 605.513
v -4321.86 3188.03 605.513
v -4344.69 3181.41 605.513
v -4326.03 3181.3 605.513
v -4347.33 3209.45 605.513
v -4346.85 3213.93 605.513
v -4346.78 3226.1 605.513
v -4361.8 3226.17 605.513
v -4361.87 3214.01 605.513
v -4362.46 3209.53 605.513
v -4366.81 3210.64 605.513
v -4382.76 3210.72 605.513
v -4349.57 3188.17 605.513
v -4360.97 3186.99 605.513
v -4388.28 3206.24 605.513
v -4388.38 3187.12 605.513
v -4382.92 3181.16 605.513
v -4366.97 3181.09 605.513
v -2503.49 -405.103 534.113
v -2504.96 -420.613 534.113
v -2462.41 -424.645 534.113
v -2460.94 -409.134 534.113
v -2531.01 -404.565 516.612
v -2540.5 -401.532 516.612
v -2543.88 -412.09 516.612
v -2545.36 -415.776 516.612
v -2548.99 -427.115 516.612
v -2517.62 -409.377 516.612
v -2527.62 -406.178 516.612
v -2539.22 -430.237 516.612
v -2535.55 -433.001 516.612
v -2525.72 -436.15 516.612
v -2522.61 -426.436 516.612
v -2521.18 -420.524 516.612
v -2558.04 -385.561 506.532
v -2567.52 -382.528 506.532
v -2570.9 -393.086 506.532
v -2572.38 -396.772 506.532
v -2576 -408.11 506.532
v -2544.63 -390.373 506.532
v -2554.65 -387.174 506.532
v -2566.25 -411.233 506.532
v -2562.58 -414.01 506.532
v -2552.75 -417.145 506.532
v -2549.63 -407.432 506.532
v -2548.21 -401.532 506.532
v -2581.26 -360.44 487.687
v -2590.75 -357.406 487.687
v -2594.13 -367.952 487.687
v -2595.61 -371.65 487.687
v -2599.23 -382.989 487.687
v -2567.86 -365.251 487.687
v -2577.87 -362.052 487.687
v -2589.47 -386.111 487.687
v -2585.8 -388.876 487.687
v -2575.97 -392.024 487.687
v -2572.86 -382.311 487.687
v -2571.43 -376.398 487.687
v -2538.4 -336.585 506.597
v -2547.89 -333.539 506.597
v -2551.27 -344.097 506.597
v -2552.75 -347.796 506.597
v -2556.38 -359.134 506.597
v -2525.01 -341.397 506.597
v -2535.01 -338.185 506.597
v -2546.61 -362.257 506.597
v -2542.94 -365.021 506.597
v -2533.11 -368.169 506.597
v -2528.57 -352.543 506.597
v -2530.01 -358.443 506.597
v -2560.12 -309.979 493.996
v -2569.61 -306.946 493.996
v -2572.99 -317.504 493.996
v -2574.47 -321.189 493.996
v -2578.1 -332.528 493.996
v -2546.73 -314.791 493.996
v -2556.73 -311.591 493.996
v -2568.33 -335.651 493.996
v -2564.67 -338.415 493.996
v -2554.83 -341.563 493.996
v -2551.72 -331.85 493.996
v -2550.3 -325.937 493.996
v -2529.06 -379.431 536.333
v -2521.9 -382.208 536.333
v -2452.2 -382.067 536.333
v -2445.57 -365.008 536.333
v -2509.02 -338.927 536.333
v -2512.76 -337.481 536.333
v 2996.11 2459.84 570.65
v 2991.54 2448.44 570.65
v 3008.72 2441.58 570.65
v 3013.27 2452.97 570.65
v 3013.48 2455.52 570.65
v 2998.71 2461.43 570.65
v 2975.65 2451.33 572.037
v 2971.09 2439.93 572.037
v 2988.26 2433.07 572.037
v 2992.82 2444.47 572.037
v 2993.03 2447.01 572.037
v 2978.25 2452.92 572.037
v 3009.69 2435.75 563.506
v 3003.23 2417.1 563.506
v 3015.8 2412.77 563.506
v 3022.25 2431.4 563.506
v 2959.67 2422.02 569.029
v 2955.61 2410.28 569.029
v 2971.31 2404.84 569.029
v 2979.52 2402.31 569.029
v 2993.12 2397.61 569.029
v 2968.16 2419.81 569.029
v 3024.69 2430.86 569.029
v 2997.09 2395.6 569.029
v 3023.41 2386.49 569.029
v 3043.72 2445.16 569.029
v 3037.57 2447.29 569.029
v 3034.31 2445.91 569.029
v 3030.44 2442.03 569.029
v 3064.77 2740.6 557.235
v 3069.7 2725.67 557.235
v 3079.46 2728.9 557.235
v 3074.53 2743.82 557.235
v 3066.42 2719.11 557.993
v 3069.59 2709.03 557.993
v 3085.71 2714.1 557.993
v 3082.53 2724.19 557.993
v 3153.38 2710.71 555.518
v 3149.8 2720.9 555.518
v 3149.68 2725.92 555.518
v 3137.87 2705.28 555.518
v 3145.9 2736.73 555.518
v 3137.83 2737.4 555.518
v 3112.11 2728.4 555.518
v 3104.31 2722.16 555.518
v 3107.49 2713.06 555.518
v 3119.92 2699.58 555.518
v 3135.56 2705.06 555.518
v 3110.64 2712.24 555.518
v 3116.55 2709.18 555.518
v 3036.77 2654.41 568.846
v 3031.04 2652.45 568.846
v 3010.4 2633.7 568.846
v 3009.95 2630.04 568.846
v 3014.86 2624.64 568.846
v 3019.51 2625.15 568.846
v 3023.51 2620.75 568.846
v 3056.46 2675.19 568.846
v 3036.85 2657.37 568.846
v 3027.05 2619.59 568.846
v 3045.22 2636.11 568.846
v 3044.49 2639.81 568.846
v 3040.48 2644.22 568.846
v 3041.67 2649.01 568.846
v 3081.35 2697.74 568.846
v 3061.74 2679.91 568.846
v 3089.57 2692.74 568.846
v 3084.91 2697.87 568.846
v 3094.14 2685.71 568.846
v 3090.34 2689.91 568.846
v 3077.57 2666.49 568.846
v 3094.83 2682.19 568.846
v 3070.39 2671.78 568.846
v 3074.21 2667.58 568.846
v 3045.51 2649.24 568.846
v 3049.32 2645.04 568.846
v 3052.68 2643.95 568.846
v 3069.96 2659.65 568.846
v 3069.25 2663.17 568.846
v 3065.45 2667.37 568.846
v 3065.98 2671.3 568.846
v 3063.35 2589.62 564.758
v 3068.45 2587 564.758
v 3062.72 2593.49 564.758
v 3067.15 2606.19 564.758
v 3062.82 2597.74 564.758
v 3070.69 2609.57 564.758
v 3079.48 2608.93 564.758
v 3074.96 2611.25 564.758
v 3072.33 2586.76 564.758
v 3069.01 2580.3 564.758
v 3078.87 2575.25 564.758
v 3081.82 2576.2 564.758
v 3095.78 2603.45 564.758
v 3094.39 2605.55 564.758
v 3084.11 2610.81 564.758
v 3080.34 2603.44 564.758
v 3081.1 2624.36 561.01
v 3086.2 2621.74 561.01
v 3080.46 2628.23 561.01
v 3084.89 2640.92 561.01
v 3080.57 2632.48 561.01
v 3088.45 2644.31 561.01
v 3097.24 2643.67 561.01
v 3092.71 2645.99 561.01
v 3090.07 2621.5 561.01
v 3086.76 2615.04 561.01
v 3096.62 2609.99 561.01
v 3099.58 2610.94 561.01
v 3113.54 2638.19 561.01
v 3112.13 2640.29 561.01
v 3101.87 2645.55 561.01
v 3098.1 2638.18 561.01
v 3048.26 2540.54 568.242
v 3042.1 2533.56 568.242
v 3056.17 2521.15 568.242
v 3062.34 2528.12 568.242
v 3065.75 2528.63 568.242
v 3074.89 2528.02 568.242
v 3076.26 2548.6 568.242
v 3043.28 2548.46 568.242
v 3046.68 2541.08 568.242
v 3067.12 2549.22 568.242
v 3067.95 2550.87 568.242
v 3064.56 2558.24 568.242
v 3024.84 2588.67 574.57
v 3019.06 2595.59 574.57
v 3018.02 2596.94 574.57
v 3033.18 2577.62 574.57
v 3025.41 2586.93 574.57
v 3027.88 2573.19 574.57
v 3024.74 2573.64 574.57
v 3009.76 2606.82 574.57
v 3018.99 2569.84 574.57
v 3003.91 2601.93 574.57
v 3004.35 2598.5 574.57
v 2998.91 2593.92 574.57
v 2995.68 2594.74 574.57
v 2990.17 2590.14 574.57
v 3014.22 2561.33 574.57
v 3019.72 2565.92 574.57
v 2994.06 2583.2 574.57
v 3007.94 2566.55 574.57
v 2979.82 2545.77 577.096
v 2985 2549.42 577.096
v 2980.42 2555.92 577.096
v 2975.24 2552.29 577.096
v 2960.26 2566.95 579.907
v 2955.12 2574.24 579.907
v 2952.01 2576.26 579.907
v 2943.3 2570.12 579.907
v 2965.46 2559.88 579.907
v 2961.61 2565.36 579.907
v 2965.67 2538.35 579.907
v 2974.39 2544.48 579.907
v 2973.43 2548.69 579.907
v 2968.52 2555.66 579.907
v 2947.44 2595.62 579.797
v 2942.14 2604.22 579.797
v 2940.97 2606.22 579.797
v 2935.48 2615.13 579.797
v 2933.22 2617.85 579.797
v 2927.88 2626.49 579.797
v 2926.36 2629.21 579.797
v 2921 2637.91 579.797
v 2919.52 2640.27 579.797
v 2913.62 2649.84 579.797
v 2895.9 2638.9 579.797
v 2901.81 2629.33 579.797
v 2903.08 2626.85 579.797
v 2908.45 2618.15 579.797
v 2909.57 2615.18 579.797
v 2914.9 2606.54 579.797
v 2917.65 2604.11 579.797
v 2923.14 2595.21 579.797
v 2923.74 2592.85 579.797
v 2929.05 2584.26 579.797
v 2954.81 2583.94 579.797
v 2948.71 2593.81 579.797
v 2931.36 2583.1 579.797
v 2937.45 2573.24 579.797
v 2978.03 2806.16 559.307
v 2975.02 2797.34 559.307
v 2981.4 2815.76 559.307
v 2978.95 2808.56 559.307
v 3004.87 2807.78 559.307
v 3002.41 2800.57 559.307
v 2999.03 2789.16 559.307
v 3002.04 2797.98 559.307
v 2975.28 2794.87 559.307
v 2972.95 2788.02 559.307
v 2994.7 2780.61 559.307
v 2997.03 2787.46 559.307
v 2968.15 2762.35 560.983
v 2992.33 2754.11 560.983
v 2994.81 2761.4 560.983
v 2974.01 2779.56 560.983
v 2996.58 2764.53 560.983
v 2998.82 2771.11 560.983
v 2995.59 2860.04 555.042
v 3006.69 2854.06 555.042
v 3011.02 2851.98 555.042
v 3018.14 2848.15 555.042
v 3023.41 2857.94 555.042
v 2985.86 2878.18 555.042
v 2950.71 2870.19 555.042
v 2915.54 2877.83 555.042
v 2912.64 2868.85 555.042
v 2991.32 2862.42 555.042
v 2949.22 2857.05 555.042
v 2072.43 1410.43 412.082
v 2047.35 1365.63 412.082
v 2056.22 1363.06 412.082
v 2081.3 1405.45 412.082
v -732.73 2885.57 658.439
v -733.431 2879.42 658.439
v -734.7 2872.62 658.439
v -730.515 2869.86 658.439
v -721.498 2868.17 658.439
v -716.366 2869.19 658.439
v -715.097 2875.99 658.439
v -712.648 2881.23 658.439
v -735.624 2873.07 658.439
v -734.355 2879.88 658.439
v -749.773 2873.74 658.439
v -740.756 2872.05 658.439
v -752.689 2883.3 658.439
v -753.958 2876.5 658.439
v -751.988 2889.44 658.439
v -713.349 2875.09 658.439
v -714.618 2868.3 658.439
v -710.444 2865.53 658.439
v -701.416 2863.84 658.439
v -696.284 2864.87 658.439
v -695.015 2871.66 658.439
v -691.898 2877.35 658.439
v -690.44 2885.16 658.439
v -692.232 2887.36 658.439
v -708.429 2890.39 658.439
v -710.51 2889.5 658.439
v -712.303 2891.68 658.439
v -728.5 2894.72 658.439
v -729.769 2893.37 658.439
v -755.038 2877.04 658.439
v -753.758 2883.85 658.439
v -769.187 2877.71 658.439
v -760.17 2876.03 658.439
v -772.092 2887.28 658.439
v -773.361 2880.47 658.439
v -731.561 2895.56 658.439
v -769.933 2901.22 658.439
v -771.391 2893.41 658.439
v -750.975 2899.54 658.439
v -767.172 2902.56 658.439
v -749.183 2897.34 658.439
v -747.758 2898.6 658.439
v -784.905 2701.75 628.316
v -787.555 2696.17 628.316
v -790.961 2690.14 628.316
v -787.9 2686.17 628.316
v -779.907 2681.65 628.316
v -774.731 2680.96 628.316
v -771.324 2686.98 628.316
v -766.693 2691.29 628.316
v -769.343 2685.71 628.316
v -772.749 2679.69 628.316
v -769.688 2675.72 628.316
v -761.695 2671.21 628.316
v -756.508 2670.5 628.316
v -753.101 2676.53 628.316
v -748.315 2680.9 628.316
v -744.407 2687.82 628.316
v -745.387 2690.47 628.316
v -759.725 2698.59 628.316
v -762.619 2698.27 628.316
v -763.599 2700.93 628.316
v -777.948 2709.03 628.316
v -780.408 2708.69 628.316
v -793.087 2691.7 628.316
v -789.681 2697.73 628.316
v -806.267 2696.92 628.316
v -798.275 2692.4 628.316
v -805.911 2706.91 628.316
v -809.329 2700.89 628.316
v -781.966 2711.67 628.316
v -799.355 2719.41 628.316
v -803.262 2712.49 628.316
v -796.304 2719.78 628.316
v -748.226 2725.4 634.585
v -750.875 2719.82 634.585
v -754.281 2713.79 634.585
v -751.22 2709.82 634.585
v -743.227 2705.31 634.585
v -738.051 2704.61 634.585
v -734.645 2710.63 634.585
v -729.847 2715.01 634.585
v -725.939 2721.92 634.585
v -726.919 2724.58 634.585
v -741.268 2732.69 634.585
v -743.25 2733.71 634.585
v -744.24 2736.37 634.585
v -758.578 2744.49 634.585
v -759.38 2747.33 634.585
v -755.361 2716.4 634.585
v -751.955 2722.43 634.585
v -760.37 2749.99 634.585
v -774.708 2758.1 634.585
v -777.759 2757.72 634.585
v -781.666 2750.81 634.585
v -760.549 2717.11 634.585
v -768.541 2721.61 634.585
v -768.196 2731.61 634.585
v -771.603 2725.58 634.585
v -765.536 2737.19 634.585
v -784.326 2745.23 634.585
v -787.733 2739.2 634.585
v -784.672 2735.23 634.585
v -776.679 2730.72 634.585
v -771.491 2730.02 634.585
v -768.085 2736.04 634.585
v -758.3 2795.56 651.124
v -759.001 2789.43 651.124
v -760.281 2782.62 651.124
v -756.096 2779.87 651.124
v -747.079 2778.18 651.124
v -741.947 2779.2 651.124
v -740.678 2786 651.124
v -738.229 2791.24 651.124
v -738.93 2785.11 651.124
v -740.199 2778.3 651.124
v -736.014 2775.53 651.124
v -726.997 2773.85 651.124
v -721.865 2774.86 651.124
v -720.596 2781.67 651.124
v -717.479 2787.36 651.124
v -716.01 2795.17 651.124
v -717.802 2797.37 651.124
v -733.999 2800.39 651.124
v -736.092 2799.49 651.124
v -737.884 2801.7 651.124
v -754.081 2804.73 651.124
v -755.35 2803.38 651.124
v -761.205 2783.08 651.124
v -759.936 2789.88 651.124
v -775.354 2783.75 651.124
v -766.337 2782.06 651.124
v -778.26 2793.31 651.124
v -779.54 2786.51 651.124
v -757.142 2805.57 651.124
v -777.569 2799.45 651.124
v -773.339 2808.61 651.124
v -774.764 2807.35 651.124
v -776.556 2809.54 651.124
v -792.753 2812.58 651.124
v -780.608 2787.05 651.124
v -779.339 2793.85 651.124
v -795.514 2811.23 651.124
v -796.972 2803.42 651.124
v -794.768 2787.72 651.124
v -785.74 2786.03 651.124
v -797.674 2797.28 651.124
v -798.943 2790.48 651.124
v -746.355 2841.91 655.905
v -747.057 2835.78 655.905
v -748.326 2828.99 655.905
v -744.151 2826.22 655.905
v -735.123 2824.53 655.905
v -729.991 2825.56 655.905
v -728.722 2832.35 655.905
v -726.273 2837.59 655.905
v -749.25 2829.43 655.905
v -747.981 2836.23 655.905
v -763.409 2830.1 655.905
v -754.381 2828.41 655.905
v -766.315 2839.66 655.905
v -767.584 2832.86 655.905
v -765.614 2845.81 655.905
v -726.975 2831.46 655.905
v -728.255 2824.65 655.905
v -724.069 2821.89 655.905
v -715.052 2820.2 655.905
v -709.92 2821.22 655.905
v -708.64 2828.03 655.905
v -705.523 2833.71 655.905
v -704.065 2841.52 655.905
v -705.857 2843.72 655.905
v -722.054 2846.74 655.905
v -724.147 2845.84 655.905
v -725.939 2848.05 655.905
v -742.136 2851.08 655.905
v -743.405 2849.74 655.905
v -768.664 2833.4 655.905
v -767.395 2840.21 655.905
v -782.812 2834.07 655.905
v -773.796 2832.38 655.905
v -785.718 2843.63 655.905
v -786.998 2836.83 655.905
v -745.198 2851.92 655.905
v -783.558 2857.58 655.905
v -785.028 2849.77 655.905
v -764.601 2855.89 655.905
v -780.798 2858.93 655.905
v -762.808 2853.7 655.905
v -761.395 2854.96 655.905
v -812.835 2717.95 641.866
v -809.229 2724.35 641.866
v -810.153 2727.3 641.866
v -824.869 2735.58 641.866
v -822.119 2706.87 641.866
v -818.357 2713.56 641.866
v -835.767 2712.96 641.866
v -826.238 2707.61 641.866
v -827.674 2736.07 641.866
v -833.841 2722.28 641.866
v -837.604 2715.57 641.866
v -830.146 2739.28 641.866
v -843.381 2746.73 641.866
v -848.202 2747.61 641.866
v -851.608 2741.56 641.866
v -831.849 2728.64 641.866
v -842.179 2719.64 641.866
v -838.138 2726.82 641.866
v -854.625 2740.01 641.866
v -865.723 2746.24 641.866
v -854.87 2724.97 641.866
v -845.764 2719.85 641.866
v -856.272 2727.57 641.866
v -872.503 2746.15 641.866
v -876.488 2739.06 641.866
v -874.273 2735.48 641.866
v -868.117 2732.01 641.866
v -865.4 2731.36 641.866
v -859.467 2728.01 641.866
v -874.885 2777.21 657.289
v -873.115 2784.49 657.289
v -892.596 2781.51 657.289
v -890.826 2788.8 657.289
v -890.403 2802.41 657.289
v -892.117 2795.35 657.289
v -885.772 2802.71 657.289
v -871.768 2799.3 657.289
v -850.94 2794.91 657.289
v -864.276 2798.15 657.289
v -870.688 2782.03 657.289
v -871.879 2777.16 657.289
v -855.092 2773.07 657.289
v -853.901 2777.95 657.289
v -830.691 2789.65 657.289
v -844.316 2792.96 657.289
v -827.919 2779.74 657.289
v -826.205 2786.81 657.289
v -849.738 2778.65 657.289
v -851.508 2771.36 657.289
v -833.797 2767.06 657.289
v -832.027 2774.34 657.289
v -565.65 2404.66 555.926
v -568.589 2407.72 555.926
v -577.038 2408.77 555.926
v -581.959 2406.67 555.926
v -584.129 2404.78 555.926
v -587.458 2377.78 555.926
v -558.982 2403.92 555.926
v -585.766 2375.77 555.926
v -581.447 2372.93 555.926
v -573.009 2371.89 555.926
v -569.458 2373.76 555.926
v -562.834 2372.67 555.926
v -546.348 2404.82 555.926
v -554.797 2405.85 555.926
v -559.205 2370.03 555.926
v -550.767 2368.98 555.926
v -542.674 2401.91 555.926
v -543.665 2372.79 555.926
v -540.347 2399.79 555.926
v -546.526 2370.67 555.926
v -572.519 2349.24 550.747
v -575.458 2352.3 550.747
v -583.907 2353.35 550.747
v -588.827 2351.25 550.747
v -590.998 2349.35 550.747
v -594.315 2322.36 550.747
v -565.851 2348.5 550.747
v -592.634 2320.35 550.747
v -588.315 2317.51 550.747
v -579.877 2316.47 550.747
v -576.326 2318.34 550.747
v -569.702 2317.25 550.747
v -553.216 2349.39 550.747
v -561.665 2350.43 550.747
v -566.073 2314.6 550.747
v -557.624 2313.55 550.747
v -549.542 2346.49 550.747
v -550.533 2317.36 550.747
v -547.216 2344.36 550.747
v -553.394 2315.24 550.747
v -578.552 1600.16 443.769
v -578.118 1551.62 443.769
v -527.312 1552.06 443.769
v -527.735 1600.63 443.769
v -1043.87 1531.62 428.738
v -1041.19 1524.03 428.738
v -1037.31 1525.4 428.738
v -1039.99 1532.99 428.738
v -1039.37 1518.9 426.009
v -1036.14 1520.04 426.009
v -1037.96 1525.17 426.009
v -1041.19 1524.03 426.009
v -1030.48 1526.2 425.474
v -1037.46 1523.73 425.474
v -1030.43 1503.87 425.474
v -1023.46 1506.34 425.474
v -973.102 1544.5 429.405
v -981.117 1544.31 429.405
v -980.961 1537.73 429.405
v -972.957 1537.92 429.405
v -988.831 1546.55 429.928
v -988.631 1537.74 429.928
v -980.961 1537.92 429.928
v -981.173 1546.73 429.928
v -985.358 1522.86 426.842
v -985.703 1537.81 426.842
v -994.008 1537.61 426.842
v -993.663 1522.68 426.842
v -971.621 1523.02 422.559
v -971.377 1512.39 422.559
v -965.042 1512.54 422.559
v -965.287 1523.16 422.559
v -973.002 1531.47 425.366
v -972.835 1524.02 425.366
v -965.788 1524.17 425.366
v -965.966 1531.64 425.366
v -979.97 1535.82 426.573
v -979.67 1522.83 426.573
v -972.813 1523 426.573
v -973.102 1535.98 426.573
v -963.695 1520.9 426.404
v -956.983 1521.05 426.404
v -957.284 1534.18 426.404
v -963.996 1534.03 426.404
v -963.695 1520.9 422.097
v -963.206 1499.36 422.097
v -955.046 1499.55 422.097
v -955.536 1521.08 422.097
v -979.67 1522.83 422.434
v -979.213 1502.8 422.434
v -971.165 1502.98 422.434
v -971.621 1523.02 422.434
v -992.961 1522.69 422.168
v -992.505 1502.5 422.168
v -984.902 1502.68 422.168
v -985.358 1522.86 422.168
v -1003.71 1521.93 421.67
v -1003.26 1502.39 421.67
v -994.976 1502.57 421.67
v -995.422 1522.13 421.67
v 78.8004 1905.77 483.424
v 78.6223 1894.17 483.424
v 94.6189 1893.93 483.424
v 94.7859 1905.51 483.424
v 104.771 1908.17 483.424
v 104.916 1917.74 483.424
v 69.0488 1918.27 483.424
v 68.9041 1908.71 483.424
v 98.8156 1927.98 483.424
v 75.4608 1928.33 483.424
v 14.313 1871.96 494.266
v 5.45198 1871.95 494.266
v -5.32374 1868.27 494.266
v -5.31261 1845.46 494.266
v 4.93991 1841.95 494.266
v 14.3353 1841.95 494.266
v 35.6641 1867.46 494.266
v 17.2964 1867.45 494.266
v 17.3075 1848.52 494.266
v 35.6864 1848.54 494.266
v -71.3585 1914.91 485.856
v -73.1284 1917.99 485.856
v -80.1304 1918.13 485.856
v -84.1045 1918.4 485.856
v -90.4832 1918.53 485.856
v -56.9203 1912.37 485.856
v -66.3157 1912.55 485.856
v -57.2654 1895.16 485.856
v -66.6608 1895.35 485.856
v -103.285 1896.91 485.856
v -95.4591 1896.76 485.856
v -102.929 1914.64 485.856
v -95.1029 1914.49 485.856
v -92.2643 1915.33 485.856
v -52 1972.52 483.77
v -48.9387 1974.31 483.77
v -48.8497 1981.31 483.77
v -48.6159 1985.29 483.77
v -48.5491 1991.67 483.77
v -54.4268 1958.06 483.77
v -54.3154 1967.45 483.77
v -71.6368 1958.26 483.77
v -71.5254 1967.66 483.77
v -70.2564 2004.29 483.77
v -70.3566 1996.47 483.77
v -52.5232 2004.08 483.77
v -52.6234 1996.25 483.77
v -51.7551 1993.43 483.77
v -54.9611 2040.28 482.913
v -55.4175 2022.07 482.913
v -47.0463 2021.86 482.913
v -46.601 2040.08 482.913
v -1831.94 -20.5324 551.429
v -1845.96 -26.0354 551.429
v -1836.31 -50.5434 551.429
v -1822.3 -45.0275 551.429
v -1872.99 -217.733 566.381
v -1879.74 -222.801 566.381
v -1874.92 -229.238 566.381
v -1868.17 -224.171 566.381
v -1939.38 -154.692 551.657
v -1938.72 -160.937 551.657
v -1927.07 -159.734 551.657
v -1927.71 -153.476 551.657
v -1871.19 -34.2645 551
v -1862.96 -59.1819 551
v -1842.79 -52.5142 551
v -1851.02 -27.5968 551
v -1736.91 -51.452 562.596
v -1721.53 -85.0975 562.596
v -1708.7 -79.2233 562.596
v -1724.07 -45.6162 562.596
v -1734.24 -23.783 562.596
v -1791.99 -50.1978 562.596
v -1743.14 -49.3531 562.596
v -1777.88 -81.0534 562.596
v -1765.1 -75.2048 562.596
v -1872.19 -243.098 570.187
v -1867.88 -255.218 570.187
v -1853.94 -250.252 570.187
v -1831.16 -241.87 570.187
v -1815.92 -236.444 570.187
v -1820.11 -224.682 570.187
v -1835.87 -225.041 570.187
v -1859.87 -233.59 570.187
v -1923.88 -225.194 564.861
v -1924.14 -239.822 564.861
v -1897.14 -244.468 564.861
v -1880.78 -240.603 564.861
v -1880.52 -225.975 564.861
v -1962.62 -164.329 550.413
v -1977.78 -158.915 550.413
v -1988.37 -160.412 550.413
v -1949.66 -169.281 550.413
v -1931.8 -198.204 550.413
v -1934.65 -178.035 550.413
v -1945.3 -200.111 550.413
v -1954.43 -189.425 550.413
v -1959.34 -187.544 550.413
v -1968.3 -183.563 550.413
v -1974.54 -181.849 550.413
v -1986.34 -174.797 550.413
v -1990.27 -166.325 550.413
v -1989.22 -173.837 550.413
v -1903.57 -195.849 558.86
v -1887.22 -193.533 558.86
v -1873.31 -164.098 558.86
v -1875.57 -148.178 558.86
v -1904.53 -189.079 558.86
v -1911.25 -153.258 558.86
v -1904.89 -185.419 558.86
v -1908.99 -169.179 558.86
v -1906.03 -177.433 558.86
v -1831.36 -167.49 565.861
v -1843.72 -159.248 565.861
v -1857.76 -166.427 565.861
v -1858.82 -182.796 565.861
v -1821.18 -166.095 565.861
v -1819.41 -163.497 565.861
v -1809.19 -170.267 565.861
v -1817.19 -164.802 565.861
v -1808.24 -173.108 565.861
v -1807.31 -171.751 565.861
v -1816.54 -187.697 565.861
v -1808.77 -184.383 565.861
v -1868.31 -191.025 565.861
v -1868.31 -205.588 565.861
v -1858.18 -215.097 565.861
v -1847.32 -209.965 565.861
v -1848.28 -189.335 565.861
v -1831.44 -179.647 565.861
v -1810.32 -155.639 566.591
v -1811.71 -161.347 566.591
v -1792.57 -165.941 566.591
v -1790.08 -155.588 566.591
v -1806.01 -151.761 566.591
v -1805.7 -138.618 566.591
v -1807.22 -144.927 566.591
v -1785.97 -143.366 566.591
v -1787.49 -149.675 566.591
v -1810.78 -140.563 563.986
v -1805.27 -136.519 563.986
v -1803.91 -130.862 563.986
v -1827.5 -125.193 563.986
v -1828.86 -130.85 563.986
v -1825.21 -137.095 563.986
v -1828.69 -138.925 563.986
v -1812.27 -153.553 563.986
v -1809.85 -143.455 563.986
v -1831.78 -151.748 563.986
v -1819.29 -154.743 563.986
v -1890.27 -30.0156 545.635
v -1914.9 -36.7089 545.635
v -1922.18 -102.886 545.635
v -1881.31 -126.383 545.635
v -1863.18 -129.967 545.635
v -1844.5 -96.8075 545.635
v -1700.6 21.2656 548.987
v -1674.03 -38.8973 548.987
v -1634.6 -21.4794 548.987
v -1661.17 38.6836 548.987
v -1703.81 -76.9965 565.472
v -1745.43 -96.0268 565.472
v -1738.91 -110.271 565.472
v -1697.3 -91.2276 565.472
v -1794.16 -58.9643 555.028
v -1798.09 -48.9052 555.028
v -1839.45 -65.0177 555.028
v -1835.52 -75.0896 555.028
v -1807.79 -69.2026 555.028
v -1795.74 -64.5058 555.028
v -1810.2 -94.5807 561.148
v -1823.47 -101.901 561.148
v -1811.2 -124.144 561.148
v -1797.86 -116.99 561.148
v -1795.4 -115.633 561.148
v -1805.97 -96.4492 561.148
v -1793.33 -96.8075 559.152
v -1788.15 -93.9536 559.152
v -1784.41 -89.2184 559.152
v -1795.35 -69.3818 559.152
v -1810.56 -77.7643 559.152
v -1799.62 -97.601 559.152
v -1726.06 -162.281 575.142
v -1718.5 -159.222 575.142
v -1709.57 -155.447 575.142
v -1721.16 -128.047 575.142
v -1748.15 -139.462 575.142
v -1753.13 -160.195 575.142
v -1764.97 -167.63 575.142
v -1759.16 -181.401 575.142
v -1745.09 -175.463 575.142
v -1907.4 79.6498 522.95
v -1913.11 78.4724 522.95
v -1909.62 61.4767 522.95
v -1873.88 68.8099 522.95
v -1876.89 83.5404 522.95
v -1822.95 66.8646 523.128
v -1820.87 56.7671 523.128
v -1804.89 60.0689 523.128
v -1809.2 80.9296 523.128
v -1825.17 77.6277 523.128
v -1823.43 69.1811 523.128
v -1865.05 66.8774 521.94
v -1854.62 69.1811 521.94
v -1833.72 75.2089 521.94
v -1836.3 86.8423 521.94
v -1855.36 87.7637 521.94
v -1869.01 84.7434 521.94
v -1838.37 46.8102 526.376
v -1828.3 49.0371 526.376
v -1833.38 71.9326 526.376
v -1845.22 69.3219 526.376
v -1843.75 62.6413 526.376
v -1779.46 48.2436 524.907
v -1772.55 48.1412 524.907
v -1766.28 51.4047 524.907
v -1776.01 70.0897 524.907
v -1787.67 64.0107 524.907
v -1792.64 59.7746 524.907
v -1789.73 54.1819 524.907
v -1788.91 52.9149 524.907
v -1786.26 47.8213 524.907
v -1807.27 97.9253 519.785
v -1804.67 92.9469 519.785
v -1812.12 106.59 519.785
v -1808.47 99.5635 519.785
v -1799.82 115.817 519.785
v -1811.48 109.738 519.785
v -1776.01 70.0897 519.785
v -1787.67 64.0107 519.785
v -1794.84 70.1281 519.785
v -1792.25 65.1369 519.785
v -1803.87 91.2448 519.785
v -1801.27 86.2664 519.785
v -1797.68 75.4905 519.785
v -1795.09 70.5121 519.785
v -1800.58 83.4124 519.785
v -1797.99 78.4212 519.785
v -1796.05 15.6473 534.956
v -1771.99 23.71 534.956
v -1776.39 36.879 534.956
v -1800.47 28.8163 534.956
v -1852.87 -3.39599 539.612
v -1796.05 15.6473 539.612
v -1803.85 38.8883 539.612
v -1860.66 19.845 539.612
v -1860.85 20.4209 540.606
v -1879.74 14.0859 540.606
v -1876.64 4.80746 540.606
v -1873.62 1.09607 540.606
v -1852.87 -3.39599 540.606
v -1876.79 -4.91894 540.606
v -1874.83 -10.7676 540.606
v -1907.37 54.1051 534.32
v -1959.63 73.5196 534.32
v -1991.27 17.0807 534.32
v -1985.9 -0.0813358 534.32
v -1882.14 -15.3108 534.32
v -1887.96 4.10358 534.32
v 4362.41 -151.915 687.487
v 4353.3 -168.936 687.487
v 4359.84 -172.429 687.487
v 4368.94 -155.408 687.487
v 4367.4 -189.041 691.916
v 4363.67 -187.864 691.916
v 4358.23 -202.632 691.916
v 4362.67 -204.04 691.916
v 4356.04 -192.087 691.916
v 4354.74 -196.208 691.916
v 4348.18 -199.471 689.639
v 4358.23 -202.632 689.639
v 4359.76 -197.782 689.639
v 4361.77 -193.891 689.639
v 4363.67 -187.864 689.639
v 4352.58 -184.383 689.639
v 4351.57 -187.62 689.639
v 4359.75 251.157 568.185
v 4358.49 214.349 568.185
v 4388.65 207.182 568.185
v 4393.13 274.961 568.185
v 4366.88 281.194 568.185
v 4387.78 203.509 566.91
v 4388.65 207.182 566.91
v 4358.49 214.349 566.91
v 4345.21 181.061 566.91
v 4361.08 174.714 566.91
v 4372.56 191.607 575.285
v 4366.59 159.509 575.285
v 4377.71 157.436 575.285
v 4383.68 189.534 575.285
v 4385.4 177.721 575.287
v 4384.69 166.203 575.287
v 4399.32 165.307 575.287
v 4400.03 176.825 575.287
v 4398.33 158.166 581.276
v 4392.86 159.663 581.276
v 4380.17 161.007 581.276
v 4397.5 149.809 581.276
v 4399.13 155.824 581.276
v 4371.96 152.79 581.276
v 4394.36 146.673 581.276
v 4373.09 156.937 581.276
v 4416.04 151.6 585.716
v 4415.66 146.02 585.716
v 4426.66 145.278 585.716
v 4427.04 150.845 585.716
v 4383.31 135.769 587.286
v 4380.48 130.24 587.286
v 4386.9 126.964 587.286
v 4389.73 132.493 587.286
v 4401.83 130.547 589.337
v 4391.86 130.983 589.337
v 4391.67 126.516 589.337
v 4401.63 126.081 589.337
v 4417.2 129.05 591.547
v 4403.46 129.652 591.547
v 4403.27 125.275 591.547
v 4417.01 124.686 591.547
v 4435.02 135.065 595.07
v 4415.85 122.485 595.07
v 4420.35 115.638 595.07
v 4439.52 128.218 595.07
v 4444.66 122.037 604.316
v 4441.18 109.955 604.316
v 4465.96 102.789 604.316
v 4469.45 114.87 604.316
v 4473.89 123.457 598.538
v 4474.52 132.608 598.538
v 4449.89 134.285 598.538
v 4449.27 125.134 598.538
v 4493.94 131.469 601.155
v 4474.53 132.787 601.155
v 4473.89 123.457 601.155
v 4493.31 122.139 601.155
v 4472.58 134.732 596.634
v 4486.4 133.785 596.634
v 4487.22 145.777 596.634
v 4482.48 155.286 596.634
v 4474.03 155.862 596.634
v 4467.36 173.395 594.711
v 4406 177.58 594.711
v 4404.29 152.407 594.711
v 4474.51 162.863 594.711
v 4472.58 134.732 594.711
v 4446.2 136.524 594.711
v 4280.15 -85.0335 650.64
v 4271.59 -81.5013 650.64
v 4269.4 -86.8252 650.64
v 4277.95 -90.3446 650.64
v 4289.55 -88.9112 651.191
v 4280.15 -85.0335 651.191
v 4277.89 -90.4982 651.191
v 4287.3 -94.3887 651.191
v 4282.54 -102.195 651.441
v 4266.42 -107.276 651.441
v 4269.34 -116.593 651.441
v 4285.48 -111.525 651.441
v 4227.15 -98.612 644.406
v 4226.16 -107.506 644.406
v 4239.6 -109.004 644.406
v 4240.59 -100.109 644.406
v 4205.81 -109.644 636.204
v 4204.96 -107.302 636.204
v 4199.68 -109.209 636.204
v 4200.53 -111.563 636.204
v 4186.85 -116.529 640.941
v 4192.06 -130.901 640.941
v 4227.43 -118.052 640.941
v 4221.14 -100.698 640.941
v 4208.79 -105.177 640.941
v 4230.73 -75.6271 649.605
v 4232.33 -69.0746 649.605
v 4223.71 -66.963 649.605
v 4222.11 -73.5155 649.605
v 4216.7 -72.1845 647.968
v 4214.42 -81.5013 647.968
v 4228.46 -84.9311 647.968
v 4230.73 -75.6271 647.968
v 4338.96 16.6327 637.575
v 4335.26 5.47295 637.575
v 4359.12 -2.47454 637.575
v 4362.84 8.69802 637.575
v 4275.67 -20.8395 648.144
v 4272.7 -29.7596 648.144
v 4322.99 -46.512 648.144
v 4325.97 -37.5791 648.144
v 4285.78 -6.83862 644.584
v 4281.21 -20.5452 644.584
v 4317.81 -32.7415 644.584
v 4322.38 -19.0222 644.584
v 4293.69 15.5577 634.782
v 4289.13 1.83835 634.782
v 4325.73 -10.3452 634.782
v 4330.29 3.3741 634.782
v 4301.16 36.0088 627.59
v 4296.6 22.2894 627.59
v 4333.19 10.1058 627.59
v 4337.75 23.8252 627.59
v 4306.87 53.7979 620.768
v 4302.31 40.0913 620.768
v 4338.91 27.9077 620.768
v 4343.47 41.6143 620.768
v 4173.33 -245.261 599.571
v 4174.32 -232.387 599.571
v 4160.22 -231.299 599.571
v 4159.23 -244.173 599.571
v 4180.68 -223.723 603.574
v 4163.26 -222.379 603.574
v 4162.54 -231.478 603.574
v 4179.98 -232.822 603.574
v 4161.31 -202.376 608.664
v 4159.94 -220.05 608.664
v 4185.02 -221.995 608.664
v 4186.39 -204.309 608.664
v 4153.41 -191.767 617.878
v 4172.64 -202.773 617.878
v 4187.88 -202.824 617.878
v 4201.91 -178.291 617.878
v 4160.11 -154.397 617.878
v 4146.08 -178.931 617.878
v 4195.67 -163.215 617.878
v 4175.65 -151.761 617.878
v 4205.02 -206.42 623.084
v 4201.96 -212.038 623.084
v 4212.06 -217.541 623.084
v 4218.76 -205.23 623.084
v 4212.66 -201.903 623.084
v 4213.42 -179.673 626.857
v 4213.26 -194.608 626.857
v 4223.4 -194.71 626.857
v 4223.55 -179.775 626.857
v 4223.41 -210.579 629.945
v 4220.7 -221.982 629.945
v 4230.17 -224.235 629.945
v 4233.9 -208.57 629.945
v 4226.7 -206.855 629.945
v 4252.07 -198.985 642.533
v 4262.16 -197.308 642.533
v 4259.94 -183.973 642.533
v 4247.74 -186.008 642.533
v 4248.49 -190.577 642.533
v 4243.57 -139.821 641.138
v 4244.31 -152.785 641.138
v 4254.47 -152.209 641.138
v 4253.73 -139.232 641.138
v 4290.95 -143.954 653.279
v 4290.55 -136.89 653.279
v 4276.61 -137.696 653.279
v 4277.01 -144.748 653.279
v 4290.01 -127.279 653.169
v 4274.32 -128.175 653.169
v 4274.69 -134.51 653.169
v 4281.19 -137.428 653.169
v 4290.55 -136.89 653.169
v 4257.76 -173.709 647.866
v 4258.94 -183.436 647.866
v 4273.71 -181.644 647.866
v 4272.54 -171.918 647.866
v 4292.24 -201.749 662.121
v 4292.34 -211.45 662.121
v 4304.19 -211.335 662.121
v 4304.09 -201.621 662.121
v 4300.56 -201.659 659.692
v 4300.45 -190.577 659.692
v 4285.68 -190.73 659.692
v 4285.79 -201.813 659.692
v 4316.72 -177.433 665.593
v 4313.76 -164.162 665.593
v 4303.89 -166.376 665.593
v 4306.85 -179.647 665.593
v 4303.89 -166.376 665.955
v 4299.11 -167.438 665.955
v 4302.54 -182.808 665.955
v 4317.19 -179.545 665.955
v 4316.72 -177.433 665.955
v 4377.78 -85.7758 676.002
v 4381.37 -94.8878 676.002
v 4384.27 -93.736 676.002
v 4380.69 -84.6368 676.002
v 4359.39 -91.5988 668.491
v 4363.11 -91.3044 668.491
v 4362.55 -84.5856 668.491
v 4358.85 -84.8927 668.491
v 4358.34 -78.9161 667.296
v 4353 -79.3513 667.296
v 4354.05 -92.0467 667.296
v 4359.39 -91.5988 667.296
v 4375.4 -75.9215 670.8
v 4363.45 -77.7132 670.8
v 4364.71 -86.1085 670.8
v 4376.66 -84.3168 670.8
v 4378.83 -77.2652 675.477
v 4382.25 -85.6478 675.477
v 4397.34 -79.5048 675.477
v 4393.93 -71.1223 675.477
v 4396.77 -59.3227 670.351
v 4406.01 -55.5729 670.351
v 4402.57 -47.1135 670.351
v 4398.24 -42.6343 670.351
v 4391.15 -45.5138 670.351
v 4391.22 -61.5879 669.041
v 4396.77 -59.3227 669.041
v 4392.71 -49.3531 669.041
v 4387.15 -51.6056 669.041
v 4386.8 -50.7353 668.258
v 4382.86 -52.335 668.258
v 4387.28 -63.1876 668.258
v 4391.22 -61.5879 668.258
v 4364.95 -61.4343 667.17
v 4368.96 -71.327 667.17
v 4381.81 -66.1055 667.17
v 4377.78 -56.2128 667.17
v 4327.78 -70.6999 656.965
v 4340.43 -71.6982 656.965
v 4341.36 -60.0905 656.965
v 4328.7 -59.0923 656.965
v 4313.44 -59.6554 652.588
v 4312.66 -69.433 652.588
v 4325.79 -70.4824 652.588
v 4326.57 -60.692 652.588
v 4284.28 -74.3601 651.435
v 4274.73 -70.4824 651.435
v 4271.19 -79.2105 651.435
v 4280.74 -83.0882 651.435
v 4284.63 -83.8305 651.435
v 4297.73 -78.8905 651.435
v 4294.75 -70.9815 651.435
v 4301.65 -89.0648 655.145
v 4300.31 -98.1129 655.145
v 4310.47 -99.5974 655.145
v 4311.8 -90.5494 655.145
v 4322.84 -103.987 662.98
v 4322.99 -115.339 662.98
v 4332.9 -115.211 662.98
v 4332.74 -103.859 662.98
v 4348.08 -113.688 673.981
v 4351.81 -122.058 673.981
v 4359.57 -118.589 673.981
v 4355.83 -110.232 673.981
v 4359.99 -127.625 699.326
v 4356.52 -134.267 699.326
v 4356.77 -141.613 699.326
v 4393.04 -160.566 699.326
v 4402.57 -142.355 699.326
v 4366.29 -123.401 699.326
v 2112.51 14.6746 618.865
v 2104.48 21.2528 618.865
v 2079.88 -8.71991 618.865
v 2091.22 -18.024 618.865
v 2112.28 29.6994 588.629
v 2122.63 24.1323 588.629
v 2134.87 46.823 588.629
v 2122.69 53.3884 588.629
v 2117.78 44.2763 588.629
v 2090.11 38.4532 600.624
v 2106 34.1915 600.624
v 2108.8 44.6986 600.624
v 2109.01 46.4903 600.624
v 2110.72 52.8253 600.624
v 2089.16 40.3729 600.624
v 2109.88 57.2662 600.624
v 2096.13 60.952 600.624
v 2089.32 32.7581 600.624
v 2085.65 19.0643 600.624
v 2093.79 57.6245 600.624
v 2074.7 21.9951 600.624
v 2069.22 28.65 600.624
v 2092.93 61.8478 600.624
v 2084.84 64.0107 600.624
v 2082.14 53.9387 600.624
v 2066.05 38.9907 600.624
v 2064.22 32.1438 600.624
v 2080.12 53.9515 600.624
v 2082.9 64.2667 600.624
v 2075.13 66.3399 600.624
v 2058.24 46.068 600.624
v 2065.62 44.0843 600.624
v 2060.89 55.9608 600.624
v 2063.7 68.9635 600.624
v 2060.94 58.6611 600.624
v 2068.39 67.6965 600.624
v 2016.64 153.61 555.907
v 2056.46 130.547 555.907
v 2095.88 198.62 555.907
v 2080.67 207.425 555.907
v 2039.59 193.245 555.907
v 2060.73 193.104 554.33
v 2037.98 154.019 554.33
v 2038.19 149.156 554.33
v 2047.88 143.525 554.33
v 2089.5 193.488 554.33
v 2081.68 198.044 554.33
v 2050.55 144.523 554.33
v 2058.36 139.967 554.33
v 2061.95 143.346 554.33
v 2085.92 184.568 554.33
v 2102.69 78.2804 611.663
v 2099.69 70.1153 611.663
v 2137.68 56.2039 611.663
v 2165.7 132.685 611.663
v 2128.84 146.199 611.663
v 2087.18 86.5479 575.291
v 2083.33 76.3607 575.291
v 2099.63 70.1921 575.291
v 2103.48 80.3921 575.291
v 2079.4 88.314 573.43
v 2068.51 92.4222 573.43
v 2063.17 78.2932 573.43
v 2078.81 72.3806 573.43
v 2082.73 82.7725 573.43
v 2104.24 150.602 570.473
v 2092.14 155.184 570.473
v 2071.54 100.69 570.473
v 2071.54 91.2832 570.473
v 2081.6 87.4822 570.473
v 2094.05 92.4478 570.473
v 2112.27 140.645 570.473
v 2214.01 98.8852 549.664
v 2211.23 103.672 549.664
v 2203.38 106.026 549.664
v 2191.31 65.956 549.664
v 2209.31 60.5297 549.664
v 2213.49 74.4026 549.664
v 2213.91 92.4478 549.664
v 2166.11 151.562 613.37
v 2174.23 172.845 613.37
v 2149 182.495 613.37
v 2107.77 167.035 613.37
v 2137.69 188.254 613.37
v 2118.65 195.523 613.37
v 2138.44 183.864 613.37
v 1545.48 -297.002 594.041
v 1568.72 -258.366 594.041
v 1567.08 -251.506 594.041
v 1505.57 -215.212 594.041
v 1471.23 -219.704 594.041
v 1435.41 -275.246 594.041
v 1467.07 -295.057 594.041
v -1796.03 -238.747 565.912
v -1800.66 -249.536 565.912
v -1790.12 -254.053 565.912
v -1782.01 -252.953 565.912
v -1779.03 -246.029 565.912
v -1765.49 -252.095 563.662
v -1775.25 -255.218 563.662
v -1768.38 -276.718 563.662
v -1738.05 -267.03 563.662
v -1740.91 -258.059 563.662
v -1754.05 -253.426 563.662
v -1663.66 -258.929 563.035
v -1662 -220.306 563.035
v -1666.11 -209.236 563.035
v -1731.21 -233.423 563.035
v -1721.73 -258.929 563.035
v -1696.87 -249.702 563.035
v -1679.76 -264.906 563.035
v -1688.95 -240.142 563.035
v -1737.77 -185.01 569.601
v -1741.17 -175.808 569.601
v -1767.11 -185.432 569.601
v -1763.69 -194.646 569.601
v -1735.33 -217.157 570.188
v -1696.8 -202.862 570.188
v -1702.18 -188.35 570.188
v -1723.62 -196.31 570.188
v -1740.72 -202.645 570.188
v -1743.25 -188.388 570.188
v -1730.12 -183.525 570.188
v -3916.43 1168.32 514.314
v -3914.59 1172.85 514.314
v -3914.54 1180.55 514.314
v -3932.66 1181.21 514.314
v -3930.81 1185.74 514.314
v -3930.76 1193.45 514.314
v -3949.03 1193.56 514.314
v -3949.07 1185.84 514.314
v -3946.77 1181.28 514.314
v -3946.81 1173.82 514.314
v -3932.84 1172.95 514.314
v -3930.54 1168.39 514.314
v -3930.58 1160.92 514.314
v -3917.01 1160.07 514.314
v -3914.71 1155.52 514.314
v -3914.75 1148.04 514.314
v -3900.65 1147.97 514.314
v -3900.6 1155.43 514.314
v -3898.75 1159.97 514.314
v -3898.7 1167.68 514.314
v -4041.5 1148.9 496.438
v -4062.41 1114.38 496.438
v -4029.46 1094.44 496.438
v -4008.56 1128.96 496.438
v -3984.18 31.5423 453.395
v -3985.1 109.533 453.395
v -4012.99 109.456 453.395
v -4023.31 83.63 453.395
v -4145.46 91.9231 453.395
v -4189.63 91.3472 453.395
v -4189.66 29.5458 453.395
v -4134.06 66.6471 453.395
v -4047.5 83.502 453.395
v -4109.88 66.7879 453.395
v -4058.64 92.243 453.395
v -4099.57 92.6014 453.395
v -2160.6 2676.1 660.073
v -2169.55 2676.16 660.073
v -2169.64 2664.2 660.073
v -2160.68 2664.14 660.073
v -2475.3 2294.94 650.69
v -2476.93 2305.15 650.69
v -2496.29 2302.07 650.69
v -2494.66 2291.85 650.69
v -2497.8 2289.54 650.69
v -2499.79 2302.04 650.69
v -2517.93 2299.16 650.69
v -2515.93 2286.64 650.69
v -2514.93 2282.36 650.69
v -2513.13 2271.04 650.69
v -2446.1 2281.72 650.69
v -2447.91 2293.03 650.69
v -2473.54 2306.63 650.69
v -2471.31 2292.55 650.69
v -2455.8 2294.91 650.69
v -2436.6 2297.97 650.69
v -2438.45 2309.56 650.69
v -2458.06 2309.1 650.69
v -2485.87 2496.36 663.601
v -2434.45 2495.48 663.601
v -2430.93 2499.79 663.601
v -2430.67 2515.03 663.601
v -2491.58 2516.08 663.601
v -2491.84 2500.84 663.601
v 3222.72 -2167.49 555.064
v 3212.87 -2192.87 555.064
v 3230.8 -2199.83 555.064
v 3240.65 -2174.45 555.064
v 2661.23 607.68 525.637
v 2657.06 615.295 525.637
v 2641.86 617.611 525.637
v 2634.81 611.711 525.637
v 2631.92 592.82 525.637
v 2656.98 579.766 525.637
v 2640.34 582.3 525.637
v 2281.3 530.185 503.689
v 2258.91 509.285 503.689
v 2271.38 495.949 503.689
v 2290.87 492.634 503.689
v 2306.21 506.969 503.689
v 2295.48 518.449 503.689
v 2321.68 474.819 537.343
v 2297.58 493.889 537.343
v 2253.23 437.832 537.343
v 2281.35 415.575 537.343
v 2295.92 433.992 537.343
v 2253.06 483.394 524.632
v 2238.87 496.615 524.632
v 2218.81 475.088 524.632
v 2244.69 450.976 524.632
v 2258.49 465.796 524.632
v 2268.11 574.864 486.38
v 2256.18 567.774 486.38
v 2266.09 551.085 486.38
v 2282.24 560.684 486.38
v 2275.39 572.202 486.38
v 2206.14 592.68 471.062
v 2192.57 584.898 471.062
v 2195.37 580.009 471.062
v 2208.94 587.791 471.062
v 2183.23 567.697 475.618
v 2188.65 558.239 475.618
v 2220.26 576.374 475.618
v 2214.84 585.82 475.618
v 2178.12 563.282 495.852
v 2172.45 573.648 495.852
v 2149.77 561.247 495.852
v 2155.42 550.893 495.852
v 2159.47 546.042 495.852
v 2166.34 533.487 495.852
v 2187.08 544.813 495.852
v 2180.22 557.369 495.852
v 2142.15 581.558 481.023
v 2148.91 567.876 481.023
v 2185.19 585.781 481.023
v 2178.43 599.476 481.023
v 2202.46 610.521 485.463
v 2185.37 598.772 485.463
v 2193.5 586.933 485.463
v 2210.6 598.682 485.463
v 2219.93 616.792 493.315
v 2206.43 607.5 493.315
v 2219.04 589.173 493.315
v 2232.54 598.452 493.315
v 2249.2 627.236 502.346
v 2227.69 612.453 502.346
v 2233.97 603.341 502.346
v 2255.46 618.11 502.346
v 2269.8 596.442 502.346
v 2262.18 607.539 502.346
v 2257.7 588.123 502.346
v 2238.5 597.006 502.346
v 2244.71 587.97 502.346
v 2305.02 577.373 507.034
v 2315.34 584.527 507.034
v 2307.56 595.739 507.034
v 2311.77 602.918 507.034
v 2304.43 613.503 507.034
v 2288.25 571.831 507.034
v 2298.61 579.024 507.034
v 2280.99 582.3 507.034
v 2296.13 622.167 507.034
v 2290.4 632.765 507.034
v 2289.87 633.52 507.034
v 2266.76 610.866 507.034
v 2282.64 587.97 507.034
v 2282.43 631.728 507.034
v 2273.53 644.552 507.034
v 2260.68 612.159 507.034
v 2264.38 638.217 507.034
v 2253.3 622.807 507.034
v 2264.43 630.525 507.034
v 2296.5 653.063 574.084
v 2342.27 608.46 574.084
v 2366.59 633.43 574.084
v 2320.83 678.033 574.084
v 2391.93 671.851 526.708
v 2350.55 712.18 526.708
v 2325.03 685.994 526.708
v 2340.62 670.802 526.708
v 2350.76 663.2 526.708
v 2367.55 646.83 526.708
v 2417.37 686.954 494.688
v 2413.19 678.199 494.688
v 2425.6 672.274 494.688
v 2429.78 681.028 494.688
v -4796.39 -1416 517.04
v -4781.83 -1438.18 517.04
v -4777.33 -1435.22 517.04
v -4791.9 -1413.05 517.04
v -4727.93 -1454.03 539.057
v -4717.69 -1446.88 539.057
v -4731.06 -1427.75 539.057
v -4741.29 -1434.9 539.057
v -4752.14 -1471.91 550.67
v -4763.61 -1455.52 550.67
v -4784.04 -1469.81 550.67
v -4778.68 -1477.46 550.67
v -4786.15 -1471.5 550.67
v -4794.24 -1477.16 550.67
v -4783.91 -1491.95 550.67
v -4770.28 -1506.13 550.67
v -4743.15 -1487.18 550.67
v -4752.75 -1473.43 550.67
v -4801.38 -1460 527.894
v -4793.14 -1471.78 527.894
v -4766.89 -1453.43 527.894
v -4775.13 -1441.65 527.894
v -4809.58 -1441.19 519.139
v -4801.18 -1453.21 519.139
v -4785.81 -1442.46 519.139
v -4794.21 -1430.44 519.139
v 575.797 41.2048 575.274
v 459.569 -5.98117 575.274
v 477.213 -49.4299 575.274
v 593.43 -2.24418 575.274
v 781.85 259.399 499.358
v 757.805 225.202 499.358
v 793.716 199.964 499.358
v 817.75 234.148 499.358
v 745.827 208.181 487.37
v 721.793 173.997 487.37
v 757.705 148.746 487.37
v 781.738 182.93 487.37
v 502.894 55.4745 528.163
v 521.307 43.2524 528.163
v 537.403 48.3204 528.163
v 548.546 65.0985 528.163
v 550.105 82.0814 528.163
v 530.858 94.8666 528.163
v 512.223 69.5266 528.163
v 518.523 76.3095 528.163
v 546.531 95.3145 496.662
v 553.211 90.8736 496.662
v 564.888 108.458 496.662
v 569.686 114.947 496.662
v 582.254 133.862 496.662
v 536.379 103.377 496.662
v 543.593 98.578 496.662
v 576.688 137.561 496.662
v 571.356 140.389 496.662
v 564.142 145.176 496.662
v 560.702 225.996 458.647
v 554.68 221.555 458.647
v 550.194 217.357 458.647
v 550.417 192.989 458.647
v 581.274 193.284 458.647
v 580.963 226.175 458.647
v 627.672 190.276 465.542
v 594.299 189.969 465.542
v 594.599 158.166 465.542
v 627.895 166.676 465.542
v 500.946 128.308 489.68
v 506.902 124.097 489.68
v 523.756 124.929 489.68
v 529.11 132.518 489.68
v 492.085 134.323 489.68
v 497.707 130.355 489.68
v 530.869 135.948 489.68
v 535.678 142.77 489.68
v 491.874 158.806 489.68
v 486.508 151.216 489.68
v 531.247 158.601 489.68
v 525.303 162.799 489.68
v 521.774 164.449 489.68
v 516.152 168.417 489.68
v 499.855 168.059 489.68
v 495.035 161.237 489.68
v 494.456 95.7113 505.347
v 488.901 124.635 505.347
v 486.853 125.211 505.347
v 484.404 127.31 505.347
v 475.276 133.312 505.347
v 448.871 93.1389 505.347
v 457.999 87.1366 505.347
v 460.882 85.7161 505.347
v 461.361 84.2955 505.347
v 462.574 83.5404 505.347
v 493.198 94.2011 505.347
v 491.874 94.0859 505.347
v 491.35 90.9632 505.347
v 488.946 88.6212 505.347
v 462.307 48.8579 525.536
v 458.4 78.0501 525.536
v 456.396 78.7412 525.536
v 454.07 80.968 525.536
v 445.309 87.4822 525.536
v 416.644 48.8835 525.536
v 425.416 42.3822 525.536
v 428.221 40.7952 525.536
v 428.611 39.349 525.536
v 429.78 38.5172 525.536
v 460.971 47.4245 525.536
v 459.635 47.3862 525.536
v 458.934 44.3018 525.536
v 456.396 42.0878 525.536
v 421.876 2.51664 543.047
v 423.512 31.9262 543.047
v 421.664 32.9757 543.047
v 419.805 35.612 543.047
v 412.414 43.6492 543.047
v 377.036 11.104 543.047
v 384.428 3.06695 543.047
v 386.888 0.98089 543.047
v 387 -0.503666 543.047
v 387.99 -1.5403 543.047
v 420.295 1.36483 543.047
v 418.982 1.56959 543.047
v 417.557 0.149026 543.047
v 417.713 -1.33553 543.047
v 414.807 -3.02485 543.047
v -2831.48 888.494 594.864
v -2825.77 885.333 594.864
v -2823.35 882.633 594.864
v -2815.41 878.499 594.864
v -2809.65 889.582 594.864
v -2826.08 919.519 594.864
v -2831.93 916.562 594.864
v -2815.84 925.995 594.864
v -2824.52 920.863 594.864
v -2805.29 915.602 594.864
v -2805.01 889.8 594.864
v -2793.98 918.597 594.864
v -2802.43 918.495 594.864
v -2802.09 887.099 594.864
v -2795.19 886.357 594.864
v -2789.96 898.567 594.864
v -2790.08 909.472 594.864
v -2793.88 890.401 594.864
v -2833.27 966.874 595.248
v -2826.48 963.393 595.248
v -2822.88 962.958 595.248
v -2814.93 958.837 595.248
v -2809.17 969.921 595.248
v -2826.83 1001.92 595.248
v -2833.42 998.526 595.248
v -2815.36 1006.33 595.248
v -2824.04 1001.2 595.248
v -2804.82 995.941 595.248
v -2804.54 970.138 595.248
v -2793.51 998.936 595.248
v -2801.96 998.833 595.248
v -2801.61 967.438 595.248
v -2794.71 966.695 595.248
v -2789.49 978.905 595.248
v -2789.6 989.81 595.248
v -2793.4 970.74 595.248
v -2600.58 914.514 432.148
v -2590.32 915.487 432.148
v -2591.1 923.64 432.148
v -2589.97 927.48 432.148
v -2590.74 935.607 432.148
v -2613.46 913.299 432.148
v -2607.76 913.836 432.148
v -2615.55 933.252 432.148
v -2622.93 930.782 432.148
v -2622.32 924.408 432.148
v -2621.04 920.799 432.148
v -2622.96 905.389 432.148
v -2619.73 908.87 432.148
v -2622.85 924.203 432.148
v -2627.08 928.132 432.148
v -2631.77 895.879 432.148
v -2628.45 899.476 432.148
v -2633.93 923.794 432.148
v -2647.31 909.369 432.148
v -2648.75 904.775 432.148
v -2644.52 900.845 432.148
v -2641.25 898.785 432.148
v -2636.36 894.254 432.148
v -2638.36 827.944 405.509
v -2631.15 821.403 405.509
v -2625.61 823.746 405.509
v -2622.46 827.227 405.509
v -2635.79 830.785 405.509
v -2615.67 834.701 405.509
v -2612.52 838.183 405.509
v -2644.95 833.921 405.509
v -2640.02 829.454 405.509
v -2606.05 845.299 405.509
v -2603.1 848.562 405.509
v -2637.73 841.881 405.509
v -2617.85 863.793 405.509
v -2630.55 849.804 405.509
v -2605.39 877.526 405.509
v -2610.62 871.754 405.509
v -2596.55 855.768 405.509
v -2592.47 860.273 405.509
v -2600.46 873.046 405.509
v -2591.59 864.996 405.509
v -2598.8 871.549 405.509
v -2601.14 868.964 405.509
v -2679.97 934.442 427.403
v -2692.14 944.515 427.403
v -2695.44 940.547 427.403
v -2733.74 894.292 427.403
v -2737.27 890.03 427.403
v -2725.11 879.958 427.403
v -2683.23 924.753 427.403
v -2690.7 913.158 427.403
v -2684.64 920.466 427.403
v -2714.81 886.639 427.403
v -2710.49 889.25 427.403
v -2704.35 896.66 427.403
v -2780.84 682.308 580.13
v -2741.73 681.45 580.13
v -2740.6 733.413 580.13
v -2779.69 734.27 580.13
v -1237.5 245.948 485.386
v -1220.78 219.225 485.386
v -1209.13 226.507 485.386
v -1225.85 253.23 485.386
v -1199.28 238.333 485.993
v -1192.69 227.25 485.993
v -1184.35 232.215 485.993
v -1190.94 243.299 485.993
v -1183.46 247.138 486.754
v -1176.88 236.093 486.754
v -1167.57 241.648 486.754
v -1174.13 252.692 486.754
v -1111.95 305.958 495.412
v -1114.28 290.178 495.412
v -1089.7 286.556 495.412
v -1087.37 302.337 495.412
v -1114.19 278.788 495.15
v -1116.87 260.576 495.15
v -1103.38 258.592 495.15
v -1100.7 276.804 495.15
v -1138.67 280.733 490.594
v -1156.73 259.834 490.594
v -1148.98 253.128 490.594
v -1141.65 251.617 490.594
v -1125.98 269.765 490.594
v -1139.95 199.452 497.13
v -1139.39 190.878 497.13
v -1126.51 191.722 497.13
v -1127.07 200.297 497.13
v -1142.16 221.939 496.945
v -1139.83 204.661 496.945
v -1117.97 207.617 496.945
v -1120.31 224.895 496.945
v -1117.04 212.122 499.323
v -1116.87 201.142 499.323
v -1103.36 201.346 499.323
v -1103.52 212.327 499.323
v -1097.82 211.175 502.49
v -1085.58 197.341 502.49
v -1077.53 204.469 502.49
v -1089.78 218.304 502.49
v -1052.54 227.211 507.231
v -1046.45 215.271 507.231
v -1036.08 220.569 507.231
v -1042.16 232.51 507.231
v -1052.77 244.758 505.182
v -1056.94 242.633 505.182
v -1050.85 230.705 505.182
v -1046.68 232.83 505.182
v -1052.77 244.758 483.742
v -1052.77 244.758 505.855
v -1047.14 233.713 505.855
v -1041.04 236.823 505.855
v -1046.67 247.868 505.855
v -1050.84 266.092 505.107
v -1064.15 259.309 505.107
v -1055.92 243.158 505.107
v -1042.6 249.941 505.107
v -1062.9 219.955 506.305
v -1071.75 212.967 506.305
v -1057.39 194.807 506.305
v -1048.55 201.807 506.305
v -1050.75 213.069 506.305
v -1057.03 221.017 506.305
v -1067.21 243.683 504.083
v -1088.75 225.1 504.083
v -1076.93 211.406 504.083
v -1055.4 229.989 504.083
v -1155.68 239.037 495.989
v -1149.12 222.207 495.989
v -1107.95 238.256 495.989
v -1114.51 255.086 495.989
v -1615.95 440.481 516.292
v -1615.65 422.704 516.292
v -1594.38 423.062 516.292
v -1594.67 440.839 516.292
v -1715.93 507.621 520.057
v -1732.69 500.889 520.057
v -1729.72 493.479 520.057
v -1712.94 500.211 520.057
v -1712.39 517.412 521.688
v -1718.82 514.827 521.688
v -1710.6 494.375 521.688
v -1687.21 503.769 521.688
v -1691.95 515.569 521.688
v -1602.62 540.68 528.489
v -1594.31 540.795 528.489
v -1594.49 554.054 528.489
v -1600.23 557.382 528.489
v -1611.78 557.228 528.489
v -1611.62 546.618 528.489
v -1625.08 483.56 521.574
v -1639.09 478.838 521.574
v -1634.3 464.58 521.574
v -1622.52 462.2 521.574
v -1616.11 464.363 521.574
v -1619.69 475.024 521.574
v -1599.54 495.156 522.221
v -1613.41 490.484 522.221
v -1607.89 474.064 522.221
v -1586.1 481.397 522.221
v -1590.72 495.117 522.221
v -1554.3 477.801 516.998
v -1554.53 465.95 516.998
v -1528.02 465.412 516.998
v -1527.77 477.251 516.998
v -1526.91 500.518 530.256
v -1526.5 519.549 530.256
v -1558.17 520.202 530.256
v -1570.28 512.28 530.256
v -1570.42 504.754 530.256
v -1562.2 501.235 530.256
v 5118.65 581.084 1005.82
v 5102.45 567.953 1005.82
v 5111.21 557.138 1005.82
v 5127.41 570.27 1005.82
v 5102.45 567.953 1005.33
v 5095.94 562.667 1005.33
v 5103.85 552.902 1005.33
v 5110.36 558.188 1005.33
v 4720.69 559.096 744.37
v 4715.64 549.459 744.37
v 4722.05 546.093 744.37
v 4727.1 555.743 744.37
v 5107.35 1543.35 709.311
v 5110.96 1549.33 709.311
v 5082.79 1566.37 709.311
v 5079.17 1560.4 709.311
v 5110.96 1549.33 708.365
v 5131.83 1583.82 708.365
v 5097.57 1604.54 708.365
v 5081.99 1578.79 708.365
v 5084.8 1565.16 708.365
v 1826.16 2078.03 413.724
v 1827.62 2069.85 413.724
v 1838.17 2071.73 413.724
v 1836.71 2079.91 413.724
v 1785.9 2111.36 422.767
v 1790.08 2087.87 422.767
v 1797.44 2077.61 422.767
v 1811.9 2080.18 422.767
v 1804.19 2123.46 422.767
v 1789.73 2120.88 422.767
v 1814.58 2033.05 425.047
v 1826.36 2012.3 425.047
v 1836.71 2005.07 425.047
v 1849.49 2012.31 425.047
v 1827.81 2050.56 425.047
v 1815.03 2043.32 425.047
v 2668.74 3.57886 420.227
v 2671.05 12.0383 420.227
v 2663.93 13.8812 420.227
v 2661.41 6.16404 420.227
v -1078.21 -165.941 519.542
v -1098.51 -173.261 519.542
v -1094.33 -185.202 519.542
v -1061.93 -175.347 519.542
v -1063.28 -168.181 519.542
v -1064.92 -164.009 519.542
v -1107.02 -254.181 521.626
v -1103.74 -272.392 521.626
v -1054.47 -266.416 521.626
v -1051.18 -247.462 521.626
v -1099.71 -235.509 521.626
v -1052.83 -228.343 521.626
v -1062.83 -208.34 521.626
v -1078.21 -210.439 521.626
v -1079.85 -274.184 538.331
v -1113.29 -278.061 538.331
v -1121.36 -309.71 538.331
v -1119.57 -324.043 538.331
v -1114.78 -332.707 538.331
v -1066.57 -308.814 538.331
v -1107.02 -345.249 538.331
v -1061.03 -340.168 538.331
v -1043.12 -284.627 530.122
v -1047.31 -290.155 530.122
v -1044.91 -306.127 530.122
v -986.839 -298.064 530.122
v -955.491 -283.142 530.122
v -944.293 -272.533 530.122
v -1036.55 -278.215 530.122
v -946.385 -257.905 530.122
v -950.716 -254.629 530.122
v -994.453 -244.916 530.122
v -1012.52 -248.051 530.122
v -1013.87 -249.996 530.122
v -1023.56 -270.153 530.122
v -930.478 -253.426 523.125
v -928.463 -268.054 523.125
v -918.767 -266.94 523.125
v -891.817 -260.145 523.125
v -894.277 -244.736 523.125
v -922.418 -248.576 523.125
v -1095.23 -376.296 553.635
v -1094.18 -390.629 553.635
v -1023.26 -380.173 553.635
v -1029.69 -364.65 553.635
v -1086.12 -405.999 567.941
v -1084.03 -423.915 567.941
v -1027.45 -417.798 567.941
v -1030.13 -394.212 567.941
v -1071.93 -397.642 567.941
v -1071.64 -438.85 581.281
v -1068.5 -452.735 581.281
v -1019.98 -440.641 581.281
v -1023.42 -427.358 581.281
v -1126.58 -445.415 582.903
v -1120.46 -460.644 582.903
v -1084.48 -446.759 582.903
v -1091.05 -431.978 582.903
v 624.411 -736.234 559.996
v 640.006 -771.221 559.996
v 655.035 -764.528 559.996
v 644.626 -723.168 559.996
v 629.587 -718.715 559.996
v -1446.04 1654.83 547.413
v -1467.33 1651.11 547.413
v -1465.55 1642.02 547.413
v -1444.35 1645.77 547.413
v -1696.86 1827.6 612.481
v -1716.55 1827.56 612.481
v -1716.65 1819.31 612.481
v -1697 1819.34 612.481
v 891.199 2061.59 512.105
v 883.529 2061.63 512.105
v 883.518 2040.18 512.105
v 891.188 2040.12 512.105
v 369.778 3439.48 530.83
v 367.274 3475.4 530.83
v 99.7507 3454.17 530.83
v 96.8119 3356.5 530.83
v 112.82 3337.07 530.83
v 171.619 3336.79 530.83
v 189.675 3354.41 530.83
v 298.69 3411.61 530.83
v 344.052 3363.27 530.83
v 343.763 3396.54 530.83
v -2750.41 -953.323 682.559
v -2749.27 -970.254 682.559
v -2702.65 -967.118 682.559
v -2679.46 -947.232 682.559
v -2680.51 -931.581 682.559
v -2718.34 -934.115 682.559
v -2676.25 -916.775 678.492
v -2674.16 -944.8 678.492
v -2612.8 -940.232 678.492
v -2614.89 -912.219 678.492
v -2596.36 -900.318 678.45
v -2608.26 -901.598 678.45
v -2604.3 -938.376 678.45
v -2533.2 -930.711 678.45
v -2535.26 -911.669 678.45
v -2586.14 -909.186 678.45
v -2645.59 -982.423 686.695
v -2652.02 -989.129 686.695
v -2573.34 -1024.46 686.695
v -2569.6 -1011.65 686.695
v -2627.12 -989.794 686.695
v -2568.48 -1026 675.967
v -2528.73 -1031.37 675.967
v -2526.9 -1017.79 675.967
v -2566.65 -1012.43 675.967
v -2647.18 -977.241 684.802
v -2613.76 -990.114 684.802
v -2608.9 -977.458 684.802
v -2642.32 -964.597 684.802
v -2604.66 -993.083 683.787
v -2562.47 -1006.69 683.787
v -2558.45 -994.222 683.787
v -2600.63 -980.606 683.787
v -2637.61 -946.72 685.314
v -2642.58 -958.25 685.314
v -2512.1 -997.652 685.314
v -2500.17 -969.255 685.314
v -2528.59 -963.714 685.314
v -2548.92 -963.19 685.314
v -2596.33 -947.693 685.314
v -2571.61 -938.492 684.225
v -2573.15 -948.371 684.225
v -2496.15 -960.438 684.225
v -2494.61 -950.559 684.225
v -2746.25 -1006.6 704.015
v -2744.09 -1021.27 704.015
v -2687.47 -1028.61 704.015
v -2682.59 -1012.34 704.015
v -2666.75 -1018.36 702.576
v -2683.25 -1039.36 702.576
v -2650.99 -1064.69 702.576
v -2634.49 -1043.68 702.576
v 2782.59 2256.94 466.57
v 2871.49 2178.61 466.57
v 2729.26 2216.72 466.57
v 2871.36 2175.01 466.57
v 2869.27 2172.37 466.57
v 2795.08 2127.08 466.57
v 2792.32 2125.89 466.57
v 2701.29 2235.1 466.57
v 2697.86 2234.88 466.57
v 2695.24 2229.5 466.57
v 2707.63 2197.44 466.57
v -2943.89 737.7 451.466
v -2968.45 743.357 451.466
v -2985.61 705.588 451.466
v -2987.17 699.381 451.466
v -2998.1 596.814 451.466
v -2973.76 591.528 451.466
v -1683.43 -489.08 561.831
v -1677.84 -506.382 561.831
v -1639.98 -494.16 561.831
v -1649.07 -466.057 561.831
v -1667.68 -472.072 561.831
v -1732.18 -492.369 561.817
v -1753.01 -499.087 561.817
v -1689.93 -474.977 561.817
v -1704.17 -479.571 561.817
v -1683.13 -496.016 561.817
v -1697.38 -500.623 561.817
v -1747.41 -516.402 561.817
v -1726.59 -509.671 561.817
v -1786.14 -506.049 561.817
v -1803.03 -511.501 561.817
v -1796.24 -532.552 561.817
v -1779.34 -527.088 561.817
v 1027.61 -332.746 560.559
v 1024.92 -331.248 560.559
v 1012.64 -338.645 560.559
v 1020.25 -351.276 560.559
v 1036.88 -341.256 560.559
v 1031.26 -331.939 560.559
v -516.915 392.948 483.224
v -535.761 437.973 483.224
v -542.83 435.016 483.224
v -545.346 429.257 483.224
v -529.883 392.283 483.224
v -524.05 389.966 483.224
v -466.632 428.412 487.328
v -514.733 431.433 487.328
v -515.568 418.122 487.328
v -500.284 406.604 487.328
v -486.146 405.721 487.328
v -467.455 415.243 487.328
v 561.949 -20.2892 594.521
v 536.925 -30.6427 594.521
v 558.532 -82.8579 594.521
v 583.556 -72.5044 594.521
v -2434.63 97.7206 463.621
v -2441.8 80.84 463.621
v -2431.54 68.9763 463.621
v -2395.12 38.6708 463.621
v -2406.76 87.495 463.621
v -2348.39 -11.1899 463.621
v -2328.98 -0.2989 463.621
v -2408.05 182.661 421.83
v -2386.26 173.255 421.83
v -2329.76 306.982 421.83
v -2350.81 316.722 421.83
v 2207.12 649.441 546.412
v 2246.9 666.732 546.412
v 2235.38 689.232 546.412
v 2196.97 672.773 546.412
v 2188.46 640.661 535.447
v 2176.94 667.001 535.447
v 2137.42 651.092 535.447
v 2148.68 623.921 535.447
v 1956.79 559.788 533.605
v 1965.03 537.019 533.605
v 2004.27 579.817 533.605
v 2012.78 579.817 533.605
v 2056.4 546.9 533.605
v 2066.55 571.037 533.605
v 2729.17 236.413 453.768
v 2717.23 175.264 453.768
v 2738.25 169.53 453.768
v 2750.67 232.113 453.768
v 2712.45 164.27 451.333
v 2694.78 98.3477 451.333
v 2714.37 92.1406 451.333
v 2733.47 156.156 451.333
v 565.066 -1190.26 539.291
v 550.25 -1203.18 539.291
v 549.938 -1210.12 539.291
v 585.237 -1235.97 539.291
v 592.807 -1236.59 539.291
v 595.957 -1195.3 539.291
v 545.385 1975.02 684.593
v 600.265 1973.36 684.593
v 600.811 2015.08 684.593
v 547.032 2017.27 684.593
v 539.196 2067.48 689.722
v 605.119 2066.05 689.722
v 605.119 2107.61 689.722
v 537.281 2107.61 689.722
v 633.784 2103.31 698.279
v 634.262 2064.61 698.279
v 693.974 2065.1 698.279
v 694.932 2103.31 698.279
v 811.338 2045.35 808.385
v 858.95 2045.89 808.385
v 858.95 2109.01 808.385
v 811.338 2109.56 808.385
v 761.267 1938.75 684.581
v 761.345 1908.19 684.581
v 819.654 1908.33 684.581
v 819.587 1938.89 684.581
v 815.312 1846.4 784.241
v 816.069 1792.2 784.241
v 870.571 1792.95 784.241
v 869.826 1847.16 784.241
v 1072.94 1611.81 707.418
v 1116.63 1584.78 707.418
v 1151.46 1641.06 707.418
v 1107.78 1668.09 707.418
v 4223.05 1350.09 599.395
v 4209.82 1332.66 599.395
v 4227.83 1318.99 599.395
v 4241.07 1336.43 599.395
v 544.316 1907.28 561.452
v 544.962 1832.5 561.452
v 587.965 1832.87 561.452
v 587.319 1907.65 561.452
v 806.808 -779.987 542.17
v 843.153 -778.938 542.17
v 850.523 -768.009 542.17
v 850.267 -759.333 542.17
v 800.117 -760.766 542.17
v 800.329 -768.099 542.17
v 509.729 -633.421 570.981
v 504.865 -693.53 570.981
v 555.114 -696.844 570.981
v 565.723 -639.794 570.981
v 328.312 -309.684 585.829
v 345.811 -342.229 585.829
v 390.539 -318.182 585.829
v 373.04 -285.638 585.829
v 372.105 -214.982 597.647
v 383.359 -241.703 597.647
v 441.39 -217.234 597.647
v 430.125 -190.513 597.647
v 325.74 -237.941 595.603
v 334.657 -260.017 595.603
v 367.185 -246.874 595.603
v 358.268 -224.798 595.603
v 170.26 -370.793 610.781
v 167.344 -407.739 610.781
v 219.553 -411.847 610.781
v 222.469 -374.901 610.781
v 167.867 -277.55 602.881
v 181.626 -312.154 602.881
v 219.241 -297.181 602.881
v 205.482 -262.589 602.881
v -1998.01 -670.623 548.756
v -1989.96 -679.094 548.756
v -1859.55 -670.2 548.756
v -1869.71 -684.175 548.756
v 2367.13 -2346.04 437.767
v 2355.78 -2337.98 437.767
v 2296.69 -2376.61 437.767
v 2307.12 -2393.82 437.767
v 2342.65 -2383.67 437.767
v -230.534 -736.285 605.266
v -242.334 -737.488 605.266
v -248.457 -741.519 605.266
v -266.513 -781.523 605.266
v -260.401 -790.929 605.266
v -261.737 -767.037 605.266
v -266.368 -773.461 605.266
v 3447.04 908.025 415.173
v 3433.89 902.125 415.173
v 3455.64 853.631 415.173
v 3469.32 859.774 415.173
v 3467.19 874.838 415.173
v 3458.67 893.793 415.173
v 3453.51 920.952 424.64
v 3444.38 912.569 424.64
v 3468.27 886.536 424.64
v 3477.41 894.932 424.64
v 3453.41 923.474 435.641
v 3479.38 895.764 435.641
v 3490.39 906.093 435.641
v 3464.4 933.789 435.641
v 3491.09 941.571 450.754
v 3476.65 927.492 450.754
v 3494.2 909.497 450.754
v 3508.64 923.576 450.754
v 3484.59 952.117 460.552
v 3513.89 920.632 460.552
v 3523.98 930.027 460.552
v 3494.67 961.512 460.552
v 3471.45 875.427 425.236
v 3471.55 857.445 425.236
v 3480.76 857.496 425.236
v 3487.25 869.962 425.236
v 3481.43 893.204 433.385
v 3479.83 876.387 433.385
v 3488.81 872.342 433.385
v 3495.05 890.555 433.385
v 3509.93 905.709 446.462
v 3499.95 911.174 446.462
v 3492.76 905.133 446.462
v 3492.67 894.791 446.462
v 3501.37 890.03 446.462
v 4557.78 2868.46 494.405
v 4486.67 2860.59 494.405
v 4508.34 2664.86 494.405
v 4579.47 2672.73 494.405
v 4289.99 1673.38 583.212
v 4227.9 1417.98 583.212
v 4346.23 1389.19 583.212
v 4408.37 1644.59 583.212
v 3254.65 1774.99 441.403
v 3259.92 1760.5 441.403
v 3288.51 1770.92 441.403
v 3283.22 1785.41 441.403
v -1021.09 404.185 506.963
v -1046.29 297.23 506.963
v -1022.22 291.548 506.963
v -996.991 398.503 506.963
v -2293.84 48.0516 474.216
v -2289.97 40.1809 474.216
v -2276.69 46.7079 474.216
v -2280.56 54.5786 474.216
v 2642.58 32.1694 427.942
v 2655.67 27.8437 427.942
v 2658.61 36.8279 427.942
v 2645.53 41.1152 427.942
v 2646.17 51.0464 426.679
v 2645.53 41.1152 426.679
v 2658.61 36.8279 426.679
v 2661.61 45.9784 426.679
v 2646.17 51.0464 426.263
v 2661.61 45.9784 426.263
v 2664.93 56.4855 426.263
v 2650.07 61.8478 426.263
v 2664.93 56.4855 425.782
v 2667.21 63.7675 425.782
v 2664.56 69.4882 425.782
v 2651.36 74.0059 425.782
v 2647.34 62.3086 425.782
v -1899.78 2361.26 684.531
v -1899.79 2354.24 684.531
v -1874.42 2354.2 684.531
v -1874.41 2360.28 684.531
v -1873.93 2367.93 684.531
v -1873.92 2376.3 684.531
v -1901.58 2376.32 684.531
v -1901.6 2367.57 684.531
v -703.553 273.246 490.235
v -733.888 247.829 490.235
v -724.214 236.285 490.235
v -710.399 237.744 490.235
v -687.612 218.048 490.235
v -681.645 210.932 490.235
v -663.845 225.855 490.235
v -2399.45 3551.03 650.411
v -2409.5 3521.84 650.411
v -2397.49 3517.72 650.411
v -2387.45 3546.91 650.411
v -2411.96 3512.55 652.744
v -2419.45 3492 652.744
v -2408.64 3488.06 652.744
v -2401.16 3508.62 652.744
v -2436.73 3481.04 656.178
v -2438.7 3475.67 656.178
v -2414.41 3466.81 656.178
v -2407.2 3486.59 656.178
v -2419.78 3491.18 656.178
v -2431.42 3484.59 656.178
v -568.589 382.786 486.228
v -591.81 358.789 486.228
v -542.418 342.753 486.228
v -538.088 347.77 486.228
v -546.949 363.806 486.228
v -3860.66 -1434.85 732.853
v -3860.66 -1435.73 732.853
v -3857.94 -1435.34 732.853
v -3858.1 -1434.57 732.853
v 1663.91 1284.07 437.058
v 1671.73 1252.92 437.058
v 1695.88 1258.97 437.058
v 1688.06 1290.13 437.058
v 1160.25 2162.16 534.218
v 1190.89 2119.03 534.218
v 1233.15 2149.04 534.218
v 1079.38 2151.04 534.218
v 1225.81 2233.27 534.218
v 973.23 2207.83 534.218
v 1008.1 2159.97 534.218
v 1229.25 2249.34 534.218
v 977.282 2338.43 534.218
v 1229.34 2261.49 534.218
v 1231.06 2305.82 534.218
v 1201.2 2349.65 534.218
v 1177.26 2371.51 534.218
v 1136.95 2371.19 534.218
v 977.839 2344.89 534.218
v 1008.65 2371.6 534.218
v 979.52 2350.93 534.218
v 1021.41 2369.85 534.218
v 1125.6 2372.8 534.218
v 1104.31 2374.62 534.218
v 1043.28 2367.23 534.218
v -812.112 -351.456 540.233
v -820.561 -355.065 540.233
v -812.902 -370.153 540.233
v -804.676 -365.533 540.233
v 4151.3 -436.329 586.251
v 4161.41 -409.441 586.251
v 4127.61 -396.733 586.251
v 4117.16 -422.405 586.251
v 2748.1 2825.98 523.641
v 2748.95 2797.92 523.641
v 2766.8 2798.46 523.641
v 2765.93 2826.53 523.641
v -4827.67 2270.8 609.669
v -4843.02 2232.99 609.669
v -4825.5 2225.87 609.669
v -4811.79 2233.86 609.669
v -4805.72 2248.81 609.669
v -4810.26 2263.72 609.669
v -4886.63 2257.52 584.034
v -4910.25 2195.32 584.034
v -4898.34 2190.78 584.034
v -4889.44 2212.1 584.034
v -4876.15 2253.54 584.034
v -4864.63 2311.71 603.223
v -4878.43 2277.22 603.223
v -4867.51 2272.86 603.223
v -4817.94 2316.21 603.223
v -4852.8 2319.26 603.223
v -4818.95 2304.73 603.223
v -4802.65 2184.88 600.73
v -4817.1 2220.93 600.73
v -4824.72 2217.87 600.73
v -4822.88 2204.16 600.73
v -4733.41 1891.46 629.43
v -4708.14 1871.59 629.43
v -4699.44 1875.69 629.43
v -4750.8 1999.45 604.094
v -4762.88 2025.09 604.094
v -4812.09 2001.87 604.094
v -4816.66 1989.56 604.094
v -4808.5 1972.24 604.094
v -4870.88 2218.62 583.837
v -4873.98 2216.13 583.837
v -4866.42 2210.34 583.837
v -4864.88 2213.97 583.837
v -4648.23 2308.07 634.125
v -4656.02 2305.17 634.125
v -4596.22 2224.35 634.125
v -4586.38 2259.41 634.125
v -4608.44 2291.71 634.125
v 2689.55 612.492 502.876
v 2695.54 603.123 502.876
v 2761.66 575.069 502.876
v 2794.75 583.337 502.876
v 2555.22 965.786 502.876
v 2416.53 850.892 502.876
v 2342.01 778.784 502.876
v 2533.35 640.034 502.876
v 2524.71 635.375 502.876
v 2436.37 663.11 502.876
v 2442.07 652.922 502.876
v 3890.61 307.251 494.991
v 3880.02 307.225 494.991
v 3877.47 299.7 494.991
v 3881.44 292.93 494.991
v 3889.79 293.007 494.991
v 3893.52 299.636 494.991
v 1964.62 137.42 545.257
v 1968.05 110.544 545.257
v 1996.33 114.166 545.257
v 1992.91 141.029 545.257
v 1894.82 168.378 536.088
v 1883.79 106.679 536.088
v 1915.05 98.2069 536.088
v 1935.99 121.371 536.088
v 1986.72 262.765 536.088
v 1919.71 238.717 536.088
v 1627.56 70.8576 586.863
v 1580.23 101.97 586.863
v 1530.65 15.1482 586.863
v 1563.95 -5.1621 586.863
v -4903.82 1816.07 604.008
v -4902.8 1802.82 604.008
v -4895.48 1782.47 604.008
v -4855.32 1766.43 604.008
v -4849.12 1826.37 604.008
v -4867.04 1767.3 604.008
v -4882.04 1776.3 604.008
v -4794.11 1860.43 610.372
v -4817.62 1854.51 610.372
v -4816.2 1848.82 610.372
v -4792.69 1854.76 610.372
v -4683.02 1822.84 652.284
v -4689.75 1835.72 652.284
v -4736.79 1810.77 652.284
v -4712.42 1693.69 652.284
v -4709.24 1680.94 652.284
v -4695.74 1765.88 652.284
v -4699.35 1780.1 652.284
v -4656.2 1693.47 652.284
v -4667.58 1742.28 652.284
v -4717.97 1717.28 652.284
v -4811.2 1752.3 644.651
v -4828.43 1705.1 644.651
v -4787.83 1714.41 644.651
v -4768.18 1718.92 644.651
v -4740.57 1725.25 644.651
v -4749 1766.24 644.651
v -4837.36 1535.31 643.082
v -4829.93 1501.93 643.082
v -4813.9 1480.84 643.082
v -4773.15 1489.88 643.082
v -4810.98 1541.18 643.082
v -4784.38 1540.44 643.082
v -4810.89 1688.42 652.416
v -4808.94 1680.53 652.416
v -4734.58 1711.48 652.416
v -4765.89 1703.78 652.416
v -4805.87 1668.39 652.416
v -4803.92 1660.5 652.416
v -4731.39 1698.55 652.416
v -4753.81 1672.83 652.416
v -4759.32 1863.44 627.884
v -4753.29 1850.29 627.884
v -4708.14 1871.59 627.884
v -4716.25 1888.41 627.884
v -4680.6 1798.17 646.312
v -4679.8 1781.62 646.312
v -4662.07 1782.48 646.312
v -4662.88 1799.03 646.312
v -4660.75 1780.2 649.793
v -4659.95 1763.65 649.793
v -4642.23 1764.51 649.793
v -4643.03 1781.06 649.793
v -4041.88 513.24 460.668
v -3964.87 516.132 460.668
v -3965.79 540.782 460.668
v -4042.8 537.89 460.668
v -4046.62 641.468 466.935
v -3969.61 644.36 466.935
v -3970.54 669.01 466.935
v -4047.55 666.105 466.935
v -3950.2 645.256 470.664
v -3873.18 648.148 470.664
v -3874.1 672.798 470.664
v -3951.11 669.906 470.664
v -3912.54 637.5 472.821
v -3911.03 582.659 472.821
v -3872.13 583.721 472.821
v -3873.63 638.562 472.821
v 1031.68 1656.87 519.333
v 1022.23 1663.88 519.333
v 993.88 1625.16 519.333
v 1004.56 1618.15 519.333
v -863.163 -1135.49 409.016
v -850.907 -1163.97 409.016
v -804.375 -1149.38 409.016
v -790.494 -1144.21 409.016
v -851.218 -1124.72 409.016
v -795.781 -1100.44 409.016
v -836.635 -1115.7 409.016
v -783.146 -1113.13 409.016
v -780.241 -1132.89 409.016
v -766.448 -1127.74 409.016
v -769.142 -1120.51 409.016
v -1246.06 -1282.42 393.141
v -1239.91 -1298.32 393.141
v -1198.95 -1282.52 393.141
v -1205.09 -1266.6 393.141
v -1066.6 -1201.21 399.427
v -1097.32 -1212.84 399.427
v -1096.73 -1221.51 399.427
v -1090.63 -1226.23 399.427
v -1060.49 -1215.4 399.427
v 2102.28 -770.479 441.381
v 2093.99 -764.144 441.381
v 2076.84 -782.662 441.381
v 2086.28 -790.993 441.381
v 465.402 -1001.15 526.401
v 451.531 -993.582 526.401
v 442.225 -1007.98 526.401
v 448.259 -1023.78 526.401
v 478.615 -1040.01 526.401
v 488.801 -1035.65 526.401
v 494.835 -1022.12 526.401
v 436.47 -1022.41 526.062
v 424.703 -1015.35 526.062
v 414.084 -1033.1 526.062
v 429.869 -1042.57 526.062
v 437.605 -1027.56 526.062
v 418.826 -1041.99 522.514
v 409.631 -1037.1 522.514
v 401.516 -1053.7 522.514
v 416.321 -1060.98 522.514
v 422.176 -1047.01 522.514
v 149.978 -581.234 659.334
v 129.061 -581.042 659.334
v 129.262 -589.36 659.334
v 131.788 -593.813 659.334
v 150.434 -592.905 659.334
v 143.009 -597.793 659.334
v 148.442 -597.704 659.334
v 138.757 -595.541 659.334
v 189.741 -610.757 659.809
v 153.017 -590.78 659.809
v 149.121 -600.007 659.809
v 174.613 -617.77 659.809
v 186.268 -622.966 659.809
v 278.552 -568.692 642.308
v 279.098 -581.733 642.308
v 307.328 -580.645 642.308
v 306.605 -554.756 642.308
v 293.391 -555.306 642.308
v 299.714 -671.979 636.687
v 270.203 -657.851 636.687
v 257.168 -678.851 636.687
v 270.57 -684.098 636.687
v 279.443 -682.473 636.687
v 288.126 -681.027 636.687
v 295.729 -679.939 636.687
v 350.431 -568.385 630.878
v 327.099 -569.332 630.878
v 328.69 -658.798 630.878
v 349.184 -658.491 630.878
v 353.815 -623.567 630.878
v 358.201 -616.708 630.878
v 356.732 -576.268 630.878
v -3397.33 1842.81 559.353
v -3387.17 1828.78 559.353
v -3379.7 1834.19 559.353
v -3389.86 1848.22 559.353
v -3304.34 1947.36 895.595
v -3277.47 1908.29 895.595
v -3240.39 1933.81 895.595
v -3267.26 1972.87 895.595
v -3521.92 1078.3 483.876
v -3568.98 1077.99 483.876
v -3568.87 1060.33 483.876
v -3521.81 1060.34 483.876
v -3521.53 1023.73 483.876
v -3521.66 1043.8 483.876
v -3568.76 1023.42 483.876
v -3568.89 1043.77 483.876
v -3738.3 1126.17 509.428
v -3746.96 1114.66 509.428
v -3737.72 1083.2 509.428
v -3727.78 1073.22 509.428
v -3720.91 1065.87 509.428
v -3712.45 1017.15 509.428
v -3507.57 1161.37 509.428
v -3590.3 1161.69 509.428
v -3707.33 989.797 509.428
v -3507.46 1094.9 509.428
v -3671.8 982.105 509.428
v -3578.41 982.451 509.428
v -4078.52 2074.47 572.971
v -4107.77 2104.32 572.971
v -4161.21 2061.33 572.971
v -4121.81 2038.63 572.971
v -4183.91 2179.87 592.962
v -4168.38 2151.8 592.962
v -4133.54 2171.07 592.962
v -4149.06 2199.14 592.962
v -4184.21 2139.26 591.845
v -4208.69 2113.59 591.845
v -4184.8 2091.79 591.845
v -4161.51 2116.57 591.845
v 214.733 -1148.13 443.636
v 254.618 -1156.06 443.636
v 256.21 -1148.05 443.636
v 216.336 -1140.12 443.636
v 210.592 -1161.05 434.067
v 208.933 -1168.71 434.067
v 251.357 -1177.96 434.067
v 253.015 -1170.31 434.067
v 207.998 -1149.06 439.683
v 210.981 -1136.87 439.683
v 199.081 -1133.96 439.683
v 197.79 -1139.24 439.683
v 198.825 -1146.82 439.683
v 207.074 -1162.01 432.348
v 200.005 -1160.26 432.348
v 198.213 -1167.44 432.348
v 205.293 -1169.21 432.348
v 63.1155 -1099.94 440.953
v 50.8369 -1105.86 440.953
v 53.4418 -1114.91 440.953
v 58.1172 -1118.44 440.953
v 66.956 -1119.9 440.953
v 69.6611 -1101.18 440.953
v 2.9139 -1113.66 447.971
v 53.3416 -1095.68 447.971
v 45.6383 -1080.38 447.971
v 27.2372 -1080.08 447.971
v 21.8382 -1086.1 447.971
v -2.80792 -1100.04 447.971
v 38.4582 -1079.24 452.251
v 76.2178 -1080.78 452.251
v 76.6185 -1070.89 452.251
v 66.8335 -1070.49 452.251
v 38.781 -1071.31 452.251
v 27.4821 -1055.31 455.844
v 28.3281 -1078.82 455.844
v 37.2114 -1078.5 455.844
v 36.3765 -1054.99 455.844
v 37.4786 -1064.05 456.646
v 58.9076 -1065.54 456.646
v 59.4308 -1057.93 456.646
v 38.0018 -1056.45 456.646
v 32.7253 -1053.16 460.628
v 67.9801 -1055.51 460.628
v 68.5367 -1047.21 460.628
v 33.2819 -1044.87 460.628
v -15.4427 -1137.38 429.019
v -14.7636 -1152.47 429.019
v 8.5578 -1148.9 429.019
v 46.8406 -1144.51 429.019
v 47.1077 -1128.73 429.019
v -79.084 -1163.74 425.751
v -51.0649 -1162.58 425.751
v -38.92 -1158.2 425.751
v -39.9775 -1132.86 425.751
v -106.001 -1148 425.751
v -95.9155 -1147.58 425.751
v -106.647 -1132.42 425.751
v -60.605 -1127.89 425.751
v -78.071 -1128.61 425.751
v -98.398 -1156.47 405.727
v -104.877 -1156.84 405.727
v -104.409 -1165.11 405.727
v -97.9304 -1164.75 405.727
v -103.329 -1118.94 435.957
v -102.361 -1126.39 435.957
v -86.9321 -1124.4 435.957
v -88.7354 -1110.44 435.957
v -98.3757 -1111.68 435.957
v -47.2355 -1117.44 437.328
v -40.5898 -1117.33 437.328
v -40.779 -1107.45 437.328
v -47.4136 -1107.58 437.328
v 226.343 -1260.64 403.5
v 250.143 -1265.46 403.5
v 254.797 -1242.51 403.5
v 231.008 -1237.67 403.5
v 150.167 -1207.76 411.457
v 147.952 -1215.12 411.457
v 158.249 -1218.22 411.457
v 160.453 -1210.86 411.457
v -112.613 -477.805 621.769
v -150.573 -477.6 621.769
v -150.796 -518.655 621.769
v -112.836 -518.859 621.769
v -66.3936 -476.666 644.397
v -77.9708 -517.4 644.397
v -42.5935 -527.446 644.397
v -31.0163 -486.712 644.397
v -165.446 -575.257 632.127
v -164.678 -583.934 632.127
v -139.82 -581.745 632.127
v -140.666 -572.199 632.127
v -150.919 -573.107 632.127
v -3792.81 170.452 473.756
v -3806.55 170.426 473.756
v -3806.51 139.161 473.756
v -3727.3 139.289 473.756
v -3727.35 169.965 473.756
v -3738.88 169.94 473.756
v -3756.72 169.671 473.756
v -3774.64 169.633 473.756
v -3657.62 56.895 453.356
v -3686.55 56.4855 453.356
v -3686.17 29.5714 453.356
v -3598.83 30.8128 453.356
v -3598.94 38.9139 453.356
v -3603.37 66.3527 453.356
v -3624.06 66.0584 453.356
v -3532.5 99.1667 448.642
v -3532.59 121.026 448.642
v -3570.34 120.885 448.642
v -3570.07 53.7595 448.642
v -3539.9 53.8747 448.642
v -3530.93 189.521 455.669
v -3569.54 189.022 455.669
v -3572.09 182.559 455.669
v -3571.62 146.302 455.669
v -3568.57 139.289 455.669
v -3534.29 139.749 455.669
v -3530.44 151.319 455.669
v -3556 210.574 469.789
v -3556.04 233.841 469.789
v -3620.01 233.764 469.789
v -3620 216.64 469.789
v -3615.19 210.51 469.789
v -3723.47 226.303 482.121
v -3723.49 213.402 482.121
v -3667.45 213.287 482.121
v -3667.42 226.187 482.121
v -3655.27 232.254 474.16
v -3655.26 222.156 474.16
v -3623.17 222.194 474.16
v -3623.18 232.292 474.16
v -3769.51 225.88 485.443
v -3769.53 208.692 485.443
v -3729.25 208.68 485.443
v -3729.24 225.855 485.443
v -3625.69 -68.6651 453.681
v -3684.57 -68.3579 453.681
v -3684.61 -78.9417 453.681
v -3682.9 -82.5251 453.681
v -3666.59 -82.6147 453.681
v -3625.75 -78.6986 453.681
v -3643.39 -82.3588 453.681
v -3627.45 -82.4483 453.681
v -3663.2 -82.4355 453.681
v -3646.99 -82.5251 453.681
v -3694.13 -21.9145 455.164
v -3691.06 -38.2702 455.164
v -3639.43 -28.5566 455.164
v -3642.51 -12.1881 455.164
v -3475.9 -32.7543 447.068
v -3492.1 -23.2327 447.068
v -3521.52 -62.5349 447.068
v -3537.72 -62.5989 447.068
v -3537.77 -78.1867 447.068
v -3529.09 -86.1853 447.068
v -3524.86 -92.5842 447.068
v -3515.82 -97.9081 447.068
v -3512.84 -95.6429 447.068
v -3614.91 -62.8805 458.528
v -3612.01 -80.3623 458.528
v -3584.53 -75.8063 458.528
v -3587.44 -58.3116 458.528
v -3624.75 -37.4639 459.923
v -3610.52 -52.8342 459.923
v -3602 -44.9379 459.923
v -3616.24 -29.5677 459.923
v -3595.24 -12.9432 461.213
v -3601.76 -19.4573 461.213
v -3581.43 -39.7804 461.213
v -3574.92 -33.2662 461.213
v -3547.16 -32.4472 458.596
v -3552.81 -25.3956 458.596
v -3570.86 -39.8571 458.596
v -3558.14 -55.7521 458.596
v -3542.72 -43.4021 458.596
v -3576.55 -85.0975 452.454
v -3584.1 -85.2127 452.454
v -3583.93 -96.5003 452.454
v -3583.89 -98.3304 452.454
v -3583.71 -110.168 452.454
v -3559.38 -84.8287 452.454
v -3566.89 -84.9439 452.454
v -3576.48 -110.066 452.454
v -3559.2 -96.0908 452.454
v -3566.27 -109.9 452.454
v -3559 -109.784 452.454
v -3559.19 -97.9209 452.454
v -3814.91 -115.134 442.824
v -3859.26 -87.2091 442.824
v -3865.64 -97.3578 442.824
v -3827.41 -121.43 442.824
v -3818.87 -121.43 442.824
v -3757.28 -116.055 450.029
v -3757.24 -128.52 450.029
v -3713.29 -128.38 450.029
v -3713.33 -115.902 450.029
v -3757.09 -156.279 452.641
v -3757.05 -168.744 452.641
v -3713.1 -168.603 452.641
v -3713.14 -156.125 452.641
v -3775.9 -124.835 448.137
v -3784.81 -124.835 448.137
v -3817.16 -128.418 448.137
v -3817.16 -132.129 448.137
v -3813 -144.53 448.137
v -3802.09 -144.518 448.137
v -3775.9 -136.506 448.137
v -3760.33 -146.066 452.2
v -3780.58 -146.028 452.2
v -3780.59 -152.247 452.2
v -3760.34 -152.209 452.2
v -3760.27 -161.142 452.2
v -3760.26 -156.522 452.2
v -3780.33 -161.116 452.2
v -3780.32 -156.394 452.2
v -3426.59 -175.578 429.408
v -3451.61 -135.137 429.408
v -3469.53 -146.22 429.408
v -3444.37 -186.571 429.408
v -3466.08 -200.021 429.408
v -3449.46 -189.758 429.408
v -3490.99 -159.683 429.408
v -3474.22 -149.317 429.408
v -3452.61 -254.463 423.885
v -3473.48 -267.094 423.885
v -3451.15 -303.964 423.885
v -3373.74 -257.099 423.885
v -3396.3 -219.845 423.885
v -3415.06 -231.197 423.885
v -3416.56 -228.483 420.827
v -3454.45 -251.302 420.827
v -3443.25 -269.935 420.827
v -3405.46 -247.066 420.827
v -3616.71 -215.123 447.39
v -3636.64 -226.679 447.39
v -3628.57 -240.59 447.39
v -3612.54 -258.852 447.39
v -3592.49 -247.232 447.39
v -3608.56 -219.563 447.39
v -3652.97 -172.365 446.663
v -3664.08 -178.816 446.663
v -3668.1 -185.573 446.663
v -3650.67 -215.583 446.663
v -3633.63 -205.691 446.663
v -3605.04 -161.039 442.654
v -3623.04 -172.046 442.654
v -3606.06 -199.791 442.654
v -3579.56 -183.576 442.654
v -3593.15 -161.347 442.654
v -3527.67 -235.816 440.533
v -3553.81 -251.058 440.533
v -3555.18 -261.143 440.533
v -3546.55 -275.937 440.533
v -3510.16 -254.731 440.533
v -3518.78 -239.95 440.533
v -3586.47 -262.141 447.677
v -3597.96 -268.937 447.677
v -3587.82 -286.073 447.677
v -3580.2 -290.27 447.677
v -3562.08 -279.546 447.677
v -3571.6 -263.472 447.677
v -3554.61 -166.747 435.743
v -3530.37 -204.872 435.743
v -3514.58 -194.825 435.743
v -3538.84 -156.714 435.743
v -3334.17 -195.491 408.229
v -3355.32 -211.744 408.229
v -3332.67 -241.204 408.229
v -3256.73 -182.834 408.229
v -3279.37 -153.386 408.229
v -3302.66 -171.29 408.229
v -3305.95 -167.106 408.819
v -3337.17 -191.677 408.819
v -3327.42 -204.078 408.819
v -3296.18 -179.519 408.819
v -3386.16 -148.728 419.756
v -3389.6 -160.156 419.756
v -3373.92 -180.582 419.756
v -3346.8 -159.76 419.756
v -3312.26 -141.728 419.756
v -3291.14 -125.526 419.756
v -3324.94 -81.4757 419.756
v -3340.14 -93.1473 419.756
v -3870.17 43.6236 457.579
v -3892.73 43.1244 457.579
v -3890.72 -46.8064 457.579
v -3868.14 -46.2945 457.579
v -3891.89 5.47295 450.279
v -3868.14 -46.2945 450.279
v -1311.37 -274.389 515.276
v -1296.99 -281.594 515.276
v -1249.01 -256.472 515.276
v -1244.79 -249.1 515.276
v -1289.13 -228.407 515.276
v -3873.05 187.947 475.553
v -3872.67 118.876 475.553
v -3838.83 119.055 475.553
v -3839.2 188.126 475.553
v -3792.74 239.741 485.128
v -3826.96 239.382 485.128
v -3826.6 205.698 485.128
v -3792.39 206.056 485.128
v -3826.73 218.777 480.997
v -3826.96 239.382 480.997
v -3834.44 239.203 480.997
v -3873.21 201.641 480.997
v -3873.15 190.532 480.997
v -3845.8 190.737 480.997
v -4112.81 212.941 437.252
v -4120.2 207.042 437.252
v -4119.59 204.571 437.252
v -4117.35 201.756 437.252
v -4108.48 213.581 437.252
v -4100.78 209.102 437.252
v -4104.4 213.633 437.252
v -4099.44 204.111 437.252
v -4123.78 192.964 437.252
v -4121.31 189.892 437.252
v -4114.28 189.943 437.252
v -4112.3 187.678 437.252
v -4118.86 182.418 437.252
v -4095.86 204.213 437.252
v -4091.64 214.068 437.252
v -4094.9 209.281 437.252
v -4087.55 214.336 437.252
v -4075.38 208.692 437.252
v -4083.19 214.016 437.252
v -4077.81 203.215 437.252
v -4075.79 206.184 437.252
v -4114.64 177.158 437.252
v -4072.97 191.684 437.252
v -4070.74 194.935 437.252
v -4079.98 191.197 437.252
v -4109.63 174.944 437.252
v -4104.07 163.72 437.252
v -4097.48 163.963 437.252
v -4074.85 184.043 437.252
v -4081.79 188.791 437.252
v -4094.77 164.027 437.252
v -4088.18 164.27 437.252
v -4078.66 178.476 437.252
v -4083.49 175.891 437.252
v -3623.04 -172.046 441.975
v -3601.67 -166.543 441.975
v -3593.15 -161.347 441.975
v -3597.11 -155.677 441.975
v -3622.27 -160.22 441.975
v -3625.98 -165.084 441.975
v -4035.07 215.77 456.086
v -4042.46 209.87 456.086
v -4041.86 207.4 456.086
v -4039.61 204.584 456.086
v -4030.74 216.423 456.086
v -4023.03 211.93 456.086
v -4026.65 216.461 456.086
v -4021.7 206.952 456.086
v -4046.03 195.792 456.086
v -4043.57 192.72 456.086
v -4036.54 192.772 456.086
v -4034.55 190.506 456.086
v -4041.11 185.246 456.086
v -4018.11 207.042 456.086
v -4013.89 216.896 456.086
v -4017.16 212.11 456.086
v -4009.81 217.165 456.086
v -3997.63 211.521 456.086
v -4005.44 216.858 456.086
v -4000.07 206.043 456.086
v -3998.04 209.012 456.086
v -4036.89 179.986 456.086
v -3995.23 194.512 456.086
v -3993 197.763 456.086
v -4002.24 194.039 456.086
v -4031.88 177.772 456.086
v -4026.33 166.548 456.086
v -4019.74 166.792 456.086
v -3997.11 186.872 456.086
v -4004.04 191.62 456.086
v -4017.02 166.856 456.086
v -4010.43 167.111 456.086
v -4000.93 181.305 456.086
v -4005.75 178.719 456.086
v -4189.43 201.743 434.79
v -4196.83 195.843 434.79
v -4196.22 193.36 434.79
v -4193.98 190.558 434.79
v -4185.1 202.383 434.79
v -4177.4 197.904 434.79
v -4181.02 202.421 434.79
v -4176.06 192.912 434.79
v -4200.4 181.765 434.79
v -4197.94 178.681 434.79
v -4190.9 178.745 434.79
v -4188.92 176.467 434.79
v -4195.48 171.207 434.79
v -4172.48 193.002 434.79
v -4168.26 202.869 434.79
v -4171.52 198.083 434.79
v -4164.18 203.138 434.79
v -4152 197.494 434.79
v -4159.81 202.818 434.79
v -4154.44 192.017 434.79
v -4152.41 194.986 434.79
v -4191.26 165.96 434.79
v -4149.59 180.473 434.79
v -4147.37 183.723 434.79
v -4156.61 179.999 434.79
v -4186.25 163.746 434.79
v -4180.7 152.509 434.79
v -4174.1 152.765 434.79
v -4151.47 172.832 434.79
v -4158.41 177.58 434.79
v -4171.39 152.816 434.79
v -4164.8 153.072 434.79
v -4155.29 167.278 434.79
v -4160.11 164.693 434.79
v -4111.82 102.597 431.27
v -4134.02 102.277 431.27
v -4145.46 91.9231 431.27
v -4145.08 66.4935 431.27
v -4133.92 56.7926 431.27
v -4109.74 57.151 431.27
v -4099.19 66.9414 431.27
v -4099.57 92.6014 431.27
v -4025.26 119.439 445.526
v -4047.46 119.119 445.526
v -4058.89 108.778 445.526
v -4058.51 83.3356 445.526
v -4047.35 73.6348 445.526
v -4023.17 73.9931 445.526
v -4012.62 83.7836 445.526
v -4012.99 109.456 445.526
v -4242.62 184.21 476.003
v -4322.66 93.5868 476.003
v -4306.12 78.9843 476.003
v -4286.99 76.7703 476.003
v -4260.95 78.626 476.003
v -4210.87 116.802 476.003
v -4210.91 156.195 476.003
v -4241.3 83.5148 476.003
v -4265.82 356.435 427.791
v -4295.05 326.231 427.791
v -4285.61 317.093 427.791
v -4275.91 327.139 427.791
v -4266.04 337.365 427.791
v -4256.4 347.322 427.791
v -4251.56 423.19 429.121
v -4289.41 425.136 429.121
v -4290.53 403.391 429.121
v -4272.01 387.547 429.121
v -4253.45 386.587 429.121
v -4264.57 387.163 430.277
v -4265.82 356.435 430.277
v -4267.4 338.671 430.277
v -4277.28 328.47 430.277
v -4295.05 326.231 430.277
v -4299.17 326.41 430.277
v -4299.53 309.427 430.277
v -4246.16 425.328 430.277
v -4256.65 435.515 430.277
v -4288.89 437.32 430.277
v -4289.41 425.136 430.277
v -4283.79 309.081 430.277
v -4250.53 342.83 430.277
v -4286.36 502.822 438.01
v -4287.65 481.077 438.01
v -4249.82 478.825 438.01
v -4247.65 515.415 438.01
v -4266.2 516.516 438.01
v -4258.77 516.068 446.541
v -4287.65 481.077 446.541
v -4288.47 468.906 446.541
v -4256.24 467.127 446.541
v -4244.69 476.112 446.541
v -4266.92 573.277 446.541
v -4276.11 562.629 446.541
v -4264.12 547.795 446.541
v -4304.03 566.43 447.717
v -4305.77 553.414 447.717
v -4264.12 547.795 447.717
v -4262.37 560.786 447.717
v -4276.11 562.629 447.717
v -4290.18 564.561 447.717
v -4313.54 331.465 440.401
v -4355.58 331.67 440.401
v -4355.63 318.539 440.401
v -4341.67 318.475 440.401
v -4327.46 318.437 440.401
v -4313.6 318.373 440.401
v -4370.37 331.964 452.289
v -4412.41 332.169 452.289
v -4412.47 319.038 452.289
v -4398.5 318.974 452.289
v -4384.3 318.936 452.289
v -4370.44 318.872 452.289
v -4430.35 332.272 471.67
v -4472.39 332.464 471.67
v -4472.45 319.333 471.67
v -4458.48 319.269 471.67
v -4444.28 319.23 471.67
v -4430.42 319.166 471.67
v -4468.77 398.963 459.029
v -4463.9 385.589 459.029
v -4452.97 384.898 459.029
v -4446.36 387.304 459.029
v -4443.84 410.239 459.029
v -4457 405.439 459.029
v -4425.3 399.539 459.029
v -4430.14 412.837 459.029
v -4439.27 390.043 459.029
v -4433.31 392.219 459.029
v -4407.92 417.892 443.63
v -4405.87 403.801 443.63
v -4395.32 400.896 443.63
v -4388.35 401.907 443.63
v -4381.2 423.843 443.63
v -4395.06 421.834 443.63
v -4365.23 409.586 443.63
v -4367.27 423.587 443.63
v -4380.85 403.136 443.63
v -4374.58 404.044 443.63
v -4347.66 424.765 435.292
v -4347.4 410.52 435.292
v -4337.28 406.335 435.292
v -4330.24 406.463 435.292
v -4320.41 427.337 435.292
v -4334.42 427.068 435.292
v -4306.34 411.198 435.292
v -4306.62 425.341 435.292
v -4322.64 406.757 435.292
v -4316.3 406.873 435.292
v -4407.71 501.772 447.381
v -4409.95 487.707 447.381
v -4400.73 481.807 447.381
v -4393.77 480.706 447.381
v -4380.45 499.533 447.381
v -4394.27 501.721 447.381
v -4369.42 481.167 447.381
v -4367.2 495.143 447.381
v -4386.25 479.657 447.381
v -4379.98 478.659 447.381
v -4460.85 523.031 458.071
v -4466.54 509.989 458.071
v -4459.08 501.964 458.071
v -4452.64 499.149 458.071
v -4435.02 514.033 458.071
v -4447.85 519.626 458.071
v -4428.95 493.492 458.071
v -4423.29 506.469 458.071
v -4445.61 496.243 458.071
v -4439.8 493.709 458.071
v -4348.14 493.965 441.596
v -4348.92 479.759 441.596
v -4339.14 474.832 441.596
v -4332.11 474.448 441.596
v -4320.78 494.541 441.596
v -4334.76 495.296 441.596
v -4307.93 477.404 441.596
v -4307.17 491.534 441.596
v -4324.51 474.166 441.596
v -4318.19 473.821 441.596
v -4443.89 566.507 456.491
v -4444.08 553.376 456.491
v -4402.04 552.761 456.491
v -4401.85 565.854 456.491
v -4415.71 566.059 456.491
v -4429.92 566.302 456.491
v -4377.59 565.803 452.225
v -4377.78 552.672 452.225
v -4335.74 552.057 452.225
v -4335.55 565.163 452.225
v -4349.41 565.355 452.225
v -4363.62 565.598 452.225
v -4519.31 542.983 478.388
v -4519.5 529.852 478.388
v -4477.47 529.238 478.388
v -4477.28 542.343 478.388
v -4491.13 542.535 478.388
v -4505.34 542.779 478.388
v -4586.53 538.069 500.622
v -4575.16 531.529 500.622
v -4554.19 567.966 500.622
v -4565.55 574.493 500.622
v -4572.46 562.475 500.622
v -4579.58 550.176 500.622
v -4549.72 592.181 498.036
v -4542.35 581.315 498.036
v -4507.56 604.902 498.036
v -4514.91 615.743 498.036
v -4526.39 607.961 498.036
v -4538.16 600.013 498.036
v -4495.5 626.468 484.042
v -4490.26 614.424 484.042
v -4451.7 631.165 484.042
v -4456.92 643.183 484.042
v -4469.64 637.666 484.042
v -4482.68 632.035 484.042
v -4435.05 648.34 468.206
v -4435.21 635.209 468.206
v -4393.17 634.697 468.206
v -4393.01 647.803 468.206
v -4406.87 647.969 468.206
v -4421.08 648.174 468.206
v -4539.3 332.067 502.928
v -4537.93 314.508 502.928
v -4496.24 317.746 502.928
v -4497.6 335.292 502.928
v -4560.13 362.437 506.011
v -4558.6 344.507 506.011
v -4496.52 349.78 506.011
v -4498.04 367.723 506.011
v -4523.64 395.968 483.352
v -4522.22 378.716 483.352
v -4485.92 381.698 483.352
v -4487.35 398.95 483.352
v -4569.92 392.155 502.996
v -4568.5 374.902 502.996
v -4532.21 377.885 502.996
v -4533.62 395.137 502.996
v -4567.14 428.31 493.371
v -4565.72 411.07 493.371
v -4529.43 414.052 493.371
v -4530.84 431.305 493.371
v -4516.77 432.482 474.083
v -4515.35 415.23 474.083
v -4479.05 418.212 474.083
v -4480.48 435.464 474.083
v -4557.43 458.309 489.081
v -4553.75 441.402 489.081
v -4518.17 449.133 489.081
v -4521.84 466.052 489.081
v -4510.71 467.997 472.546
v -4507.04 451.091 472.546
v -4471.45 458.834 472.546
v -4475.12 475.74 472.546
v -4556.53 496.807 489.058
v -4552.66 479.913 489.058
v -4510.17 489.678 489.058
v -4514.04 506.572 489.058
v -4602.35 459.487 505.112
v -4589.09 447.763 505.112
v -4563.33 476.892 505.112
v -4576.59 488.616 505.112
v -4605.78 396.736 512.409
v -4586.72 396.941 512.409
v -4587.13 435.618 512.409
v -4606.2 435.413 512.409
v -4508.81 141.49 511.787
v -4513.45 123.867 511.787
v -4500.63 116.239 511.787
v -4490.72 113.641 511.787
v -4483.73 138.917 511.787
v -4493.89 141.605 511.787
v -4475.19 113.974 511.787
v -4470.56 131.571 511.787
v -4439.7 123.061 493.542
v -4444.34 105.438 493.542
v -4431.52 97.823 493.542
v -4421.62 95.2122 493.542
v -4414.62 120.501 493.542
v -4424.8 123.176 493.542
v -4406.09 95.5449 493.542
v -4401.46 113.155 493.542
v -4530.73 201.871 519.427
v -4535.37 184.248 519.427
v -4522.55 176.633 519.427
v -4512.64 174.022 519.427
v -4505.65 199.311 519.427
v -4515.81 201.986 519.427
v -4497.11 174.355 519.427
v -4492.48 191.965 519.427
v -4463.09 213.633 501.852
v -4469.04 191.671 501.852
v -4461.21 187.064 501.852
v -4426.69 177.721 501.852
v -4452.76 210.83 501.852
v -4430.56 218.969 501.852
v -4418.83 215.795 501.852
v -4418.28 208.756 501.852
v -4379.87 177.222 473.068
v -4355.56 155.939 473.068
v -4342.61 170.733 473.068
v -4327.71 195.946 473.068
v -4357.35 221.875 473.068
v -4370.65 206.67 473.068
v -4489.5 52.7613 509.117
v -4504.89 35.2665 509.117
v -4490.82 22.8781 509.117
v -4486.65 27.6133 509.117
v -4456.83 36.4183 509.117
v -4473.13 53.0684 509.117
v -4474.65 27.8053 509.117
v -4470.23 23.3004 509.117
v -4453.97 216.013 495.519
v -4455.14 211.47 495.519
v -4455.44 200.898 495.519
v -4436.82 195.856 495.519
v -4432.92 210.267 495.519
v -4370.44 233.226 465.311
v -4370.65 206.67 465.311
v -4346.67 174.278 465.311
v -4342.61 170.733 465.311
v -4337.7 233.521 465.311
v -4412.75 -9.10385 495.724
v -4439.76 -39.8827 495.724
v -4433.07 -50.9913 495.724
v -4390.98 -57.2622 495.724
v -3894.94 -128.367 433.722
v -3912.5 -116.964 433.722
v -3916.38 -122.915 433.722
v -3903.93 -162.268 433.722
v -3891.14 -142.585 433.722
v -3917.29 -124.847 433.722
v -3923.99 -135.15 433.722
v -3927.12 -153.041 433.722
v -3912.7 -162.396 433.722
v -3922.03 -139.936 433.722
v -3927.45 -148.293 433.722
v -3899.59 -207.866 427.594
v -3895.72 -201.915 427.594
v -3913.28 -190.5 427.594
v -3927.81 -192.816 427.594
v -3907.67 -219.807 427.594
v -3900.98 -209.492 427.594
v -3940.6 -212.499 427.594
v -3918.26 -228.304 427.594
v -3912.84 -219.96 427.594
v -3937.15 -220.562 427.594
v -3922.73 -229.93 427.594
v -3891.19 -285.407 423.626
v -3887.31 -279.444 423.626
v -3904.88 -268.028 423.626
v -3919.42 -270.345 423.626
v -3932.2 -290.027 423.626
v -3899.27 -297.335 423.626
v -3892.58 -287.02 423.626
v -3909.87 -305.832 423.626
v -3904.44 -297.488 423.626
v -3928.76 -298.09 423.626
v -3914.34 -307.458 423.626
v -3805.66 -206.407 444.161
v -3826.16 -193.111 444.161
v -3838.21 -211.667 444.161
v -3839.81 -226.948 444.161
v -3820.45 -239.502 444.161
v -3806.63 -218.194 444.161
v -3933.27 -129.595 440.772
v -3923.99 -135.15 440.772
v -3915.4 -126.076 440.772
v -3914.24 -124.297 440.772
v -3927.34 -105.088 440.772
v -3836.73 -147.103 440.772
v -3905.99 -101.914 440.772
v -3842.07 -178.38 440.772
v -3832.02 -163.254 440.772
v -3850.09 -173.773 440.772
v -3900.3 -136.634 440.772
v -3932.36 -199.817 423.667
v -3946.81 -190.615 423.667
v -3966.67 -315.648 423.667
v -3934.8 -335.753 423.667
v -3914.34 -307.458 423.667
v -3926.09 -293.995 423.667
v -3934.49 -216.466 423.667
v -3928.21 -226.372 423.667
v -3937.4 -428.855 405.921
v -3942.74 -437.468 405.921
v -3919.47 -428.881 405.921
v -3937.65 -456.446 405.921
v -3929.83 -462.794 405.921
v -3908.06 -429.725 405.921
v -3913.72 -425.732 405.921
v -3911.52 -458.43 405.921
v -3903.7 -446.528 405.921
v -3878.65 -417.593 414.501
v -3882.84 -423.339 414.501
v -3871.14 -419.577 414.501
v -3860.58 -416.339 414.501
v -3879.25 -442.344 414.501
v -3866.53 -451.519 414.501
v -3861.98 -449.267 414.501
v -3849.58 -445.722 414.501
v -3844.91 -444.89 414.501
v -3848.53 -414.471 414.501
v -3855.93 -411.361 414.501
v -3841.28 -430.583 414.501
v -3819.45 -396.708 429.975
v -3823.65 -402.454 429.975
v -3811.95 -398.679 429.975
v -3801.4 -395.441 429.975
v -3820.06 -421.458 429.975
v -3807.33 -430.621 429.975
v -3802.79 -428.382 429.975
v -3790.39 -424.824 429.975
v -3785.72 -424.005 429.975
v -3789.34 -393.572 429.975
v -3796.74 -390.463 429.975
v -3782.09 -409.684 429.975
v -3929.05 -370.281 416.314
v -3935.83 -378.011 416.314
v -3933.47 -385.356 416.314
v -3923.36 -369.283 416.314
v -3925.61 -390.59 416.314
v -3919.25 -390.974 416.314
v -3906.91 -388.978 416.314
v -3900.79 -385.855 416.314
v -3912.77 -366.16 416.314
v -3898.05 -378.382 416.314
v -3906.99 -364.74 416.314
v -3895.52 -369.871 416.314
v -3898.8 -367.529 416.314
v -3877.42 -344.276 428.771
v -3878.69 -354.463 428.771
v -3872.6 -359.224 428.771
v -3873.26 -340.245 428.771
v -3863.16 -359.147 428.771
v -3857.69 -355.896 428.771
v -3847.55 -347.463 428.771
v -3844.13 -331.773 428.771
v -3866.25 -331.722 428.771
v -3848.6 -326.18 428.771
v -3853.92 -325.016 428.771
v -3862.27 -327.307 428.771
v -3777.08 -306.383 445.196
v -3792.79 -306.831 445.196
v -3810.19 -337.097 445.196
v -3804.46 -348.653 445.196
v -3772.03 -323.211 445.196
v -3773.67 -352.172 445.196
v -3764.91 -339.516 445.196
v -3773.91 -261.527 453.726
v -3786.55 -265.776 453.726
v -3781.1 -281.99 453.726
v -3768.08 -283.731 453.726
v -3742.98 -282.912 453.726
v -3730.84 -267.785 453.726
v -3733 -256.625 453.726
v -3748.15 -244.634 453.726
v -3755.18 -251.468 453.726
v -3662.51 -262.269 452.075
v -3662.57 -245.159 452.075
v -3675.91 -245.21 452.075
v -3674.28 -268.105 452.075
v -3714.67 -264.982 452.075
v -3698.33 -275.4 452.075
v -3696.87 -241.703 452.075
v -3705.73 -237.48 452.075
v -3716.21 -253.708 452.075
v -3640.81 -288.581 443.8
v -3654.72 -295.082 443.8
v -3659.6 -302.185 443.8
v -3651.48 -319.539 443.8
v -3637.42 -290.872 443.8
v -3628.36 -294.033 443.8
v -3617.14 -309.057 443.8
v -3624.03 -294.314 443.8
v -3637.81 -324.696 443.8
v -3619.93 -316.326 443.8
v -3600.04 -320.281 429.137
v -3607.17 -333.398 429.137
v -3597.79 -338.492 429.137
v -3588.38 -324.914 429.137
v -3595.44 -321.074 429.137
v -3596.07 -341.256 429.137
v -3567.22 -321.906 429.137
v -3574.48 -325.374 429.137
v -3600.36 -342.561 429.137
v -3602.67 -344.967 429.137
v -3602.85 -351.494 429.137
v -3595.25 -351.699 429.137
v -3569.01 -352.479 429.137
v -3561.41 -352.671 429.137
v -3562.59 -321.343 429.137
v -3565.79 -339.413 429.137
v -3556.16 -334.819 429.137
v -3561.26 -346.132 429.137
v -3563.43 -343.611 429.137
v -3567.65 -342.101 429.137
v -3553.27 -318.835 423.085
v -3551.94 -333.693 423.085
v -3541.31 -332.758 423.085
v -3540.99 -316.237 423.085
v -3548.99 -316.953 423.085
v -3538.35 -334.115 423.085
v -3525.03 -302.031 423.085
v -3529.15 -308.929 423.085
v -3541.21 -337.557 423.085
v -3541.79 -340.846 423.085
v -3538.33 -346.375 423.085
v -3531.89 -342.357 423.085
v -3509.59 -328.484 423.085
v -3503.17 -324.44 423.085
v -3521.48 -298.998 423.085
v -3514.15 -315.814 423.085
v -3508.67 -306.651 423.085
v -3506.66 -318.911 423.085
v -3509.86 -318.003 423.085
v -3514.21 -319.078 423.085
v -4144.9 459.359 447.696
v -4149.56 462.379 447.696
v -4158.59 452.204 447.696
v -4161.1 448.326 447.696
v -4135.15 453.036 447.696
v -4139.76 456.031 447.696
v -4162.23 446.599 447.696
v -4164.7 442.772 447.696
v -4170.32 430.37 447.696
v -4165.67 427.35 447.696
v -4143.26 436.808 447.696
v -4140.77 440.66 447.696
v -4146.9 431.189 447.696
v -4144.38 435.08 447.696
v -4160.54 424.022 447.696
v -4155.92 421.028 447.696
v -4084.66 381.276 452.85
v -4129.46 418.596 452.85
v -4134.94 412.018 452.85
v -4137 406.693 452.85
v -4090.11 374.723 452.85
v -4094.98 371.729 452.85
v -4114.77 376.08 452.85
v -4108.65 370.986 452.85
v -4135.24 393.102 452.85
v -4129.22 388.085 452.85
v -4065.94 455.685 456.078
v -4071.16 461.496 456.078
v -4079.33 454.162 456.078
v -4079.05 450.246 456.078
v -4082.81 449.376 456.078
v -4089.14 443.706 456.078
v -4074.34 427.222 456.078
v -4067.23 433.596 456.078
v -4054.2 461.074 456.078
v -4059.67 455.493 456.078
v -4059.35 433.378 456.078
v -4052.52 426.684 456.078
v -4046.35 453.382 456.078
v -4037.03 442.503 456.078
v -4043.08 448.442 456.078
v -4046.8 449.478 456.078
v -3964.26 462.366 458.626
v -3969.48 468.177 458.626
v -3977.65 460.843 458.626
v -3977.38 456.927 458.626
v -3981.14 456.057 458.626
v -3987.46 450.387 458.626
v -3972.67 433.903 458.626
v -3965.56 440.276 458.626
v -3952.52 467.754 458.626
v -3958 462.174 458.626
v -3957.68 440.059 458.626
v -3950.84 433.365 458.626
v -3944.69 460.062 458.626
v -3935.35 449.184 458.626
v -3941.4 455.122 458.626
v -3945.13 456.159 458.626
v -3966.85 408.613 456.862
v -3969.64 411.71 456.862
v -3976.12 409.995 456.862
v -3982.18 404.531 456.862
v -3979.94 400.473 456.862
v -3982.35 401.305 456.862
v -3961.85 411.557 456.862
v -3964.79 408.575 456.862
v -3949.65 403.827 456.862
v -3955.46 409.547 456.862
v -3952.06 399.872 456.862
v -3949.62 400.589 456.862
v -3987.39 402.483 456.862
v -3990.59 399.59 456.862
v -3990.21 395.623 456.862
v -3987.21 392.308 456.862
v -3984.93 390.35 456.862
v -3978.49 383.209 456.862
v -3941.47 398.515 456.862
v -3944.54 401.536 456.862
v -3945.17 391.387 456.862
v -3942.03 394.573 456.862
v -3976.36 380.828 456.862
v -3973.99 378.204 456.862
v -3969.47 382.274 456.862
v -3954.27 382.684 456.862
v -3947.54 389.531 456.862
v -3958.99 377.885 456.862
v -3956.52 380.406 456.862
v -3963.27 382.172 456.862
v -3988.42 326.602 457.909
v -3985.61 323.505 457.909
v -3979.14 325.258 457.909
v -3973.12 330.749 457.909
v -3975.37 334.793 457.909
v -3972.96 333.987 457.909
v -3993.4 323.633 457.909
v -3990.48 326.628 457.909
v -4005.65 331.286 457.909
v -3999.81 325.604 457.909
v -4003.25 335.254 457.909
v -4005.69 334.524 457.909
v -3967.92 332.835 457.909
v -3964.72 335.74 457.909
v -3965.12 339.695 457.909
v -3968.14 342.996 457.909
v -3970.44 344.942 457.909
v -3976.91 352.058 457.909
v -4013.86 336.559 457.909
v -4010.77 333.551 457.909
v -4010.2 343.713 457.909
v -4013.32 340.501 457.909
v -3979.06 354.425 457.909
v -3981.43 357.036 457.909
v -3985.94 352.941 457.909
v -4001.13 352.454 457.909
v -4007.84 345.569 457.909
v -3996.43 357.279 457.909
v -3998.9 354.745 457.909
v -3992.14 353.017 457.909
v -4135.24 393.102 452.005
v -4139.87 387.79 452.005
v -4108.44 383.682 452.005
v -4122.85 395.713 452.005
v -4102.68 378.153 452.005
v -4086.59 301.543 452.005
v -4077.23 303.847 452.005
v -4069.61 314.021 452.005
v -4074.25 332.22 452.005
v -4091.51 375.888 452.005
v -4074.04 350.739 452.005
v -4076.79 339.669 452.005
v -4051.75 298.126 451.043
v -4066.18 354.63 451.043
v -4074.49 352.506 451.043
v -4079.27 349.396 451.043
v -4060.01 296.014 451.043
v -4065.71 296.449 451.043
v -4079.21 311.577 451.043
v -4077.23 303.847 451.043
v -4085.81 337.365 451.043
v -4083.87 329.763 451.043
v -3949.51 568.708 465.277
v -3948.26 541.486 465.277
v -3877.46 544.737 465.277
v -3878.7 571.933 465.277
v -4687.32 142.552 545.642
v -4678.02 105.451 545.642
v -4655.15 111.184 545.642
v -4664.47 148.286 545.642
v -3437.58 156.182 410.421
v -3460.27 151.447 410.421
v -3454.06 121.704 410.421
v -3447.22 123.125 410.421
v -3450.71 116.278 410.421
v -3446.38 95.5193 410.421
v -3425.82 99.8194 410.421
v -3412.07 101.47 401.412
v -3440.39 95.225 401.412
v -3432.03 57.3941 401.412
v -3420.88 59.8642 401.412
v -3414.58 61.0032 401.412
v -3406.71 62.7437 401.412
v -3409.08 87.9685 401.412
v -3401.88 13.958 417.079
v -3373.24 -3.42159 417.079
v -3367.03 6.81673 417.079
v -3395.57 24.3755 417.079
v -3389.6 39.4514 417.079
v -3394.98 30.5697 417.079
v -3361.67 10.6305 417.079
v -3323.41 7.77658 417.079
v -3354.29 26.4871 417.079
v -3300.58 -26.4194 417.079
v -3295.62 -18.2415 417.079
v -3355.77 0.827315 417.079
v -3345.18 -5.59723 417.079
v -3312.15 -40.4842 417.079
v -3305.99 -30.3355 417.079
v -3334.44 -12.8152 417.079
v -3340.71 -23.1559 417.079
v -3333.8 -6.53147 417.079
v -3242.85 -49.3915 414.622
v -3251.13 -41.9304 414.622
v -3272.53 -65.7088 414.622
v -3174.88 -88.9368 414.622
v -3176.13 -57.5054 414.622
v -3196.31 -58.3116 414.622
v -3233.74 -62.4069 414.622
v -3243.7 -91.6628 414.622
v -3222.4 8.33968 427.756
v -3231.7 18.6164 427.756
v -3245.05 -12.1497 427.756
v -3265.69 10.6561 427.756
v -3243.82 36.3671 427.756
v -3216.61 65.5976 427.756
v -3243.12 41.5887 427.756
v -3187.58 48.7043 427.756
v -3187.22 64.9577 427.756
v -3047.27 185.157 421.564
v -3064.88 184.786 421.564
v -3079 168.187 421.564
v -3078.69 153.328 421.564
v -3002.33 154.902 421.564
v -2981.82 184.632 421.564
v -2995.52 194.077 421.564
v -3017.63 176.851 421.564
v -3029.62 176.595 421.564
v -3062.88 64.8554 417.206
v -3103.42 65.5081 417.206
v -3103.67 49.9713 417.206
v -3089.74 42.5357 417.206
v -3136.14 -19.9565 417.206
v -3125.2 -31.1674 417.206
v -3063.45 29.1107 417.206
v -3120.76 3.24612 417.206
v -3134.36 -10.0253 417.206
v -2940.7 275.32 413.36
v -2963.03 246.831 413.36
v -2930.53 221.35 413.36
v -2908.19 249.838 413.36
v -3019.7 320.254 425.22
v -3053.04 312.294 425.22
v -3050.35 301.031 425.22
v -2986.15 298.651 425.22
v -2988.56 308.774 425.22
v -3049.47 296.462 425.22
v -3046.76 285.136 425.22
v -2983.05 286.096 425.22
v -2984.92 293.941 425.22
v -3014.16 289.052 425.22
v -3011.82 279.236 425.22
v -3077.69 289.615 437.44
v -3083.75 299.982 437.44
v -3111.23 283.894 437.44
v -3105.52 274.142 437.44
v -3102.42 268.972 437.44
v -3070.58 277.214 437.44
v -3075.03 284.803 437.44
v -3109.87 241.712 437.44
v -3141.43 221.299 437.44
v -3145.17 215.463 437.44
v -3134.55 208.641 437.44
v -3149.94 247.215 437.44
v -3156.58 236.874 437.44
v -3107.46 267.423 437.44
v -3122.08 261.549 437.44
v -3125.83 255.7 437.44
v -3191.2 237.45 449.123
v -3200.1 247.112 449.123
v -3216.7 243.465 449.123
v -3227.33 233.674 449.123
v -3208.29 203.714 449.123
v -3196.3 214.784 449.123
v -3214.81 210.791 449.123
v -3232.67 218.739 449.123
v -3221.89 207.067 449.123
v -3225.43 225.407 449.123
v -3437.8 194.346 407.8
v -3431.18 186.078 407.8
v -3410.02 189.035 407.8
v -3404.44 189.124 407.8
v -3397.65 194.576 407.8
v -3395 210.958 407.8
v -3405.42 223.948 407.8
v -3420.87 224.281 407.8
v -3433.56 214.093 407.8
v -3329.74 238.051 444.123
v -3361.5 235.812 444.123
v -3360.65 223.833 444.123
v -3328.95 226.776 444.123
v -3328.57 220.761 444.123
v -3360.13 218.368 444.123
v -3359.5 209.601 444.123
v -3307.05 202.473 444.123
v -3268.01 189.099 444.123
v -3263.08 200.719 444.123
v -3269.47 203.42 444.123
v -3265.76 224.831 444.123
v -3277.07 229.63 444.123
v -3323.55 222.335 444.123
v -3301.76 223.026 444.123
v -3308.16 225.727 444.123
v -3079.07 131.559 419.481
v -3079.51 84.0011 419.481
v -3032.12 83.5532 419.481
v -3031.69 131.111 419.481
v -3243.7 -91.6628 412.119
v -3203.73 -135.815 412.119
v -3193.68 -127.01 412.119
v -3169.16 -94.5679 412.119
v -3136.14 -19.9565 412.119
v -3176.13 -57.5054 412.119
v -3056.76 64.6634 412.119
v -3062.88 64.8554 412.119
v -3057.17 27.4214 412.119
v -3039.86 441.441 453.095
v -3063.94 447.239 453.095
v -3076.43 438.766 453.095
v -3076.51 435.438 453.095
v -3060.59 412.977 453.095
v -3052.22 410.879 453.095
v -3031.28 425.11 453.095
v -3031.28 429.308 453.095
v -3287.86 674.014 495.75
v -3286.54 662.7 495.75
v -3251.23 687.466 495.75
v -3261.52 692.367 495.75
v -3271.76 658.029 495.75
v -3251.6 671.954 495.75
v -3243.62 663.98 495.75
v -3247.88 669.932 495.75
v -3271.05 653.844 495.75
v -3266.8 647.892 495.75
v -3247.75 661.024 495.75
v -3262.67 650.836 495.75
v -3361.05 701.365 501.917
v -3359.18 690.128 501.917
v -3325.14 716.608 501.917
v -3335.65 720.998 501.917
v -3344.17 686.199 501.917
v -3324.74 701.109 501.917
v -3316.37 693.532 501.917
v -3320.92 699.266 501.917
v -3343.26 682.052 501.917
v -3338.72 676.318 501.917
v -3320.34 690.384 501.917
v -3334.75 679.466 501.917
v -3436.72 677.726 506.697
v -3435.47 666.399 506.697
v -3400.03 691.011 506.697
v -3410.3 695.951 506.697
v -3420.69 661.664 506.697
v -3400.48 675.499 506.697
v -3392.53 667.487 506.697
v -3396.76 673.451 506.697
v -3420 657.479 506.697
v -3415.77 651.502 506.697
v -3396.67 664.556 506.697
v -3411.63 654.433 506.697
v -3493.74 612.953 490.122
v -3486.67 604.032 490.122
v -3469.69 643.669 490.122
v -3481.01 642.427 490.122
v -3471.63 607.846 490.122
v -3461.84 630.294 490.122
v -3450.85 627.722 490.122
v -3457.61 630.538 490.122
v -3468.83 604.659 490.122
v -3462.08 601.843 490.122
v -3452.8 623.038 490.122
v -3460.12 606.515 490.122
v -3417.78 544.673 495.59
v -3406.88 547.962 495.59
v -3437.5 578.333 495.59
v -3440.51 567.339 495.59
v -3404.9 563.346 495.59
v -3422.18 580.713 495.59
v -3415.74 589.992 495.59
v -3420.84 584.745 495.59
v -3400.91 564.792 495.59
v -3395.8 570.026 495.59
v -3412.1 586.447 495.59
v -3399.43 573.572 495.59
v -3342.65 521.188 490.597
v -3334.41 529.046 490.597
v -3375.44 542.318 490.597
v -3373.17 531.158 490.597
v -3339.59 543.674 490.597
v -3362.84 551.379 490.597
v -3361.28 562.552 490.597
v -3363.48 555.564 490.597
v -3336.68 546.759 490.597
v -3334.49 553.747 490.597
v -3356.44 561.029 490.597
v -3339.32 555.257 490.597
v -3308.94 592.475 492.259
v -3307.63 581.161 492.259
v -3272.32 605.926 492.259
v -3282.59 610.828 492.259
v -3292.83 576.49 492.259
v -3272.67 590.414 492.259
v -3264.69 582.441 492.259
v -3268.96 588.392 492.259
v -3292.12 572.305 492.259
v -3287.87 566.353 492.259
v -3268.82 579.484 492.259
v -3283.74 569.297 492.259
v -3419.06 -14.8245 419.822
v -3427.15 -25.6899 419.822
v -3415.99 -33.791 419.822
v -3407.53 -32.9335 419.822
v -3359.86 -50.7865 419.822
v -3359.21 -49.238 419.822
v -3394.11 -65.9391 419.822
v -3384.39 -72.9908 419.822
v -3389.48 -45.8081 419.822
v -3412.23 -48.7517 419.822
v -3403.64 -54.9842 419.822
v -3686.1 426.16 469.495
v -3694.31 431.637 469.495
v -3710.92 425.417 469.495
v -3717.05 416.241 469.495
v -3714.8 397.12 469.495
v -3707.75 392.411 469.495
v -3671.89 416.689 469.495
v -3680.07 422.141 469.495
v -3702.98 389.237 469.495
v -3695.91 384.514 469.495
v -3677.39 389.774 469.495
v -3671.26 398.95 469.495
v -3697.21 356.793 492.914
v -3743.87 355.104 492.914
v -3743.54 346.247 492.914
v -3696.89 347.924 492.914
v -3701.54 323.492 492.914
v -3701.8 330.441 492.914
v -3737.12 322.212 492.914
v -3737.38 329.174 492.914
v -3778.16 352.992 493.44
v -3788.81 352.595 493.44
v -3799.13 349.997 493.44
v -3809.62 349.613 493.44
v -3809.37 342.625 493.44
v -3771.17 320.676 493.44
v -3771.51 329.75 493.44
v -3817.08 330.121 493.44
v -3816.67 319 493.44
v -3821.12 406.463 474.767
v -3829.5 409.573 474.767
v -3833.09 399.923 474.767
v -3840.96 382.146 474.767
v -3846.61 366.891 474.767
v -3800.96 391.719 474.767
v -3817.08 397.696 474.767
v -3837.74 363.602 474.767
v -3804.85 381.225 474.767
v -3824.06 362.424 474.767
v -3816.69 359.685 474.767
v -3819.93 445.831 461.303
v -3822.78 437.345 461.303
v -3813.03 434.069 461.303
v -3795.02 426.748 461.303
v -3779.6 421.565 461.303
v -3805.8 466.436 461.303
v -3811.29 450.131 461.303
v -3776.58 430.537 461.303
v -3795.21 462.865 461.303
v -3775.83 444.244 461.303
v -3773.32 451.692 461.303
v -3628.94 338.965 479.646
v -3638.51 336.073 479.646
v -3635.13 324.849 479.646
v -3645.36 318.859 479.646
v -3643.85 313.817 479.646
v -3615.23 346.657 479.646
v -3627.34 342.996 479.646
v -3636.11 311.679 479.646
v -3605.35 320.932 479.646
v -3598.77 326.743 479.646
v -3600.4 332.144 479.646
v -3612.4 331.171 479.646
v -3613.23 340.053 479.646
v 28.5285 1906.47 497.991
v 28.3504 1894.88 497.991
v 44.347 1894.65 497.991
v 44.514 1906.22 497.991
v 54.4994 1908.88 497.991
v 54.6441 1918.44 497.991
v 18.7769 1918.98 497.991
v 18.6322 1909.42 497.991
v 48.5438 1928.68 497.991
v 25.1889 1929.04 497.991
v 133.024 1922.81 462.568
v 132.623 1879.68 462.568
v 167.422 1879.36 462.568
v 167.823 1922.49 462.568
v 47.8313 2128.68 503.227
v 15.0255 2129 503.227
v 6.85461 2117.73 503.227
v 6.74329 2106.2 503.227
v 14.7583 2094.02 503.227
v 47.4083 2093.7 503.227
v 55.6682 2105.73 503.227
v 55.7795 2117.25 503.227
v -3958.69 778.528 471.943
v -3951.23 758.856 471.943
v -3918.59 771.233 471.943
v -3926.05 790.904 471.943
v -3848.68 763.515 468.999
v -3877.19 766.855 468.999
v -3878.59 754.991 468.999
v -3875.71 728.92 468.999
v -3853.06 726.258 468.999
v -3909.42 708.327 472.14
v -3910.8 730.315 472.14
v -3922.96 729.547 472.14
v -3952.8 723.315 472.14
v -3951.69 705.665 472.14
v -3872.46 821.467 470.274
v -3873.38 815.209 470.274
v -3852.41 830.913 470.274
v -3858.67 831.898 470.274
v -3875.56 808.323 470.274
v -3880.93 806.864 470.274
v -3882.05 799.326 470.274
v -3855.68 795.435 470.274
v -3838.79 808.131 470.274
v -3834.68 834.484 470.274
v -3842.21 835.661 470.274
v -3845.2 830.951 470.274
v -3904.1 965.902 474.726
v -3926.44 960.04 474.726
v -3924.11 951.17 474.726
v -3901.87 957.39 474.726
v -3896.41 944.707 474.726
v -3898.54 952.898 474.726
v -3920.63 938.359 474.726
v -3922.99 947.356 474.726
v -3875.4 963.995 476.946
v -3877.73 972.864 476.946
v -3900.07 967.002 476.946
v -3897.83 958.491 476.946
v -3898.54 952.898 476.946
v -3896.41 944.707 476.946
v -3872.16 951.119 476.946
v -3874.52 960.117 476.946
v -3831.72 967.041 481.454
v -3831.78 974.4 481.454
v -3858.4 974.183 481.454
v -3858.34 967.028 481.454
v -3860.26 961.268 481.454
v -3860.2 952.745 481.454
v -3831.02 952.962 481.454
v -3831.09 961.678 481.454
v -3844.23 917.369 474.916
v -3875.16 914.77 474.916
v -3874.28 904.378 474.916
v -3843.41 907.603 474.916
v -3845.02 886.587 474.916
v -3846.18 900.321 474.916
v -3873.51 897.85 474.916
v -3872.25 882.914 474.916
v -3840.64 867.018 474.916
v -3841.52 877.539 474.916
v -3871.81 875.772 474.916
v -3870.86 864.484 474.916
v -3773.46 820.968 465.866
v -3774.05 813.084 465.866
v -3770.66 797.099 465.866
v -3745 795.192 465.866
v -3768.45 822.76 465.866
v -3760.42 829.799 465.866
v -3735.52 803.485 465.866
v -3734.78 829.083 465.866
v -3747.02 834.292 465.866
v -3758.14 834.612 465.866
v -3689.49 897.799 468.026
v -3758.14 834.612 468.026
v -3747.16 829.428 468.026
v -3680.69 890.222 468.026
v -3666.02 881.941 466.55
v -3675.05 891.438 466.55
v -3680.69 890.222 466.55
v -3687.18 884.271 466.55
v -3693.87 873.571 466.55
v -3671.36 867.044 466.55
v -3666.7 871.485 466.55
v -3683.48 862.884 466.55
v -3693.15 869.284 466.55
v -3688.27 864.138 466.55
v -3746.73 757.743 462.579
v -3773.12 759.317 462.579
v -3775.49 719.693 462.579
v -3760.43 718.784 462.579
v -3749.43 721.996 462.579
v -3741.54 728.293 462.579
v -3740.36 747.76 462.579
v -3661.42 827.073 462.573
v -3652.65 816.425 462.573
v -3646.08 810.934 462.573
v -3628.51 831.962 462.573
v -3629.6 842.227 462.573
v -3651.83 860.504 462.573
v -3658.32 852.62 462.573
v -3662.59 841.536 462.573
v -3678.41 804.816 460.861
v -3692.85 803.396 460.861
v -3659.8 792.581 460.861
v -3666.37 798.071 460.861
v -3687.68 770.81 460.861
v -3677.38 771.553 460.861
v -3703 797.227 460.861
v -3709.61 789.445 460.861
v -3729.11 475.165 458.537
v -3736.54 462.033 458.537
v -3717.73 451.385 458.537
v -3706.46 456.581 458.537
v -3694.31 455.237 458.537
v -3684 462.597 458.537
v -3679.38 470.762 458.537
v -3695.74 480.015 458.537
v -3706.18 478.095 458.537
v -3722.24 479.529 458.537
v -3646.58 463.608 463.448
v -3665.61 456.082 463.448
v -3652.42 422.755 463.448
v -3629.92 388.993 463.448
v -3613.05 400.576 463.448
v -3650.22 418.519 463.448
v -3483.57 537.173 475.385
v -3505.01 537.211 475.385
v -3505.07 502.233 475.385
v -3469.95 502.169 475.385
v -3469.92 524.157 475.385
v -3433.49 492.686 473.621
v -3454.93 492.724 473.621
v -3454.98 457.759 473.621
v -3419.87 457.695 473.621
v -3419.84 479.682 473.621
v -3572.4 478.71 456.739
v -3596.79 465.489 456.739
v -3587.41 448.173 456.739
v -3563.02 461.393 456.739
v -3547.08 422.09 456.739
v -3553.44 440.737 456.739
v -3573.32 413.118 456.739
v -3579.69 431.765 456.739
v -3527.13 586.524 469.534
v -3546.82 585.999 469.534
v -3559.5 572.407 469.534
v -3558.98 552.569 469.534
v -3545.07 538.76 469.534
v -3525.27 539.272 469.534
v -3511.84 553.849 469.534
v -3512.36 573.252 469.534
v -3573.89 633.661 460.317
v -3593.57 633.136 460.317
v -3606.25 619.544 460.317
v -3605.73 599.706 460.317
v -3591.83 585.896 460.317
v -3572.02 586.408 460.317
v -3558.61 600.986 460.317
v -3559.11 620.388 460.317
v -3591.39 684.612 455.327
v -3603 694.876 455.327
v -3617.4 678.609 455.327
v -3617.84 665.362 455.327
v -3599.28 648.942 455.327
v -3592.93 669.471 455.327
v -3594.05 676.843 455.327
v -3588.78 660.806 455.327
v -1297.12 3487.69 630.64
v -1308.21 3454.89 630.64
v -1197.15 3417.33 630.64
v -1186.06 3450.14 630.64
v -1255.51 3522.69 612.546
v -1265.84 3491.61 612.546
v -1193.63 3467.6 612.546
v -1183.3 3498.68 612.546
v -1307.25 3489.26 623.238
v -1340.92 3500.04 623.238
v -1353.89 3459.53 623.238
v -1320.21 3448.75 623.238
v 797.646 -1085.67 450.867
v 792.18 -1121.67 450.867
v 812.318 -1124.72 450.867
v 817.795 -1088.73 450.867
v 674.794 -1119.27 566.048
v 666.233 -1117.26 566.048
v 661.591 -1120.44 566.048
v 653.743 -1126.11 566.048
v 680.905 -1124.47 566.048
v 684.968 -1140.98 566.048
v 650.727 -1130.65 566.048
v 648.188 -1140.25 566.048
v 683.855 -1163.59 566.048
v 686.805 -1152.35 566.048
v 645.283 -1155.72 566.048
v 680.983 -1165.15 566.048
v 646.196 -1141.83 566.048
v 643.524 -1151.96 566.048
v 728.416 -1119.09 556.228
v 720.902 -1120.35 556.228
v 719.31 -1122.51 556.228
v 721.682 -1136.5 556.228
v 722.238 -1139.2 556.228
v 723.886 -1148.92 556.228
v 741.196 -1119.3 556.228
v 731.968 -1120.86 556.228
v 724.565 -1152.03 556.228
v 726.19 -1161.66 556.228
v 728.917 -1163.74 556.228
v 754.576 -1117.7 556.228
v 744.279 -1119.43 556.228
v 737.545 -1162.26 556.228
v 740.695 -1161.69 556.228
v 749.545 -1160.17 556.228
v 756.424 -1119 556.228
v 753.274 -1162.68 556.228
v 761.311 -1161.3 556.228
v 763.226 -1158.26 556.228
v 760.799 -1144.29 556.228
v 760.488 -1141.57 556.228
v 759.174 -1134 556.228
v 758.072 -1128.51 556.228
v 789.264 -990.985 633.659
v 777.664 -986.083 633.659
v 772.766 -997.69 633.659
v 770.083 -1009.87 633.659
v 800.718 -996.628 633.659
v 792.303 -993.07 633.659
v 768.436 -1013.28 633.659
v 762.124 -1028.25 633.659
v 815.735 -1003.09 633.659
v 804.136 -998.202 633.659
v 772.41 -1032.59 633.659
v 805.182 -1031.06 633.659
v 816.615 -1006.07 633.659
v 813.832 -1012.38 633.659
v 799.227 -918.81 662.133
v 792.559 -922.495 662.133
v 791.779 -925.068 662.133
v 798.637 -937.468 662.133
v 800.073 -939.835 662.133
v 804.837 -948.46 662.133
v 811.361 -914.779 662.133
v 803.167 -919.296 662.133
v 806.518 -951.161 662.133
v 811.238 -959.709 662.133
v 814.5 -960.771 662.133
v 823.439 -908.828 662.133
v 814.311 -913.87 662.133
v 822.147 -956.51 662.133
v 824.942 -954.936 662.133
v 832.778 -950.559 662.133
v 825.621 -909.442 662.133
v 837.131 -951.698 662.133
v 844.255 -947.718 662.133
v 845.057 -944.225 662.133
v 838.133 -931.85 662.133
v 836.931 -929.38 662.133
v 833.19 -922.687 662.133
v 830.329 -917.876 662.133
v 885.755 -893.92 558.352
v 872.798 -893.318 558.352
v 871.718 -894.419 558.352
v 871.206 -905.539 558.352
v 872.275 -908.713 558.352
v 877.54 -938.197 558.352
v 900.36 -938.786 558.352
v 896.475 -894.534 558.352
v 887.759 -894.137 558.352
v 907.93 -910.991 558.352
v 907.296 -895.225 558.352
v 900.416 -894.892 558.352
v 907.964 -908.444 558.352
v 908.465 -896.53 558.352
v -632.932 -821.36 653.454
v -628.19 -832.993 653.454
v -592.857 -818.609 653.454
v -597.588 -806.989 653.454
v -604.879 -802.037 653.454
v -623.57 -809.638 653.454
v -672.15 -766.218 677.63
v -683.627 -769.686 677.63
v -668.354 -820.285 677.63
v -649.908 -814.719 677.63
v -662.409 -773.333 677.63
v -635.648 -747.969 682.751
v -658.057 -765.053 682.751
v -645.177 -781.958 682.751
v -622.624 -764.759 682.751
v -689.282 -734.122 680.401
v -687.189 -747.457 680.401
v -669.044 -744.59 680.401
v -671.137 -731.269 680.401
v -806.846 -678.186 658.85
v -809.796 -678.518 658.85
v -811.911 -681.603 658.85
v -811.166 -687.937 658.85
v -808.394 -690.458 658.85
v -805.444 -690.087 658.85
v -803.318 -687.016 658.85
v -804.063 -680.681 658.85
v -607.573 -866.624 608.395
v -600.171 -885.205 608.395
v -581.892 -877.923 608.395
v -589.295 -859.342 608.395
v -137.783 661.651 444.359
v -148.481 629.168 444.359
v -119.794 619.723 444.359
v -109.096 652.206 444.359
v -205.61 661.702 447.973
v -229.421 637.18 447.973
v -207.758 616.139 447.973
v -183.936 640.674 447.973
v -60.8388 641.941 424.467
v -68.9874 626.442 424.467
v -34.9681 608.563 424.467
v -26.8195 624.062 424.467
v -48.2485 554.143 434.705
v -61.2618 530.953 434.705
v -14.2627 504.601 434.705
v -1.27171 527.792 434.705
v 4631.56 1461.03 615.022
v 4643.88 1440.18 621.567
v 4694.12 1436.38 636.52
v 4685.59 1587.11 619.656
v -3895.18 -2114.65 625.403
v 3477.87 -2582.41 623.318
v 3228.99 -2232.28 523.223
v 3267.21 -2216.15 536.179
v 3340.06 -2109.86 563.205
v -3413.87 -2677.77 310.353
v -146.183 -499.311 586.11
v -2209.98 -270 448.833
v 5185.3 -40.6896 861.488
v 885.717 417.933 344.184
v 5013.32 1105.87 687.002
v 885.717 2596.39 412.436
v -4809.57 1534.84 615.527
v 4541.5 1262.92 587.68
v 5053.32 -2481.89 878.001
v 5015.41 -1341.31 946.366
v 3121.5 -2168.39 508.643
v 3237.95 -2237.06 523.108
v 3329.91 -2082.99 556.315
v 3449.94 -2167.19 559.968
v 3492.33 -2150.47 572.417
